10402_aug.jpg,0.6642208,0.5373086,0.9999069,0.67944956,0.5249245,0.99989665,0.67986226,0.52208906,0.9999311,0.6802528,0.51908565,0.99989104,0.678843,0.5263166,0.9998466,0.6789882,0.5248374,0.99989057,0.67905027,0.5234763,0.9998357,0.67656887,0.4910674,0.9998722,0.67452145,0.5042725,0.9998888,0.6475034,0.5286813,0.9998235,0.6470355,0.52954084,0.9997937,0.6087883,0.44753686,0.9992193,0.61410224,0.47485262,0.99972504,0.7234624,0.43710312,0.28919342,0.7524171,0.46501693,0.99756193,0.8401838,0.39266646,0.70860755,0.87829214,0.40529487,0.9987728,0.858878,0.36462376,0.9067549,0.90541583,0.37582028,0.9956826,0.86282015,0.3651397,0.91573,0.90275836,0.36957952,0.9921644,0.85666627,0.37412852,0.9047031,0.893644,0.37741452,0.9857357,0.3015607,0.44182113,0.9992355,0.2802157,0.45624945,0.9996045,0.4017945,0.640116,0.18371111,0.3974457,0.65876615,0.9971308,0.49496326,0.8231874,0.6258367,0.5036229,0.86009634,0.9972754,0.49960703,0.8680683,0.81725097,0.5039175,0.903823,0.9988218,0.56552047,0.834991,0.92391014,0.5688145,0.85863423,0.99800235
12083.jpg,0.25688946,0.6303867,0.99988055,0.23964018,0.6103153,0.99994063,0.23981673,0.6061249,0.99991405,0.24022284,0.60176426,0.9999244,0.24000421,0.6107285,0.99991107,0.24031839,0.60678864,0.9998945,0.2406095,0.602415,0.9998797,0.2568967,0.5617686,0.9999113,0.25545755,0.5640194,0.99986446,0.2739972,0.6202769,0.99990654,0.27487594,0.62219185,0.9998852,0.33899218,0.5353709,0.99978846,0.3566679,0.54599047,0.99873096,0.17166308,0.5806441,0.9787996,0.19254643,0.59530723,0.16532142,-0.0039228797,0.59902334,0.9115814,0.033783913,0.6076784,0.23719446,-0.039372206,0.603467,0.8616352,-0.004923761,0.6078913,0.3272783,-0.03492987,0.6006211,0.8394978,-0.006128967,0.6100768,0.3188778,-0.027842343,0.5991514,0.82151836,0.009368122,0.609248,0.31986704,0.69582003,0.3866667,0.99996483,0.6532981,0.46492174,0.9999503,0.8052891,0.3159567,0.9934202,0.67179835,0.7008799,0.8611022,0.6905859,0.49591333,0.6226221,0.5814021,0.9666978,0.82098824,0.6940971,0.48051125,0.58725035,0.57768077,0.9915352,0.7936555,0.64650196,0.5388893,0.6004366,0.46278816,0.97351205,0.823011
12097_aug.jpg,0.5291802,0.69767225,0.9992435,0.5334331,0.71909404,0.9994023,0.53209543,0.7212771,0.9994006,0.53033113,0.7232512,0.99948275,0.53239346,0.71897846,0.9994824,0.5307115,0.7212321,0.99943286,0.52861524,0.7233785,0.99946576,0.5024365,0.73227566,0.9988343,0.5021361,0.72727096,0.9991528,0.51156205,0.6943451,0.9983512,0.51202595,0.69260013,0.99808013,0.44169015,0.72371256,0.9988367,0.44753236,0.6833377,0.9959234,0.5863586,0.8030441,0.9904635,0.56103003,0.7766804,0.1540905,0.7177584,0.92719793,0.9723842,0.67095363,0.8835546,0.34416345,0.7304827,0.9663722,0.96109533,0.6771457,0.91632897,0.50413775,0.7210224,0.9702874,0.95330375,0.680258,0.9282187,0.51416135,0.7178204,0.95506483,0.9396211,0.6812644,0.9172182,0.517814,0.27121302,0.39457342,0.9980703,0.28855225,0.39730394,0.9972761,0.53379154,0.28848422,0.9779093,0.52156234,0.31057304,0.31545174,0.79717886,0.17997646,0.97960037,0.7752831,0.19293192,0.4507083,0.83402574,0.15013047,0.974021,0.778306,0.17008442,0.5122292,0.8847211,0.24059843,0.97193515,0.8483401,0.26502627,0.58628845
13041_aug.jpg,0.5282044,0.6405174,0.9998149,0.5227649,0.6617631,0.99987984,0.52058226,0.66194355,0.99987876,0.51808465,0.6618297,0.9998747,0.52246124,0.6625619,0.9998971,0.52036977,0.663314,0.999894,0.5179285,0.6639057,0.99989307,0.4915984,0.6527045,0.9997501,0.49157852,0.65503836,0.9997756,0.5169891,0.6246953,0.99933463,0.5177003,0.62431514,0.99936014,0.45587257,0.5957437,0.9982565,0.4540837,0.5847758,0.99631625,0.53287375,0.7292533,0.9889338,0.52046376,0.71221846,0.2608737,0.5539042,0.8845888,0.9807062,0.5433201,0.8391043,0.5503935,0.5411906,0.9164415,0.96687394,0.52945083,0.86544657,0.6740593,0.53191704,0.9145045,0.9603657,0.5256324,0.8711168,0.6829688,0.53501064,0.9054989,0.950015,0.53048843,0.8637967,0.668343,0.39198637,0.27438965,0.99691075,0.3895676,0.2811386,0.9969959,0.622026,0.35339612,0.9681158,0.615956,0.35341343,0.23585339,0.8651788,0.44461882,0.9706926,0.84553766,0.44342443,0.3894518,0.9171613,0.436874,0.9673067,0.90147495,0.44302177,0.38542426,0.8730444,0.519855,0.96516263,0.8552052,0.52430904,0.5145417
14756_aug.jpg,0.34860414,0.418269,0.99862564,0.33563322,0.42044878,0.99837226,0.33447137,0.42271084,0.99876237,0.33286035,0.42498195,0.99825853,0.33540642,0.4193166,0.9982754,0.33428356,0.420977,0.9988255,0.33297524,0.42253166,0.99849033,0.32544035,0.44477516,0.9976508,0.32834136,0.4422688,0.9991049,0.35788643,0.43087956,0.9981937,0.35705152,0.42899624,0.99860173,0.35822704,0.49630773,0.99731976,0.36475,0.4813036,0.99963534,0.27736336,0.45896772,0.2006062,0.26031068,0.45220086,0.99548596,0.17078832,0.44145262,0.5649938,0.166527,0.42279688,0.9969777,0.15321735,0.44639647,0.8301258,0.14553654,0.4276595,0.99323845,0.15134692,0.44422692,0.8462682,0.14252472,0.43049023,0.9897166,0.15611014,0.44210798,0.8200136,0.14904812,0.4302261,0.9792596,0.56842923,0.5661058,0.99832386,0.58115286,0.5593408,0.9989813,0.6669875,0.44899324,0.48353282,0.6744651,0.4432717,0.99829465,0.72434634,0.33337033,0.6459532,0.73836744,0.31756392,0.99855703,0.74227923,0.31679982,0.844873,0.7591431,0.29440627,0.9993364,0.6703964,0.30515295,0.79048973,0.681327,0.29512003,0.9961112
1481.jpg,0.42920658,0.61826617,0.9998273,0.40506747,0.6270972,0.9998976,0.40125033,0.6248777,0.9998877,0.39705554,0.62215847,0.99989986,0.4054876,0.62783515,0.9998685,0.40245938,0.6266091,0.9998555,0.39895415,0.6249064,0.999866,0.37315363,0.5953851,0.99972886,0.37754172,0.6007129,0.9997291,0.42884183,0.59599173,0.99956113,0.4311854,0.59796226,0.99930036,0.3856227,0.49671018,0.9988992,0.38602245,0.5126738,0.9979996,0.2524994,0.642653,0.9870776,0.27060473,0.63973325,0.17837074,0.09890264,0.76395106,0.97032577,0.13962615,0.7271898,0.36781442,0.05544585,0.77480114,0.9596574,0.09946036,0.73226357,0.49574837,0.05032885,0.7703886,0.95593697,0.09411925,0.73594534,0.50178146,0.06703377,0.7692721,0.93975013,0.10838574,0.7379837,0.49336487,0.6828274,0.30853045,0.9988304,0.65181565,0.3381175,0.99850404,0.6948019,0.5815898,0.9724965,0.67549413,0.59108686,0.35012814,0.70270556,0.9069723,0.9692282,0.6919096,0.8845558,0.44534066,0.73208135,0.93712974,0.9677425,0.7193242,0.9185244,0.43349838,0.6073084,0.94785386,0.9692751,0.59984654,0.93255794,0.5240219
17484_aug.jpg,0.49268705,0.6199511,0.99970967,0.48301867,0.6342552,0.99975425,0.48084372,0.6341714,0.99977976,0.478609,0.6339539,0.9997551,0.48269176,0.63400865,0.9998234,0.48034692,0.6339836,0.99983764,0.4777753,0.63399446,0.9998274,0.455385,0.6229949,0.9995702,0.4548087,0.6232947,0.99970067,0.4848101,0.60647905,0.9989944,0.48548663,0.6063237,0.99898773,0.41986275,0.5627197,0.9976338,0.42632085,0.560676,0.9946121,0.4444594,0.6846995,0.9888136,0.4435777,0.67068714,0.28810543,0.43712652,0.80556893,0.96896654,0.43638238,0.7816243,0.48100975,0.41989046,0.83443487,0.9492699,0.41712433,0.80866563,0.6119458,0.4122589,0.8328079,0.9381781,0.41583455,0.8103368,0.6253655,0.418862,0.82288957,0.9227137,0.42325187,0.8015592,0.62540615,0.3835029,0.2672002,0.9914494,0.3905944,0.27265644,0.9909546,0.56639326,0.3464836,0.9676463,0.5726785,0.3503776,0.1721762,0.78153694,0.4271543,0.9738203,0.76912695,0.42421007,0.33529457,0.81501955,0.4250522,0.9752712,0.80618984,0.42782027,0.41473642,0.7726285,0.5132795,0.9684079,0.7640326,0.5154645,0.481054
17922.jpg,0.39006174,0.19922039,0.9996909,0.39626947,0.18480834,0.9998223,0.39824116,0.18437761,0.99981683,0.40020812,0.18409571,0.9998074,0.39598328,0.18522769,0.99982125,0.3977029,0.18496871,0.9997793,0.3994766,0.18472725,0.9997578,0.41663152,0.18702021,0.9997991,0.41646764,0.18648106,0.99956125,0.3980932,0.20864922,0.99939203,0.3972392,0.2093173,0.999356,0.44647944,0.23592629,0.99967754,0.44234535,0.2445894,0.9989648,0.4506904,0.13316903,0.99152786,0.44967687,0.15930548,0.401632,0.5043288,0.049270123,0.9772536,0.49770933,0.07690653,0.5821727,0.5289347,0.034056425,0.96013564,0.51902515,0.0634208,0.66386586,0.53351164,0.036133915,0.95294553,0.52079415,0.061439335,0.6805658,0.52423763,0.04273644,0.933896,0.51146126,0.06700519,0.6887167,0.4166437,0.47913128,0.9981096,0.4229571,0.4800704,0.99715567,0.29366207,0.35039103,0.94967455,0.2940812,0.35874936,0.18247814,0.16464865,0.21998054,0.9621538,0.17604212,0.23308858,0.26306108,0.1321311,0.21754014,0.9777233,0.14095688,0.22790891,0.39651614,0.18314706,0.1838355,0.96512425,0.18931293,0.19124177,0.38515946
18277.jpg,0.66320336,0.46841204,0.9999567,0.68942225,0.45762035,0.9999608,0.6891051,0.45457822,0.99995685,0.688443,0.45105147,0.9999521,0.68795407,0.45620057,0.9999609,0.6870394,0.45272005,0.9999608,0.68604696,0.4491355,0.9999566,0.6723209,0.4201442,0.99993944,0.6717945,0.42598182,0.99994075,0.6375978,0.46127555,0.9998907,0.6384527,0.45871794,0.9998883,0.56479686,0.393575,0.9972409,0.57830346,0.42745864,0.99845755,0.72757024,0.4487715,0.19572331,0.7512161,0.46453604,0.9760802,0.87932175,0.49812442,0.38665313,0.95888245,0.49040097,0.96707624,0.90220714,0.51356363,0.386111,0.99435496,0.51359737,0.9427077,0.910809,0.511341,0.38508508,1.0035849,0.48120236,0.934065,0.9049676,0.509343,0.38176188,0.97866315,0.48785225,0.9233965,0.14511359,0.36259094,0.9973827,0.12979154,0.40345657,0.9966599,0.3643893,0.63956356,0.23922268,0.32283863,0.6929843,0.97701037,0.5052205,0.97008127,0.39681655,0.5354304,1.0071467,0.975807,0.5967058,0.9658021,0.39798856,0.62567455,1.0304415,0.9698823,0.65248764,0.9441353,0.44222152,0.80845726,0.9634587,0.9646875
18344_aug.jpg,0.3390867,0.3025239,0.9980233,0.3467419,0.2861939,0.9982728,0.3494084,0.28633988,0.9986349,0.35265833,0.28645653,0.99841416,0.34665465,0.28504574,0.9976164,0.34953952,0.28444767,0.997979,0.35320294,0.2835745,0.9976655,0.38313317,0.29576838,0.99794835,0.38237005,0.2897829,0.9982845,0.34890056,0.3176704,0.99591136,0.3481993,0.3185026,0.9933159,0.43376297,0.38074505,0.9982141,0.44357604,0.38923755,0.9945259,0.33528194,0.26212734,0.9731886,0.39133716,0.28217518,0.17243654,0.29851118,0.14426953,0.9497628,0.32915246,0.102107525,0.43975204,0.29631966,0.11089063,0.9396997,0.33173367,0.07637513,0.46794772,0.31036028,0.10940212,0.9355458,0.3320355,0.072373986,0.46846747,0.30479306,0.110031605,0.926146,0.32839325,0.08034974,0.46134356,0.63966167,0.68643445,0.9973049,0.6344754,0.67758507,0.99670345,0.3638431,0.7313945,0.9651589,0.37310284,0.72011185,0.1835106,0.078888714,0.7507031,0.966619,0.1421825,0.75094885,0.16767305,0.052410543,0.76620734,0.961385,0.11026713,0.7774286,0.1878344,0.031746566,0.6480043,0.95370394,0.040865958,0.64062834,0.18709484
20182_aug.jpg,0.3675996,0.6252378,0.9991636,0.35386533,0.62121665,0.99916494,0.35335776,0.6194231,0.9992285,0.35306066,0.6175843,0.99922,0.3540277,0.621244,0.9992291,0.3535328,0.6192523,0.9993376,0.3533182,0.6172136,0.99935514,0.35436508,0.5977534,0.998218,0.3551255,0.5969282,0.9989761,0.3761565,0.61566055,0.9972377,0.37744576,0.61528873,0.9971034,0.38769412,0.56215405,0.99691594,0.39817825,0.55487037,0.99343514,0.3429791,0.6639156,0.9818584,0.3515697,0.65346956,0.17306334,0.2826475,0.75909835,0.96841294,0.3054028,0.7427045,0.43361273,0.2634742,0.7710558,0.9588606,0.28416678,0.7601718,0.55283135,0.26204774,0.7674758,0.9494111,0.28427362,0.7604688,0.5634608,0.2688295,0.76520264,0.9265183,0.29174745,0.75871015,0.59225285,0.5647465,0.4049124,0.9974427,0.56812835,0.41510987,0.9972109,0.66050977,0.5503875,0.97590125,0.6613716,0.550983,0.34626877,0.74167603,0.70689785,0.98420215,0.72939706,0.69950986,0.5703523,0.7642962,0.72811407,0.9721316,0.7564769,0.7081836,0.6265752,0.7046704,0.77328104,0.97586185,0.6994139,0.76504046,0.6573678
20394.jpg,0.5737516,0.4285584,0.99993837,0.5820806,0.4025583,0.9999186,0.58094394,0.40034857,0.99992406,0.57923555,0.39778346,0.99989545,0.57816505,0.39994356,0.9999126,0.5746212,0.3959719,0.99992156,0.5706568,0.3916439,0.99990845,0.547256,0.37908503,0.99987626,0.5389583,0.37395543,0.9998727,0.55294204,0.43976215,0.99971884,0.54872596,0.4362901,0.99979466,0.43588692,0.44174442,0.9965545,0.42751446,0.41716295,0.999062,0.46165034,0.26405555,0.37115106,0.48229307,0.20787668,0.9734771,0.43263832,0.1413663,0.40732962,0.4771996,-0.018136382,0.9510862,0.41079226,0.11530191,0.38775495,0.47004256,-0.0749622,0.9281427,0.41386583,0.11272991,0.39169222,0.46059453,-0.067135155,0.92563194,0.42402008,0.11758357,0.38035756,0.46031207,-0.036376,0.9149242,0.36055332,0.8289651,0.98960984,0.35069612,0.8351923,0.9948894,0.64234793,0.6695691,0.25693095,0.66582084,0.6623879,0.9838868,0.9306022,0.5310765,0.32954323,0.9818499,0.5167746,0.9669281,0.9723172,0.5445553,0.28269044,1.0403438,0.48813155,0.95269334,0.9584184,0.42169583,0.40451497,1.0178154,0.29924762,0.9517005
20661.jpg,0.5951002,0.7463567,0.99980444,0.5904158,0.7633164,0.9998412,0.5884355,0.7629517,0.9998485,0.5863868,0.76254284,0.99983597,0.5898538,0.76424485,0.99988055,0.5875489,0.7642906,0.9998921,0.58527464,0.7643275,0.9998852,0.5638487,0.7523505,0.9996569,0.56639117,0.75559705,0.9997651,0.57608044,0.73145384,0.99910337,0.5747655,0.7300614,0.9990808,0.5097206,0.69015646,0.9953754,0.5093752,0.6918193,0.99369,0.5922785,0.7890073,0.9756816,0.5788893,0.78903353,0.16352029,0.68359137,0.92455983,0.9588696,0.6671529,0.88840383,0.38511646,0.6856698,0.95922345,0.9397698,0.6745161,0.91747427,0.5239795,0.6842674,0.96124053,0.92865473,0.67990637,0.9137379,0.5366703,0.6869881,0.94416416,0.9103497,0.6807586,0.9066837,0.53681767,0.33265594,0.4217573,0.9933956,0.32931107,0.4335663,0.9940995,0.5744971,0.46446288,0.95047283,0.571226,0.46168405,0.17409949,0.8307551,0.4819878,0.96645474,0.81025696,0.4836517,0.33263054,0.87384915,0.4660434,0.9638945,0.8526909,0.47133934,0.36860532,0.85744154,0.5736731,0.96084464,0.8372741,0.5801556,0.43938714
22819.jpg,0.62761,0.44972697,0.9996093,0.6481371,0.4490018,0.99973506,0.6493658,0.45103893,0.9997254,0.6501876,0.4536311,0.99977773,0.6476109,0.4462171,0.99971133,0.6481968,0.44636244,0.9996654,0.6485095,0.44699717,0.9996978,0.6568128,0.47129574,0.9993468,0.65342736,0.46202713,0.99937916,0.62173414,0.46590018,0.9991737,0.6202346,0.46180415,0.9989625,0.63304174,0.5308504,0.99896157,0.6269774,0.5096577,0.9967224,0.72727585,0.4176808,0.987795,0.7150926,0.42459953,0.25175905,0.8446157,0.33248278,0.9594018,0.7910303,0.36488384,0.4176844,0.88181293,0.328482,0.94500273,0.80948186,0.36963457,0.56289935,0.8853339,0.33383262,0.9367964,0.8281083,0.37878695,0.58711576,0.8699202,0.3351929,0.9161724,0.8169874,0.37417132,0.58561206,0.40121278,0.63335866,0.9950664,0.4042426,0.60574085,0.9934953,0.45809,0.4356591,0.9613211,0.43660536,0.40224457,0.3150508,0.4317128,0.22627476,0.9717926,0.42727092,0.23930404,0.46464407,0.40884036,0.19233793,0.9701287,0.4138931,0.2143375,0.5291415,0.5101621,0.17057934,0.96895814,0.48527917,0.22131881,0.5872644
2323.jpg,0.39342904,0.63255465,0.9997068,0.39987335,0.64262664,0.9997291,0.40095758,0.6425457,0.9997569,0.40243322,0.64257216,0.9997141,0.4019282,0.6421089,0.9996362,0.40415367,0.6413282,0.9996619,0.40683848,0.64061385,0.99963,0.4206032,0.6318181,0.9995448,0.42422876,0.63096243,0.99959487,0.39733788,0.6221515,0.99944764,0.39844203,0.6207112,0.99934644,0.42923218,0.57839483,0.99612087,0.44049793,0.58984685,0.99922657,0.42096767,0.67272663,0.18811856,0.4298306,0.69072425,0.99471104,0.43561462,0.7420349,0.44878662,0.45154116,0.7856426,0.99460113,0.45144266,0.7599977,0.6265423,0.46412796,0.8041146,0.98753893,0.45118517,0.76241225,0.64021504,0.46751803,0.80372536,0.9817926,0.44755065,0.7610928,0.6304239,0.46476647,0.79779476,0.97187376,0.4351465,0.38022974,0.9948567,0.444609,0.38331276,0.99709344,0.2910894,0.44490024,0.19146813,0.29386652,0.44591504,0.99265337,0.15375808,0.49251246,0.3980728,0.14387932,0.49193484,0.99257517,0.122811705,0.48440373,0.53863114,0.11485031,0.4848702,0.9938408,0.13945964,0.53951776,0.6494972,0.1355997,0.54343444,0.99113667
24418_aug.jpg,0.75127286,0.58690417,0.99822,0.7696496,0.5995774,0.99913496,0.7700449,0.603551,0.9991456,0.770225,0.60799354,0.99927443,0.7694659,0.60035735,0.9987452,0.7700585,0.6047292,0.9985228,0.7705643,0.6097866,0.9986659,0.76504636,0.6509975,0.99891794,0.76503265,0.64765453,0.9980354,0.728868,0.59960353,0.99878937,0.72957397,0.59917474,0.9979936,0.6759129,0.71423435,0.9997429,0.68574774,0.70613456,0.99830294,0.83523273,0.7531718,0.9941626,0.82054293,0.75729644,0.17815346,0.98299396,0.83913165,0.9771881,0.95642155,0.83285606,0.4327993,1.0204254,0.87688136,0.9684013,0.96759766,0.8503226,0.59314847,1.0055376,0.8600513,0.9634125,0.9674725,0.8502238,0.6030268,0.99686563,0.85331416,0.94268906,0.9654487,0.84462523,0.59702194,0.45169768,0.44227022,0.99951303,0.48964965,0.45997134,0.99864465,0.6234309,0.26281726,0.9795518,0.63931644,0.2980789,0.31663704,0.8258454,0.10576084,0.9749624,0.8153428,0.1682443,0.48836702,0.84217006,0.06931442,0.96919215,0.84494185,0.13047281,0.5856231,0.9083024,0.16564852,0.96922106,0.8970217,0.22544786,0.6553102
26373.jpg,0.55151725,0.47434345,0.99998355,0.5489906,0.4509893,0.9999794,0.5462924,0.44954747,0.9999871,0.54336107,0.44728473,0.9999771,0.54867464,0.45046103,0.9999715,0.54597384,0.44950426,0.9999831,0.543023,0.44833624,0.9999713,0.5109548,0.43545815,0.9999738,0.51529264,0.44427428,0.9999825,0.53308666,0.4882424,0.9999676,0.5318288,0.48740566,0.999967,0.4178821,0.46564865,0.9997534,0.4616546,0.49682692,0.99992716,0.4909922,0.3374499,0.42251894,0.55620253,0.34597695,0.99957675,0.512146,0.21135437,0.84031856,0.5839191,0.1608246,0.99981326,0.50156206,0.1654414,0.95537007,0.586105,0.11158186,0.99886,0.50798595,0.16589141,0.9598298,0.57194316,0.11030185,0.9976349,0.5127486,0.1831758,0.9510269,0.56915224,0.12666082,0.99501294,0.18206139,0.77155054,0.99940145,0.19758995,0.792058,0.99971384,0.46116233,0.81399065,0.23288101,0.4897007,0.8248392,0.99832696,0.6923744,0.8322856,0.7529724,0.7338052,0.8555371,0.99883574,0.7336443,0.84602284,0.897991,0.79443026,0.8881769,0.99940646,0.72579473,0.72116166,0.97070014,0.75754935,0.7454005,0.99931216
26456_aug.jpg,0.503161,0.7073113,0.99977547,0.48578662,0.71967363,0.9998379,0.48368,0.71852076,0.99984634,0.4814719,0.71707094,0.99984014,0.48563716,0.7198487,0.999863,0.48368517,0.7189652,0.9998634,0.48160514,0.71787906,0.99985135,0.46576196,0.6955765,0.99971145,0.46856752,0.6969756,0.9997217,0.50157213,0.68774295,0.9991991,0.5033133,0.6872114,0.99904484,0.44663328,0.63953674,0.99712366,0.4668325,0.62140775,0.9909452,0.41868395,0.77711606,0.9859854,0.44140533,0.74790335,0.14730716,0.35345086,0.90815294,0.9567343,0.38064894,0.857381,0.23563686,0.33231097,0.9257662,0.9278667,0.35279274,0.88189375,0.33177432,0.32324302,0.9229537,0.91619897,0.34932792,0.88422585,0.33931026,0.32958567,0.91789556,0.9055481,0.35768074,0.8777225,0.34533793,0.51429313,0.30441403,0.99535996,0.52264494,0.30513656,0.99452424,0.6861448,0.47293556,0.9707352,0.6844705,0.46910286,0.19968593,0.85208786,0.6587669,0.9661867,0.8383154,0.6513958,0.35349688,0.9036819,0.67693007,0.96365356,0.8866847,0.6758893,0.37049106,0.8219826,0.73726153,0.9564292,0.8106155,0.7330395,0.43358606
26529_aug.jpg,0.28604138,0.6304254,0.9998456,0.27277023,0.62600255,0.99987507,0.27235976,0.6241584,0.99987876,0.2720018,0.6222763,0.999869,0.27180475,0.6253732,0.9999136,0.2708221,0.62326276,0.99990463,0.26987496,0.6212025,0.9998858,0.275733,0.6049242,0.99984586,0.2750578,0.60491633,0.99986124,0.297113,0.6220356,0.99971324,0.29692763,0.62263864,0.999752,0.32063383,0.5812576,0.99975675,0.32182407,0.5757524,0.9992119,0.21721756,0.5844305,0.99581414,0.22813836,0.5727652,0.5145453,0.11121604,0.548156,0.9920386,0.13891211,0.5427234,0.8327176,0.084721,0.5338417,0.9856959,0.12211424,0.52667904,0.8910632,0.08289987,0.5250428,0.9820165,0.11873785,0.5244921,0.89684284,0.091561794,0.5301067,0.97399634,0.12215644,0.5300421,0.89079374,0.5453198,0.5685071,0.9984359,0.5369472,0.56777745,0.99789494,0.46847996,0.6951422,0.9865414,0.47220376,0.69385344,0.26402485,0.48326543,0.8480178,0.98691434,0.48120895,0.83745253,0.48105752,0.49839854,0.86973464,0.9856695,0.49184597,0.85703933,0.5847249,0.445715,0.8591362,0.9820592,0.44100875,0.8483275,0.64764196
26674.jpg,0.32241756,0.7023244,0.9990539,0.316863,0.69786453,0.9995449,0.31650892,0.69530356,0.99958116,0.31608683,0.69304216,0.99963164,0.31617343,0.70013005,0.9995567,0.3154306,0.69903934,0.99949515,0.31469223,0.6981737,0.999416,0.31739083,0.6713468,0.9995664,0.31860995,0.6862421,0.9996338,0.33357474,0.6944277,0.99913883,0.33432987,0.69666106,0.9987165,0.3669743,0.63487303,0.9974681,0.3647032,0.64036953,0.9974132,0.33571067,0.69877875,0.9023002,0.30731648,0.679014,0.43162176,0.25672132,0.7837875,0.8333054,0.21706077,0.7572466,0.6047293,0.24132627,0.79850245,0.80713904,0.19757581,0.74794316,0.59970033,0.2358123,0.79432034,0.7888835,0.19769111,0.7574261,0.5824573,0.24100152,0.79076713,0.7832993,0.21448046,0.76237154,0.5561296,0.5020198,0.45867825,0.99988914,0.50427413,0.48547515,0.99991083,0.5331301,0.36436495,0.98064077,0.6108635,0.4682372,0.93431103,0.41514155,0.64795756,0.74379385,0.49192706,0.55483484,0.5915398,0.40748155,0.69013727,0.7309027,0.47491664,0.57624173,0.58417374,0.35997283,0.74372065,0.67725414,0.45147526,0.5526136,0.57566094
29047_aug.jpg,0.6607951,0.4782398,0.999464,0.66389465,0.46706703,0.999458,0.6634458,0.46629688,0.9995146,0.66288006,0.46523023,0.999426,0.6617768,0.4659395,0.9993293,0.6599109,0.4647231,0.9994173,0.6578964,0.46318978,0.9993937,0.64821357,0.4574274,0.9990978,0.6441935,0.45432884,0.9993025,0.6499524,0.48154697,0.9988213,0.6479275,0.48089945,0.9987816,0.6008858,0.4794368,0.9962191,0.5998139,0.46229565,0.9994344,0.66416824,0.4229095,0.12888815,0.6754641,0.3990633,0.99668854,0.70311284,0.36975572,0.3425131,0.72446156,0.32030052,0.99587613,0.69999427,0.3496919,0.5423815,0.72415364,0.3018853,0.98998827,0.70211005,0.345074,0.55448663,0.71999896,0.30079302,0.9855057,0.7040832,0.35257408,0.5530043,0.7203964,0.30800185,0.9763925,0.47035474,0.63315696,0.9948153,0.4627267,0.630659,0.9973546,0.6202358,0.6776232,0.14901686,0.62179595,0.67776936,0.9922679,0.7486479,0.7252143,0.28747672,0.75645244,0.73071545,0.99118537,0.7651245,0.7480399,0.44923383,0.77229875,0.75553256,0.99415463,0.7911073,0.70052075,0.5465945,0.79599935,0.6979617,0.9894372
29081.jpg,0.5277709,0.4981684,0.9999294,0.54691136,0.49227086,0.99992716,0.54785573,0.48945644,0.9999231,0.5490407,0.48649725,0.9999026,0.54725844,0.49138865,0.999923,0.54835886,0.488175,0.99992955,0.549691,0.48475122,0.9999263,0.55064976,0.45626795,0.99989665,0.5486511,0.4584195,0.99989116,0.51668996,0.48163703,0.9997619,0.51746064,0.48127693,0.9997904,0.48840827,0.41024902,0.9943974,0.4947686,0.42914972,0.99863666,0.58795047,0.49432284,0.36758807,0.5990329,0.52208346,0.9850713,0.6889014,0.53659713,0.38675815,0.7262743,0.5753491,0.9672356,0.73044336,0.5330434,0.33656958,0.7681681,0.57009655,0.9428372,0.7352181,0.53535336,0.3392633,0.77065533,0.5619231,0.9364993,0.7235664,0.5375043,0.33613357,0.7595661,0.56215477,0.9293794,0.22888711,0.22711647,0.9951757,0.22979403,0.23437962,0.99646,0.22151698,0.46504658,0.14213438,0.22039478,0.4881159,0.97707343,0.26242906,0.737799,0.18668453,0.25489524,0.76583695,0.96100736,0.24619775,0.75372285,0.20881912,0.23922956,0.80829126,0.95199794,0.3590115,0.7647008,0.28187808,0.35745656,0.80923206,0.9479076
29127_aug.jpg,0.6478832,0.3881597,0.99998224,0.65233976,0.37022698,0.99998283,0.6518682,0.36798015,0.999987,0.6513558,0.36491308,0.9999807,0.6496888,0.37059286,0.99997747,0.64780414,0.3690882,0.9999831,0.645864,0.36702406,0.9999721,0.6380178,0.34811136,0.99997735,0.6364481,0.351321,0.99998474,0.6365878,0.39410752,0.99996793,0.6340987,0.39439532,0.99995184,0.57880783,0.38706475,0.999622,0.5937401,0.37295282,0.9999137,0.6527735,0.31326506,0.1586908,0.6943408,0.27481243,0.9972773,0.6811073,0.19975024,0.5515234,0.70624375,0.15058249,0.9976526,0.68061537,0.16156149,0.79335684,0.71444076,0.11785072,0.9910876,0.68189394,0.15853512,0.81209844,0.70616674,0.12704647,0.98373646,0.6827458,0.16859227,0.8024095,0.7032311,0.1382255,0.9707978,0.3114807,0.61579096,0.99947006,0.3237214,0.591493,0.99982953,0.51602566,0.692343,0.6543107,0.5375902,0.5850526,0.99939096,0.7578262,0.7597026,0.94369173,0.76219386,0.7289924,0.99921274,0.7860756,0.801992,0.9564822,0.77120453,0.68076396,0.99869823,0.8152542,0.7366687,0.98873013,0.8070681,0.65941143,0.99907696
30285.jpg,0.33328107,0.2770451,0.9995616,0.33950377,0.26142853,0.9996784,0.34166604,0.26088285,0.9996582,0.3439567,0.26064456,0.99964166,0.3401522,0.26183283,0.99969006,0.34251392,0.26141766,0.99966466,0.34510046,0.26114696,0.9996574,0.36376745,0.2667173,0.99945503,0.36407542,0.26713774,0.9994287,0.34356642,0.28911898,0.9986902,0.34397995,0.29046664,0.9985442,0.40692902,0.32255813,0.99830794,0.40438348,0.33438116,0.99706167,0.36315608,0.20424756,0.98713475,0.36885512,0.22456208,0.27621445,0.35120377,0.08529207,0.95830935,0.35984668,0.11522034,0.45933715,0.35923785,0.062874675,0.9275662,0.3715127,0.09164229,0.5507842,0.36807603,0.06282601,0.9158394,0.3731306,0.08728087,0.56760025,0.3657174,0.06912601,0.899983,0.36947668,0.093262464,0.57626724,0.5057981,0.5767066,0.9959518,0.50523907,0.5769628,0.9961747,0.3190865,0.5027806,0.9228138,0.32155108,0.50165045,0.15141453,0.14148214,0.41921803,0.9354159,0.14913163,0.4188139,0.2800042,0.10622311,0.42021286,0.95152575,0.09960082,0.43175423,0.33801216,0.11752936,0.3327536,0.9416928,0.120619,0.33097297,0.3750083
30701_aug.jpg,0.674527,0.3494186,0.99992967,0.67523074,0.32819834,0.9997547,0.674056,0.32736966,0.99991775,0.6728841,0.32645217,0.9996903,0.67158294,0.32759762,0.99985194,0.667983,0.3263962,0.9999211,0.6645352,0.32491082,0.99976176,0.6513856,0.32414785,0.99979025,0.64489514,0.32320678,0.9999571,0.6638721,0.3614121,0.99939895,0.6605457,0.3600591,0.9993055,0.61265,0.38885784,0.9993698,0.5879494,0.37817925,0.9999943,0.6882314,0.30956405,0.33671263,0.6989173,0.29720166,0.9978193,0.7466355,0.22965354,0.50623107,0.80461186,0.19401518,0.9977252,0.74010026,0.20906043,0.5509629,0.81324905,0.16333976,0.9938642,0.7439242,0.20479634,0.5507335,0.80392194,0.16151914,0.99301225,0.74699116,0.21119538,0.5338494,0.7976849,0.17387971,0.9918149,0.5269137,0.6321499,0.99997103,0.44758093,0.64122885,0.9999945,0.7056255,0.6422443,0.99919194,0.27224213,0.8089137,0.9997317,0.8945842,0.640665,0.9980007,0.32722613,0.6719341,0.88875675,0.9280841,0.6517741,0.99625236,0.34234554,0.65122485,0.8943922,0.94422865,0.5604712,0.9954496,0.34770998,0.69436586,0.8628901
3348.jpg,0.6109824,0.2424123,0.9352383,0.6149714,0.2563404,0.8673019,0.6164758,0.25635087,0.8730266,0.61797774,0.25636637,0.87606317,0.61358064,0.25540015,0.89461035,0.614406,0.25490695,0.88233477,0.6151785,0.25445977,0.86766815,0.63211477,0.24763224,0.8770913,0.62719834,0.24425018,0.8891805,0.61809504,0.227128,0.9148817,0.61644906,0.2261408,0.9210716,0.644225,0.18115011,0.9510809,0.65085155,0.1802189,0.93369335,0.6323402,0.13111365,0.1608262,0.6326039,0.14386544,0.35395068,0.5879978,0.102382824,0.17705587,0.57245874,0.116475046,0.31575853,0.57756007,0.09619935,0.20421359,0.5601226,0.10362671,0.29954204,0.57246566,0.10060318,0.21236578,0.55782354,0.11203064,0.29451123,0.5752276,0.10117638,0.22216095,0.56495833,0.115862995,0.28139043,0.71872115,-0.047713004,0.5000151,0.72398883,-0.05022183,0.4571891,0.6905348,0.10022785,0.21557505,0.71624285,0.113391966,0.13096605,0.68127924,0.21030435,0.27085975,0.66316295,0.19815797,0.15364827,0.6849415,0.22271839,0.24696888,0.6559856,0.20609146,0.168707,0.66820294,0.26046208,0.33820227,0.6538726,0.24675149,0.22423457
33868.jpg,0.53350383,0.5999111,0.9990126,0.55663085,0.613573,0.9994338,0.5616516,0.6112082,0.99927586,0.566625,0.6084084,0.99934655,0.5450691,0.61641556,0.9992435,0.5424013,0.6162951,0.99900514,0.5392574,0.6161155,0.9990715,0.585044,0.57949615,0.99936,0.540249,0.59630275,0.9988914,0.5330012,0.5728685,0.99917954,0.5211668,0.57674843,0.99866223,0.63192,0.43365085,0.9990381,0.47846615,0.50708383,0.9996549,0.69309753,0.5754361,0.83212703,0.5395509,0.7136747,0.94440806,0.7634922,0.69870466,0.9452215,0.62106586,0.91477215,0.99457246,0.7983738,0.7178255,0.9415139,0.64023453,0.9633005,0.99105364,0.78955257,0.7280882,0.9425847,0.6593986,0.9534346,0.99029315,0.7741442,0.72405595,0.9268958,0.655474,0.92993957,0.9843158,0.4317501,0.09002468,0.999905,0.3324685,0.11684786,0.9998596,0.3168217,0.25747886,0.21636117,0.2111162,0.3138597,0.6624405,0.22312528,0.3871498,0.20210253,0.13598582,0.43901193,0.4967227,0.19166058,0.38898617,0.20023416,0.105391145,0.4663874,0.48778793,0.2378314,0.495436,0.19996503,0.17406185,0.52168757,0.47851798
34443.jpg,0.5971907,0.6747046,0.9996773,0.5879245,0.69383144,0.9997702,0.5857375,0.6940795,0.9997805,0.58340746,0.6940716,0.99976975,0.5870011,0.6944312,0.99980956,0.5843819,0.69524604,0.9998173,0.58145106,0.6958989,0.99980325,0.55962694,0.6855087,0.99955267,0.5597869,0.6862109,0.9996283,0.585957,0.66079754,0.9989778,0.58617324,0.6606233,0.9987374,0.50654125,0.6420599,0.9964444,0.5143872,0.62486434,0.9905257,0.54182816,0.7844056,0.98323905,0.5472865,0.76262796,0.1734501,0.53385556,0.9283887,0.9578281,0.53432894,0.8867612,0.3135059,0.5216471,0.9532999,0.9340591,0.51968324,0.9151195,0.43484506,0.5156453,0.951067,0.922794,0.52001923,0.9175265,0.44080698,0.5208339,0.9429575,0.9089493,0.52577084,0.9106163,0.4441282,0.43529058,0.31047446,0.994548,0.44604984,0.31266138,0.9937069,0.65653485,0.3931022,0.9707108,0.6600932,0.39177847,0.20094807,0.8891694,0.49954718,0.9656217,0.8752562,0.50056916,0.36198637,0.93452424,0.49612692,0.9622878,0.9256203,0.5020097,0.41227138,0.8955933,0.58364725,0.9542327,0.8821759,0.5882412,0.4638321
3448_aug.jpg,0.5047003,0.4969029,0.99134773,0.5154776,0.5033755,0.99425805,0.5158493,0.49906832,0.9958073,0.51603097,0.49452665,0.9952974,0.5144503,0.5183331,0.9911028,0.51444775,0.52474576,0.9918507,0.5144272,0.53132457,0.9894121,0.5048842,0.49405593,0.99362344,0.49994236,0.54998356,0.98774034,0.49045163,0.48621777,0.9947149,0.4896955,0.50395787,0.9933188,0.4282693,0.42303836,0.99919146,0.45855904,0.5780087,0.9992675,0.30869898,0.26017067,0.9160643,0.43625385,0.49426422,0.43535048,0.21438147,0.09840736,0.98209375,0.49296403,0.4241968,0.83871496,0.20012987,0.038331985,0.9747795,0.5003741,0.40886268,0.8212631,0.21019404,0.031021297,0.97321767,0.51005864,0.3956536,0.82611614,0.21403703,0.056075096,0.95983857,0.50378263,0.3909427,0.7954269,0.21847728,0.4238059,0.99984777,0.21562693,0.49582687,0.9999485,0.3702566,0.48743302,0.5651094,0.35844302,0.608349,0.854383,0.34697375,0.43063873,0.81634516,0.12019787,0.8303683,0.8602477,0.34175125,0.4269391,0.71387863,0.08620468,0.8206959,0.8243902,0.36592215,0.4175927,0.80183417,0.06819105,0.8197109,0.81649363
34659_aug.jpg,0.41927975,0.5926816,0.99939275,0.40277833,0.59843636,0.9995165,0.40101677,0.59708196,0.99956995,0.39936334,0.59553,0.99951434,0.40261102,0.5981244,0.999635,0.40062055,0.5967966,0.9996542,0.39849347,0.5953028,0.9996265,0.38787365,0.5736449,0.99926955,0.38693815,0.57340413,0.9994035,0.4209845,0.5772722,0.9982097,0.4216736,0.5779206,0.99831307,0.39674133,0.50688404,0.99725014,0.40316933,0.5078256,0.99212885,0.34397757,0.61676824,0.9893128,0.35462373,0.6051963,0.2580412,0.27165538,0.709154,0.9667409,0.28645375,0.6891682,0.4717341,0.24004674,0.72413266,0.94498825,0.2568078,0.6994319,0.6211065,0.23516667,0.71730345,0.93167126,0.25560445,0.6997504,0.63616407,0.24749002,0.7124665,0.91161764,0.2660849,0.69727385,0.6441504,0.5434452,0.24713585,0.9873574,0.540957,0.25441843,0.9855322,0.6424503,0.41632825,0.973809,0.6425633,0.42239055,0.19830218,0.76868707,0.60808825,0.97801536,0.75838196,0.59638834,0.336476,0.79772305,0.625597,0.98013914,0.7862506,0.62149906,0.44808528,0.7141335,0.67306197,0.9705987,0.70585024,0.67010117,0.46290267
3542.jpg,0.39835876,0.37097198,0.99995613,0.37838668,0.3687228,0.9999639,0.376057,0.37099907,0.99996376,0.37381393,0.37357524,0.9999492,0.3807711,0.36707932,0.99995327,0.38016602,0.36773032,0.9999571,0.379808,0.36844113,0.9999535,0.361166,0.39765853,0.9999553,0.37212992,0.387068,0.99995136,0.40232527,0.387913,0.99985933,0.4042674,0.38550612,0.9998822,0.39335662,0.46735007,0.99850404,0.39944434,0.43882918,0.99974173,0.3021439,0.39837146,0.37362617,0.28958547,0.3602855,0.99261355,0.17289016,0.36354846,0.5819634,0.15533623,0.33271763,0.99097705,0.14257303,0.36805373,0.6024761,0.12063658,0.33551124,0.9799027,0.13962305,0.36678556,0.61688423,0.120898455,0.34239364,0.9762221,0.15075803,0.36501753,0.5945786,0.13287896,0.34304562,0.9698416,0.6104511,0.6949847,0.9991598,0.6262236,0.67550623,0.99959224,0.66579187,0.4686187,0.10033528,0.6773162,0.44193518,0.9859218,0.71355593,0.24478865,0.22148126,0.7277738,0.21138006,0.97945315,0.7427727,0.20154524,0.3350668,0.75907457,0.1681563,0.97981936,0.66901004,0.18374297,0.41452557,0.67084146,0.16215676,0.9731295
35622.jpg,0.70061,0.6720396,0.9999635,0.7207104,0.6706657,0.9999654,0.72145736,0.66956544,0.9999559,0.72229874,0.668063,0.99994314,0.72262114,0.6670395,0.99996793,0.7246616,0.6635459,0.99996626,0.7269043,0.6595737,0.9999664,0.7256843,0.63984984,0.9999149,0.7307257,0.63238406,0.9999511,0.6882234,0.6562902,0.9997477,0.68985903,0.65132713,0.99982786,0.643266,0.5906589,0.993747,0.6772981,0.55351394,0.99812216,0.7707739,0.6262957,0.18633425,0.8069814,0.6082895,0.9562134,0.9087062,0.6320712,0.3816979,0.9389225,0.6210832,0.95399773,0.94407177,0.62050354,0.4160455,0.97094524,0.6157916,0.9337331,0.9447055,0.6206744,0.42120862,0.97652286,0.6131958,0.9270479,0.9334754,0.6249821,0.4045073,0.96578515,0.6154051,0.9227501,0.3842247,0.45496756,0.9972995,0.36719647,0.43261278,0.9980901,0.40998504,0.6938622,0.19887811,0.40891162,0.6939502,0.9920243,0.4561643,0.9428303,0.23708522,0.456369,0.9547648,0.9855434,0.4426246,0.975888,0.31929058,0.44726482,0.9896296,0.9830465,0.54283,0.97478944,0.3634736,0.5438498,0.98431426,0.9759359
35712_aug.jpg,0.44455963,0.7231251,0.99992156,0.46217585,0.73714304,0.99993074,0.465473,0.7367727,0.99991965,0.46929374,0.73648226,0.99993,0.4618441,0.7344707,0.99992454,0.46429396,0.732081,0.9999083,0.467103,0.7297362,0.9999168,0.49610186,0.7179361,0.9999169,0.48924536,0.7082133,0.9998715,0.45007867,0.69958234,0.999806,0.44986072,0.6974219,0.9997806,0.5342929,0.649253,0.9942637,0.49019217,0.589795,0.99394155,0.48104277,0.8171551,0.428747,0.47065505,0.7864524,0.9606091,0.5094189,0.99493164,0.50332534,0.48700273,0.98175657,0.937852,0.5280879,1.0298135,0.48688874,0.49965426,1.0280027,0.90724504,0.52052677,1.0356762,0.48381892,0.509632,1.0320668,0.89579666,0.5136982,1.0241125,0.48335642,0.5026097,1.0144231,0.87834936,0.5645779,0.3075316,0.9741096,0.5562547,0.22216219,0.9622148,0.3745334,0.52376044,0.18809937,0.3322893,0.44870907,0.9385955,0.119422615,0.60178936,0.37426385,0.09419748,0.5927064,0.9133472,0.082315505,0.6115099,0.36453205,0.05862981,0.5919209,0.88770187,0.07923019,0.7354275,0.37983286,0.045191348,0.725112,0.85478276
36465_aug.jpg,0.2896176,0.5068644,0.9997639,0.26705247,0.5293716,0.9997389,0.2676984,0.5334188,0.9997912,0.26830548,0.53807014,0.9997694,0.2689467,0.528402,0.9996549,0.2707079,0.5309994,0.99968386,0.27234817,0.5340048,0.99963987,0.28957486,0.56789106,0.99966955,0.29258347,0.5585015,0.9994925,0.31663054,0.51016897,0.99953747,0.31859994,0.5090273,0.99932885,0.39607364,0.5887129,0.9965581,0.39744273,0.558189,0.99839205,0.19182962,0.5920515,0.36788836,0.18059069,0.5657253,0.98824745,0.028007627,0.6081732,0.6758483,-0.012778759,0.5855042,0.98999363,-0.004363656,0.6318432,0.8126702,-0.06569117,0.6047713,0.9765767,-0.01130259,0.63197047,0.82572705,-0.05868888,0.60962963,0.9657291,-0.00042682886,0.62395674,0.81186867,-0.035263598,0.60462266,0.94783413,0.84989643,0.508167,0.99343973,0.8812263,0.51516926,0.9945035,0.6458575,0.26040357,0.17374778,0.6549653,0.27340427,0.9805453,0.4365518,0.03620237,0.41145945,0.503839,0.07125443,0.9784677,0.42179602,-0.0016151369,0.5208308,0.491428,0.017092943,0.98352355,0.29713976,0.06537479,0.734146,0.2930857,0.05371347,0.9838341
37658.jpg,0.6557542,0.44473845,0.9985469,0.66789335,0.4352599,0.9983639,0.66747516,0.43283233,0.9987722,0.66688836,0.43045315,0.9984232,0.6681905,0.4377394,0.9978933,0.6680014,0.43714303,0.9983766,0.667685,0.4368581,0.9979025,0.65971756,0.41442448,0.9969613,0.6598497,0.42697096,0.9984145,0.6413485,0.44076687,0.99817324,0.64217323,0.44297132,0.998264,0.6064277,0.39235628,0.998228,0.60944873,0.4221512,0.9996176,0.68815553,0.35524905,0.31318468,0.7089454,0.3802514,0.9969913,0.76964545,0.31435832,0.8091783,0.80111325,0.3257661,0.99907875,0.78605855,0.29091197,0.94198453,0.81809473,0.30315173,0.9973061,0.7899947,0.29508877,0.9456648,0.8162402,0.3002158,0.9952663,0.786852,0.30279773,0.93666923,0.81051826,0.3067007,0.99040025,0.40222064,0.48822907,0.99865997,0.38972053,0.51463765,0.9992441,0.4144624,0.6436719,0.30331042,0.40835798,0.66320324,0.9978859,0.44064885,0.7615605,0.7024208,0.44319114,0.79279864,0.9986374,0.44138354,0.7916516,0.8512195,0.44579846,0.8267741,0.9992084,0.49814492,0.755862,0.90636486,0.5016292,0.77612114,0.998162
37847.jpg,0.49102086,0.17438647,0.9999491,0.5057229,0.17069684,0.9999789,0.50672007,0.1717889,0.9999654,0.5075811,0.17271547,0.9999758,0.50552076,0.17038305,0.99996674,0.50651646,0.17141426,0.9999522,0.50764483,0.17239057,0.99994683,0.5112334,0.18438184,0.99997044,0.5138935,0.18432158,0.99989617,0.48733234,0.18833229,0.9999734,0.4861765,0.18777841,0.99997437,0.4605943,0.25142592,0.9999745,0.47829908,0.25308123,0.99979013,0.56571496,0.20648572,0.9930084,0.58494294,0.21298341,0.17757261,0.69576514,0.17880191,0.9864848,0.6911155,0.1896637,0.4321868,0.72044325,0.18607625,0.97930086,0.71616685,0.20070016,0.61908364,0.7254105,0.19286364,0.9764746,0.71953046,0.20015588,0.61283964,0.71539354,0.19058698,0.96293133,0.7102214,0.1966074,0.56659555,0.26797393,0.36598623,0.9999951,0.29460317,0.32482582,0.9999901,0.19794372,0.44418094,0.99541074,0.28352475,0.18338928,0.9208391,0.2550049,0.33926028,0.68014765,0.31882247,0.0046375096,0.92207605,0.26087806,0.3217406,0.7682273,0.27859792,-0.022449583,0.91320103,0.26824018,0.30953872,0.73127824,0.3559135,-0.04128754,0.94407856
38395.jpg,0.42653528,0.76078737,0.9998323,0.40905637,0.7769278,0.9998683,0.4063269,0.7760817,0.99990857,0.40342915,0.77506876,0.9998832,0.40905625,0.77719283,0.9998004,0.4064656,0.7764666,0.9997925,0.4036372,0.7756915,0.99975723,0.38067666,0.7558604,0.99991465,0.38079643,0.7597496,0.99981827,0.42188394,0.7344079,0.99954873,0.42307237,0.73477954,0.9991472,0.41279197,0.6331894,0.99968755,0.40522307,0.649379,0.99716765,0.32438844,0.7575606,0.96986336,0.312775,0.72615767,0.20167223,0.17428872,0.83229625,0.95140845,0.17094564,0.8001938,0.4511969,0.12666363,0.8454287,0.9262137,0.13841668,0.79659635,0.43097404,0.122302085,0.8380317,0.92191625,0.13495898,0.7982279,0.41624495,0.16860533,0.8188616,0.9204442,0.15073556,0.7996594,0.40019697,0.5908541,0.3106133,0.9995983,0.5750729,0.32884142,0.999508,0.70168495,0.5549617,0.8816856,0.6994312,0.52902156,0.35057342,0.7954408,0.822295,0.93220305,0.79239607,0.79647636,0.3754948,0.82654285,0.84862953,0.95186204,0.8180327,0.8339533,0.47860345,0.7313047,0.91132355,0.9401419,0.7276623,0.9051428,0.47863704
38398.jpg,0.4265405,0.316866,0.99974316,0.4348868,0.2948358,0.9998155,0.43278688,0.2947136,0.99981457,0.4308506,0.29418728,0.9998166,0.4392837,0.29814464,0.9998005,0.4408942,0.29995194,0.99975926,0.4428367,0.3012336,0.99974734,0.4045624,0.3036668,0.9996276,0.43134505,0.30963886,0.9995295,0.41164696,0.33401325,0.9997632,0.4160079,0.3400335,0.99974674,0.30641872,0.32952446,0.99903405,0.38866863,0.35704368,0.99961543,0.34149563,0.21447083,0.86096966,0.47289178,0.23703799,0.97557163,0.3460262,0.068461955,0.94752914,0.55379736,0.08625722,0.9934076,0.34046203,0.03310889,0.93406695,0.5660976,0.039524853,0.98780584,0.35102022,0.03723395,0.9347251,0.5570432,0.035057068,0.9868636,0.356115,0.04691297,0.92217547,0.55003875,0.053094506,0.9804354,0.2461804,0.5844436,0.9974595,0.2933213,0.6197145,0.9980604,0.3634265,0.4687196,0.18123373,0.47896975,0.55479294,0.84233123,0.42840922,0.44815415,0.38203022,0.65416205,0.47630858,0.9001618,0.43787557,0.45879728,0.31654513,0.6892638,0.48762274,0.83355856,0.43673635,0.38838673,0.46762803,0.67543954,0.41022754,0.8781638
38688.jpg,0.40769202,0.6119069,0.9998616,0.3883229,0.61889017,0.9999205,0.3867808,0.61722255,0.9999199,0.3851092,0.6153335,0.99991596,0.38805073,0.61842906,0.9999175,0.38627654,0.6166044,0.9999113,0.38417268,0.6146859,0.99990344,0.37489372,0.588303,0.9998684,0.37393498,0.5890192,0.9998542,0.4121293,0.5951294,0.99959093,0.4130738,0.5947803,0.99958295,0.39764595,0.5257476,0.99887806,0.40563768,0.51512456,0.9973379,0.33570558,0.65709317,0.99218607,0.34169847,0.6387836,0.27014932,0.2255989,0.7680503,0.98549753,0.2552463,0.7237189,0.53103936,0.19027483,0.7774633,0.97445416,0.22154483,0.73072004,0.619439,0.18479928,0.77176124,0.97041,0.21641266,0.73282915,0.62999153,0.19630864,0.76806784,0.9615303,0.22620961,0.73353195,0.62737656,0.61458576,0.28937465,0.99829847,0.6090203,0.2892713,0.9978974,0.6922717,0.52184945,0.98159593,0.68483555,0.50859064,0.31826994,0.7600105,0.77008605,0.97990376,0.7554817,0.75975597,0.44243732,0.7963573,0.80591416,0.97488344,0.78274465,0.79475206,0.42664945,0.69501,0.8214215,0.9748468,0.68643725,0.8101653,0.531956
39430_aug.jpg,0.48776197,0.52174133,0.9996252,0.48340663,0.54513747,0.9997131,0.4850664,0.5480417,0.99967647,0.48694098,0.5510756,0.9996518,0.48324272,0.54451245,0.99968946,0.48471168,0.54691136,0.9996774,0.4863981,0.5493368,0.9997321,0.5097848,0.57009685,0.99957114,0.50651884,0.56226635,0.99949074,0.5044514,0.5216152,0.9987178,0.50380516,0.52290624,0.9987286,0.5841795,0.5436429,0.99173295,0.55508894,0.5358532,0.9990245,0.46940297,0.5716205,0.24683623,0.42631766,0.56355596,0.9819618,0.36974922,0.6155737,0.4950989,0.3027594,0.6262333,0.98614174,0.35679454,0.640796,0.4692228,0.2792725,0.66189957,0.97655576,0.35315052,0.64367276,0.48115647,0.28481823,0.67214304,0.974098,0.3543551,0.63576174,0.47336188,0.29433674,0.6597805,0.9677843,0.8604881,0.42724678,0.9989139,0.8539151,0.42732742,0.99944586,0.68111897,0.28645784,0.12485586,0.6634127,0.27636805,0.980699,0.4431048,0.15785679,0.16034733,0.42553803,0.14075199,0.9728018,0.45941728,0.112680376,0.22273631,0.39403203,0.101528496,0.9659281,0.39989161,0.19456714,0.24716142,0.34609404,0.19816527,0.9628124
40383.jpg,0.68931746,0.6725648,0.99975175,0.7115668,0.68106174,0.9997218,0.7715113,0.7151291,0.99978954,0.7732763,0.7132042,0.99975973,0.7063154,0.6847706,0.9996445,0.70642185,0.68381447,0.9996569,0.70652735,0.68308073,0.9995369,0.77957624,0.7046912,0.99982834,0.7070118,0.65867096,0.99969697,0.6840536,0.64504963,0.9997881,0.68056786,0.64778066,0.9997831,0.69383264,0.48989138,0.9999715,0.6208258,0.6035623,0.9999032,0.51368463,0.2852363,0.9440817,0.4716346,0.5087419,0.59136367,0.30151767,0.06189233,0.96199906,0.39461872,0.46468693,0.7261182,0.29207587,0.022708267,0.9384736,0.36836764,0.45379344,0.692392,0.30406743,0.0012639463,0.9367333,0.37494224,0.4480622,0.7013267,0.30387163,0.0247989,0.91767555,0.3838461,0.44568288,0.6559904,0.41085243,0.3781746,0.99998367,0.3827937,0.43827575,0.99998605,0.3093817,0.38189486,0.9228604,0.319716,0.3668366,0.895979,0.29940683,0.44858345,0.91743445,0.29717943,0.19867209,0.9432956,0.30300272,0.45987904,0.87593913,0.29421413,0.18369368,0.8724499,0.28490943,0.47191536,0.906735,0.26659447,0.15120631,0.90788305
40763_aug.jpg,0.41406953,0.7618871,0.9995585,0.40332803,0.7704426,0.9997216,0.40223086,0.76993465,0.99973255,0.40125582,0.7694193,0.9997031,0.40321437,0.7701508,0.99974257,0.40209138,0.7695738,0.99972993,0.40105182,0.7690277,0.9996952,0.39443445,0.7571809,0.99960095,0.39466226,0.75676,0.9994205,0.41537428,0.7486837,0.9990852,0.41685516,0.74784267,0.9989961,0.39880425,0.7023288,0.99850357,0.40117866,0.69761854,0.9959264,0.33368212,0.7750222,0.9910033,0.3411109,0.77175236,0.19642986,0.2563493,0.85175353,0.970585,0.26821595,0.8327801,0.37663904,0.23194015,0.8554987,0.9518155,0.24238113,0.83881986,0.53208774,0.22928792,0.8520465,0.94295216,0.24148893,0.8399929,0.5524964,0.23763528,0.8510715,0.9221539,0.2510305,0.83904326,0.5567244,0.56102455,0.52526915,0.9951486,0.54928255,0.5285318,0.99311405,0.6047037,0.6948328,0.96509314,0.6010431,0.6899518,0.19362241,0.6574728,0.86516863,0.97924876,0.64983857,0.85286295,0.33025634,0.6793866,0.8945693,0.98280543,0.667419,0.8838135,0.4356514,0.60516196,0.9018423,0.9754695,0.59788775,0.89472795,0.4315219
41598.jpg,0.57798284,0.70252764,0.9979954,0.58016264,0.7059499,0.9987984,0.5795156,0.704435,0.9987109,0.5792887,0.703059,0.9989197,0.5751978,0.70837843,0.99828976,0.5729379,0.7078947,0.9979513,0.57090795,0.7076367,0.99822396,0.5673672,0.6912716,0.9984296,0.5585768,0.6973018,0.99855715,0.59122384,0.6899394,0.99793243,0.58792126,0.6924912,0.9974458,0.5718118,0.6306364,0.99844545,0.538149,0.6576676,0.99481887,0.6233693,0.7309736,0.952249,0.5659791,0.7658862,0.6342912,0.6619018,0.83636326,0.9232062,0.63239115,0.89561176,0.9212553,0.66492194,0.8627951,0.898877,0.6173774,0.8925531,0.92881507,0.6607153,0.8668716,0.8878072,0.6317504,0.9108014,0.9273612,0.6602527,0.85690105,0.8694952,0.633171,0.91092026,0.9148922,0.43469322,0.43808252,0.9992805,0.44440582,0.45443377,0.99906796,0.36785328,0.3328647,0.9278554,0.5078031,0.3376728,0.60506713,0.42844272,0.36577833,0.27926397,0.43798748,0.35814032,0.27125448,0.43641657,0.38391396,0.31774378,0.42998737,0.3715801,0.410971,0.45214212,0.36596516,0.2659638,0.41350502,0.35409495,0.30484307
43097.jpg,0.5489918,0.6788957,0.9977785,0.5365768,0.69921327,0.99860364,0.534041,0.6999079,0.9986809,0.5314132,0.7004068,0.99863714,0.53604585,0.7002428,0.998018,0.533128,0.7017558,0.9977743,0.52979463,0.7033109,0.99752,0.50784403,0.6965353,0.9983846,0.50441396,0.6983288,0.99613476,0.537779,0.66316044,0.9956611,0.5390177,0.6640403,0.9941854,0.474289,0.62669617,0.9973828,0.4554898,0.6225722,0.9924932,0.5279254,0.78123343,0.9829153,0.5080424,0.76463974,0.15276828,0.5606241,0.9206686,0.97013927,0.5366279,0.873036,0.44200623,0.55829513,0.9559828,0.95333356,0.52920204,0.8969408,0.52102137,0.5491267,0.9515203,0.9479453,0.5294261,0.90419745,0.5376529,0.55105525,0.9403901,0.9311051,0.5343375,0.8966489,0.5563253,0.369165,0.3087641,0.9921118,0.36521524,0.3078051,0.9897026,0.6301155,0.42172202,0.9680181,0.61647975,0.40872943,0.3362896,0.85480094,0.5703388,0.9647827,0.8444011,0.56444824,0.31537914,0.8977185,0.57108134,0.9687555,0.8773878,0.57005507,0.35747117,0.8641305,0.66325724,0.9672551,0.84479755,0.6639168,0.40416354
44266.jpg,0.6538183,0.277162,0.99934214,0.63815117,0.26649976,0.9993845,0.6345042,0.26688993,0.99954623,0.630935,0.26748356,0.9992698,0.6410788,0.26605773,0.9992384,0.63963723,0.26595256,0.999403,0.6381169,0.26597047,0.999131,0.60603726,0.28165895,0.99921095,0.6173763,0.27802703,0.99943644,0.6457133,0.29142925,0.99868804,0.648921,0.29136106,0.99885404,0.57217556,0.34666598,0.99666804,0.61094534,0.33461374,0.99908054,0.50671715,0.25111535,0.35688034,0.5474826,0.22547746,0.9921421,0.41766465,0.18023959,0.632077,0.44186762,0.15253982,0.99373144,0.3853969,0.16658467,0.77311355,0.40438652,0.13735485,0.9824651,0.38292614,0.1599794,0.7933925,0.39824566,0.13998231,0.9765464,0.39437073,0.16413692,0.7716326,0.40771687,0.1463086,0.9631698,0.6235661,0.60380864,0.9977841,0.64391065,0.6157226,0.9985862,0.77412784,0.50458467,0.13406911,0.79598826,0.51903176,0.9901603,0.91061485,0.40270928,0.39288592,0.94570124,0.39996022,0.98847944,0.94169945,0.3926694,0.59460896,0.97593284,0.39326203,0.99283445,0.8909384,0.3432412,0.6743441,0.91056347,0.34096724,0.9856699
44377_aug.jpg,0.3899958,0.75442505,0.9994137,0.37500757,0.7574216,0.9995801,0.37353712,0.7557865,0.99960035,0.3719244,0.75399905,0.9995472,0.37525254,0.7572455,0.99939644,0.37394977,0.7556501,0.99932826,0.37232736,0.75396717,0.99920434,0.3646137,0.7330005,0.9995376,0.36421382,0.73422176,0.99901986,0.39491218,0.7400969,0.99845576,0.39582288,0.73976654,0.9977998,0.39185935,0.663422,0.9986089,0.39747798,0.665409,0.99679846,0.3074337,0.75999635,0.9832343,0.3100332,0.7548172,0.21858844,0.21309763,0.8289612,0.9475057,0.23117834,0.80952406,0.43252653,0.1903983,0.83285505,0.9173774,0.2091502,0.8108132,0.45626038,0.18351966,0.82845145,0.90839136,0.20591629,0.8101851,0.4634496,0.19154695,0.82774806,0.89369154,0.21321464,0.81100523,0.48119527,0.55809015,0.46541825,0.9984693,0.5554508,0.4702784,0.9982761,0.59145933,0.66400003,0.9627723,0.5853871,0.65906286,0.27522555,0.5964416,0.8536343,0.95797867,0.5958883,0.85211134,0.27410182,0.6083837,0.8774998,0.96525663,0.60937834,0.8772688,0.31882906,0.53871614,0.9175076,0.959913,0.53782356,0.91279876,0.34238115
44622.jpg,0.5413165,0.18121362,0.99966514,0.5537859,0.17178524,0.99980396,0.5554894,0.17250174,0.9997893,0.55707824,0.17331886,0.9997851,0.55416024,0.171828,0.9998191,0.5561389,0.17239815,0.9997732,0.5581103,0.17297837,0.99977213,0.5687008,0.18432266,0.99977046,0.5704938,0.18337464,0.99960893,0.5431645,0.19484362,0.9994055,0.542757,0.19469878,0.99940586,0.5686807,0.24164888,0.9996294,0.5638652,0.2490166,0.99910766,0.6287012,0.15717366,0.98993707,0.61863345,0.18030915,0.39657485,0.71728414,0.10147822,0.97280824,0.70024914,0.12502599,0.5840521,0.7433547,0.09787232,0.95447946,0.7253789,0.12327132,0.6730702,0.74645513,0.1032764,0.9467965,0.7280016,0.12317461,0.6906467,0.7363765,0.10479209,0.926779,0.71799856,0.122828186,0.6950397,0.43651962,0.43969256,0.9978461,0.4396223,0.44671416,0.99729615,0.38580474,0.26921102,0.94784164,0.3809428,0.27958822,0.15746123,0.33272707,0.092089325,0.9578912,0.34239897,0.12010181,0.23135693,0.30700648,0.07698849,0.9789645,0.31627536,0.098116666,0.37065807,0.36912072,0.06729978,0.9614758,0.37403834,0.07636961,0.3547813
4555.jpg,0.53435075,0.24087897,0.9991252,0.5522219,0.2329517,0.9992125,0.5531417,0.23476118,0.9993623,0.5542572,0.23693267,0.99927646,0.5534441,0.23259854,0.99899715,0.5552765,0.23429495,0.9991761,0.5577035,0.2363213,0.9990151,0.56643254,0.26631543,0.999009,0.57504934,0.263804,0.99930453,0.5270116,0.26009881,0.99815,0.52710426,0.26031482,0.99700576,0.5350799,0.3630105,0.99872583,0.55201197,0.37685692,0.9964386,0.57683444,0.20704743,0.97213024,0.61851925,0.21007192,0.19592053,0.66933554,0.07086235,0.9561142,0.7066229,0.08137393,0.5284442,0.69441116,0.055322766,0.946437,0.7409756,0.061205924,0.54238534,0.71017814,0.05356729,0.94251204,0.74279195,0.05910921,0.5405787,0.7022306,0.05877471,0.9368344,0.7327339,0.06283152,0.53194577,0.44422144,0.72224754,0.9990392,0.45971245,0.7057047,0.99878937,0.22983351,0.54409605,0.9728976,0.24229491,0.5435145,0.19405521,0.031614274,0.35005435,0.98223144,0.055474192,0.37125382,0.21983474,0.0014342368,0.3332024,0.9776313,0.01736024,0.34085372,0.21629357,0.07474643,0.2387037,0.97495914,0.084846646,0.24083334,0.23931743
46257.jpg,0.6675649,0.637928,0.99871504,0.68874145,0.629739,0.99904996,0.6898429,0.6266456,0.99908435,0.691194,0.6231586,0.9990638,0.68596065,0.62798387,0.9989213,0.68449175,0.62403333,0.9988226,0.68267506,0.6195398,0.99882215,0.6884221,0.58660185,0.99879324,0.66974765,0.58396566,0.9979759,0.64472306,0.61755455,0.998372,0.64388216,0.6142478,0.99766517,0.6482678,0.4863515,0.990853,0.58788073,0.5214374,0.99355936,0.79153806,0.6282663,0.30575246,0.75607365,0.64794266,0.93126726,0.99522793,0.67021203,0.48470405,0.93589574,0.69594157,0.9185896,1.038976,0.67313796,0.5198252,0.9778878,0.70415425,0.8767862,1.0476478,0.66884804,0.52194375,0.9877994,0.69052947,0.8586767,1.0292987,0.6657899,0.51637477,0.9725918,0.6868145,0.83273435,0.30075976,0.34337655,0.9321294,0.22260708,0.33821046,0.94682145,0.45641696,0.6255442,0.1565207,0.3782404,0.6390649,0.9056573,0.4631446,0.8590385,0.27367815,0.43986946,0.9112754,0.9097336,0.4580863,0.89128053,0.251618,0.42163378,0.93493605,0.87485904,0.59296036,0.9354534,0.3944979,0.5532729,1.0051782,0.9098364
46398_aug.jpg,0.3303222,0.3817773,0.99969363,0.33075196,0.36717862,0.9997943,0.3324945,0.36677837,0.99976236,0.33436772,0.3662814,0.99975103,0.33120888,0.36716747,0.99973696,0.33332768,0.3670082,0.99968624,0.3356076,0.36663884,0.99965096,0.359739,0.3678841,0.99980086,0.35839668,0.367396,0.99952114,0.34274232,0.39159197,0.99944144,0.34403035,0.39314896,0.99941504,0.40995395,0.39297357,0.99952424,0.42096657,0.40483958,0.9975056,0.29677585,0.29362187,0.9950942,0.3168593,0.3081839,0.1943613,0.18636471,0.20082179,0.97084147,0.24263388,0.22665739,0.43325573,0.18441659,0.16747934,0.9421311,0.23876539,0.20134616,0.52012336,0.18848765,0.15983656,0.9291783,0.23387319,0.19431126,0.52966523,0.19072047,0.1696696,0.9142341,0.23254436,0.20032486,0.5239076,0.64907146,0.5726851,0.99983466,0.60639775,0.5795122,0.9997694,0.59848267,0.6288564,0.989602,0.44525734,0.6787508,0.7325004,0.47864026,0.6369529,0.93251795,0.23278892,0.73590744,0.78701943,0.45771748,0.6401136,0.9360337,0.19795972,0.7555465,0.799228,0.4435626,0.60891896,0.9190611,0.16872984,0.67048484,0.79502004
47091.jpg,0.41587943,0.6715879,0.9990113,0.3920716,0.67569757,0.9992842,0.391604,0.67330295,0.99926096,0.3913858,0.67047036,0.99926907,0.38961738,0.67372024,0.998901,0.38735628,0.67025375,0.9988901,0.38498497,0.6666925,0.9988318,0.38991702,0.64237726,0.9987306,0.38227692,0.63899255,0.99906665,0.4290182,0.64748764,0.99779165,0.42762095,0.64647436,0.9962374,0.44401637,0.55627763,0.9974705,0.43233138,0.5395143,0.9940806,0.3135674,0.7010109,0.9684303,0.30306894,0.67433584,0.19783518,0.17167386,0.8173677,0.96659595,0.19247511,0.7691628,0.48433188,0.13775629,0.82828164,0.9543,0.16500583,0.7765556,0.5077727,0.12930414,0.8211459,0.95126224,0.15433544,0.78463864,0.49552378,0.14346218,0.81645525,0.9443943,0.16777578,0.7802104,0.5047004,0.6673408,0.24458246,0.99859387,0.652002,0.26053798,0.9983903,0.7776631,0.5051958,0.97355133,0.76903635,0.4988261,0.32563475,0.83959615,0.77764064,0.9557745,0.83565176,0.80144125,0.34989366,0.85979044,0.7028166,0.93371236,0.86079687,0.78052175,0.30486044,0.7558792,0.7614591,0.93832284,0.7443956,0.8638157,0.36707067
47548.jpg,0.19928747,0.3445162,0.9995995,0.18351352,0.34918517,0.9994462,0.18287611,0.35097858,0.9996151,0.18223381,0.3529266,0.9994081,0.18288016,0.3494745,0.9991749,0.18191513,0.35122317,0.9994874,0.18104509,0.352931,0.99933213,0.18357673,0.3742338,0.9992568,0.18235779,0.36886907,0.9995763,0.20913607,0.35200292,0.99930227,0.20870796,0.35225546,0.9993445,0.23604326,0.41511253,0.9988147,0.22242346,0.4029748,0.9998753,0.14265391,0.4281662,0.27216858,0.11339873,0.4077262,0.9991302,0.051557362,0.46729672,0.6704427,0.0022682846,0.4563059,0.9993144,0.035653412,0.49113232,0.8476729,-0.023595035,0.47460377,0.9977004,0.028484702,0.4888609,0.8567736,-0.018699408,0.47928005,0.9962847,0.034694284,0.48075518,0.84175557,-0.006295532,0.475167,0.9933428,0.48849162,0.35850528,0.99791723,0.49463844,0.34757823,0.9992373,0.5110158,0.17875849,0.259222,0.52653295,0.16449805,0.9986034,0.5596933,0.043003947,0.6626291,0.5682081,0.014934182,0.99812216,0.57125187,0.018033653,0.84295523,0.5781267,-0.00027427077,0.9990085,0.49561718,0.02975434,0.8807266,0.49472818,0.011400551,0.99754685
47580_aug.jpg,0.61125994,0.5376991,0.9998129,0.6079704,0.55940723,0.999894,0.60435814,0.56156,0.9998901,0.6006911,0.5637276,0.9998903,0.61017823,0.5593616,0.99987686,0.6086996,0.56124675,0.9998627,0.60717404,0.56335175,0.9998511,0.57495683,0.57180476,0.9998005,0.58180857,0.5716102,0.99976736,0.59250516,0.5297073,0.9995627,0.5961343,0.52792096,0.99939346,0.50074875,0.5314504,0.9989537,0.51560974,0.5234084,0.99758506,0.55472636,0.65846765,0.9855796,0.5540236,0.6433077,0.20552282,0.5901731,0.8077471,0.97005785,0.58028287,0.7546778,0.41005358,0.5803092,0.84383166,0.9558309,0.5684673,0.79141474,0.52382237,0.574294,0.8492911,0.95174843,0.572984,0.7914442,0.5317406,0.57998884,0.83382213,0.9368721,0.57985896,0.77760386,0.52202,0.4410923,0.24604604,0.9981939,0.45349488,0.26656446,0.99735814,0.6648425,0.29464105,0.9661615,0.64791524,0.30901214,0.25778213,0.8897972,0.38294166,0.9680728,0.8578633,0.393638,0.34328482,0.93328506,0.3752668,0.9689525,0.8959992,0.3872,0.34726793,0.91757214,0.4595621,0.9656065,0.86243963,0.4898937,0.43109798
4845_aug.jpg,0.7179376,0.36372602,0.9998485,0.738031,0.36104536,0.9998932,0.73850703,0.36309293,0.999894,0.73859036,0.36544955,0.9998876,0.73920435,0.36135465,0.9999008,0.74064237,0.36348256,0.9998996,0.7418411,0.36569005,0.9998913,0.73405635,0.39210898,0.9998271,0.73874557,0.38839996,0.999838,0.7061416,0.38690546,0.9994398,0.70484865,0.38827974,0.9993761,0.68196774,0.4545045,0.9972486,0.6828541,0.45937932,0.9956468,0.7725518,0.3600764,0.981895,0.76991075,0.37125686,0.15380941,0.8976588,0.26086044,0.96364903,0.86928153,0.27598348,0.2900685,0.9320959,0.2533976,0.94304746,0.90648675,0.27234414,0.3835048,0.93424964,0.25476518,0.935423,0.9113389,0.2688579,0.39445242,0.9221907,0.25374264,0.9236175,0.88591754,0.2664767,0.40569305,0.44804856,0.6744288,0.9971426,0.4575309,0.6738639,0.9971956,0.4523261,0.4394471,0.94478756,0.44775212,0.44512933,0.18399227,0.4364405,0.184259,0.9527647,0.43996915,0.20584363,0.30022308,0.42341805,0.13601041,0.9502651,0.43026114,0.15383446,0.31805652,0.52628005,0.1395024,0.9450465,0.5334343,0.15549582,0.36697653
49405.jpg,0.4512381,0.6518533,0.9996112,0.46002957,0.66981626,0.9995552,0.46221134,0.6703689,0.99961746,0.46518207,0.6710768,0.99948007,0.46130294,0.6699805,0.9995733,0.46398106,0.6705251,0.99963963,0.46746105,0.67137796,0.99959844,0.4957564,0.66460586,0.9990791,0.4967294,0.66689146,0.9995608,0.45879906,0.63702476,0.99898225,0.46021605,0.63743526,0.99917656,0.5262973,0.589911,0.99537957,0.5370929,0.602931,0.99957997,0.48276994,0.7157778,0.20534725,0.48242417,0.739356,0.9955052,0.46472275,0.83084226,0.36456066,0.4545175,0.87662566,0.9942214,0.47833332,0.86477554,0.50949234,0.46581504,0.9065705,0.98849815,0.48218638,0.8674439,0.5296871,0.47641686,0.90608925,0.9850542,0.4771973,0.8575288,0.5278851,0.47278005,0.8963754,0.9765288,0.56221783,0.29793495,0.9961842,0.57316643,0.28930128,0.9983753,0.3360213,0.3567362,0.17904077,0.3330244,0.35761693,0.994292,0.118501246,0.41109207,0.31865007,0.10162538,0.41035327,0.9944766,0.07228997,0.4127059,0.4712249,0.05253327,0.4102067,0.9953666,0.13559839,0.50870454,0.54103255,0.12363982,0.50874394,0.9915769
49827_aug.jpg,0.34760788,0.40166664,0.99990785,0.31530836,0.4032029,0.9999317,0.31298256,0.4068978,0.9999243,0.31056082,0.4111512,0.99991715,0.31495982,0.4056082,0.99992204,0.31280908,0.4100558,0.99991405,0.3106474,0.41451147,0.99991226,0.30425143,0.45135084,0.9998683,0.3077774,0.44669285,0.99987566,0.36306995,0.42671648,0.99977654,0.36171502,0.4279919,0.99978083,0.36065608,0.5323255,0.9957718,0.37856853,0.502185,0.99817073,0.23790115,0.3862987,0.2392448,0.24522057,0.36830962,0.98027545,0.108225346,0.2569797,0.5093419,0.065550625,0.21285123,0.97561806,0.085389614,0.24026209,0.5218336,0.03137541,0.20772427,0.95790493,0.08373505,0.23332483,0.5248014,0.038975775,0.20877999,0.95142365,0.08803439,0.23403788,0.5080477,0.046890557,0.20863754,0.9411892,0.6971095,0.7843565,0.99252,0.7357162,0.7801063,0.9926555,0.7100387,0.45870566,0.25922596,0.7217617,0.44415405,0.97961104,0.7534731,0.108944654,0.35556778,0.7679302,0.08106381,0.9751878,0.77891546,0.05723846,0.3532569,0.7913133,0.038683474,0.96256924,0.6589405,0.017395973,0.3951906,0.6494728,-0.01206553,0.95882845
498_aug.jpg,0.61825067,0.43260127,0.9998323,0.62699145,0.44435683,0.99987364,0.62313986,0.4453105,0.99988425,0.6190037,0.44615284,0.9998851,0.6334585,0.44753936,0.9998628,0.63401854,0.45060205,0.9998661,0.63450944,0.45359004,0.9998481,0.5942503,0.46823567,0.99977773,0.6141526,0.480211,0.9999033,0.59417534,0.43732715,0.9997732,0.6017536,0.44098696,0.99982446,0.49652934,0.47218192,0.99944633,0.5705545,0.5370481,0.9993494,0.6349573,0.33975163,0.97983104,0.6774589,0.4378902,0.6360882,0.80742705,0.24375516,0.9902532,0.8133842,0.36031306,0.9567531,0.8599342,0.22041482,0.98693025,0.8587091,0.36244208,0.9664819,0.8666618,0.23579809,0.9849278,0.8588718,0.35335553,0.96906585,0.85115075,0.24659953,0.9759233,0.8465358,0.34443066,0.9640632,0.19490065,0.62021494,0.9996537,0.27037743,0.636272,0.9996013,0.19819763,0.38843298,0.9771079,0.27315226,0.42014349,0.32170877,0.18226257,0.18076158,0.9775655,0.23458813,0.23846194,0.6217003,0.14921919,0.13814577,0.9594296,0.225288,0.19746703,0.63304347,0.28069228,0.13636321,0.9583423,0.30967015,0.17478555,0.7088104
50388.jpg,0.51096654,0.696385,0.99974185,0.49768698,0.72046065,0.99982625,0.49277988,0.72047997,0.9998184,0.48777044,0.72047913,0.9998235,0.50247556,0.7209635,0.9998307,0.50088835,0.72130406,0.99980706,0.49901515,0.721886,0.9997831,0.45199,0.7063588,0.9997944,0.4627874,0.71196544,0.9996673,0.4957617,0.67212105,0.9992532,0.5022633,0.6718885,0.9988858,0.41474918,0.5978844,0.997877,0.44269,0.58730227,0.9949915,0.38853425,0.7754387,0.9719197,0.4181663,0.7526977,0.10181291,0.31170288,0.93043727,0.89392895,0.34840804,0.88141847,0.17821532,0.27568558,0.9522075,0.83576405,0.30675977,0.9068852,0.22383961,0.2655375,0.95099086,0.8275638,0.29880837,0.9074409,0.23346575,0.27799886,0.9420674,0.8395281,0.31202066,0.9004429,0.22729187,0.46781546,0.1770651,0.9992084,0.47170186,0.19146352,0.99876285,0.65277827,0.4046304,0.90611285,0.66234446,0.40031785,0.14424679,0.8779108,0.6598128,0.8839683,0.87067103,0.6520463,0.21181497,0.9212875,0.6864298,0.9090235,0.9428949,0.65135014,0.21081129,0.8442415,0.76063627,0.897569,0.85251224,0.75924504,0.28420633
50810.jpg,0.69799304,0.35793954,0.9998041,0.7072339,0.36281303,0.99958664,0.70953065,0.36536482,0.99959594,0.71173567,0.3679396,0.99964476,0.7022327,0.35531974,0.9995407,0.70105624,0.35299698,0.99941754,0.6998795,0.3507036,0.999556,0.7178043,0.37025636,0.99975353,0.7010421,0.34440455,0.99957067,0.6956063,0.36102235,0.9998073,0.69106686,0.35361275,0.9997795,0.708681,0.3856389,0.99999607,0.64362407,0.34319237,0.9996762,0.7034826,0.4826936,0.9961785,0.5689115,0.42566586,0.28030577,0.70996785,0.57158566,0.98510504,0.47981885,0.5066708,0.3109573,0.71953785,0.5945734,0.9700795,0.45356247,0.5288891,0.2904755,0.71596396,0.59941703,0.9707078,0.4525533,0.52721363,0.2982655,0.70845616,0.5908612,0.95273894,0.4644353,0.52156174,0.27522716,0.5002698,0.4612108,0.9998574,0.47371307,0.43900415,0.9997812,0.34616497,0.5274903,0.9934197,0.29160792,0.50422865,0.70346475,0.16709656,0.6025608,0.99577636,0.13930714,0.56332463,0.88183016,0.16158205,0.6225784,0.97018373,0.12932801,0.5855462,0.7301831,0.12875181,0.59901184,0.9940158,0.07479146,0.5450676,0.9221756
5275.jpg,0.8197808,0.3876917,0.9997484,0.84091324,0.38190746,0.99979895,0.8423834,0.3833284,0.99976903,0.84370166,0.38450593,0.9997892,0.8416859,0.38327563,0.999864,0.8435234,0.38551927,0.9998528,0.845423,0.38755232,0.999864,0.8505656,0.40317097,0.9996767,0.8548775,0.4054043,0.9998227,0.81486475,0.4057187,0.9995578,0.81389856,0.4061229,0.9994129,0.8124608,0.4717723,0.9989409,0.8143509,0.48445773,0.9975805,0.9529134,0.40348318,0.9853795,0.94653124,0.42189613,0.23436661,1.100518,0.3851019,0.9324193,1.0700737,0.38147327,0.43816337,1.1364231,0.3854192,0.8891083,1.1046299,0.39003277,0.54862726,1.1332848,0.39865232,0.869581,1.1125649,0.3930622,0.55494577,1.1200384,0.3977602,0.86240816,1.0993325,0.38401055,0.54376847,0.49935853,0.69716924,0.9976865,0.5095247,0.70027995,0.99682695,0.49538997,0.4316438,0.942491,0.48110574,0.44729608,0.1856594,0.48674077,0.22920188,0.9134534,0.48580435,0.25986707,0.28148505,0.46653447,0.21281895,0.9110445,0.42677096,0.26645812,0.33414382,0.57512796,0.1532079,0.89357424,0.50296855,0.22740394,0.4189164
52822.jpg,0.35556048,0.739292,0.99968517,0.33381927,0.7459408,0.9997017,0.3317585,0.74409854,0.99980444,0.3295195,0.742033,0.9997347,0.33353186,0.7464026,0.9995321,0.33149856,0.74484366,0.99958557,0.32929456,0.74327296,0.99946433,0.31389403,0.7163421,0.999767,0.31320363,0.7195565,0.9995553,0.36089933,0.71547055,0.99909854,0.36157367,0.71706414,0.99806136,0.38580287,0.65305597,0.99938107,0.37676135,0.6016789,0.99479854,0.30127418,0.7393162,0.9589506,0.24848214,0.66330963,0.14940703,0.11634159,0.7278444,0.920343,0.10668433,0.70893204,0.37704644,0.08051556,0.7476059,0.8819618,0.07382986,0.6976378,0.35180396,0.0708949,0.7190279,0.87180835,0.07339984,0.6977095,0.3451915,0.0853,0.7199261,0.87274075,0.08348143,0.70100385,0.32899046,0.6260734,0.35723352,0.99962604,0.589037,0.3758268,0.999537,0.6782113,0.60658723,0.9220569,0.67346394,0.57488775,0.26057512,0.7001329,0.890252,0.95800424,0.7047236,0.859956,0.3747675,0.7245817,0.9241384,0.96274,0.71855295,0.9101867,0.4038376,0.61153895,0.95429236,0.95932484,0.6134135,0.94834864,0.44202858
53407_aug.jpg,0.55348545,0.25631717,0.99931955,0.5376534,0.23457202,0.9992926,0.53401905,0.23394921,0.9993444,0.52980095,0.23339266,0.99912006,0.5366338,0.23477241,0.9992071,0.532592,0.23429918,0.99925953,0.5279795,0.23390207,0.99907184,0.4934784,0.24084747,0.998765,0.49769893,0.24152628,0.9991629,0.53852576,0.27599385,0.99807894,0.53683263,0.2762878,0.9983215,0.45543587,0.33974916,0.9912834,0.47000194,0.34414983,0.992417,0.41057616,0.19652101,0.14031683,0.4220296,0.18376175,0.9628859,0.3497556,0.05861509,0.32795492,0.35338604,0.028639078,0.96505916,0.31402236,0.044113517,0.46590358,0.32720953,-0.008678257,0.94133574,0.31479293,0.039123,0.47726998,0.31839547,-0.0012171865,0.92753685,0.32852042,0.04356605,0.47060227,0.32704592,0.013540089,0.9111507,0.4942064,0.71532905,0.9922117,0.4943312,0.73359615,0.99045277,0.6924864,0.5259661,0.10176174,0.69698197,0.5292108,0.97428757,0.8709659,0.3341819,0.19960056,0.88896155,0.325304,0.9616288,0.914957,0.31200597,0.29035687,0.9313319,0.30481336,0.96988094,0.8468678,0.23339924,0.3821014,0.8606497,0.23201025,0.9556253
55014_aug.jpg,0.3885641,0.4403376,0.9992774,0.36448765,0.42455602,0.9995129,0.363993,0.4215828,0.99947256,0.36382318,0.41825843,0.9994823,0.36564487,0.42383796,0.99961567,0.3652535,0.4209817,0.99953425,0.36481804,0.4178728,0.9995615,0.37497503,0.38594556,0.999292,0.37297583,0.38904664,0.99934703,0.4105326,0.43302208,0.9986506,0.41213572,0.4351946,0.9986279,0.4388852,0.34083483,0.99895895,0.451824,0.3468349,0.99776804,0.2369715,0.28495005,0.9913816,0.27842647,0.32751024,0.25793573,0.122277975,0.14959726,0.96824604,0.19949353,0.24088067,0.53917545,0.09960896,0.108948916,0.943449,0.17484486,0.1798611,0.6336866,0.10921258,0.106523514,0.9333635,0.15482444,0.16337526,0.6455039,0.11194509,0.11576715,0.9192602,0.17007655,0.19657543,0.6282437,0.8242191,0.53844666,0.9924097,0.8344467,0.51134384,0.9932719,0.56175876,0.72031325,0.94514406,0.5677131,0.6872207,0.16041793,0.29308814,0.8665799,0.96076673,0.31494218,0.8403425,0.36914003,0.26919425,0.9070233,0.96553904,0.27302843,0.87642455,0.4594498,0.14439428,0.78453803,0.9526551,0.16603506,0.76097757,0.51544356
56160_aug.jpg,0.6447766,0.6311591,0.9499308,0.6501772,0.62311673,0.9593872,0.65329117,0.6166332,0.9631426,0.6562135,0.61011136,0.9610724,0.64500177,0.6405577,0.9320078,0.644893,0.6456287,0.93682766,0.64470875,0.6509267,0.93162495,0.66963506,0.59069294,0.97024643,0.6683552,0.63408744,0.9559226,0.65356445,0.6139888,0.9603474,0.64867055,0.6319828,0.95851904,0.67897,0.48818654,0.99564725,0.6593815,0.6782813,0.99328107,0.56880486,0.32801217,0.94711286,0.59966224,0.60779077,0.42329022,0.44751,0.12884167,0.9810172,0.63414073,0.4772134,0.8236829,0.40942687,0.15479189,0.956923,0.6430244,0.45400578,0.7778524,0.39963087,0.11122957,0.9563391,0.6607775,0.42836815,0.7759852,0.42270738,0.11934504,0.93971634,0.6561972,0.43048188,0.7194242,0.5602118,0.4885949,0.9998679,0.5392958,0.59296703,0.9999511,0.54622734,0.299133,0.9225583,0.34753823,0.58256626,0.97775036,0.33736157,0.21878877,0.94228137,0.124759614,0.55062133,0.9774303,0.31682914,0.20277542,0.9124478,0.09281275,0.53638947,0.9652916,0.3441108,0.13577214,0.87589777,0.049583137,0.5794625,0.9284801
56492.jpg,0.327294,0.59746784,0.99970454,0.31315303,0.6111864,0.99976724,0.3129427,0.61415744,0.99975854,0.31296468,0.61761826,0.99976295,0.3149224,0.6130479,0.99976355,0.31593475,0.61652803,0.999762,0.31716833,0.6204414,0.9997862,0.32679132,0.64713633,0.99968016,0.328363,0.6466249,0.9996965,0.34361687,0.60386175,0.99937266,0.3453819,0.6057985,0.9994203,0.4013215,0.65863985,0.99717855,0.38637108,0.65253454,0.99965715,0.25729036,0.63296497,0.1482801,0.21678275,0.6189448,0.9946285,0.1944569,0.6631135,0.33628052,0.020309448,0.6541179,0.9913686,0.17153797,0.6752106,0.4796728,-0.004192233,0.66592014,0.9817015,0.17108712,0.6772074,0.49625763,0.0024458766,0.6731547,0.97581464,0.17112014,0.6744085,0.48690173,0.0056551695,0.6698835,0.96295434,0.6658829,0.5349709,0.99727446,0.67912734,0.52100796,0.9990707,0.5228218,0.3420245,0.23914729,0.5151794,0.3154585,0.9913981,0.4115158,0.11976814,0.37836412,0.41102827,0.078181505,0.9902864,0.40982997,0.07361516,0.47784147,0.4148748,0.03638652,0.99120575,0.32266542,0.12605649,0.5932356,0.31630793,0.09643036,0.9865246
56797_aug.jpg,0.53353226,0.36617562,0.9999753,0.52889633,0.34314793,0.9999844,0.5266264,0.34234446,0.999977,0.52451146,0.34146744,0.99997914,0.52898127,0.34289545,0.99998,0.52703506,0.34214985,0.99997556,0.5255028,0.341462,0.9999833,0.49929547,0.34496257,0.9999827,0.50766057,0.34603956,0.99997425,0.52041894,0.3827992,0.99993765,0.51999724,0.38229027,0.9999466,0.45501167,0.4360306,0.99779177,0.4687865,0.40450892,0.9997458,0.50377846,0.3120321,0.36362034,0.5306387,0.22654527,0.9858424,0.43539888,0.26218954,0.14771944,0.41169834,0.19895172,0.8512006,0.403494,0.25897858,0.10073993,0.38322583,0.16835433,0.7433998,0.40052426,0.2703104,0.11088944,0.3742449,0.17598373,0.7440777,0.42292643,0.26750314,0.11208727,0.387037,0.18869865,0.7524594,0.4430261,0.74381644,0.9996389,0.44606063,0.73233116,0.99985194,0.65065396,0.6378635,0.12866148,0.66754276,0.6293399,0.97636557,0.87285846,0.5432255,0.22008277,0.90025365,0.53068143,0.9703964,0.9181975,0.5368676,0.3019489,0.9514805,0.5199997,0.9567728,0.8548809,0.4444229,0.36185804,0.87596536,0.4381356,0.9474038
57419_aug.jpg,0.29427582,0.74152315,0.9996933,0.27820945,0.7425661,0.99981254,0.27680624,0.74104416,0.99980325,0.27562928,0.73946905,0.99980026,0.27833265,0.7422772,0.99981433,0.27692708,0.7407677,0.9997706,0.27561474,0.73923165,0.9997595,0.2702404,0.7240783,0.99975437,0.26937088,0.72368026,0.9995333,0.29861265,0.7282137,0.99939764,0.2992987,0.7286473,0.99933296,0.29931134,0.6767579,0.9996247,0.30902565,0.6702522,0.9988881,0.19441533,0.71905583,0.9894995,0.22691643,0.7009244,0.34141544,0.09321901,0.7114775,0.97237575,0.12523016,0.70354295,0.51683986,0.06763893,0.697006,0.9534366,0.10170257,0.6918058,0.6135033,0.067144305,0.69158554,0.9454012,0.09918398,0.69141865,0.6309663,0.07717222,0.69747716,0.92566574,0.10775423,0.69700027,0.6380221,0.51858556,0.58177644,0.99815494,0.51988447,0.57475245,0.99750656,0.46989903,0.7524053,0.95186466,0.4771616,0.74487317,0.1584836,0.41908905,0.93592143,0.9680443,0.4265265,0.9038801,0.2505436,0.43335876,0.96296126,0.9823287,0.43720916,0.94239944,0.36700937,0.37338087,0.9304627,0.97019917,0.37514806,0.91716814,0.36838788
57793_aug.jpg,0.42253986,0.46963596,0.9999285,0.40904415,0.48151386,0.99994326,0.408405,0.48509455,0.99992466,0.40765262,0.48922455,0.9999349,0.409066,0.48039612,0.99995637,0.40846685,0.48280188,0.9999422,0.40786302,0.48567352,0.9999585,0.4068446,0.52128243,0.9999305,0.40936428,0.51628065,0.9999739,0.43581218,0.4760389,0.99979347,0.435275,0.47528118,0.9998246,0.4753341,0.5636952,0.9989887,0.44427782,0.523054,0.9999771,0.34475714,0.59148574,0.4218207,0.2910461,0.54276335,0.9798575,0.23586798,0.6541369,0.5428569,0.14680696,0.60689235,0.9811803,0.21153516,0.6788369,0.551752,0.110795796,0.6329232,0.97137207,0.20416313,0.67547566,0.5528041,0.11553526,0.64329374,0.96908116,0.21320629,0.66479427,0.5321337,0.12962353,0.63838726,0.9637495,0.7598045,0.58035064,0.99978405,0.7336587,0.59340614,0.9999763,0.78837425,0.38526738,0.65850216,0.850554,0.52963895,0.9906859,0.71121395,0.17367029,0.33130893,0.80411625,0.41213393,0.6982713,0.7044875,0.16666356,0.37408888,0.7876851,0.39733505,0.7089639,0.6040283,0.18173009,0.3654377,0.79008645,0.3771299,0.61155355
57920_aug.jpg,0.2852109,0.62055135,0.9997011,0.281918,0.64397514,0.99967825,0.28458497,0.6465871,0.999724,0.287686,0.64912856,0.9995616,0.28153044,0.64338607,0.999561,0.28343785,0.6453777,0.9996183,0.28574285,0.64723814,0.9994771,0.31961694,0.66365373,0.99960166,0.3143852,0.66101444,0.9995221,0.31104398,0.61635685,0.99898666,0.31187853,0.6144163,0.9991167,0.42136228,0.6179064,0.99495053,0.39070293,0.6099292,0.99541974,0.32339063,0.768553,0.22964062,0.29447374,0.76954746,0.9568583,0.26754457,0.92648405,0.3670434,0.25222257,0.93735427,0.9292607,0.26814574,0.9527285,0.41962603,0.24642149,0.96734154,0.8875222,0.2623688,0.9549267,0.43361315,0.2477051,0.96776336,0.86930835,0.26218808,0.9429836,0.41785622,0.24996331,0.956023,0.8608017,0.674892,0.3209109,0.9977639,0.6787044,0.30019972,0.9978042,0.39276212,0.31739706,0.11061687,0.39600825,0.3126889,0.979841,0.09531587,0.37065578,0.20704061,0.07633215,0.36993724,0.9556187,0.063792944,0.36229324,0.27920726,0.042645812,0.36035016,0.96001387,0.063324094,0.48237246,0.4139016,0.048754215,0.4779034,0.9488756
57923_aug.jpg,0.44554865,0.7174995,0.99958986,0.43376154,0.72641855,0.9991559,0.43009812,0.72467995,0.9990928,0.42644298,0.72279495,0.9992187,0.44481367,0.7319615,0.99934083,0.4488774,0.7340591,0.99938905,0.45294422,0.7361599,0.9995142,0.42632347,0.7168153,0.9985897,0.46348032,0.7352158,0.9987804,0.44852945,0.7013778,0.9995289,0.46133384,0.7080413,0.9994123,0.42716312,0.633494,0.9997863,0.5376947,0.675353,0.9995758,0.42099172,0.49686918,0.9441401,0.575888,0.5422736,0.91087455,0.46342906,0.41497403,0.7542229,0.606383,0.41378632,0.85358906,0.4723873,0.3888021,0.6644787,0.62375605,0.37968445,0.77561873,0.47808644,0.39272493,0.66601264,0.6200123,0.3800425,0.7756232,0.47999468,0.40280247,0.6125068,0.6098181,0.39319104,0.7426451,0.53452635,0.4503426,0.99959415,0.5852368,0.4781041,0.998406,0.6294471,0.33241662,0.9955539,0.66368115,0.36025864,0.88906366,0.7286482,0.19777799,0.99748445,0.7429642,0.21818104,0.91127145,0.72502065,0.17658085,0.9725274,0.7433566,0.19418189,0.7599995,0.79689157,0.17062306,0.99439806,0.80102146,0.19405401,0.9062198
5812.jpg,0.38804644,0.47309542,0.9999151,0.38684982,0.45139214,0.9999522,0.38970798,0.4492624,0.99994564,0.39270365,0.4471451,0.999946,0.38588595,0.4507968,0.99995375,0.38764027,0.44842038,0.99994767,0.38947433,0.445968,0.9999474,0.4167142,0.43556803,0.9998994,0.4140177,0.43537727,0.9999063,0.40537417,0.47961798,0.9998111,0.40384704,0.48072946,0.99978536,0.48716953,0.46906683,0.9993636,0.4889435,0.47624236,0.9991534,0.42256126,0.34549382,0.9914089,0.43342772,0.35750437,0.32363275,0.37055528,0.19909227,0.9792239,0.39292604,0.24678826,0.5933615,0.3778,0.16775948,0.96575457,0.39991084,0.20789135,0.7089215,0.3851158,0.16260993,0.9605149,0.39504188,0.20828223,0.71627694,0.37966353,0.17429793,0.94764835,0.3889931,0.22171462,0.6992189,0.5819442,0.7534938,0.99893516,0.58486444,0.7367632,0.9987704,0.3471886,0.71538246,0.96921855,0.3681275,0.703012,0.21679114,0.105670005,0.65617085,0.974394,0.1539911,0.6435149,0.3883532,0.06518084,0.6748391,0.97578716,0.11469942,0.65001804,0.39131942,0.0817669,0.5698125,0.97134686,0.12206581,0.5698483,0.4850473
58126.jpg,0.37538776,0.64615303,0.99995625,0.37430668,0.67158955,0.9999715,0.37438214,0.6725152,0.9999789,0.37475073,0.6734413,0.99996924,0.38108182,0.6731097,0.9999591,0.38620195,0.67540807,0.9999684,0.3916818,0.6776218,0.99995184,0.40784073,0.6766938,0.99996626,0.42538488,0.6819742,0.99996126,0.38661134,0.62883234,0.99993765,0.39499345,0.629799,0.99992657,0.46024185,0.60085845,0.999368,0.47879177,0.63328034,0.99977523,0.39754543,0.7703735,0.52894294,0.39566734,0.80211365,0.99622226,0.40221304,0.85955244,0.7593921,0.4055749,0.94821125,0.9949824,0.41672575,0.9089954,0.8348369,0.4118738,0.9873025,0.9809924,0.41648823,0.9075287,0.84827083,0.41773278,0.9847699,0.97128695,0.41293404,0.9000384,0.83348566,0.41570222,0.9711202,0.95760924,0.62253886,0.26522392,0.99858826,0.6113862,0.26326728,0.9994677,0.38551244,0.28433672,0.3887583,0.34502777,0.2622045,0.9983089,0.10801417,0.2971562,0.74524677,0.08560914,0.3011191,0.9977391,0.07611686,0.28337663,0.8138401,0.053924978,0.25040045,0.9959941,0.11040461,0.39256647,0.94454294,0.0793584,0.39595655,0.9979353
58304_aug.jpg,0.565903,0.46202576,0.9999305,0.5727725,0.44724837,0.9999107,0.57212955,0.44596437,0.99992275,0.5711428,0.44433713,0.9998989,0.5718761,0.4458602,0.999892,0.5705673,0.44353354,0.99990904,0.56879175,0.44095212,0.99988174,0.5537509,0.43209365,0.9998461,0.55257165,0.43073982,0.9998876,0.5499158,0.46593267,0.9998054,0.5476004,0.46386766,0.9997857,0.49240857,0.4436453,0.9983576,0.49081007,0.4413237,0.99950135,0.5740409,0.3974313,0.20312631,0.58652127,0.3964613,0.99741346,0.63612956,0.32914183,0.5343528,0.65971756,0.31405643,0.9974355,0.6396529,0.30109492,0.7584092,0.6698712,0.28891373,0.99228364,0.6413407,0.29817948,0.77233934,0.66269505,0.28613967,0.98778117,0.6398505,0.30674815,0.7635196,0.6591717,0.29333413,0.9800382,0.31414285,0.59489745,0.9970408,0.30243227,0.59841734,0.99783784,0.4683203,0.6650801,0.16489221,0.46644366,0.6695249,0.9917705,0.62188053,0.72623324,0.4157351,0.6263264,0.738176,0.9920759,0.64728963,0.75041854,0.6185148,0.64736277,0.76104474,0.99503857,0.6668154,0.67457044,0.75539595,0.6703905,0.6799705,0.9918394
58397.jpg,0.6089955,0.45553678,0.9993993,0.625435,0.45669156,0.9995517,0.6263033,0.45853955,0.9995968,0.6269342,0.46059585,0.9995427,0.6253973,0.45682928,0.9996573,0.6263629,0.4586289,0.999686,0.6272489,0.46067744,0.9996556,0.62747866,0.48320025,0.99927944,0.6280079,0.48389894,0.99946326,0.6000075,0.46887612,0.9984629,0.5992197,0.46837717,0.998514,0.58451676,0.5418416,0.9975393,0.58032703,0.5414012,0.99498427,0.6886238,0.4672712,0.9901039,0.67570305,0.4806741,0.28897607,0.79826987,0.42140806,0.97390646,0.7787657,0.43525547,0.5724042,0.8313769,0.424103,0.95722085,0.8095831,0.4418222,0.7010308,0.8326635,0.43146545,0.94791096,0.81170726,0.4409305,0.7145772,0.82043064,0.42991588,0.93195724,0.8013512,0.4373737,0.7144884,0.338144,0.70128846,0.99391526,0.3401477,0.6949895,0.99302965,0.33053103,0.4980083,0.9750542,0.33431408,0.4973685,0.1994095,0.31469217,0.26998764,0.98110837,0.31807876,0.2861736,0.35904297,0.30121383,0.24315122,0.9822067,0.30887702,0.25398847,0.43662977,0.39432898,0.24859974,0.97577786,0.40219215,0.25787017,0.4773883
58749.jpg,0.4982775,0.5246093,0.9956807,0.48126566,0.5397326,0.9967321,0.48176515,0.5425054,0.9963205,0.48271704,0.5455951,0.99644274,0.47973955,0.5402062,0.9965965,0.47933638,0.54293317,0.9957209,0.47936714,0.5460852,0.9966029,0.49753875,0.5678446,0.9945681,0.49576527,0.56666,0.99562305,0.51502603,0.52972454,0.9865979,0.5139222,0.5293758,0.98837864,0.56997985,0.5698501,0.99165875,0.5539247,0.55971783,0.9979038,0.4384876,0.5517305,0.22922625,0.41792515,0.5457653,0.9572698,0.33283985,0.55931807,0.44327617,0.282311,0.5599471,0.9407184,0.31111765,0.57483023,0.44473898,0.25354874,0.5791354,0.9080805,0.306663,0.57740414,0.44611466,0.25860646,0.5887193,0.9034489,0.31124187,0.5724112,0.44574046,0.27200848,0.5821909,0.8925259,0.8516392,0.5382152,0.998719,0.8461521,0.53070974,0.99890435,0.73337126,0.35324594,0.17679434,0.72559047,0.3422233,0.9062239,0.5585548,0.21180087,0.17214985,0.5477945,0.1590639,0.9098093,0.5491067,0.18189749,0.26802066,0.5315363,0.13075677,0.89416337,0.4806381,0.21693441,0.22641176,0.45297194,0.18695667,0.8928672
60556_aug.jpg,0.43837234,0.41160202,0.99987924,0.4501105,0.39535397,0.9999175,0.45316097,0.39585808,0.99991536,0.45665684,0.39651325,0.9999075,0.44849333,0.3945071,0.99991643,0.4502068,0.3942754,0.99990785,0.45206416,0.39397663,0.9998963,0.4790026,0.4050263,0.9998565,0.47315422,0.4029331,0.9998006,0.44487962,0.4275346,0.99959797,0.44093475,0.42705423,0.9994326,0.5098161,0.46300375,0.9993936,0.48936594,0.47433454,0.9984231,0.5308907,0.33445436,0.9894358,0.520213,0.34676662,0.25204286,0.5784575,0.18704748,0.9710724,0.55500215,0.232539,0.5129595,0.6011899,0.16241634,0.9501578,0.5782292,0.20459896,0.57888174,0.6085247,0.1617732,0.9448181,0.58070475,0.20143527,0.5861001,0.59772754,0.16883332,0.9364195,0.57015914,0.20702833,0.5733392,0.42391917,0.75050527,0.9991208,0.42665172,0.7439514,0.9986645,0.24498804,0.5861517,0.96465546,0.26480883,0.5939146,0.2463135,0.08894947,0.3823824,0.96745557,0.10545698,0.41076538,0.33162296,0.052111924,0.37169728,0.9683869,0.064032584,0.39579603,0.32882717,0.098156124,0.30970517,0.9682304,0.12561375,0.32082528,0.4177996
60694.jpg,0.6078328,0.4513992,0.99938416,0.62364656,0.45109713,0.9995715,0.6244592,0.45291042,0.9996138,0.62508076,0.45495376,0.99957067,0.6237453,0.45117298,0.9996494,0.6247552,0.45287147,0.9996712,0.62575126,0.45480365,0.9996376,0.627303,0.4783839,0.999323,0.62845886,0.478737,0.99941146,0.59902465,0.46512806,0.9984693,0.5982729,0.46480313,0.9984438,0.5895214,0.53682655,0.9977812,0.5854244,0.5365594,0.99444854,0.68921256,0.45702678,0.9914808,0.6801223,0.4698487,0.28490615,0.802343,0.40448672,0.9762196,0.7839334,0.41750684,0.54335594,0.8343924,0.40566182,0.9600507,0.81416184,0.4227512,0.6760155,0.83657205,0.41367182,0.9517919,0.8156502,0.42276028,0.69002026,0.8241255,0.4125927,0.9369628,0.805166,0.4202007,0.690605,0.35218266,0.7069811,0.99506927,0.3555008,0.69877154,0.99362975,0.329926,0.50825965,0.97705054,0.33487815,0.50598556,0.20875151,0.30100945,0.28045473,0.9823241,0.3074561,0.2961201,0.3590553,0.28566974,0.25545803,0.9842046,0.296274,0.26633817,0.43453664,0.38039553,0.24927786,0.97777027,0.39085847,0.2591368,0.4742412
61432.jpg,0.51533943,0.7273551,0.999551,0.49862158,0.7395123,0.9997379,0.4955529,0.73882115,0.9997094,0.49233523,0.7380283,0.9997054,0.4993237,0.73958564,0.99960333,0.4966231,0.7389363,0.9995468,0.49342483,0.7383925,0.9994987,0.4682623,0.72326076,0.99979097,0.46967503,0.72590274,0.99925655,0.50595725,0.7132715,0.99940515,0.50836957,0.7133689,0.999342,0.4494494,0.65552783,0.9995888,0.47830042,0.65770257,0.9973871,0.46861982,0.79462826,0.99440855,0.4934104,0.7847488,0.2635983,0.4606481,0.91518754,0.97648126,0.48509422,0.86989874,0.46607283,0.44947013,0.94288456,0.95467883,0.47215402,0.89826226,0.5431938,0.44262686,0.94396484,0.94497776,0.47444707,0.88984776,0.5505983,0.44677624,0.93434364,0.9216321,0.4743134,0.8907548,0.5542295,0.49023274,0.41311517,0.99991965,0.51478803,0.44958386,0.9998903,0.6181903,0.5153393,0.99377984,0.6566441,0.5482544,0.8618454,0.65537363,0.52646196,0.93080187,0.79765606,0.6496881,0.9052048,0.66093874,0.52840513,0.9340721,0.8368535,0.6614415,0.8998235,0.6642197,0.5619994,0.9300984,0.81063664,0.73156595,0.9280323
61485.jpg,0.36704195,0.39254087,0.9999566,0.34696937,0.40054286,0.9999635,0.34553605,0.40367407,0.99996614,0.34414637,0.40674978,0.9999491,0.34812257,0.39921084,0.99995315,0.34750208,0.40100557,0.99996054,0.34697795,0.40268236,0.9999553,0.33697602,0.4360101,0.9999584,0.3435502,0.42856866,0.9999583,0.37619042,0.40847117,0.99989355,0.37524772,0.40620703,0.9999081,0.38391063,0.49205458,0.99841285,0.38419458,0.46956468,0.99968815,0.27343872,0.45102996,0.38563052,0.25403544,0.42349035,0.99614537,0.14476442,0.45736253,0.6076794,0.12467086,0.42791766,0.99625814,0.118364036,0.4699352,0.66528827,0.09106153,0.43955642,0.99037766,0.11225635,0.46843168,0.6783889,0.08971155,0.4432335,0.9877835,0.12134564,0.463692,0.6594664,0.10035133,0.4419371,0.9830488,0.6514154,0.64495426,0.9987801,0.66824067,0.6290951,0.999482,0.6435302,0.41103795,0.1677601,0.65478617,0.3940677,0.99441767,0.63659257,0.18991268,0.3285354,0.6422678,0.15346965,0.99218035,0.6507022,0.14882225,0.477037,0.66398966,0.10837591,0.99357337,0.5776335,0.15447435,0.57201385,0.5833524,0.12569046,0.9892151
61785.jpg,0.7234059,0.26154828,0.9382653,0.72331554,0.24318144,0.931564,0.7195452,0.23640116,0.93332225,0.71578336,0.23039284,0.90795106,0.7333628,0.25588012,0.9371763,0.73617,0.25926813,0.93165267,0.7391647,0.26231375,0.9207484,0.7004778,0.22502089,0.85887235,0.7307831,0.26667565,0.9446358,0.70023173,0.25400358,0.94132876,0.709146,0.27141234,0.9578579,0.59764224,0.24255532,0.9966557,0.664364,0.3249427,0.99933475,0.4558712,0.252877,0.8719616,0.56649244,0.4048628,0.26334605,0.33204857,0.29104173,0.71003777,0.48658663,0.45219103,0.12259777,0.2974931,0.297138,0.5637967,0.4659952,0.46407,0.12463326,0.29642826,0.30177885,0.5496398,0.46433175,0.4672927,0.11488808,0.30796936,0.30277717,0.442752,0.46867928,0.46257362,0.10685085,0.46565193,0.4438973,0.9977925,0.49656445,0.4640451,0.99955803,0.42140225,0.58190364,0.35780066,0.4004988,0.60410833,0.9473837,0.34296858,0.7037942,0.65652674,0.28541654,0.718238,0.9293983,0.3174626,0.7329761,0.5416739,0.25598493,0.73505306,0.8034688,0.34589732,0.7673315,0.67932284,0.30070668,0.7929624,0.877452
62014.jpg,0.45097435,0.5590066,0.9998665,0.45180398,0.5752738,0.99986756,0.4529044,0.5761075,0.99986136,0.4542199,0.57705647,0.99984324,0.45307308,0.57583284,0.9998518,0.45489436,0.57704216,0.9998536,0.45707667,0.5784179,0.9998561,0.47494116,0.581452,0.999747,0.47636864,0.5811762,0.9998035,0.4641497,0.55036664,0.99960417,0.46621123,0.55159986,0.9996356,0.52403045,0.5465639,0.9964855,0.5253058,0.547396,0.99917185,0.47144318,0.6216488,0.2424029,0.4598206,0.62322235,0.9895124,0.44378096,0.7092573,0.4089866,0.4233808,0.73169154,0.9843364,0.4519776,0.73654646,0.5003976,0.42833477,0.7568455,0.9710476,0.45065567,0.7391918,0.5098037,0.43550462,0.75799805,0.9646337,0.44843298,0.7312206,0.50679344,0.435116,0.7506311,0.9533875,0.6268356,0.3387267,0.99611545,0.63583106,0.33142206,0.9974043,0.45980033,0.33457997,0.14464897,0.45903406,0.32975203,0.9850524,0.2932011,0.3375198,0.23486143,0.28504962,0.3309081,0.98099846,0.26436326,0.3254878,0.33473,0.2570582,0.31682792,0.98112893,0.27377066,0.404021,0.39829507,0.2664908,0.39869136,0.97234243
63668_aug.jpg,0.28134662,0.661646,0.9998939,0.29254857,0.67728424,0.99986625,0.29569203,0.6779676,0.9999075,0.29893816,0.6784661,0.99983954,0.29204386,0.6771178,0.99983144,0.29449162,0.6778947,0.99988794,0.2969613,0.6785876,0.99982834,0.32635364,0.67640495,0.9998216,0.31952497,0.6758697,0.99988484,0.29337925,0.6522205,0.9997656,0.2921868,0.6521156,0.9997907,0.3775072,0.62734485,0.9989724,0.34592447,0.63708615,0.9997675,0.4065262,0.7213732,0.24419641,0.37856674,0.7468046,0.9975095,0.46493292,0.8259236,0.59600234,0.4533307,0.8467195,0.9981111,0.49259007,0.8452512,0.81866723,0.48034197,0.87149954,0.9927497,0.49098873,0.8479252,0.8375812,0.48424247,0.87141454,0.98859775,0.48246688,0.8414461,0.81767595,0.4774443,0.8632723,0.9787957,0.40704972,0.35450745,0.9985863,0.3852346,0.34132802,0.9991105,0.23014474,0.4103137,0.10773749,0.2104835,0.40017477,0.99381894,0.078923404,0.46389455,0.44801435,0.045874864,0.46135044,0.99501425,0.04532835,0.46713942,0.70242184,0.016430616,0.46068034,0.99749845,0.07785684,0.529806,0.82336986,0.058358192,0.5280665,0.99509865
63704_aug.jpg,0.6209117,0.38861555,0.99967897,0.6199136,0.36723518,0.9996935,0.6178516,0.36558872,0.99971944,0.6153409,0.3636346,0.9996451,0.6186207,0.3662206,0.99968827,0.6159186,0.36422077,0.999721,0.6128511,0.3618416,0.99969316,0.5838131,0.3559417,0.99929273,0.58408093,0.3541232,0.9996598,0.6048622,0.3995756,0.99917394,0.6038371,0.3983193,0.9992842,0.5204247,0.4066041,0.9956097,0.5213463,0.39316523,0.9993236,0.6346644,0.3246293,0.16623181,0.6470295,0.30928525,0.9946115,0.71122086,0.21839145,0.37496758,0.73834336,0.19539881,0.99220955,0.7150951,0.18354523,0.5331269,0.74109197,0.16516814,0.9841263,0.7149011,0.17614174,0.55342984,0.7321742,0.16054294,0.97923744,0.7115871,0.18957227,0.5439793,0.73042256,0.16989279,0.96840435,0.32727733,0.632417,0.99556243,0.3221566,0.63241136,0.9974228,0.5528612,0.7048025,0.15669528,0.55586445,0.7060417,0.9918727,0.76392555,0.7786006,0.29208118,0.78422433,0.7905881,0.9923264,0.7901391,0.8269869,0.43004495,0.8273651,0.8235788,0.99335665,0.8078122,0.6940783,0.51434165,0.82034147,0.6996077,0.98849726
64515.jpg,0.547983,0.2525391,0.99995303,0.5289269,0.23204294,0.99994326,0.5249398,0.23189569,0.9999567,0.52037126,0.23184848,0.9999323,0.5281044,0.23223624,0.9999298,0.52386177,0.2321631,0.99994516,0.51899916,0.23218113,0.999918,0.48285455,0.2465426,0.9998865,0.48687086,0.24544871,0.999944,0.5349324,0.2733533,0.99987864,0.5333946,0.27316257,0.9998902,0.44236287,0.34616238,0.9987709,0.4630641,0.34086567,0.99915063,0.39335787,0.20483062,0.19429529,0.40636486,0.18097493,0.99730337,0.31978756,0.0657475,0.57120967,0.3273785,0.033605933,0.99724364,0.28780293,0.051634848,0.8048465,0.30026877,0.00231117,0.99206406,0.28803164,0.046678662,0.8136864,0.29313824,0.007332444,0.98719597,0.3010363,0.05188167,0.80139923,0.30325705,0.019943416,0.980149,0.5052751,0.7245985,0.9959459,0.5136956,0.74058735,0.99598026,0.6908347,0.52196574,0.14373998,0.7070478,0.5173118,0.99436027,0.8653532,0.3196096,0.4871523,0.8835379,0.31003824,0.9943157,0.9078194,0.28824937,0.65846497,0.92402637,0.283207,0.9964133,0.8326181,0.20816275,0.8192425,0.847497,0.20307559,0.99457353
64535_aug.jpg,0.5481564,0.71899366,0.9959656,0.53971934,0.7228585,0.99803513,0.5378921,0.72155476,0.9980205,0.53601396,0.72044885,0.9984276,0.5414841,0.7238396,0.99663514,0.54054415,0.72301364,0.99574584,0.5393078,0.7223075,0.9959602,0.5158638,0.7041918,0.99792224,0.5251129,0.70872986,0.996157,0.53306425,0.69719255,0.9973889,0.5451194,0.7029621,0.9956791,0.4912996,0.6506603,0.9982317,0.5195386,0.66290843,0.99319845,0.5441435,0.76197433,0.98437,0.5450929,0.7634556,0.43803173,0.55153066,0.8694908,0.9635287,0.5511467,0.85200065,0.8135545,0.555375,0.882807,0.9484749,0.5373195,0.8731521,0.84111965,0.55212,0.8833976,0.9407335,0.5352618,0.8776952,0.8368943,0.5502475,0.88014245,0.92539996,0.5367396,0.8713757,0.8285147,0.4494886,0.44198358,0.99939144,0.49873486,0.45303822,0.99897206,0.38442445,0.3038621,0.9209566,0.54522955,0.34315804,0.5346945,0.47699925,0.38187134,0.2510415,0.51042306,0.3515815,0.20178431,0.48880228,0.40482086,0.3188391,0.5055711,0.359625,0.34403008,0.5112533,0.391986,0.2675307,0.49701655,0.3483929,0.27654535
65205_aug.jpg,0.42488518,0.689728,0.9999411,0.4265853,0.7096113,0.9999386,0.4284406,0.71056294,0.99994624,0.43059188,0.7117866,0.9999337,0.4282671,0.70998085,0.999918,0.43090272,0.7108867,0.99992895,0.43373072,0.7120466,0.9999161,0.4597143,0.7159023,0.99992037,0.45656767,0.7131548,0.99992156,0.4410937,0.6785251,0.99987507,0.4422358,0.6794423,0.9998642,0.5287622,0.66974807,0.9985154,0.5055242,0.67305815,0.9995005,0.45310074,0.7771331,0.29106176,0.42583206,0.7793342,0.99206984,0.4076124,0.88692915,0.5886467,0.37152106,0.9225955,0.9921036,0.41135946,0.92079705,0.7770814,0.37148997,0.95251566,0.98050284,0.4083888,0.9244329,0.7926919,0.3778197,0.9574458,0.9712017,0.40491635,0.916966,0.77505314,0.37984538,0.9450174,0.9578701,0.68701065,0.4050876,0.99828905,0.6873433,0.39389217,0.9989698,0.49005744,0.37020755,0.1450804,0.47918743,0.35883528,0.9866153,0.2889697,0.37094402,0.3912213,0.26661754,0.36087158,0.9830618,0.25350067,0.3508757,0.574603,0.2417843,0.34104604,0.9898968,0.24023202,0.4381788,0.7278437,0.25128627,0.44365066,0.98510695
65562.jpg,0.2815637,0.4187222,0.99993646,0.26406783,0.42809707,0.9998097,0.2639694,0.42961589,0.99992216,0.2637917,0.431166,0.9997578,0.26424953,0.43093336,0.9998746,0.26432288,0.43447712,0.9999218,0.26420894,0.43811053,0.99980634,0.27017537,0.44997165,0.99980336,0.2711648,0.4547751,0.9999577,0.2971151,0.42141992,0.9994856,0.29681143,0.42438415,0.99941266,0.3476733,0.4500371,0.9992624,0.3422318,0.47305757,0.9999926,0.23839563,0.42469573,0.30389145,0.21625337,0.41672134,0.99540967,0.1443693,0.4129327,0.47746825,0.08481485,0.3775761,0.99489945,0.12829098,0.43030733,0.5287621,0.059322655,0.38686457,0.9880532,0.12333533,0.4294376,0.52710783,0.060591042,0.39757982,0.9863447,0.12692213,0.42245063,0.5167438,0.07162094,0.3968633,0.9851913,0.60353464,0.399323,0.99994504,0.64274544,0.46876216,0.99999106,0.5270005,0.24758005,0.9982967,0.8785341,0.5463469,0.99954516,0.4293942,0.08514333,0.9946926,0.7283026,0.55768996,0.85906065,0.42838398,0.053753436,0.9915187,0.70286095,0.55735534,0.8753755,0.33460724,0.07676643,0.9886791,0.73099864,0.54111284,0.83430207
6578.jpg,0.5955615,0.60738564,0.99957496,0.59181166,0.63245875,0.9996424,0.58860105,0.6342826,0.9996855,0.58506286,0.6358975,0.99967444,0.5925119,0.6326244,0.9995933,0.5900654,0.63462543,0.9996196,0.58744913,0.63656646,0.99955994,0.5496162,0.63982034,0.999281,0.5574193,0.6382163,0.9993498,0.57480633,0.5975126,0.9984848,0.576509,0.5971428,0.9976089,0.46036506,0.5775002,0.99347925,0.48091462,0.57171845,0.9881969,0.569283,0.7326165,0.9663645,0.5824994,0.69654584,0.15087998,0.64161575,0.915938,0.9369146,0.6744214,0.79631835,0.31809574,0.6450826,0.95410764,0.92192453,0.69065756,0.811579,0.426013,0.64030516,0.9573827,0.9148845,0.673323,0.8415415,0.44227794,0.6403259,0.9430734,0.89910895,0.68543893,0.81949484,0.4565669,0.29068825,0.239026,0.991189,0.3132993,0.25062925,0.98942006,0.5745913,0.26428127,0.9670085,0.5740263,0.28108743,0.26189423,0.89081144,0.2883863,0.9662419,0.86356235,0.29475617,0.30069503,0.93182015,0.27383772,0.96056485,0.91161084,0.2731236,0.30208766,0.951022,0.3925858,0.9575231,0.92128277,0.4065505,0.3696941
66029.jpg,0.56021786,0.31952718,0.999961,0.5644598,0.30769247,0.9999629,0.5669869,0.30776265,0.999938,0.57328916,0.31001306,0.9999635,0.5561795,0.30530292,0.99997425,0.55160874,0.30351597,0.9999515,0.55055,0.30137742,0.9999604,0.5802764,0.30869302,0.99996066,0.5467613,0.29601726,0.99996233,0.56626767,0.32357797,0.99993014,0.553604,0.32087588,0.999877,0.59945875,0.31243336,0.999892,0.5264117,0.28688666,0.9997638,0.61720055,0.2893103,0.46147004,0.5141395,0.2745945,0.87652516,0.6302168,0.23788124,0.7320242,0.5180616,0.30781206,0.91504425,0.6323707,0.23048656,0.66757286,0.51349455,0.31810266,0.8957106,0.6316319,0.22184959,0.67090887,0.5263312,0.32205307,0.89534605,0.62890124,0.22468485,0.6688241,0.53036594,0.3185293,0.8728801,0.60214883,0.22989191,0.9999994,0.5567632,0.21517588,0.9999989,0.66505766,0.18098481,0.8749073,0.5025604,0.16653392,0.8431186,0.7156738,0.11841172,0.96667063,0.53669053,0.13740636,0.7809022,0.71968734,0.114806145,0.9640249,0.5424632,0.14177391,0.73512256,0.7289882,0.08632024,0.9450267,0.5564897,0.10794909,0.6683399
67400.jpg,0.402287,0.72976726,0.999866,0.39002293,0.73434067,0.9998927,0.38874874,0.73317885,0.9998957,0.38753262,0.73194265,0.9998864,0.38922626,0.7340132,0.99992657,0.38751835,0.73272765,0.9999213,0.38587105,0.7314543,0.9999049,0.38178217,0.71440595,0.9998518,0.3817632,0.7137356,0.99986815,0.4064217,0.7165976,0.99974364,0.40673116,0.71673363,0.99976677,0.40229023,0.66595834,0.9997105,0.40035018,0.6586329,0.9990257,0.31990835,0.7270432,0.996161,0.3223317,0.7097224,0.45964924,0.21908206,0.7580044,0.99287295,0.24042684,0.7376022,0.81560856,0.18749121,0.761492,0.98724073,0.21505156,0.73501396,0.8896544,0.18225121,0.7555333,0.9838297,0.21195155,0.7360172,0.89610535,0.1931305,0.7542881,0.9766,0.21855369,0.7382752,0.8897579,0.5785259,0.5275972,0.9974874,0.5692627,0.53037137,0.9963775,0.58616656,0.6751313,0.9851458,0.58849895,0.6718406,0.23457079,0.68575025,0.79281914,0.98631847,0.67566055,0.783212,0.44400126,0.71295416,0.8003964,0.9850358,0.6971044,0.79145634,0.54625535,0.64419556,0.8217399,0.98272574,0.6367718,0.8133564,0.6408249
67810.jpg,0.63335496,0.6176256,0.9999677,0.66600674,0.6149452,0.99996793,0.6688547,0.6110134,0.9999726,0.6717902,0.6066326,0.9999683,0.6643171,0.61436343,0.99995553,0.6659202,0.6110585,0.99995816,0.6674385,0.60753155,0.99995136,0.6833923,0.5697573,0.9999536,0.6775314,0.5762601,0.9999294,0.6251166,0.59109384,0.9999261,0.6220345,0.59206396,0.99991083,0.6237156,0.47710216,0.9984705,0.60942286,0.50677,0.99919707,0.7898681,0.5829735,0.5459358,0.79479235,0.62705994,0.98884916,0.92004204,0.68474996,0.7310699,0.96269315,0.71492547,0.986528,0.96676266,0.6918318,0.80170774,1.0155216,0.7229706,0.9668463,0.97476965,0.6987953,0.8133431,1.017244,0.71573853,0.95433855,0.9538681,0.7021977,0.7987053,0.994644,0.71630895,0.93667895,0.20133388,0.23696145,0.989377,0.17019986,0.25064713,0.9928469,0.24957806,0.5760727,0.16808556,0.24060455,0.5932613,0.97473985,0.28946012,0.90514636,0.43243793,0.29143733,0.9379983,0.97534704,0.2681849,0.9499601,0.49093154,0.20392229,0.95327044,0.9751609,0.41299146,0.9267568,0.727652,0.3989026,0.96832895,0.9789123
68624_aug.jpg,0.69411635,0.51595765,0.99981064,0.71547693,0.5343205,0.9998921,0.7147027,0.5376123,0.9998926,0.7136557,0.5409717,0.9998808,0.7158129,0.5340214,0.9998603,0.7155525,0.536916,0.99984777,0.71525085,0.53984195,0.999798,0.69472885,0.5620218,0.9998481,0.69851184,0.5592532,0.9997503,0.66455984,0.524557,0.9995752,0.6657534,0.522486,0.9993782,0.575408,0.5674837,0.9980463,0.58315593,0.5709619,0.9922643,0.7382977,0.6874677,0.96805656,0.73763156,0.69280374,0.23124605,0.8997464,0.8247273,0.96257544,0.8561238,0.80500114,0.47194532,0.91301,0.87670016,0.9455708,0.86880463,0.8507555,0.52575433,0.90673023,0.887037,0.9418382,0.8682402,0.858694,0.5354375,0.90240324,0.8726987,0.93909806,0.8656708,0.8444858,0.5391782,0.18734926,0.37967917,0.9983595,0.20491695,0.398326,0.99683774,0.47233644,0.21929158,0.9740961,0.47351822,0.21871974,0.23555782,0.780188,0.0695678,0.9673787,0.76881367,0.080546945,0.29793748,0.82025856,0.02918142,0.9574196,0.8101246,0.047857165,0.31835002,0.87753797,0.14903021,0.9567544,0.8834695,0.16000971,0.36103517
68659_aug.jpg,0.5776764,0.760359,0.99978524,0.5672736,0.78552914,0.9998658,0.5639274,0.78629124,0.9998722,0.5603601,0.7871661,0.9998547,0.56772286,0.78519356,0.99985707,0.564818,0.7854614,0.99984705,0.56168413,0.7859591,0.999808,0.5277604,0.77920073,0.99985564,0.53036183,0.7807777,0.9997569,0.56270516,0.73816854,0.99945956,0.5641593,0.73708344,0.99916434,0.47051355,0.6818105,0.99863285,0.47544137,0.6664109,0.9947062,0.44335806,0.8555304,0.978496,0.45348606,0.8447181,0.14178301,0.33882147,1.0233257,0.93167365,0.35012758,0.9951582,0.18652624,0.31708282,1.0613515,0.89418435,0.33260676,1.0342265,0.24216838,0.30268365,1.0502522,0.88378304,0.33607066,1.0389324,0.24636517,0.31773207,1.0333359,0.87016225,0.35803854,1.028687,0.25736675,0.46423677,0.24174984,0.99700254,0.45261118,0.26583767,0.9956453,0.70608395,0.43916896,0.96090585,0.679098,0.4311139,0.16631673,0.93895227,0.6305506,0.95041233,0.9080251,0.6173425,0.27444237,0.9832412,0.6445435,0.9576642,0.9542451,0.6371634,0.34054533,0.91970426,0.7646537,0.94147044,0.8975384,0.7520352,0.3628238
69122.jpg,0.6386976,0.26552567,0.9998167,0.65424746,0.25997245,0.9998628,0.655351,0.26148307,0.9998609,0.65650207,0.263013,0.99985373,0.6553397,0.2598641,0.9998722,0.65686995,0.26135892,0.9998666,0.65829253,0.2627296,0.9998634,0.66359895,0.28409296,0.99975485,0.6643444,0.27973333,0.999765,0.6372241,0.28516597,0.99919647,0.6367373,0.2865197,0.9991881,0.65096414,0.36240667,0.9973562,0.64520967,0.3651405,0.9958556,0.6832383,0.22759292,0.98280126,0.6765413,0.24231592,0.19359037,0.74611646,0.08192837,0.9698462,0.71097237,0.12758595,0.43103915,0.783324,0.059303224,0.95275396,0.73933536,0.10944593,0.52755713,0.7869091,0.057894647,0.94466233,0.73573226,0.10731864,0.53599876,0.77304447,0.066108465,0.9337472,0.73026574,0.10773009,0.54534185,0.54271305,0.6681856,0.9976847,0.5495407,0.66165835,0.99779594,0.42441273,0.45844367,0.95813566,0.42672634,0.46475178,0.20041762,0.29273,0.24922484,0.96499866,0.30807734,0.27052745,0.33009952,0.25852564,0.21516046,0.96278423,0.27638814,0.23946887,0.35009566,0.33994013,0.15739572,0.9596306,0.35599136,0.17364818,0.4014312
70288_aug.jpg,0.35197723,0.73104817,0.9998543,0.34466934,0.7435874,0.99995077,0.34525228,0.74519175,0.9999306,0.3456732,0.7469412,0.9999577,0.34563333,0.74398506,0.99991596,0.34701914,0.7459463,0.9998716,0.34897026,0.7482717,0.99991477,0.35971695,0.75954837,0.99991953,0.3633595,0.7605206,0.99988556,0.3727467,0.73086447,0.9998609,0.3761738,0.73274904,0.99982375,0.4233025,0.7309173,0.9985398,0.44218427,0.7431871,0.9988003,0.30418098,0.7429887,0.7816511,0.30355382,0.7411202,0.8408366,0.20062417,0.7203189,0.7633143,0.18888381,0.71703005,0.80213994,0.18757385,0.71073025,0.7250473,0.17465389,0.7045262,0.7669611,0.18746167,0.70659244,0.71721697,0.1725319,0.7055454,0.74212104,0.19151208,0.7110967,0.68707305,0.17829809,0.71043557,0.73904926,0.59256667,0.8064,0.99800926,0.58834404,0.8190287,0.9982863,0.7061781,0.75509274,0.5174239,0.5963418,0.8939957,0.95807874,0.6353933,0.7917316,0.22675984,0.5682963,0.86957276,0.30085754,0.6187074,0.7926364,0.1812594,0.55451,0.865378,0.31337547,0.6152441,0.8016523,0.22033897,0.5770947,0.8508937,0.29422492
71192_aug.jpg,0.4256716,0.6675968,0.99999917,0.41806155,0.68842566,0.9999963,0.41917086,0.6897349,0.99999785,0.42053276,0.69135886,0.99999607,0.4213422,0.6899423,0.9999975,0.42462587,0.69213676,0.9999982,0.42806923,0.69476616,0.9999963,0.44815817,0.7052429,0.99999785,0.45335072,0.70699155,0.99999905,0.44532225,0.6564108,0.99999285,0.44888303,0.65919924,0.99999404,0.51720554,0.6368362,0.99992704,0.5351448,0.6536117,0.9999933,0.43236417,0.7330686,0.30581638,0.3899591,0.77574193,0.9899451,0.37446412,0.8645505,0.25608188,0.3665761,0.93355703,0.95921767,0.37123615,0.88300455,0.28533885,0.37038872,0.9684323,0.9231837,0.3724268,0.89083165,0.29388702,0.37680337,0.9732678,0.9142832,0.3733668,0.88634706,0.26971954,0.37435874,0.9555384,0.92095166,0.6693555,0.362051,0.9999362,0.72569793,0.34571722,0.99998915,0.4185856,0.34599835,0.9606885,0.5975042,0.36197785,0.9979176,0.116189,0.49876276,0.9632612,0.54115623,0.37786797,0.75620365,0.071055055,0.48213398,0.94208556,0.54222023,0.39711842,0.8518038,0.045696974,0.6309625,0.9701029,0.50010365,0.36924428,0.8229793
7139.jpg,0.4030046,0.5192979,0.99905664,0.3907137,0.5323945,0.9992361,0.39189374,0.5356672,0.998755,0.39279166,0.5378187,0.9990256,0.38945445,0.5314665,0.9992867,0.38973206,0.53233373,0.9989561,0.39592007,0.5360782,0.99939287,0.40545994,0.54729044,0.9978066,0.41570568,0.550694,0.9992157,0.41872543,0.5170797,0.99841785,0.4175835,0.5170295,0.9989525,0.47910523,0.554106,0.9972119,0.46589926,0.5324505,0.9995933,0.36386165,0.5548445,0.21407011,0.36002043,0.5471357,0.96264446,0.26671466,0.58480674,0.4696442,0.24564451,0.58528763,0.9568278,0.23910779,0.583656,0.53953743,0.21976486,0.587034,0.95103383,0.23762548,0.5875814,0.54718804,0.21958649,0.5949893,0.945671,0.2443828,0.582543,0.56163794,0.22683814,0.59418964,0.9207778,0.69091076,0.43190104,0.9989556,0.6883518,0.39745772,0.99986327,0.63957953,0.42720985,0.15758513,0.5890127,0.21703845,0.99207836,0.5520697,0.36886492,0.12045823,0.4821456,0.061515808,0.9856916,0.54319155,0.3524659,0.22324121,0.47993445,0.03634438,0.98192006,0.51409703,0.37871093,0.11515539,0.4067518,0.06501928,0.9422628
73301_aug.jpg,0.57391256,0.7564516,0.9997944,0.5692735,0.7735771,0.99984205,0.5676101,0.773188,0.9998479,0.5659197,0.7726728,0.9998412,0.5684063,0.7746887,0.99987125,0.5662941,0.7748882,0.9998778,0.564321,0.77498764,0.99987185,0.5464745,0.76348865,0.99968326,0.54898876,0.76761556,0.99971443,0.55896366,0.74068475,0.9990588,0.558213,0.73897815,0.9989305,0.49715483,0.69401944,0.99456537,0.500104,0.69293356,0.9913004,0.5654533,0.80163205,0.9712115,0.55744004,0.8003064,0.13755748,0.6433958,0.9411156,0.94770086,0.64023936,0.89269114,0.34673393,0.6486684,0.9777553,0.92379844,0.6520049,0.91425395,0.4937803,0.64837146,0.98096347,0.91024363,0.6560598,0.91134685,0.5101432,0.65154856,0.96033645,0.890754,0.65485096,0.9074895,0.51218265,0.33811086,0.4087517,0.9943855,0.33865434,0.4203368,0.9947961,0.5747962,0.4710796,0.9268057,0.5735891,0.46880195,0.16526318,0.82274765,0.5127948,0.95480615,0.8004607,0.5106794,0.3200025,0.87141633,0.50467,0.9535002,0.84793365,0.50633985,0.3477917,0.8449397,0.6125095,0.94868946,0.82151634,0.6146198,0.42472863
75179.jpg,0.3924948,0.34955984,0.9999912,0.39238545,0.31271642,0.9999876,0.39767823,0.31013227,0.9999795,0.4025064,0.30764276,0.9999671,0.36974287,0.31749272,0.999992,0.35888103,0.31800723,0.99999034,0.34809545,0.31816542,0.99999034,0.39806384,0.31654316,0.99995124,0.3233562,0.32948613,0.9999927,0.40505612,0.37663126,0.99983644,0.37946326,0.3823197,0.9999193,0.4744138,0.4221326,0.9943678,0.31431884,0.45821598,0.9984616,0.48829016,0.24791974,0.27114338,0.24022928,0.22253245,0.9111612,0.350416,0.18440044,0.13225617,0.19122681,0.17532974,0.38566718,0.31261903,0.16642547,0.10470777,0.13724312,0.1568631,0.26874444,0.3041563,0.1742236,0.10425492,0.1408442,0.16372532,0.25926054,0.3205688,0.18213719,0.105326004,0.15754434,0.17295569,0.30598179,0.6304061,0.77064854,0.98666847,0.59451747,0.81413317,0.9912867,0.70205635,0.4556995,0.36381817,0.7000778,0.46438125,0.9424785,0.7749915,0.14725274,0.5149366,0.7884841,0.13814884,0.93538946,0.80681634,0.11834872,0.4615552,0.8144369,0.1102463,0.88828355,0.7233946,0.08180559,0.5144328,0.72776914,0.073860765,0.8930948
75918_aug.jpg,0.41189206,0.7140611,0.99884486,0.39334685,0.72483003,0.99915314,0.39231724,0.7240301,0.999212,0.3913323,0.72304046,0.99900025,0.39285374,0.72355944,0.99893624,0.39125133,0.721992,0.99886525,0.38940954,0.7202362,0.9985071,0.38462815,0.70373654,0.9991405,0.37971917,0.6992258,0.9984592,0.42124122,0.69499457,0.9974027,0.42222223,0.69345033,0.9967434,0.42386374,0.62814516,0.99818206,0.4270721,0.6071925,0.99183524,0.27109605,0.71236515,0.9755881,0.28599778,0.6938132,0.27768236,0.09397864,0.77941537,0.95492387,0.12872761,0.7418835,0.5138041,0.057401657,0.8021388,0.9353219,0.1021533,0.7430786,0.5809281,0.0573622,0.79855406,0.928424,0.10136652,0.7452295,0.59420997,0.069277525,0.78816974,0.9155901,0.10633218,0.74551314,0.602464,0.7097689,0.403256,0.9974177,0.69899356,0.39753523,0.9955842,0.72821057,0.6553774,0.9729725,0.72396505,0.63955796,0.25399607,0.721095,0.92823505,0.96255744,0.7182418,0.9123899,0.31379256,0.73747396,0.95956063,0.9689813,0.7290097,0.94716895,0.39395925,0.6423607,0.9740771,0.95499814,0.63531196,0.9559004,0.36983135
76213_aug.jpg,0.7403981,0.6793785,0.9993755,0.7426487,0.67164075,0.999438,0.7439246,0.670988,0.9995459,0.7453589,0.6703154,0.9994708,0.7425045,0.6714244,0.99953043,0.74360967,0.670631,0.99955124,0.7448638,0.6697364,0.99948716,0.75617146,0.67030066,0.99944943,0.75540733,0.6689457,0.999418,0.7467408,0.6834066,0.99800724,0.74655783,0.6835707,0.9983456,0.7745443,0.6889579,0.9991849,0.77548385,0.6852829,0.9964059,0.71455014,0.68798244,0.9881931,0.71945465,0.6835361,0.25245,0.6601697,0.674812,0.9657278,0.67366755,0.67027605,0.5213775,0.64459956,0.66989803,0.941119,0.6653617,0.66232735,0.5788887,0.64690906,0.66515386,0.92906606,0.6649684,0.66032,0.5857174,0.6514126,0.66645706,0.9033776,0.66678166,0.6631164,0.57368153,0.89850336,0.6866265,0.99565023,0.8931473,0.6834469,0.99566615,0.85314494,0.7655208,0.94801015,0.85276985,0.76067305,0.16769023,0.8010435,0.8370484,0.95775276,0.80617505,0.82979614,0.37982374,0.8242359,0.86799705,0.9661955,0.8213565,0.86357945,0.48515323,0.76962256,0.8469825,0.94814944,0.7730595,0.84543675,0.46623686
76476.jpg,0.2631437,0.65495783,0.9995499,0.24847126,0.65313077,0.9997193,0.2477467,0.65137076,0.9997253,0.24703816,0.6496437,0.9996977,0.24889219,0.6542909,0.99974424,0.24844098,0.6534622,0.9997255,0.248043,0.6527547,0.99968946,0.25008562,0.6340616,0.9995536,0.2520184,0.63755643,0.99942315,0.27329302,0.64402115,0.9989981,0.27457818,0.6466216,0.99888486,0.2899239,0.5912509,0.9982766,0.29573795,0.59818727,0.99584156,0.18864876,0.6123925,0.98942995,0.19899675,0.6218204,0.19921646,0.07813272,0.61851513,0.96740824,0.10152599,0.6209537,0.38561437,0.060947776,0.6053924,0.9464574,0.07925519,0.6076658,0.54041475,0.062509894,0.6036674,0.9371606,0.078700334,0.608518,0.5578119,0.069177926,0.6089138,0.917139,0.087367296,0.6141751,0.56074625,0.5299011,0.5590717,0.99525356,0.51706666,0.5586409,0.9938427,0.45433816,0.7200136,0.9612102,0.4539388,0.7140488,0.17595817,0.3902248,0.885522,0.9752387,0.39051116,0.8720349,0.31779394,0.3899192,0.9192352,0.9795505,0.3862239,0.90577275,0.42287582,0.32565242,0.8843682,0.9698668,0.3248308,0.8745078,0.41953537
76498.jpg,0.58439785,0.3128609,0.99995995,0.5826423,0.29130444,0.99995065,0.5803627,0.28986123,0.999964,0.5780797,0.28823027,0.9999502,0.58212984,0.29188755,0.9999374,0.5797521,0.29125217,0.99995434,0.5774532,0.29051363,0.9999361,0.55204064,0.2851019,0.99993205,0.55600715,0.28977653,0.9999449,0.5688834,0.3233522,0.9999174,0.5697618,0.3233754,0.9999105,0.48132527,0.32703114,0.9989152,0.5085778,0.32982334,0.9996487,0.56893235,0.22775215,0.3287154,0.59517705,0.22641277,0.99731594,0.6281245,0.11866152,0.72589815,0.6647436,0.085947216,0.9979386,0.62839,0.08510059,0.9065602,0.66516817,0.059654593,0.99258703,0.6308582,0.08125025,0.91603553,0.6580633,0.053887784,0.98677814,0.63358605,0.08868629,0.90330327,0.6573672,0.06373423,0.9772997,0.29765052,0.5796297,0.99848986,0.2986307,0.5927037,0.99916923,0.5004271,0.62354875,0.17632239,0.5071434,0.63492876,0.99522436,0.7056823,0.64524084,0.5708615,0.7195429,0.6565779,0.99554837,0.7370221,0.6654896,0.7728719,0.7510601,0.67894053,0.99792373,0.722275,0.5573475,0.9031949,0.778171,0.56933695,0.99682117
76642.jpg,0.7615486,0.47378048,0.99803084,0.7847763,0.48058987,0.99899226,0.7866509,0.4839667,0.9990393,0.78875554,0.48769057,0.99907935,0.7853147,0.48060685,0.998594,0.7875875,0.48380694,0.99844223,0.79013723,0.4875587,0.99849916,0.8002663,0.5218695,0.9988771,0.8000387,0.5198581,0.99815816,0.7478074,0.490783,0.99849355,0.74833673,0.49002677,0.9979138,0.7459093,0.586635,0.99973816,0.7502841,0.5983395,0.99790347,0.8967378,0.56889117,0.9930455,0.89239347,0.5858943,0.17918046,1.060361,0.5739553,0.9690721,1.0168895,0.5971516,0.3405544,1.0685244,0.5914508,0.95693415,1.0395539,0.62071955,0.5039181,1.0647402,0.6041641,0.9507832,1.0476205,0.6266285,0.51518846,1.0533794,0.5981693,0.92237556,1.0391992,0.6112865,0.512935,0.43482584,0.4610931,0.999305,0.47425598,0.48568767,0.9979315,0.51287544,0.24744081,0.9805941,0.5433655,0.2733189,0.28464139,0.6173863,0.057647705,0.9744881,0.63272065,0.08964127,0.47933796,0.6190605,0.021890521,0.9692728,0.63891494,0.048915744,0.5660398,0.7224256,0.070196986,0.9625235,0.74659777,0.108633965,0.6116685
77139_aug.jpg,0.5269587,0.6007687,0.99995136,0.5482463,0.62157524,0.99994874,0.5506247,0.6214677,0.9999449,0.5535471,0.62106603,0.9999206,0.5517156,0.6202866,0.9999485,0.55602264,0.6194563,0.9999503,0.561035,0.6182381,0.9999399,0.58759546,0.6011683,0.9999199,0.5929687,0.59699285,0.99993825,0.52412367,0.5717523,0.9997508,0.5280043,0.5695796,0.9998374,0.5687343,0.4775315,0.99391633,0.58339447,0.47578457,0.9976265,0.64768386,0.5740107,0.18293044,0.75705767,0.6154884,0.93964213,0.82369447,0.6375103,0.26122943,0.95442075,0.702752,0.9118749,0.8663685,0.61006427,0.24871099,1.0017344,0.7087043,0.87845355,0.8789242,0.6207548,0.2493469,1.0044446,0.69649434,0.8725592,0.8575119,0.6458416,0.24323447,0.9779104,0.6912962,0.87447375,0.27936387,0.23655736,0.9970323,0.26548308,0.21938418,0.9977983,0.2929346,0.5470282,0.2079966,0.2760241,0.5748331,0.9869398,0.29742745,0.8795434,0.19603276,0.2773268,0.92032015,0.96988434,0.24990779,0.9029039,0.1917133,0.25723827,0.94602764,0.96416414,0.40245503,0.9307426,0.24344341,0.44056925,1.0130574,0.9521969
78274_aug.jpg,0.5686327,0.62959737,0.9992248,0.5563288,0.653373,0.9993753,0.55201495,0.6539196,0.99943846,0.5471094,0.6541929,0.9994654,0.557531,0.65419614,0.9993838,0.55451095,0.65536195,0.9993586,0.55115616,0.656355,0.99928015,0.51003295,0.6477525,0.99887353,0.5193128,0.6488112,0.9986916,0.55139685,0.6135892,0.9969112,0.55393296,0.6133745,0.99548495,0.44048786,0.57382625,0.9929783,0.46588582,0.56461346,0.9840225,0.50549257,0.74498796,0.96048415,0.5412319,0.69091797,0.11725201,0.5397647,0.94083285,0.9339612,0.5954079,0.806088,0.269432,0.53264725,0.9767481,0.91957384,0.59214234,0.8643869,0.38356346,0.5236361,0.97801197,0.91065305,0.5977781,0.83501625,0.40007085,0.52812016,0.9662416,0.89455974,0.59248453,0.8402486,0.40935922,0.35364908,0.19498503,0.99286884,0.37221327,0.20905206,0.9911375,0.61609197,0.28889403,0.9468458,0.6192175,0.29838404,0.2206118,0.95078295,0.3992788,0.95821315,0.8964146,0.3816266,0.27985248,0.98315716,0.39446026,0.9574974,0.9453364,0.37290883,0.30350986,0.96176326,0.50137746,0.9516642,0.9177327,0.4988473,0.36965027
78838.jpg,0.81946087,0.6073342,0.9992224,0.8284527,0.61739194,0.9996364,0.82831407,0.61888784,0.99956757,0.82793355,0.6203053,0.9996025,0.8274665,0.61788344,0.99958974,0.8269943,0.61975,0.99943393,0.82645315,0.6215962,0.99942136,0.81846124,0.6332159,0.99957985,0.8191706,0.6342688,0.9985996,0.8094796,0.60781777,0.998137,0.8076447,0.60690075,0.997928,0.7766861,0.62704176,0.9989077,0.7696929,0.62495226,0.9960849,0.8419801,0.6792653,0.9804986,0.82694346,0.65955013,0.21610203,0.8764242,0.73883605,0.95064056,0.860986,0.70681274,0.4836563,0.8775354,0.75078166,0.9218266,0.8612652,0.72081006,0.58296424,0.87584996,0.75353277,0.9090388,0.8628438,0.7188558,0.59791845,0.87618345,0.74544215,0.8773551,0.86330616,0.71101445,0.6138921,0.6519921,0.5175182,0.99554753,0.65134126,0.52601856,0.9927884,0.7844195,0.5422963,0.903405,0.7753661,0.5489052,0.113023795,0.9164084,0.5357448,0.925956,0.8977545,0.53841454,0.2690887,0.9346402,0.5182231,0.9575293,0.8814316,0.5147852,0.40084666,0.93839645,0.571698,0.9339741,0.92700076,0.5829976,0.40019673
79117_aug.jpg,0.4322699,0.3368943,0.99994326,0.43549532,0.33364367,0.9999503,0.43585372,0.33393356,0.999943,0.43621266,0.33423212,0.9999331,0.43641746,0.33461997,0.99995303,0.43742678,0.3352931,0.99995804,0.43844333,0.33593684,0.9999652,0.44340032,0.3418247,0.9999784,0.44700465,0.34455597,0.9999796,0.4351037,0.34470016,0.9999137,0.43539077,0.3454708,0.9999366,0.45371357,0.36404455,0.99998593,0.4699461,0.37890738,0.9998834,0.4386714,0.32713905,0.94907874,0.48159575,0.36941713,0.16961719,0.43821228,0.27899945,0.8380833,0.4839795,0.34284192,0.3041866,0.43422037,0.2639206,0.7438452,0.4884786,0.3345104,0.28008458,0.44028658,0.26509523,0.70365024,0.48471463,0.3345211,0.2610084,0.44211406,0.27083534,0.6533094,0.48261446,0.3367729,0.29047385,0.55535,0.40675676,0.9999975,0.5529744,0.40523425,0.9999975,0.5890054,0.43138638,0.99914765,0.56797975,0.3936282,0.69484067,0.54428285,0.37530428,0.9731804,0.4929477,0.38290358,0.8492504,0.5343857,0.37294936,0.94124985,0.48305213,0.38612318,0.58132696,0.54161984,0.35099807,0.9222161,0.46835503,0.36575383,0.71329963
79226_aug.jpg,0.77505505,0.5227007,0.99767274,0.7751007,0.55120915,0.9981598,0.77152044,0.55394447,0.99846256,0.7678046,0.55693036,0.99814606,0.77552986,0.5505935,0.9981956,0.77224,0.5526034,0.9984754,0.76887316,0.55515957,0.9982767,0.7283035,0.57417285,0.99738044,0.7325881,0.5726783,0.99774146,0.7537498,0.51573557,0.9932556,0.75425106,0.51408315,0.9925597,0.6516155,0.5514947,0.9935627,0.6442414,0.5301315,0.97924566,0.8259068,0.610155,0.98122406,0.8165376,0.5940802,0.14273103,1.010931,0.7044742,0.90748173,0.9797064,0.684714,0.13563822,1.0348824,0.71594626,0.85815084,1.005784,0.69723403,0.20102008,1.0233705,0.7208886,0.8372776,1.0086313,0.6977721,0.20925039,1.0170232,0.7137191,0.809269,1.0004334,0.6935307,0.22961532,0.19200647,0.4909856,0.9800149,0.19319987,0.48662922,0.9785736,0.42272723,0.26381198,0.96102977,0.42049757,0.24964854,0.16110599,0.6727838,0.030829847,0.96490765,0.6678155,0.041124582,0.2989136,0.6932041,-0.007138282,0.96921635,0.69491005,0.0076562464,0.36838162,0.79185283,0.0843772,0.957381,0.7852445,0.09358838,0.36079982
79322.jpg,0.5441714,0.5618385,0.9999243,0.530027,0.5751872,0.9999453,0.52784896,0.5737642,0.99993384,0.5252475,0.57227015,0.9999478,0.5291936,0.574783,0.9999181,0.5261185,0.5733652,0.99989367,0.5221445,0.5715785,0.9998988,0.51552176,0.55323756,0.9998466,0.5025082,0.5508644,0.9998908,0.54394203,0.53524595,0.9999409,0.5440247,0.53284955,0.9999163,0.5469354,0.46766293,0.9996531,0.47150242,0.3564153,0.999551,0.38077924,0.5805609,0.9909382,0.2982174,0.38555497,0.7508978,0.17595863,0.6665194,0.9948591,0.10289198,0.43173444,0.9397052,0.11751032,0.67761075,0.99320704,0.059307873,0.41904244,0.9469945,0.112384796,0.651102,0.9931952,0.06289983,0.42936584,0.94737095,0.13296223,0.6437311,0.9892055,0.079256594,0.43855265,0.93683624,0.90928924,0.32984632,0.9987973,0.84742373,0.3069236,0.997482,0.8106287,0.6015793,0.9642637,0.78814834,0.5746132,0.2232462,0.7214202,0.8317261,0.9435528,0.70404685,0.80260015,0.45160553,0.73307693,0.89164686,0.9155473,0.70578456,0.8494382,0.3923263,0.6427208,0.87755954,0.9402867,0.6123907,0.8286562,0.56804293
80062_aug.jpg,0.19255295,0.3504496,0.999204,0.1759839,0.35729307,0.9988708,0.17544952,0.3592983,0.9992079,0.17501739,0.36141622,0.99877816,0.17552423,0.35713622,0.9984131,0.17474768,0.35890722,0.9990231,0.1741659,0.360616,0.99873096,0.17765269,0.3826601,0.9985671,0.1769082,0.37619874,0.99919635,0.20359099,0.35735133,0.99877316,0.202937,0.35734022,0.9987872,0.23655148,0.42225242,0.9983429,0.22206736,0.40497693,0.99983287,0.14003938,0.44058678,0.23781902,0.11104831,0.4097886,0.99850035,0.051219225,0.48075065,0.6081941,0.0016606748,0.45811808,0.9988978,0.037711054,0.50325066,0.8011847,-0.021412462,0.47679773,0.9967745,0.03160277,0.50026345,0.813055,-0.016937733,0.48333734,0.9950589,0.036566198,0.4923393,0.79618883,-0.0062948763,0.47911656,0.99105996,0.4851277,0.360905,0.9970897,0.49340782,0.34594804,0.9988833,0.5046951,0.18934189,0.19480368,0.5211294,0.16649988,0.9978828,0.5502816,0.04727927,0.5642988,0.560299,0.01758933,0.9972253,0.56243134,0.02122721,0.7754991,0.5711587,-0.020054013,0.99854916,0.4920565,0.0268946,0.80348283,0.50161994,-0.0121816695,0.9958417
81554.jpg,0.40585533,0.67134005,0.9997769,0.38440335,0.6857827,0.99985385,0.38141477,0.6844183,0.99985766,0.378272,0.68280923,0.99983644,0.38606668,0.6862742,0.9998418,0.3844024,0.6856185,0.99984705,0.38251302,0.68498707,0.99979323,0.36629173,0.6595741,0.99981695,0.36922875,0.66477543,0.999746,0.4094324,0.64307165,0.99939203,0.41193372,0.645276,0.9991897,0.41415012,0.54888564,0.99696296,0.400428,0.54889095,0.9916009,0.23729378,0.65546906,0.9368538,0.23994204,0.65086746,0.20420925,0.053256392,0.75352293,0.9271224,0.08209479,0.7285594,0.41684008,0.008946538,0.75417054,0.8982265,0.040767252,0.720972,0.44459653,0.002530098,0.7439424,0.8892298,0.037424088,0.7163056,0.4513996,0.01929599,0.7441182,0.8947483,0.05227083,0.71948504,0.4587145,0.71294016,0.23732665,0.9989506,0.6830047,0.2402862,0.99801266,0.76662964,0.565405,0.95465195,0.6909359,0.56856674,0.16542573,0.79467976,0.8807422,0.9457057,0.79261416,0.8768431,0.2914873,0.81817234,0.92274773,0.93911433,0.8111365,0.9180997,0.31668374,0.69263774,0.9656439,0.93670624,0.6841125,0.94815975,0.36181757
82709_aug.jpg,0.34289455,0.6657766,0.99834883,0.32215393,0.66420144,0.9992036,0.32043022,0.66145813,0.9992207,0.31858578,0.65859765,0.9992847,0.32319748,0.665555,0.99871695,0.32225654,0.66375345,0.9985965,0.32097077,0.66182053,0.99846315,0.31171206,0.62866056,0.999468,0.31267023,0.6332734,0.998264,0.3488105,0.6480662,0.9977937,0.35191125,0.6511782,0.9972209,0.35415256,0.5620972,0.99828184,0.36997372,0.58463645,0.99481755,0.26661566,0.6712335,0.98899263,0.3125871,0.6681796,0.1151295,0.18609065,0.73513055,0.9462967,0.21726102,0.7149526,0.23940589,0.15702581,0.7417724,0.91722965,0.1960693,0.72174793,0.26748455,0.15546721,0.73832726,0.90476197,0.19678864,0.7216172,0.2709696,0.1633859,0.7374971,0.8741919,0.20102966,0.7231697,0.27394468,0.5550829,0.42697436,0.99963486,0.55151135,0.4651567,0.9993048,0.56818235,0.5749456,0.99208355,0.5710212,0.63997024,0.78345007,0.6142712,0.718421,0.96417576,0.60007906,0.84218556,0.705686,0.6306555,0.73507637,0.96246564,0.6278896,0.8651496,0.7248425,0.57661426,0.7676234,0.96681666,0.5250343,0.8849459,0.77645314
83821.jpg,0.59907746,0.3659505,0.99930453,0.61476946,0.36607078,0.99947816,0.6159446,0.36749423,0.9994748,0.6168565,0.3690781,0.9995016,0.6149214,0.3657199,0.99958295,0.6163515,0.36676097,0.99959844,0.61755073,0.36786956,0.99962246,0.6220161,0.38565108,0.99890316,0.6213886,0.38374826,0.9992568,0.59424204,0.3773843,0.99791604,0.5940893,0.37666908,0.99789494,0.5988996,0.42863065,0.9975902,0.5851298,0.42818195,0.9953087,0.63264763,0.3199347,0.9851989,0.61784,0.3279982,0.26311263,0.6845909,0.21981302,0.97289884,0.6647454,0.24337497,0.57443583,0.70295024,0.20412084,0.9602452,0.67825663,0.23072967,0.6891705,0.7055898,0.20712829,0.951035,0.6798668,0.2283321,0.6978768,0.6986458,0.2103309,0.9344077,0.6752279,0.22999352,0.69692796,0.43751058,0.61197305,0.99801993,0.44042888,0.6023377,0.9978102,0.3309818,0.46821892,0.96290445,0.34435606,0.46550202,0.20571549,0.23512243,0.31832778,0.97719157,0.25719678,0.3285935,0.4212378,0.20494288,0.31431165,0.97135586,0.22412843,0.3204836,0.48919967,0.25893015,0.24269393,0.9703938,0.27303898,0.25388882,0.56336385
84211.jpg,0.73313534,0.55248284,0.99984765,0.7303538,0.5470993,0.9998963,0.73138,0.543663,0.99988186,0.7324666,0.54026526,0.9999018,0.7274467,0.5578485,0.9998964,0.72641766,0.5612577,0.99989736,0.72541225,0.56452286,0.99988973,0.73785967,0.533093,0.9998349,0.7277873,0.57057846,0.9997359,0.741215,0.5466141,0.9994764,0.73833376,0.55918026,0.9995552,0.7878639,0.49658412,0.9997398,0.74570155,0.5979165,0.9998148,0.84765446,0.46113977,0.38314006,0.7446188,0.621587,0.13266891,0.8706422,0.4594807,0.31539378,0.73767585,0.6128166,0.1418767,0.8855823,0.45248225,0.41283154,0.73985976,0.6123731,0.19001062,0.8755026,0.46058452,0.43069953,0.7367233,0.61237,0.2019946,0.8678606,0.46539646,0.4342124,0.73679245,0.61112213,0.23308894,0.8996464,0.5147824,0.9998592,0.88434404,0.5821046,0.99985325,0.7936442,0.45306677,0.8533329,0.7762735,0.56948143,0.81741256,0.6967598,0.5031182,0.44272846,0.6807244,0.5427659,0.6081114,0.6947782,0.5074181,0.5394575,0.6875576,0.5440702,0.7837695,0.6369555,0.5395248,0.49187872,0.6022649,0.5086856,0.7531975
86433.jpg,0.30798197,0.5488279,0.99242777,0.2835068,0.5541506,0.9929645,0.28350165,0.55447036,0.9946449,0.2836547,0.5547059,0.9923983,0.28078705,0.5510172,0.98850536,0.27975062,0.54894143,0.9912389,0.27853495,0.5468337,0.98753524,0.2868218,0.5422324,0.9910501,0.28133935,0.5326331,0.9897139,0.32738602,0.5372478,0.9800218,0.32777542,0.5351977,0.9644576,0.40144432,0.48066494,0.99489105,0.36682475,0.459241,0.9896842,0.28511494,0.51502484,0.7512441,0.2247031,0.48461178,0.104119815,0.15128157,0.4976426,0.65114343,0.048768193,0.47879142,0.31199425,0.12811041,0.49433458,0.63838,0.053943694,0.4631583,0.29985157,0.1294525,0.4833819,0.61792815,0.051757753,0.4660165,0.29183242,0.14021996,0.48576105,0.6095392,0.062140197,0.47270387,0.2941368,0.7254813,0.4072717,0.99939454,0.6659039,0.39663044,0.99925226,0.59635437,0.6728134,0.8816047,0.5829502,0.6164938,0.18337241,0.42525288,0.91856503,0.93777454,0.42383063,0.8747803,0.30274975,0.41950816,0.9519305,0.9396966,0.41824332,0.9209295,0.30185515,0.31100965,0.91608036,0.9294846,0.31475222,0.9058645,0.29445428
87489.jpg,0.51321787,0.30686003,0.9993216,0.51343596,0.28336257,0.99941444,0.5152705,0.28163683,0.9994288,0.5174344,0.28022462,0.9994598,0.5145788,0.28373966,0.99947745,0.5169901,0.28207496,0.9994734,0.51981086,0.28048837,0.99948657,0.5457465,0.27747077,0.9987663,0.5454881,0.2794152,0.99920964,0.52999574,0.31642362,0.99806756,0.52954066,0.31766242,0.99765813,0.6040134,0.313464,0.99827325,0.6032737,0.3367858,0.9958941,0.50449854,0.18648487,0.98962575,0.5300547,0.21475986,0.16509946,0.4137513,0.0376513,0.9671435,0.46123976,0.09363538,0.32076177,0.4036135,-0.017614484,0.9552941,0.4653312,0.06788975,0.4609536,0.41564542,-0.018547952,0.94723403,0.46763968,0.06273997,0.4694742,0.42081413,0.008844078,0.9314942,0.4620911,0.068407655,0.4737058,0.6761966,0.6593237,0.99814725,0.66611993,0.6412216,0.9974504,0.40286872,0.69826657,0.9744332,0.41822025,0.67755204,0.31774533,0.12837714,0.7211849,0.97866267,0.15709868,0.7140082,0.43585476,0.08052051,0.7388132,0.9747117,0.11403847,0.725711,0.49568388,0.09294236,0.6178653,0.9733595,0.11696935,0.6129037,0.5400385
87502_aug.jpg,0.49617442,0.52763003,0.999923,0.49375522,0.5521875,0.9999286,0.49540788,0.554602,0.9999198,0.49717146,0.5572574,0.9999132,0.49412343,0.55176246,0.99991894,0.4960087,0.5539371,0.99991477,0.4980128,0.55630076,0.9999256,0.5210283,0.5723269,0.9998889,0.5184417,0.56574273,0.9998423,0.5122303,0.52437484,0.9997546,0.5128032,0.52488506,0.99973494,0.5846448,0.53656024,0.9961908,0.5640374,0.5284206,0.9994149,0.4802944,0.57377243,0.43309978,0.44586736,0.56605875,0.98672223,0.38257682,0.6260234,0.6177477,0.31867462,0.63982135,0.9859525,0.36730975,0.6549762,0.58169985,0.29566836,0.67294633,0.9734672,0.3619951,0.6562952,0.5887437,0.30184376,0.68267024,0.9696464,0.3664436,0.64592946,0.5779896,0.31002623,0.6722316,0.9620419,0.8645712,0.39560577,0.9986399,0.85843503,0.39550558,0.99909556,0.66134745,0.2658923,0.14946967,0.64544576,0.25915414,0.9812936,0.42232293,0.17009231,0.21957324,0.40005136,0.1554555,0.9760405,0.4165538,0.13600013,0.27345234,0.3689041,0.11647561,0.96760756,0.3573956,0.22795409,0.34211707,0.31374913,0.22331618,0.9680126
87692_aug.jpg,0.5994502,0.53158015,0.99991083,0.5850434,0.55314094,0.9999449,0.58164614,0.5530693,0.9999403,0.5780804,0.55240965,0.99993074,0.5831311,0.55398786,0.99995327,0.57880837,0.55473244,0.9999492,0.5742338,0.55519426,0.99994206,0.54404294,0.54312205,0.99992514,0.5465646,0.5493337,0.9999324,0.58442885,0.51494724,0.99981636,0.5835335,0.5145949,0.99985015,0.51835084,0.45219398,0.99978036,0.5147732,0.4503395,0.9993874,0.44038975,0.6617464,0.9803741,0.39785928,0.6769703,0.33501586,0.36355954,0.84247774,0.9548195,0.26544535,0.8054946,0.35560736,0.33191174,0.8716584,0.91869843,0.22702678,0.8310458,0.33847442,0.32062656,0.8722083,0.9074527,0.22114168,0.82504725,0.3374364,0.32735622,0.86400324,0.89724845,0.23609126,0.8171419,0.3165105,0.5758993,0.08091922,0.9996917,0.5050359,0.10267599,0.99942183,0.41522995,0.28644168,0.9656398,0.4373278,0.3395126,0.19893046,0.43542275,0.65374917,0.9394511,0.52886075,0.5948547,0.5121241,0.46483347,0.68162906,0.94224167,0.56049,0.61505795,0.4710293,0.37231386,0.8113246,0.94000244,0.48505813,0.71873415,0.5310237
87728_aug.jpg,0.12522055,0.24068981,0.9999877,0.11544654,0.23392984,0.9999924,0.11285001,0.23083591,0.99999344,0.110315666,0.22767422,0.99999106,0.13363907,0.25848797,0.9999957,0.13437057,0.25823304,0.9999969,0.13482158,0.2575544,0.99999547,0.10832977,0.21612725,0.99999213,0.14659196,0.25362486,0.99999785,0.12712374,0.2320334,0.99999166,0.13509327,0.2576643,0.99999666,0.10766413,0.18271081,0.9999807,0.20493115,0.2527298,0.9999943,0.11091042,0.15162718,0.8295819,0.28017542,0.28713307,0.589843,0.1181484,0.20262662,0.72363174,0.30606234,0.31894785,0.7728418,0.12078932,0.20865601,0.75409186,0.32025182,0.31575814,0.80455184,0.12158346,0.2236899,0.7350907,0.30295172,0.31366044,0.8121705,0.12354421,0.22303519,0.7763808,0.29635096,0.3089566,0.82359374,0.18641497,0.13929369,0.9999926,0.24453342,0.17622186,0.99999475,0.19641292,0.260344,0.9967174,0.23655598,0.29254445,0.9744451,0.37458977,0.28745845,0.9891432,0.3675812,0.27590206,0.9301042,0.41763473,0.26820314,0.9955754,0.39899704,0.2478248,0.96947384,0.39976057,0.35200402,0.9928853,0.37431496,0.31960696,0.9713211
88286.jpg,0.38898927,0.480908,0.9998759,0.3862475,0.4599852,0.99993074,0.3893162,0.45746365,0.9999232,0.39275542,0.45492116,0.9999232,0.38505465,0.46018323,0.99993074,0.38653332,0.45801038,0.9999207,0.38810778,0.4557948,0.9999194,0.41721493,0.44065654,0.9998573,0.41145295,0.44277287,0.9998516,0.40803275,0.48458686,0.99971074,0.40581647,0.48743334,0.99964595,0.49015328,0.46268252,0.9993012,0.48202014,0.48023707,0.99893934,0.41785774,0.34830344,0.9899177,0.42050695,0.36274683,0.28601944,0.357338,0.20890164,0.9758025,0.37424922,0.2601846,0.5372999,0.36151454,0.17506427,0.96110827,0.38110653,0.22278881,0.66143656,0.36927906,0.16991448,0.955639,0.37702978,0.22206992,0.6675948,0.3642153,0.18233126,0.94227976,0.37171873,0.2388317,0.65022916,0.595592,0.75007534,0.99889046,0.5943906,0.7357214,0.99863535,0.357086,0.7258774,0.96395165,0.3772784,0.71600354,0.2088441,0.11385524,0.67859876,0.9721842,0.1532096,0.6678161,0.37554318,0.06660181,0.6983029,0.9741917,0.11378771,0.67733514,0.38755164,0.078534305,0.5977083,0.9692685,0.124596,0.59386516,0.47310555
88370_aug.jpg,0.29108363,0.48392406,0.9996408,0.27793562,0.50459665,0.9997656,0.2792828,0.50797015,0.99974436,0.28024513,0.51155794,0.9997582,0.2786063,0.50454307,0.999728,0.28055137,0.5081172,0.99965966,0.2821153,0.51213175,0.9997249,0.3017631,0.5470282,0.9997396,0.30282658,0.54542744,0.9996569,0.3184345,0.48789108,0.9993155,0.3183527,0.48756564,0.9992163,0.40125456,0.5763586,0.99006945,0.3961463,0.5388586,0.99733573,0.23493665,0.4764063,0.27847072,0.21693271,0.4385366,0.97609454,0.09360987,0.41439876,0.43100044,0.03904015,0.3564807,0.9573621,0.058622003,0.41240978,0.4560023,0.020396948,0.3611734,0.9356663,0.051941454,0.41350585,0.4675894,0.018261492,0.3786618,0.92878944,0.06332433,0.41239142,0.46140853,0.025389254,0.37540242,0.91411215,0.7588278,0.6615925,0.9961748,0.77464855,0.6406316,0.9976325,0.6386139,0.4057863,0.19966957,0.6427777,0.38245296,0.9766318,0.6708294,0.12483239,0.23729306,0.6741717,0.088017106,0.9465569,0.7010141,0.08029914,0.25867513,0.7037265,0.04636419,0.9208095,0.5321335,0.085369706,0.34314474,0.5447866,0.06148541,0.92364293
88392_aug.jpg,0.50305456,0.6676914,0.9988133,0.5187927,0.67962074,0.9990798,0.5220621,0.67890704,0.9991635,0.52537584,0.6781605,0.99892944,0.5156033,0.68009555,0.9987116,0.5165096,0.6798451,0.99875045,0.5173937,0.6795782,0.9987225,0.5504428,0.6648292,0.99896276,0.53879845,0.66508067,0.9988582,0.50895685,0.6481825,0.99796283,0.506576,0.6501579,0.997875,0.56844485,0.581576,0.9914829,0.5473547,0.592319,0.99744296,0.59961593,0.6945113,0.12021546,0.59393305,0.71541697,0.96877843,0.6682254,0.7985836,0.4583598,0.6670476,0.8282274,0.9844453,0.6956363,0.8121549,0.61249304,0.6988042,0.85093415,0.9743929,0.6980295,0.8157197,0.63320947,0.70461494,0.8490282,0.96861255,0.6886362,0.81147563,0.6111968,0.69742024,0.84371287,0.95878965,0.5164121,0.28910643,0.9960355,0.49505484,0.27874976,0.9979589,0.35092628,0.42379144,0.12714843,0.3292718,0.42590493,0.9831081,0.18167707,0.5764525,0.2048928,0.159419,0.5838994,0.9667712,0.14384705,0.58098274,0.31791592,0.1219095,0.59899324,0.9746718,0.17797053,0.6463836,0.3960728,0.15974721,0.64090836,0.9627578
89272_aug.jpg,0.71481127,0.6629597,0.9998708,0.70756364,0.674197,0.9999069,0.70557016,0.6742227,0.99988055,0.7038246,0.6747364,0.99987864,0.70895445,0.67547655,0.9998965,0.7075612,0.6762692,0.9998822,0.69219124,0.6931012,0.9998925,0.6915626,0.66924417,0.99989223,0.6927688,0.6698952,0.99993896,0.69865894,0.6569466,0.99989116,0.7005073,0.6566062,0.9998976,0.6475832,0.6197325,0.9997404,0.64184594,0.62400204,0.9996604,0.7484306,0.67414236,0.9637223,0.72514087,0.7044199,0.7316256,0.83914614,0.7619258,0.904142,0.82598746,0.78458905,0.77235997,0.85656714,0.7814216,0.8613229,0.8384116,0.8146703,0.7475852,0.8494883,0.783628,0.85088295,0.8466288,0.81147957,0.7283917,0.84330755,0.7778438,0.8407201,0.8464955,0.8034717,0.70184696,0.40514258,0.52558213,0.9999764,0.43325678,0.5106867,0.9999788,0.21150897,0.44833142,0.97750103,0.38160676,0.30948877,0.95114034,0.39046183,0.451105,0.8021792,0.562932,0.26608026,0.9149673,0.4226181,0.45748484,0.78950906,0.5790753,0.26447195,0.82749546,0.43694872,0.4338534,0.71611184,0.63541937,0.2594345,0.8605252
90061_aug.jpg,0.40426067,0.66551167,0.99768424,0.38424677,0.68220466,0.99780124,0.3828038,0.68093777,0.9981772,0.381656,0.67952085,0.9975255,0.38294032,0.6826116,0.9973068,0.37957227,0.6813719,0.9979359,0.37687355,0.68018365,0.9969223,0.3690732,0.658445,0.99690896,0.36325893,0.66291344,0.99734914,0.40571475,0.64153534,0.99442965,0.40547776,0.6394675,0.99342525,0.4539076,0.5703256,0.99629825,0.4020198,0.5411918,0.9849199,0.3423514,0.6643758,0.7426471,0.284405,0.67015517,0.1755275,0.2025786,0.79042935,0.7788086,0.13349482,0.79146135,0.50470537,0.16271004,0.8148016,0.7575196,0.09905645,0.8093838,0.53655297,0.12842485,0.7910178,0.7408513,0.10088447,0.8108707,0.5414217,0.1644887,0.7908186,0.775584,0.111442864,0.80789363,0.56912106,0.6183578,0.21535575,0.99980325,0.5877861,0.23646799,0.9997002,0.69101495,0.534199,0.9092388,0.586164,0.52774906,0.14419357,0.73860896,0.8591881,0.9407612,0.62888193,0.80692106,0.34445146,0.77211326,0.9011722,0.9354095,0.71699786,0.88121676,0.323581,0.68672925,0.92948484,0.9235129,0.61211514,0.9241412,0.32459298
90427_aug.jpg,0.33760232,0.77765036,0.99987936,0.33790612,0.7812106,0.9998653,0.34060442,0.7831293,0.9998466,0.34336323,0.7850711,0.9998497,0.33073425,0.7749323,0.999866,0.32847267,0.7726047,0.99985266,0.32618332,0.7702348,0.99984837,0.3558911,0.782833,0.99982566,0.32924682,0.75958145,0.9998313,0.34820902,0.7776212,0.9998865,0.34005317,0.7707783,0.99991965,0.39843142,0.7875801,0.9991542,0.33935586,0.72791076,0.99883956,0.39402902,0.8168155,0.8995528,0.3137735,0.7505942,0.6352486,0.34989393,0.8533412,0.8736961,0.2943306,0.7941785,0.8167687,0.34439677,0.86662924,0.86390364,0.28503728,0.7996011,0.8207862,0.33556837,0.8578832,0.8598685,0.2934143,0.8074074,0.8197488,0.33760083,0.85142237,0.8280005,0.29950535,0.80654263,0.7941023,0.45661676,0.6895124,0.9992937,0.42698655,0.6553374,0.99846005,0.39321816,0.7094461,0.40935838,0.3470742,0.65469307,0.36922216,0.37423176,0.745759,0.47622433,0.29676226,0.73375654,0.43782774,0.37024552,0.74808437,0.3805,0.29312629,0.7483744,0.37484473,0.36890048,0.7623157,0.47580254,0.2818402,0.7589607,0.50342536
90866.jpg,0.41676646,0.32121173,0.99966574,0.423906,0.3049503,0.99973017,0.42626902,0.30482247,0.99974686,0.42878306,0.3049897,0.99970275,0.42466605,0.3049078,0.999757,0.42741704,0.30471888,0.99977463,0.4305523,0.3046399,0.9997589,0.4547441,0.3143164,0.9995264,0.45651823,0.3137553,0.99957293,0.42776272,0.33500922,0.9987832,0.4278083,0.33573082,0.99872977,0.48605898,0.3676595,0.9969048,0.5043137,0.3865707,0.99487865,0.4465762,0.22620735,0.9920719,0.455975,0.24973738,0.3041535,0.4125671,0.07558769,0.97664636,0.44321683,0.13160494,0.6427341,0.428125,0.051154494,0.959264,0.4581361,0.11410123,0.7246887,0.4352458,0.05319047,0.9509163,0.45766303,0.11117715,0.73224944,0.43069068,0.060545802,0.9397798,0.45137754,0.11448032,0.72610515,0.5771012,0.6478225,0.9950132,0.5855187,0.6760188,0.99570036,0.3617842,0.5997698,0.9869021,0.35337162,0.62190264,0.43191722,0.1496549,0.535896,0.98511815,0.13931933,0.54368764,0.71852237,0.10002875,0.5343927,0.98281187,0.09979656,0.5827981,0.676691,0.1402078,0.4413463,0.9792011,0.1312286,0.45212364,0.7582572
91359.jpg,0.4935438,0.3817149,0.9999651,0.46264544,0.36724097,0.9999764,0.45876747,0.37002352,0.9999796,0.4547246,0.3735593,0.99997115,0.47040886,0.3664788,0.99997056,0.4722026,0.36773324,0.99997425,0.47368294,0.3688792,0.9999677,0.43956995,0.4050031,0.9999752,0.4592046,0.38697588,0.9999639,0.4966302,0.40396154,0.9999287,0.5065497,0.3997219,0.9999145,0.44772738,0.50760114,0.99735224,0.46716303,0.46955684,0.9994276,0.34884897,0.38563508,0.62605053,0.33198625,0.31033653,0.9964976,0.20527193,0.35719466,0.74815696,0.1410253,0.16364825,0.99722594,0.16524863,0.38961738,0.66935456,0.094841,0.14237523,0.9927475,0.16323406,0.38964057,0.67708284,0.08755988,0.15035045,0.9918618,0.17710721,0.37776235,0.65710294,0.09988505,0.15592688,0.98959583,0.6755257,0.82177496,0.98256475,0.7239191,0.831929,0.9933826,0.59919184,0.5330597,0.2247641,0.72782713,0.523427,0.96797705,0.5229709,0.40194502,0.54086185,0.76874864,0.23401493,0.95859027,0.5181585,0.396662,0.47985098,0.7697897,0.20971859,0.9148986,0.4100667,0.3026948,0.66381115,0.69604456,0.14387769,0.9584951
91438_aug.jpg,0.24635571,0.47420222,0.9998074,0.22991163,0.48918527,0.9998306,0.23029229,0.4923151,0.9997919,0.2310918,0.49605477,0.999806,0.23056218,0.4903695,0.99981457,0.2311897,0.49364263,0.9997451,0.2321569,0.49729902,0.99977297,0.2476882,0.5267461,0.99976534,0.2472386,0.52610826,0.9997311,0.27047682,0.4825997,0.9992335,0.27169463,0.48363268,0.9991812,0.36027038,0.53607357,0.9969119,0.35403055,0.52618724,0.9987074,0.19700444,0.6027638,0.12920597,0.18497661,0.59925854,0.8293357,0.062565744,0.7170393,0.2307402,0.04102391,0.7166499,0.8809183,0.041966856,0.74939305,0.25007695,0.011362791,0.74761117,0.87440985,0.03723228,0.7513765,0.25371203,0.012403488,0.7566093,0.86320204,0.041392922,0.7412125,0.25122613,0.022656202,0.74532396,0.8497029,0.6796837,0.43115872,0.99898714,0.72684866,0.4398867,0.99953866,0.4925238,0.27227008,0.21144019,0.5841196,0.2923875,0.9788983,0.22556677,0.15750867,0.18425548,0.36916095,0.19272959,0.8752144,0.19788429,0.13092268,0.21630368,0.34269112,0.1637654,0.883618,0.122267246,0.20977312,0.2972197,0.2959744,0.22919255,0.86278135
93038_aug.jpg,0.4268526,0.68301547,0.9999163,0.42442107,0.702719,0.99991906,0.42616242,0.70484436,0.99992347,0.42833713,0.70725346,0.9999192,0.4269037,0.7041286,0.99991417,0.43014687,0.70685476,0.99992406,0.43391103,0.7099673,0.9999225,0.45831412,0.7216972,0.9998981,0.45933276,0.722783,0.99989605,0.44352233,0.67892516,0.99985003,0.44575155,0.680164,0.99983203,0.52257806,0.6820289,0.9988482,0.50528836,0.68912894,0.99988115,0.4195029,0.7433202,0.1360922,0.35350114,0.7729373,0.99736255,0.3632795,0.8134285,0.32776383,0.22094733,0.9154302,0.99686974,0.35618636,0.8394787,0.4962315,0.20463952,0.9416297,0.99245113,0.35666242,0.8429782,0.5146992,0.2101998,0.94700986,0.9891406,0.3554053,0.8395879,0.51235586,0.21240067,0.9417859,0.98147166,0.6626237,0.42047685,0.9983992,0.6603529,0.40350148,0.9994816,0.4209458,0.3598867,0.21204323,0.40603644,0.34307593,0.99381363,0.20340398,0.25590676,0.45316985,0.17604744,0.22684953,0.99282634,0.16451597,0.21614191,0.60641366,0.1366871,0.18211699,0.9949281,0.13809103,0.32191855,0.72039986,0.10980928,0.30209863,0.991895
93381_aug.jpg,0.75798315,0.5768118,0.999923,0.7761961,0.56804866,0.9999299,0.776125,0.56675726,0.9999125,0.7759961,0.5651911,0.99988914,0.77629745,0.5639924,0.9999428,0.77640295,0.560226,0.9999428,0.77659816,0.556229,0.99994576,0.7679775,0.5397995,0.999845,0.769974,0.5312495,0.99992716,0.7402109,0.568861,0.9995807,0.7408576,0.56404567,0.9997522,0.6731068,0.51859987,0.9929,0.68424046,0.47775555,0.9982223,0.8036284,0.50584674,0.14786583,0.8250861,0.4688322,0.97515094,0.9275627,0.4460791,0.2939245,0.9623237,0.42298105,0.9624528,0.95031184,0.4314892,0.35085532,0.9938123,0.4087897,0.94515395,0.95228404,0.4299423,0.35851565,0.9965091,0.40339842,0.9404618,0.94849586,0.43281704,0.34314293,0.98454005,0.40841275,0.9325398,0.37760603,0.525091,0.99828976,0.35048372,0.5053369,0.99879056,0.5026502,0.7284069,0.24712877,0.5011184,0.72650737,0.9956456,0.64077926,0.9404598,0.26166484,0.653299,0.9607576,0.9925828,0.6523548,0.97574854,0.3833349,0.6661712,0.9878727,0.99132687,0.7448661,0.929269,0.383707,0.7604083,0.9517943,0.9864167
94201.jpg,0.6246127,0.45072615,0.9997335,0.63063186,0.46459243,0.9997991,0.626092,0.4652055,0.9998092,0.62140095,0.4658653,0.99982905,0.63815725,0.46931896,0.9997751,0.63867736,0.47289348,0.9997664,0.6389174,0.4764527,0.9997516,0.5941119,0.48609912,0.99959546,0.6135246,0.49930823,0.9998085,0.5983885,0.451459,0.99964154,0.606002,0.45617512,0.99967396,0.49707985,0.47842062,0.9992778,0.5630607,0.55016714,0.9990421,0.671383,0.38221908,0.9758229,0.6982765,0.47402757,0.53180736,0.86864674,0.32627442,0.98609954,0.84960973,0.42249304,0.9398168,0.92187655,0.31481895,0.98334634,0.9030454,0.42261055,0.9620696,0.93097925,0.33207843,0.98061025,0.9016719,0.421587,0.964817,0.90726995,0.34339848,0.97057813,0.88282514,0.42169142,0.95968497,0.17908356,0.54106957,0.9992262,0.24777424,0.57299614,0.9991819,0.24140666,0.33112153,0.95515406,0.29688033,0.37141186,0.20092657,0.26537734,0.1187959,0.96274036,0.30294034,0.18607885,0.4479988,0.2555896,0.07990965,0.9413779,0.30294895,0.15308353,0.50509554,0.37343013,0.09890279,0.94338405,0.38486898,0.14307475,0.5911043
96288.jpg,0.4205272,0.6642654,0.9999974,0.4111436,0.6854538,0.9999944,0.41230345,0.686692,0.99999475,0.41378713,0.6882249,0.9999933,0.41465417,0.68722945,0.9999951,0.4180384,0.6895049,0.99999535,0.42148605,0.69217145,0.9999939,0.44197482,0.70095825,0.99999404,0.44619483,0.7036893,0.99999666,0.44116426,0.6535087,0.9999856,0.4448654,0.65649563,0.9999875,0.5220227,0.63502246,0.99982375,0.53179026,0.6487214,0.9999672,0.44188678,0.72894347,0.19258408,0.38857746,0.7708538,0.96097606,0.36971954,0.859915,0.21292669,0.36063236,0.91814685,0.85154647,0.36748523,0.8840491,0.23529834,0.36385497,0.95259166,0.790429,0.3706192,0.8878348,0.24455145,0.3683808,0.9575502,0.7731138,0.3692088,0.8794327,0.24031372,0.36423048,0.94071305,0.7980475,0.6974404,0.35824096,0.99978334,0.7374743,0.34590772,0.99994516,0.4488902,0.46852452,0.4341511,0.49161386,0.33748055,0.99063045,0.123901546,0.5868465,0.6421497,0.4073029,0.4043286,0.90508515,0.08329207,0.57172954,0.5801929,0.40033084,0.40202734,0.8962124,0.027697742,0.7196919,0.7596618,0.3701626,0.45146114,0.9212859
