10329_aug.jpg,0.6403097,0.743605,0.99997044,0.64374113,0.764756,0.99994636,0.63886386,0.76784503,0.99989974,0.6339584,0.7710204,0.9999107,0.6611982,0.7521172,0.9999701,0.66749895,0.74759734,0.99995744,0.6732638,0.7431896,0.99997365,0.62087154,0.7667333,0.9998543,0.6791842,0.72656333,0.9999802,0.617424,0.7329953,0.9998522,0.6398879,0.7189264,0.99994755,0.49964872,0.7055963,0.98837924,0.6741365,0.59641504,0.99895227,0.37506294,0.8074137,0.9898116,0.8375318,0.52962136,0.99938095,0.42265302,0.94186866,0.961208,0.9270229,0.63303125,0.9967777,0.43456832,0.98173416,0.8660991,0.9624934,0.6660044,0.97880566,0.455433,0.98376465,0.85691935,0.95032156,0.6847635,0.9755992,0.45387375,0.96354437,0.85039246,0.93369514,0.6762897,0.9722759,0.37514785,0.43327835,0.9931859,0.49932465,0.36391002,0.9969652,0.15380025,0.51606405,0.9676443,0.6783896,0.19649681,0.99099535,0.044677615,0.30660787,0.9412208,0.5561818,0.016815484,0.96586156,0.05157587,0.2690674,0.892871,0.5209949,0.013325542,0.93759793,-0.06790659,0.28588682,0.8228182,0.5545602,-0.08302769,0.8468468
1055_aug.jpg,0.7154217,0.74578893,0.9999788,0.7293447,0.76172054,0.999979,0.7273741,0.7680861,0.99996674,0.7254549,0.7733862,0.999969,0.7357434,0.7439347,0.99998164,0.7383183,0.7373309,0.9999759,0.7405843,0.7308394,0.99998224,0.715989,0.7779387,0.9999584,0.73636425,0.7173953,0.9999739,0.69052315,0.7460871,0.9999745,0.6981821,0.72640634,0.9999838,0.57151866,0.76715213,0.998276,0.6345404,0.6265476,0.9995993,0.41029388,0.73165256,0.92402536,0.51284915,0.5275637,0.9621984,0.5242523,0.66938746,0.88552123,0.5350976,0.6523271,0.94295025,0.56137407,0.6688637,0.77700347,0.5677068,0.67661345,0.85915613,0.5693245,0.6814859,0.75286275,0.57714975,0.6798206,0.8285988,0.56074476,0.6808685,0.67738277,0.56734604,0.67374986,0.76948285,0.32294643,0.61901003,0.9987387,0.3656912,0.5317471,0.9992505,0.2463156,0.7256869,0.9777075,0.39560696,0.40032583,0.9940024,0.04657033,0.6291373,0.9375099,0.18601485,0.30129144,0.97730565,0.03033042,0.60533667,0.8630321,0.15096709,0.30366725,0.93250823,-0.017575026,0.6211032,0.9189726,0.15008557,0.2289963,0.9419836
11282.jpg,0.59859943,0.7137644,0.99999356,0.5992594,0.72645557,0.9999958,0.6040621,0.7280213,0.9999957,0.6092708,0.7295393,0.999995,0.5870281,0.7218211,0.99999714,0.5830039,0.7199248,0.99999714,0.5792259,0.71791285,0.9999975,0.6165873,0.725173,0.999992,0.57544565,0.70978254,0.9999964,0.610053,0.70501024,0.9998977,0.5958962,0.6985506,0.9999263,0.66924965,0.6718136,0.9994579,0.5697087,0.62848526,0.9998447,0.7493624,0.71391165,0.9785599,0.48807603,0.6104334,0.9802526,0.7879416,0.7926202,0.9889248,0.4198713,0.6217396,0.94530827,0.7893995,0.81886375,0.98481953,0.3988585,0.64409,0.9359371,0.78091234,0.81973886,0.98516166,0.40245765,0.6527411,0.93673855,0.78192145,0.80907935,0.9681588,0.40906945,0.64424396,0.9098987,0.7396429,0.44315422,0.9997503,0.66798496,0.41542107,0.9999099,0.864406,0.40123403,0.99833953,0.59727293,0.30510885,0.9964101,0.9265083,0.2697572,0.9922857,0.6478006,0.16216776,0.99301976,0.91362387,0.25277758,0.9933496,0.66819435,0.15114814,0.99147964,0.9513152,0.2279042,0.960899,0.6572043,0.105223715,0.95076305
12003_aug.jpg,0.33426175,0.79225546,0.99999774,0.31476426,0.79923916,0.99999774,0.30889237,0.7957115,0.9999974,0.30327365,0.79182696,0.99999654,0.33134878,0.80896175,0.99999833,0.33689034,0.8120154,0.99999785,0.34249318,0.8146564,0.9999975,0.29383668,0.7752824,0.9999981,0.3493824,0.807376,0.99999595,0.33355862,0.7655696,0.9999944,0.35262614,0.7782484,0.9999937,0.3275053,0.67896193,0.99990714,0.41323808,0.7144139,0.99963546,0.43299085,0.6325397,0.988218,0.5339858,0.6704758,0.56033957,0.4715011,0.7041252,0.9734231,0.4968192,0.70271045,0.77374834,0.4672386,0.7327579,0.95366204,0.48085558,0.7270528,0.72637415,0.45441085,0.7354449,0.9535403,0.46692857,0.72805965,0.7085063,0.4563538,0.72034967,0.93135375,0.46967143,0.7180977,0.6863462,0.46815395,0.4356257,0.9998716,0.5185562,0.46266004,0.99981755,0.5800167,0.3314971,0.9905725,0.664505,0.45066464,0.89986354,0.6116538,0.12502632,0.9923103,0.66821903,0.25827497,0.871773,0.6026894,0.08771026,0.9614292,0.66286564,0.23089713,0.86743796,0.6772523,0.09633231,0.9910617,0.734095,0.23341943,0.89065206
12130_aug.jpg,0.5043952,0.5086635,0.9999063,0.51036507,0.5161281,0.99980253,0.5096235,0.5189699,0.99975044,0.50891715,0.5218709,0.999811,0.51432383,0.50827706,0.99976534,0.5163015,0.5056206,0.99968076,0.5181991,0.5033465,0.9997137,0.51056254,0.52772105,0.99946386,0.5243549,0.49977186,0.9995597,0.4978735,0.5095502,0.99981517,0.5020875,0.5013836,0.99975747,0.47447288,0.52637845,0.9995047,0.51452893,0.46973222,0.9989392,0.42544907,0.46741325,0.9126654,0.45898637,0.4492364,0.8435906,0.3896221,0.41163045,0.86428213,0.40918878,0.4327679,0.6536116,0.3760423,0.39333302,0.8261057,0.39781654,0.4284089,0.58760256,0.37806174,0.3845529,0.8178327,0.39606202,0.43692517,0.56456083,0.39242002,0.3943514,0.7516815,0.39996985,0.44005734,0.47877613,0.46198002,0.49857777,0.99986374,0.48423725,0.46289846,0.99980146,0.41424224,0.45484722,0.64927495,0.47831684,0.4083737,0.91682124,0.36526147,0.39366028,0.86737615,0.3947454,0.3908253,0.9077397,0.3619436,0.3794534,0.70827866,0.3812725,0.3949414,0.7723348,0.34048194,0.37713495,0.84845805,0.37201476,0.36227626,0.84873587
12147.jpg,0.6913246,0.5471606,0.9999932,0.69983935,0.56486744,0.999985,0.6968857,0.57163435,0.9999757,0.69366217,0.57809144,0.9999765,0.7073095,0.5436394,0.9999913,0.7094761,0.5355714,0.99998796,0.7112167,0.52779454,0.9999908,0.67991006,0.58894104,0.99996376,0.7038971,0.5127574,0.9999918,0.6642134,0.5538665,0.999956,0.67460704,0.52692384,0.99998,0.57296175,0.6170153,0.9984168,0.6307318,0.4222772,0.999686,0.5036471,0.77827144,0.9990706,0.67250603,0.24815837,0.99940634,0.61377954,0.8400455,0.9958366,0.78660095,0.28319713,0.9969042,0.6462797,0.8527186,0.9766816,0.8216803,0.29256976,0.9782639,0.6584002,0.8422735,0.97563565,0.8240647,0.3112128,0.974068,0.647423,0.8337307,0.9714633,0.8091469,0.3150469,0.97011906,0.3436286,0.51618975,0.9960692,0.38992935,0.38662302,0.99889,0.22242771,0.6994887,0.97717154,0.39091384,0.17182049,0.9927267,0.06840238,0.63019824,0.9562009,0.22947906,0.12810355,0.9803977,0.056679428,0.60034037,0.9147256,0.19699283,0.14706057,0.9594288,-0.00040858984,0.70612365,0.87956965,0.21853517,0.030036837,0.91367614
12539_aug.jpg,0.4100814,0.75656474,0.99999857,0.39176714,0.77339613,0.99999774,0.3835801,0.7709329,0.9999964,0.37633878,0.7684839,0.9999958,0.413648,0.78104305,0.99999833,0.42169112,0.78403664,0.9999981,0.42866912,0.78649956,0.99999833,0.36520445,0.75718683,0.999995,0.44259983,0.7827001,0.99999833,0.406319,0.72724414,0.9999975,0.43148032,0.73879325,0.99999833,0.36440742,0.60265267,0.99973196,0.542475,0.6674094,0.9999236,0.3445511,0.44971249,0.9857712,0.65195453,0.5456781,0.9905256,0.46386626,0.5071694,0.9125517,0.51076394,0.52779996,0.9687118,0.47552556,0.5355568,0.7596555,0.48183942,0.5434968,0.8961257,0.47556534,0.5467884,0.7317519,0.47862685,0.551784,0.87144274,0.47263095,0.5352346,0.654121,0.4850732,0.54506063,0.81149584,0.49580243,0.3663891,0.99991083,0.60496676,0.4057525,0.9999237,0.38292146,0.21337381,0.99692094,0.79373676,0.3528449,0.99929774,0.4542511,0.07464507,0.9928316,0.8378638,0.2054803,0.9988098,0.47981238,0.05970204,0.9784913,0.828393,0.18378879,0.9868008,0.4080807,0.014100641,0.97867876,0.93798995,0.17446142,0.9924556
12973_aug.jpg,0.6585956,0.56355506,0.99803025,0.6709076,0.5768632,0.998566,0.6678325,0.5826967,0.99802786,0.6647643,0.5890926,0.9983198,0.6804545,0.55958104,0.998628,0.68412006,0.5528687,0.99797195,0.6875948,0.54635274,0.998257,0.65172535,0.5970305,0.9979273,0.6804346,0.52980924,0.9982547,0.63524485,0.5676055,0.99449414,0.6464426,0.54634535,0.9945564,0.56481916,0.6212424,0.99277616,0.6125464,0.4530393,0.99934417,0.70270383,0.6803874,0.98874414,0.75480443,0.5065671,0.98340005,0.834759,0.6239853,0.9460572,0.84271103,0.62760574,0.94089377,0.87382466,0.62004226,0.86870307,0.87857693,0.6456424,0.86808974,0.8805699,0.62008727,0.84392416,0.8794002,0.64580053,0.83991516,0.86516225,0.6189244,0.8512081,0.8653605,0.6398226,0.84924793,0.29934335,0.51586664,0.9970059,0.34431297,0.38764665,0.99953556,0.20381935,0.69309366,0.9216046,0.32870227,0.19755575,0.9803287,0.21591458,0.7057427,0.5581987,0.28348202,0.09614691,0.9008922,0.18752383,0.6788366,0.49481076,0.25490046,0.101346344,0.7374025,0.20968458,0.7666366,0.3468785,0.27027804,0.04108891,0.73756534
13147.jpg,0.4288895,0.32906267,0.99999297,0.42710596,0.311344,0.9999845,0.4323359,0.30775502,0.99998343,0.43735772,0.3043051,0.9999851,0.40991074,0.32291615,0.9999815,0.4030973,0.32767236,0.99997663,0.39580035,0.33283114,0.9999733,0.44983932,0.31069562,0.9999809,0.3829841,0.3506908,0.9999776,0.44979665,0.3410051,0.9999324,0.4285145,0.355607,0.9999049,0.5309657,0.38002086,0.9994012,0.3672115,0.44357923,0.9959436,0.65008754,0.35940662,0.99752635,0.24090987,0.48190948,0.9745821,0.76206315,0.31077832,0.9973781,0.111204684,0.5038085,0.9488324,0.79287505,0.28877696,0.9909553,0.07238212,0.5044643,0.8923123,0.7967623,0.2835944,0.9929952,0.06639776,0.50210744,0.90507305,0.7846726,0.2945622,0.9924246,0.07953876,0.50305676,0.9148448,0.565706,0.6421353,0.9946325,0.4503082,0.66221905,0.99711704,0.7601912,0.60649645,0.99290645,0.28494817,0.7422881,0.9979798,0.78410244,0.78217065,0.9880675,0.33428973,0.91844046,0.99466974,0.7677263,0.8155707,0.97342277,0.35975718,0.932047,0.9795608,0.8614222,0.82301533,0.9595354,0.29452485,0.9866683,0.9736776
13208.jpg,0.7422894,0.27656206,0.99999964,0.7623174,0.2738309,0.9999995,0.76627254,0.27847978,0.99999917,0.7696227,0.28273958,0.99999917,0.74920774,0.25833517,0.99999964,0.74489295,0.25348416,0.9999995,0.740777,0.24925658,0.99999964,0.7700057,0.29659176,0.9999989,0.73041797,0.24983719,0.99999964,0.73324716,0.30187017,0.99999905,0.71896863,0.28277886,0.9999995,0.69893074,0.42119318,0.99980134,0.5976199,0.30120784,0.9999666,0.62993294,0.54044527,0.97080225,0.46113262,0.35171467,0.98632044,0.5779613,0.44350454,0.91989774,0.55083096,0.42137158,0.97416717,0.58146936,0.42082885,0.8202979,0.5768953,0.42184258,0.9249471,0.59382284,0.4084136,0.8072615,0.58634883,0.41216102,0.9130581,0.5927079,0.4158669,0.73105055,0.57933,0.41384402,0.8737075,0.46846893,0.5736898,0.9999337,0.40735024,0.50197303,0.99996626,0.50172853,0.7346038,0.99827623,0.25076818,0.44075012,0.99961936,0.35785174,0.8316996,0.99708575,0.1267918,0.5741903,0.9993055,0.3290068,0.8323127,0.9864157,0.11770663,0.603941,0.99196434,0.35341728,0.9100195,0.9906632,0.04180509,0.55957264,0.9953597
13784_aug.jpg,0.6098606,0.78411436,0.9999615,0.6059248,0.80258816,0.9999248,0.5995527,0.8049296,0.9998869,0.5936023,0.8070488,0.9998908,0.6231951,0.795467,0.9999484,0.62884116,0.79298294,0.99993706,0.6344073,0.7900852,0.999948,0.58150434,0.80043566,0.9997515,0.6354854,0.7777238,0.9998863,0.5895598,0.77182555,0.99982494,0.6128687,0.7638458,0.99990153,0.49155205,0.7106872,0.99650097,0.6367018,0.660214,0.9995277,0.42165685,0.60847735,0.95631033,0.63305557,0.5311534,0.9631613,0.53411764,0.6053906,0.8926879,0.54561794,0.6033296,0.9345799,0.5589857,0.6268496,0.76673937,0.5461442,0.64468086,0.8312842,0.5585689,0.6470457,0.75094146,0.5517851,0.65003884,0.8029197,0.5517859,0.64001524,0.6532935,0.55023724,0.6397408,0.7375542,0.42274848,0.47093892,0.99905795,0.5106569,0.43906766,0.99962413,0.269315,0.42458805,0.9849731,0.5950703,0.30179667,0.9938671,0.18844408,0.2586665,0.97937703,0.5551257,0.115038574,0.9924299,0.19131732,0.22352019,0.93297213,0.53180826,0.088258296,0.95552003,0.10824165,0.2374894,0.9531448,0.6137125,0.048900247,0.9679455
1413.jpg,0.25317383,0.7860778,0.99998283,0.24019274,0.78325063,0.99998176,0.23646885,0.77746797,0.99996865,0.23255962,0.77210367,0.99996984,0.2504735,0.79764926,0.99998415,0.2548307,0.80206525,0.9999784,0.25934687,0.80646586,0.9999821,0.23472196,0.765575,0.999977,0.27056456,0.8085079,0.99998164,0.25871456,0.7708212,0.9999875,0.26843005,0.7852464,0.9999912,0.31027368,0.6650971,0.99929297,0.3940645,0.76614904,0.9996604,0.41710365,0.57490534,0.902766,0.52004355,0.677057,0.95760673,0.44655386,0.5933754,0.910154,0.47526547,0.6395257,0.9763609,0.45907295,0.59906733,0.89749783,0.4687515,0.6250602,0.96855587,0.4491111,0.6082735,0.90249056,0.4565603,0.6284674,0.96805567,0.44514427,0.6094019,0.8699383,0.45741856,0.63550776,0.9502345,0.55372214,0.5079592,0.99961853,0.60696447,0.58076984,0.9996997,0.58510065,0.3388368,0.96917915,0.78041565,0.60011166,0.99287635,0.74260175,0.21985555,0.94924456,0.9523846,0.48867908,0.98587126,0.77339166,0.21417573,0.8780314,0.9674896,0.4673904,0.93175936,0.78015924,0.14520696,0.9145655,1.0083764,0.494197,0.9365639
14280.jpg,0.53444654,0.034138888,0.9995951,0.54474145,0.016534507,0.9994654,0.5504301,0.017341942,0.9985073,0.55599827,0.01838386,0.99903584,0.528884,0.017661512,0.9996604,0.52387345,0.01886025,0.99939704,0.51914114,0.020022959,0.99973255,0.5607343,0.03188622,0.99803466,0.5153518,0.03437364,0.99966764,0.5430504,0.057285875,0.99926525,0.526623,0.055995792,0.9997203,0.62677884,0.18261424,0.8982942,0.45334274,0.18683994,0.9982468,0.75615,0.25461903,0.94426984,0.33489576,0.26144677,0.9971723,0.75593406,0.074508876,0.8391787,0.31887746,0.089404196,0.9920167,0.74546623,0.030709475,0.65394443,0.31117934,0.04130301,0.9650434,0.7388523,0.025489748,0.6036693,0.32377994,0.034772575,0.95559883,0.7388304,0.042123497,0.57821417,0.32740536,0.05045685,0.94755495,0.62015235,0.5586638,0.9835645,0.51008534,0.5946814,0.99760133,0.7653303,0.7212362,0.56660575,0.33808815,0.728288,0.8534188,0.738333,0.84745705,0.14714827,0.34502858,0.9741273,0.5629569,0.7150045,0.86219156,0.28500837,0.36008662,0.98654944,0.45422456,0.77248544,0.9103203,0.17476712,0.32561007,1.0401844,0.3552119
14613_aug.jpg,0.20391837,0.55018294,0.9999975,0.189648,0.5469879,0.9999933,0.1886687,0.54246837,0.99999166,0.18746072,0.53689903,0.99999034,0.19379881,0.56254995,0.99999475,0.19553617,0.5686524,0.9999945,0.19784373,0.5751117,0.99999535,0.193203,0.53039974,0.9999858,0.20905742,0.585033,0.9999951,0.21826887,0.5370364,0.9999912,0.22245458,0.5559329,0.9999956,0.28057152,0.46368286,0.9997938,0.31381375,0.611169,0.9997478,0.25945434,0.34728345,0.99740475,0.34377518,0.7305368,0.9985505,0.14812514,0.335206,0.9877814,0.24624771,0.77293646,0.9935369,0.11560762,0.3359375,0.93809867,0.21258974,0.78530085,0.9632887,0.10714102,0.3470301,0.93889844,0.20739049,0.7789763,0.9610134,0.12065971,0.346658,0.93214834,0.21922955,0.7720094,0.95420444,0.505501,0.44192436,0.9997229,0.5287618,0.5370038,0.99970156,0.6151505,0.31309825,0.99856156,0.6995608,0.5884694,0.9988431,0.7401468,0.23583949,0.9972836,0.83045363,0.5864966,0.9971603,0.7609826,0.23935878,0.94234306,0.8459767,0.5773853,0.94972926,0.7775786,0.20480588,0.99107414,0.87634003,0.59252,0.98994
14813.jpg,0.47535673,0.78669894,0.99996734,0.4926177,0.79862666,0.99998665,0.50314736,0.79838455,0.99999154,0.5134878,0.79823005,0.99999034,0.4628718,0.7942431,0.99997866,0.4538307,0.7909517,0.99998105,0.4454634,0.7881471,0.99997556,0.523364,0.7696183,0.99998486,0.44283488,0.7632657,0.9999678,0.49610257,0.7592379,0.99987364,0.45611826,0.7550209,0.99981636,0.6366507,0.62003326,0.9997646,0.35955638,0.66047466,0.9997404,0.8440732,0.63604575,0.99565166,0.19636285,0.74216306,0.99401677,0.89372325,0.80839765,0.94123083,0.17330483,0.9023452,0.96253324,0.91201234,0.8446486,0.9184293,0.16239777,0.9366988,0.94913083,0.8826362,0.8570641,0.91926926,0.19003955,0.9492283,0.95107865,0.86963534,0.8447701,0.8948212,0.19779369,0.9353367,0.9285275,0.5343275,0.30166537,0.999767,0.3679685,0.33966142,0.99979895,0.750934,0.19960642,0.9835051,0.23635189,0.3173083,0.93170035,0.693209,0.010660917,0.86842483,0.16090733,0.13303109,0.8597112,0.6619153,-0.0007275343,0.8292408,0.16145158,0.07782373,0.8266989,0.71869755,0.029483259,0.698721,0.11969003,0.14523432,0.6798652
16395_aug.jpg,0.4961543,0.3749112,0.99999464,0.5083471,0.3586053,0.9999951,0.5151167,0.35879782,0.9999857,0.5214611,0.35919604,0.9999876,0.48552835,0.35801852,0.99999726,0.47763675,0.35783035,0.9999939,0.47082093,0.3577549,0.9999962,0.5324831,0.36571977,0.99997926,0.46378565,0.36323214,0.9999962,0.5099411,0.39408126,0.9999814,0.48142827,0.3935991,0.9999919,0.5945928,0.44418025,0.9920088,0.40253597,0.45719862,0.99977404,0.7487292,0.3690318,0.9941625,0.23150837,0.42075282,0.9991928,0.76886094,0.2538272,0.9754959,0.17224756,0.2998882,0.9929461,0.77560246,0.21532762,0.9365504,0.15499938,0.272702,0.9705439,0.7645555,0.21262309,0.9261967,0.16663495,0.26776296,0.961422,0.75941545,0.2272175,0.9149751,0.17487186,0.2792015,0.9579329,0.5778468,0.66496557,0.99518317,0.44878256,0.67236656,0.9991499,0.8235011,0.6968635,0.98393494,0.1973081,0.7387029,0.99234575,0.77570397,0.8667532,0.96928376,0.23350081,0.9007143,0.99380094,0.74604815,0.89303696,0.9492334,0.25819737,0.92686754,0.97520703,0.86616445,0.89578855,0.8987223,0.15613252,0.94478035,0.95786464
16649.jpg,0.6502516,0.42360586,0.9999447,0.66184735,0.42461547,0.99991953,0.6634477,0.42833972,0.99989223,0.66481906,0.43187818,0.9998913,0.65645385,0.4142728,0.9999212,0.65453565,0.4109855,0.9999058,0.65261436,0.40781426,0.99990964,0.6610825,0.44046223,0.99983084,0.64571553,0.40858114,0.9998276,0.6438584,0.43738222,0.99987245,0.6372938,0.42336196,0.99987006,0.610011,0.504659,0.9986437,0.56866866,0.4178058,0.99915516,0.5443611,0.5516805,0.9645679,0.49245772,0.43812165,0.92770857,0.5370161,0.49215665,0.9339914,0.5245534,0.4636357,0.91305023,0.54535145,0.47620064,0.85786384,0.5452345,0.46205205,0.83219516,0.5542548,0.4755507,0.8555633,0.55421764,0.45898342,0.81641495,0.5532818,0.48034033,0.7832987,0.5498359,0.46115714,0.75325906,0.4615248,0.5559223,0.9994192,0.44052976,0.50681275,0.9995166,0.42354572,0.65366834,0.99122167,0.33762836,0.47364703,0.99477464,0.32563326,0.70263934,0.98852074,0.23058282,0.51521134,0.99316275,0.30411392,0.70269847,0.9580827,0.21797778,0.5335875,0.9522705,0.30693623,0.74572927,0.9719572,0.1871022,0.48651406,0.9723007
16945_aug.jpg,0.23035978,0.21105137,0.9999912,0.22969855,0.19388065,0.99998045,0.23482542,0.19276458,0.9999827,0.23962826,0.1920416,0.9999864,0.21404314,0.19975626,0.9999732,0.20837726,0.2027888,0.9999745,0.20281367,0.20601285,0.9999759,0.2477962,0.2018491,0.9999578,0.20309442,0.21972093,0.99992967,0.24953422,0.22857347,0.9999838,0.22975148,0.23694545,0.9999765,0.34382665,0.31449056,0.99987745,0.23103417,0.3652956,0.99985003,0.4250613,0.4513373,0.681476,0.28180188,0.5074123,0.8096216,0.5456308,0.52088,0.67059034,0.28061748,0.6360428,0.8129092,0.5815306,0.5273465,0.63713837,0.26554433,0.6690643,0.8026727,0.5835819,0.5220157,0.65763247,0.2640713,0.6694194,0.81437904,0.5702626,0.5220679,0.64883953,0.2709885,0.6595745,0.7884778,0.43118116,0.6013613,0.99966645,0.36267412,0.6335187,0.9997359,0.5810278,0.5772367,0.9898638,0.31613627,0.6827373,0.9974088,0.6809821,0.8061819,0.98103446,0.407544,0.9461676,0.9840771,0.6758991,0.83794785,0.90247643,0.42327154,0.9564073,0.8967314,0.7332643,0.89243066,0.97039175,0.4341769,1.0126511,0.97679025
17322_aug.jpg,0.8003875,0.4138577,0.9999975,0.81957614,0.42120254,0.9999927,0.82034814,0.4278482,0.99999225,0.82140857,0.4335515,0.99999046,0.8154755,0.40072864,0.9999931,0.8131909,0.3934888,0.99999297,0.8112034,0.38633907,0.999992,0.81420124,0.4421563,0.9999826,0.80082077,0.38163152,0.99999,0.7829262,0.43103343,0.9999907,0.77869385,0.4054871,0.99999166,0.69180286,0.51559764,0.99988496,0.6568942,0.36186367,0.99995375,0.550143,0.5608808,0.9260432,0.5117202,0.3647767,0.98231053,0.45015493,0.6361053,0.9171053,0.38956404,0.34415597,0.9727672,0.42390427,0.65316796,0.85996175,0.34986284,0.3331741,0.9419621,0.42454982,0.65438735,0.8712697,0.34909737,0.34055766,0.9450684,0.4289836,0.64765406,0.87173486,0.363049,0.34625548,0.94273937,0.4366757,0.5360362,0.99968195,0.415248,0.42904836,0.9998878,0.3746894,0.67346674,0.9889314,0.28664,0.3370062,0.99737954,0.2590473,0.6925271,0.9730497,0.1299428,0.35302275,0.9950558,0.23596516,0.67574626,0.9178768,0.10586655,0.370476,0.9329877,0.21385384,0.74782944,0.9488639,0.06345764,0.3210668,0.98114634
17696_aug.jpg,0.61892694,0.6123561,0.9993438,0.635873,0.61851084,0.9993292,0.637538,0.61564714,0.99958736,0.639159,0.6126071,0.99936634,0.630334,0.626314,0.9992386,0.6283826,0.62841344,0.99948287,0.6263358,0.6302763,0.99923027,0.6339133,0.6087681,0.9995395,0.6177602,0.62843597,0.9995136,0.6066691,0.601562,0.99796474,0.60106146,0.6100594,0.9976544,0.5879369,0.5576856,0.99604094,0.5535496,0.60632056,0.9972907,0.672977,0.64344335,0.85859704,0.66258264,0.66354245,0.58568287,0.7672696,0.72001284,0.8788302,0.75048333,0.7242347,0.8380457,0.79632443,0.73889595,0.8764637,0.7777474,0.74548686,0.8611072,0.79775107,0.7445727,0.8667544,0.7841357,0.7449602,0.85256755,0.7871605,0.73678243,0.8624309,0.7748593,0.7377756,0.8221498,0.39292932,0.42969438,0.9994844,0.35876846,0.47205645,0.99967504,0.38214085,0.28697956,0.9978982,0.21983619,0.5066701,0.9930582,0.25049272,0.19572821,0.98930347,0.08902565,0.41921484,0.9848701,0.23074183,0.1947732,0.99070555,0.07722083,0.40427953,0.9840487,0.2186188,0.13618967,0.9431346,0.03308204,0.40137067,0.93396765
18119.jpg,0.41152745,0.3315754,0.99999905,0.40937853,0.3139637,0.99999857,0.4128511,0.31037995,0.9999969,0.41674855,0.30670524,0.9999974,0.39544076,0.3254633,0.9999989,0.38999274,0.32957956,0.9999982,0.38514245,0.33309066,0.9999989,0.42590046,0.306922,0.9999962,0.38239104,0.3435618,0.99999905,0.43004125,0.3379343,0.9999974,0.41333908,0.35153466,0.9999988,0.52573216,0.350806,0.9995503,0.4024704,0.4513588,0.9998907,0.6337642,0.3045582,0.9987676,0.3281587,0.5409253,0.9996891,0.56635386,0.2157563,0.9965102,0.25995493,0.45804003,0.99910164,0.5484295,0.1909652,0.98127824,0.23608851,0.43665564,0.99288875,0.5374843,0.19733623,0.97638535,0.24205813,0.42375854,0.990581,0.5415189,0.20925307,0.9656682,0.2557506,0.42946538,0.98738796,0.639387,0.53271693,0.9994407,0.5587511,0.5956233,0.99981934,0.7899282,0.47466344,0.9967931,0.47296146,0.7319575,0.9988092,0.8739111,0.60213315,0.9901183,0.5915151,0.84218574,0.9984597,0.8748554,0.62724334,0.97985363,0.61749995,0.8466605,0.9943996,0.9501997,0.6052202,0.9720624,0.5696535,0.9074522,0.9905353
181_aug.jpg,0.57969147,0.88841915,0.9999248,0.60076886,0.90164995,0.9999106,0.6020253,0.9016218,0.9999236,0.60381114,0.90136355,0.99992,0.60644597,0.8978346,0.9999199,0.61141974,0.894933,0.9999232,0.61672676,0.89175797,0.9999324,0.62519944,0.87733406,0.9998853,0.63864136,0.86657226,0.9999312,0.57371074,0.8657372,0.99988925,0.58204406,0.86166507,0.9999311,0.55702585,0.76052237,0.9992311,0.63012195,0.7275394,0.99995124,0.4889876,0.62576777,0.107225746,0.5362783,0.57071537,0.9629247,0.43713045,0.6383717,0.13038161,0.4270146,0.6579547,0.9024393,0.41769344,0.6398882,0.16419783,0.40271068,0.67159396,0.8852561,0.42979482,0.6611013,0.16938917,0.4166904,0.6903386,0.88159496,0.44315115,0.6601977,0.16106115,0.42814136,0.68722874,0.8278833,0.49209243,0.49714288,0.99861,0.55039877,0.4733984,0.9997886,0.33880147,0.5469393,0.9827603,0.40635493,0.40645212,0.99896264,0.32950157,0.38355035,0.9814726,0.37976107,0.12006587,0.9978352,0.33222374,0.34150934,0.9677714,0.3883352,0.077887416,0.98885906,0.26375675,0.36767408,0.98491585,0.3068571,0.057293147,0.99677104
18246.jpg,0.45819318,0.78485227,0.9999964,0.44534436,0.80159837,0.9999932,0.4397409,0.80133295,0.9999902,0.4342788,0.8006495,0.99998975,0.46854135,0.80341256,0.9999939,0.47691482,0.80427,0.99999213,0.48469707,0.8045963,0.99999404,0.42763543,0.79217607,0.9999857,0.49992642,0.8014153,0.99999523,0.44828033,0.7604094,0.9999871,0.47640425,0.7633234,0.9999925,0.38189965,0.6769824,0.99980015,0.5792686,0.70702755,0.99984705,0.23713219,0.6754373,0.99886936,0.7236527,0.7537761,0.99960357,0.19347072,0.813338,0.9962638,0.72834647,0.90271485,0.9981158,0.1774011,0.85698557,0.9798299,0.73542136,0.942351,0.9865492,0.19235203,0.87060845,0.97745824,0.71682894,0.9443104,0.9848702,0.20189416,0.850428,0.9766481,0.7114562,0.9312366,0.98411566,0.46672,0.39697307,0.99950147,0.59652376,0.41614312,0.99962234,0.291775,0.2799901,0.9983335,0.7720065,0.32795477,0.99913174,0.29982987,0.1190657,0.99410963,0.7897922,0.19430599,0.9957729,0.32282135,0.10491818,0.95605487,0.7701817,0.18210939,0.9707809,0.2733394,0.028258324,0.98014075,0.83300805,0.11470422,0.9823606
18451.jpg,0.6293644,0.62368715,0.99999976,0.62629914,0.647397,0.99999976,0.61932784,0.65220237,0.99999964,0.612727,0.65641224,0.99999964,0.6479752,0.6300391,0.9999999,0.65572417,0.6232157,0.99999976,0.6621846,0.61703897,0.99999976,0.59022385,0.6574856,0.99999964,0.66180825,0.6005916,0.9999999,0.59990406,0.6151793,0.99999917,0.62860453,0.5936638,0.99999905,0.45490965,0.62547386,0.99925727,0.6428855,0.46345845,0.99989617,0.33331126,0.74363554,0.9994886,0.7740364,0.3488433,0.9987061,0.3863989,0.86227167,0.9937016,0.8882636,0.40245798,0.9929675,0.4072908,0.89278674,0.96164554,0.92062396,0.42161438,0.9656473,0.42212367,0.885393,0.95893973,0.92017657,0.43942326,0.9579322,0.41908583,0.87412,0.94959027,0.90517765,0.4327653,0.95295334,0.33549827,0.40867057,0.99837744,0.45790243,0.30460167,0.99965465,0.124328405,0.51879966,0.98456764,0.5901792,0.08996177,0.99240595,0.049345404,0.3672615,0.96808195,0.43135527,0.023025751,0.96583366,0.05318603,0.32382601,0.9324404,0.38908088,0.026603013,0.882748,-0.063676715,0.37558353,0.9153524,0.433782,-0.08062166,0.84860843
19536.jpg,0.49699193,0.7553426,0.999998,0.4855934,0.76535314,0.9999976,0.47999617,0.76343536,0.9999963,0.47541445,0.7618289,0.9999968,0.50152504,0.77038324,0.99999666,0.5078167,0.7720094,0.99999523,0.51340795,0.7733309,0.9999958,0.47271866,0.7497642,0.9999951,0.5264447,0.7654283,0.99999535,0.4915381,0.7345958,0.9999944,0.51171565,0.74110997,0.99999464,0.46064407,0.6429697,0.9997907,0.5829098,0.6760378,0.9995808,0.39770654,0.6113777,0.9955409,0.64741725,0.6872207,0.99611855,0.3511569,0.7302995,0.9966264,0.62714976,0.82544875,0.99291366,0.3372289,0.7626171,0.9873448,0.62732404,0.85940444,0.9728545,0.34337687,0.7711525,0.98558575,0.6174575,0.8596595,0.9691854,0.3536791,0.7585678,0.9830344,0.6131613,0.8446312,0.96639484,0.54351276,0.38082758,0.99982387,0.62219083,0.4002923,0.9998543,0.47917143,0.225938,0.99346256,0.7560361,0.27691343,0.9986298,0.5130953,0.08911234,0.97770476,0.7839937,0.13072827,0.9937831,0.52931285,0.07164416,0.87070847,0.7697575,0.113791436,0.9184335,0.49129418,0.017641515,0.95299417,0.82183146,0.06759569,0.9788911
20395.jpg,0.3638969,0.42079264,0.99902654,0.34481674,0.41778308,0.9989631,0.3434504,0.4208015,0.9993333,0.34228668,0.424114,0.9990042,0.34846053,0.40773392,0.9989188,0.34955052,0.40421858,0.9992318,0.35087702,0.4011608,0.99890196,0.34634233,0.42524967,0.9993218,0.3548,0.4013608,0.99929714,0.37545925,0.42714813,0.9975865,0.3796516,0.41733763,0.99713135,0.40707237,0.46365362,0.9941427,0.42399165,0.41268602,0.9968266,0.2996019,0.40151668,0.78738844,0.3030056,0.384757,0.69745284,0.18554276,0.3526571,0.8072518,0.19366682,0.34821117,0.85573345,0.15132314,0.3419603,0.8100257,0.160732,0.33402422,0.86883646,0.15069857,0.3373671,0.79933506,0.1543704,0.33546072,0.8622743,0.159396,0.3403234,0.7934976,0.16732585,0.34049457,0.83036023,0.6194593,0.52978164,0.99921894,0.6366692,0.48860615,0.99949574,0.66455394,0.6708975,0.9953543,0.7627145,0.41594815,0.99127465,0.8130933,0.73256207,0.9846709,0.9056562,0.46585822,0.9855568,0.83660996,0.72904897,0.98468274,0.92214227,0.47958013,0.9817405,0.86100996,0.7696263,0.9309473,0.9699079,0.47578472,0.9351857
2078.jpg,0.5881031,0.54789025,0.99995387,0.60192883,0.56704617,0.9999678,0.599297,0.5740755,0.9999443,0.59676856,0.58010995,0.9999578,0.61181486,0.5450091,0.99997044,0.61538255,0.53840655,0.9999417,0.61825573,0.5320361,0.9999547,0.59148717,0.58637166,0.99993646,0.6185728,0.52476865,0.99996316,0.5667664,0.55457175,0.9997503,0.5761639,0.5310856,0.9997962,0.50205714,0.601669,0.98986924,0.56897044,0.44989535,0.9975708,0.5921782,0.69991976,0.9886657,0.69277936,0.43349755,0.9894957,0.71016705,0.7728016,0.9737042,0.8296397,0.4823066,0.98069674,0.7452207,0.7976588,0.94099236,0.8774867,0.49223334,0.94742984,0.75425136,0.7902999,0.9339426,0.87260425,0.50667113,0.93895006,0.7439039,0.77614367,0.9339033,0.8549094,0.5074076,0.94329166,0.28485858,0.4802346,0.9929387,0.3371055,0.373147,0.99776924,0.18649803,0.6840017,0.98404884,0.41691592,0.16442257,0.99375904,0.040192604,0.6047355,0.9456482,0.24611339,0.118112504,0.9797165,0.027178168,0.57292634,0.8999083,0.21177651,0.13305932,0.95334667,-0.048880517,0.64158595,0.793724,0.20884275,0.03669426,0.86637855
21185.jpg,0.42475608,0.82431465,0.9999548,0.4056095,0.84402883,0.9999318,0.39808702,0.8424184,0.99992514,0.39087045,0.8408871,0.9999248,0.428208,0.84972674,0.99993527,0.43586355,0.8521134,0.9999212,0.4428004,0.8537997,0.9999263,0.38141233,0.832964,0.9999031,0.45162255,0.8481004,0.9999279,0.41410798,0.80328095,0.9999093,0.44106805,0.8105715,0.99991834,0.3369644,0.6998164,0.9998356,0.55781126,0.738013,0.9998424,0.29669625,0.5181211,0.9717371,0.68183273,0.5992547,0.9810316,0.42984372,0.43613106,0.92189974,0.59639394,0.47674447,0.932974,0.46526846,0.41054416,0.84141105,0.5744989,0.42862538,0.86177045,0.4795491,0.42617702,0.8383525,0.5554112,0.4320633,0.85517573,0.47207695,0.43724078,0.81816626,0.5577413,0.44723767,0.8426507,0.4501964,0.3904172,0.99399745,0.5902391,0.41684523,0.99743927,0.20905736,0.27497727,0.9698118,0.85724366,0.42472237,0.98798454,0.2566688,0.015868723,0.8942262,0.91324854,0.1763967,0.9623856,0.29337502,-0.0037105083,0.77532315,0.88639116,0.12967268,0.9115703,0.1990591,-0.07473591,0.7170454,1.0327332,0.10285331,0.82272995
2137_aug.jpg,0.67041206,0.5239053,0.99997294,0.6820359,0.53277016,0.99995434,0.680979,0.5365,0.99992025,0.6799277,0.5397719,0.9999354,0.6845474,0.52116287,0.9999553,0.6852416,0.5167734,0.9999263,0.6858617,0.5122795,0.9999409,0.67192984,0.5432324,0.9998379,0.68074733,0.50661933,0.9999088,0.6531748,0.528888,0.9997178,0.6567265,0.51460856,0.9997315,0.5980005,0.5524617,0.9941918,0.6140001,0.47387043,0.9977436,0.70032525,0.5991302,0.97836953,0.72083306,0.4745298,0.98810273,0.8047203,0.64180124,0.9528167,0.8287019,0.47775665,0.9813902,0.8315116,0.6521791,0.8789921,0.8621439,0.47846532,0.9481895,0.83458924,0.64894295,0.8728677,0.8640976,0.48222208,0.9418253,0.82736814,0.6425996,0.8762905,0.8534359,0.4835572,0.9421168,0.3928919,0.49768078,0.9996908,0.40301886,0.44497016,0.99977165,0.3101447,0.57195026,0.9656793,0.35969025,0.34169313,0.99183935,0.15871575,0.5332459,0.96942365,0.21245246,0.31837708,0.9838209,0.14031556,0.5180243,0.91006374,0.19225195,0.32244968,0.91831344,0.112884164,0.56407225,0.9446318,0.18772596,0.27222025,0.9596353
21561.jpg,0.67301816,0.7609779,0.99992895,0.66664505,0.7877628,0.9999509,0.6586764,0.7903173,0.9999305,0.64982045,0.7925563,0.99992573,0.6871219,0.77991813,0.9999422,0.69320285,0.7775029,0.9999168,0.6987172,0.77503777,0.9998939,0.6263098,0.785408,0.99996877,0.69321674,0.764462,0.9999422,0.64276505,0.73375356,0.999972,0.6700294,0.72553694,0.9999701,0.49318838,0.6119207,0.9986451,0.6527124,0.5755516,0.9981834,0.42269275,0.38113868,0.9309321,0.56290156,0.35610664,0.5803972,0.5524268,0.4825015,0.97167337,0.60488415,0.45964688,0.77095294,0.58241934,0.517741,0.95672303,0.61749256,0.49227887,0.7617983,0.5801367,0.53919274,0.9563062,0.62706804,0.51338845,0.7459281,0.57110584,0.5282039,0.9343865,0.61795497,0.5032097,0.68973464,0.37953693,0.24074253,0.9974516,0.46429816,0.2221897,0.9964677,0.16719726,0.094052345,0.6857663,0.56457454,0.012960821,0.890421,0.21697387,-0.114183664,0.20265473,0.45397735,-0.14304817,0.3428453,0.23128256,-0.13947532,0.29148516,0.42415437,-0.15723291,0.3547119,0.19629437,-0.19060954,0.22284913,0.44115263,-0.23411849,0.25349006
21961_aug.jpg,0.3620155,0.22135076,0.999987,0.3644899,0.20601088,0.99997914,0.36974564,0.20439804,0.99996483,0.37525442,0.20313594,0.9999666,0.35227114,0.21238235,0.99998343,0.34862626,0.21529618,0.9999763,0.34525895,0.2183415,0.99998033,0.38703033,0.2146694,0.99995196,0.34370813,0.23361596,0.999977,0.38047534,0.23559141,0.9999466,0.36230093,0.24274236,0.99996495,0.46003434,0.2902223,0.99724245,0.35308766,0.34239423,0.9987049,0.5248885,0.22887981,0.9936381,0.27075958,0.34214914,0.9899204,0.45600975,0.11073813,0.9820473,0.23629177,0.22916546,0.9865971,0.44107646,0.076987624,0.939768,0.2227549,0.2031435,0.95411015,0.43237555,0.07664248,0.9315212,0.22837633,0.19534981,0.94674975,0.4354968,0.09115121,0.9126925,0.23539317,0.20362008,0.93967444,0.5594663,0.5397764,0.9998155,0.48122674,0.5695486,0.9998795,0.7081707,0.6328173,0.9938153,0.42642835,0.7054043,0.99742895,0.7895557,0.7748325,0.9909814,0.5106224,0.83156073,0.99590933,0.7832811,0.8065603,0.9534936,0.53792346,0.8511276,0.9822235,0.86565614,0.8081908,0.9776725,0.46606144,0.89889526,0.98582584
2274.jpg,0.5056226,0.37164664,0.99999905,0.51267487,0.3586925,0.99999833,0.51587933,0.3587688,0.9999969,0.5199481,0.3588377,0.99999714,0.49821675,0.35827985,0.9999988,0.49200773,0.35798076,0.9999982,0.48635346,0.3579467,0.9999987,0.52429235,0.36452872,0.9999958,0.4766421,0.36356458,0.9999988,0.5129058,0.38607925,0.9999957,0.49490944,0.3854182,0.9999975,0.5632366,0.45372644,0.9996674,0.4208478,0.4368521,0.9998068,0.66517353,0.48141456,0.99915695,0.3118636,0.4351933,0.9997547,0.6976464,0.39080322,0.99815375,0.31390536,0.33646387,0.999,0.70769435,0.36455038,0.9891244,0.3104896,0.31066206,0.9920775,0.6974614,0.36135602,0.98814386,0.32152104,0.3056787,0.99031866,0.6912653,0.37039727,0.9830372,0.32584223,0.31799808,0.9867575,0.5152147,0.643693,0.9994972,0.42924863,0.62927365,0.99977654,0.6484467,0.6991644,0.9967055,0.28353056,0.64198893,0.9990477,0.6382955,0.84236777,0.9951703,0.25626004,0.79147923,0.9987889,0.62129426,0.86245203,0.99097025,0.27139962,0.81779164,0.99596524,0.69126827,0.88864493,0.9847259,0.19775847,0.8232964,0.9914761
23280_aug.jpg,0.30272162,0.4689631,0.999984,0.2946064,0.4544969,0.9999684,0.29675257,0.44793993,0.99996126,0.29929602,0.44034857,0.9999572,0.28920543,0.4748028,0.9999794,0.28746572,0.48229444,0.9999745,0.28571156,0.49133343,0.99997675,0.31158,0.42987964,0.9999423,0.29247403,0.5087565,0.99998033,0.326221,0.46053827,0.9999156,0.31885254,0.48765346,0.99996126,0.40995553,0.38224038,0.99877316,0.37931186,0.59554833,0.9995622,0.4554403,0.21767628,0.9992231,0.3599234,0.7748721,0.99933726,0.33943012,0.16945016,0.9955629,0.2274901,0.7446449,0.9960764,0.303022,0.1639936,0.97486305,0.18943948,0.73945564,0.97132576,0.29400888,0.17666209,0.97436756,0.1910246,0.72439945,0.96714103,0.30604637,0.18204507,0.9715347,0.20513803,0.72157305,0.9637099,0.649528,0.4612487,0.99517715,0.62607133,0.60319465,0.99794704,0.74584234,0.2666554,0.98400474,0.6578275,0.81116945,0.99403715,0.910129,0.3164515,0.95780754,0.8357636,0.83843195,0.97273064,0.9437208,0.3419404,0.89570403,0.8746386,0.81580126,0.9313037,0.97465587,0.2348359,0.89607894,0.8875923,0.9387624,0.9076831
23887_aug.jpg,0.62771606,0.754637,0.9999949,0.62914395,0.7746494,0.99999475,0.62455565,0.7776542,0.99999094,0.6211671,0.7796097,0.99999213,0.64389235,0.76418144,0.99999595,0.64944005,0.7601806,0.99999464,0.6545639,0.756389,0.9999957,0.61287594,0.77403283,0.9999932,0.65875435,0.7431294,0.9999969,0.60980535,0.7414429,0.9999813,0.6266882,0.7307065,0.9999883,0.5180431,0.7047488,0.99818367,0.6483863,0.6294013,0.99973756,0.43993562,0.6764815,0.96840936,0.66246736,0.56000566,0.98968494,0.55677706,0.6704383,0.9127463,0.58798206,0.66118824,0.96906304,0.58959687,0.68628156,0.81789386,0.5864689,0.68987894,0.90726674,0.59110665,0.68642545,0.79592294,0.587449,0.6903882,0.88885844,0.58046097,0.6779535,0.73197466,0.5851011,0.67824376,0.84860146,0.4076342,0.452671,0.9997143,0.495309,0.40842447,0.99988675,0.23227452,0.46670282,0.98913705,0.5909525,0.26775485,0.9987941,0.15119377,0.26763725,0.983377,0.47171694,0.080711156,0.99651355,0.15111658,0.23449834,0.95975775,0.44459873,0.06226045,0.9798085,0.07962912,0.25460672,0.9591577,0.5169872,0.016188502,0.9803631
24533_aug.jpg,0.52101433,0.46098712,0.9999676,0.5310433,0.4622413,0.9999031,0.5325308,0.46627283,0.99988484,0.53405064,0.4703607,0.99985206,0.525654,0.4516589,0.99994075,0.5233954,0.4482751,0.9999404,0.52126336,0.44502497,0.9999379,0.5280856,0.4798826,0.99975187,0.5101314,0.44150323,0.9999465,0.5134928,0.47515517,0.99963844,0.5061836,0.4607373,0.9998159,0.49119973,0.55678284,0.9988607,0.4213125,0.43535164,0.9998468,0.554264,0.647232,0.9957053,0.37377578,0.33732373,0.9974693,0.62140346,0.6535584,0.9872988,0.4056378,0.26091573,0.9953263,0.6511768,0.65126985,0.9541109,0.41054338,0.23286343,0.98047066,0.65205956,0.6416558,0.9570968,0.4155802,0.23081839,0.98116755,0.64044166,0.6411253,0.9575171,0.4147135,0.24294618,0.98009723,0.33345863,0.62504107,0.9983564,0.2856983,0.5392873,0.9993967,0.36310378,0.7805915,0.989284,0.17166494,0.43253386,0.9961331,0.29396674,0.9090313,0.98428035,0.03769234,0.43309075,0.9911248,0.25935996,0.9206058,0.9572841,0.025194794,0.45076358,0.96094656,0.31362748,0.974707,0.9481191,-0.0051681995,0.3923601,0.95944554
25416_aug.jpg,0.25310877,0.7609283,0.9999906,0.22591743,0.7540752,0.9999839,0.22132817,0.7464349,0.999985,0.21698374,0.73793143,0.99998486,0.23490512,0.769902,0.9999765,0.23654464,0.7734698,0.9999716,0.23806992,0.77714574,0.99996364,0.21656865,0.7096503,0.9999869,0.24408925,0.7591393,0.99995995,0.26303628,0.73168343,0.99998415,0.27586097,0.7532278,0.99996436,0.28029722,0.56832844,0.9998746,0.39322144,0.70702434,0.9997485,0.36896405,0.4151478,0.96440315,0.5234077,0.6247327,0.6697548,0.26688963,0.28241858,0.9471161,0.60441756,0.7032707,0.7293969,0.23912144,0.23084982,0.925046,0.6381163,0.7298591,0.69683826,0.2285673,0.23060843,0.93205273,0.6378119,0.74171835,0.7129421,0.23663104,0.24547188,0.9357244,0.62531173,0.72933954,0.73190236,0.517927,0.3996978,0.99469095,0.60469323,0.4990505,0.99570763,0.45988542,0.18929222,0.9836389,0.8234402,0.6335832,0.9880163,0.5454219,-0.017528832,0.95870113,0.97652763,0.50875515,0.9426778,0.5737967,-0.05189544,0.8523718,0.9817827,0.46909294,0.89759654,0.5367027,-0.14492393,0.8426994,1.0768973,0.5359508,0.8187184
25596_aug.jpg,0.6044053,0.5261343,0.9999995,0.61248565,0.53471214,0.99999917,0.6118416,0.53748924,0.99999833,0.6111172,0.5402101,0.99999845,0.6148572,0.5255612,0.9999994,0.6160233,0.5222403,0.9999993,0.6170598,0.5192179,0.9999994,0.6060468,0.54205626,0.9999962,0.61538106,0.51370585,0.9999994,0.592873,0.52863175,0.999995,0.596422,0.5177429,0.999998,0.53476655,0.5448249,0.9987595,0.5586805,0.47307828,0.9997969,0.50797033,0.58108264,0.986691,0.56040144,0.42120582,0.99723357,0.5813188,0.61919165,0.9892396,0.6403403,0.44667652,0.9956507,0.60144365,0.62611,0.9594642,0.65898514,0.44999284,0.9789565,0.60578495,0.62325704,0.9554541,0.66178906,0.45683706,0.9747667,0.5987263,0.61914027,0.93411034,0.65381396,0.45758995,0.964997,0.38098702,0.47818205,0.9998264,0.393605,0.44063726,0.999936,0.31322587,0.52698267,0.9890814,0.36832,0.36386773,0.9986589,0.2111735,0.49348772,0.98715925,0.2684512,0.32683337,0.99654984,0.19805317,0.48097298,0.9522207,0.25376803,0.3304526,0.9728812,0.17170721,0.5101313,0.9763327,0.24166027,0.2942067,0.9894281
25899.jpg,0.37179762,0.67935276,0.9999962,0.35647687,0.68830526,0.9999956,0.35195273,0.6853397,0.99999356,0.34768528,0.68237686,0.99999356,0.37065405,0.69767785,0.9999964,0.37667692,0.701604,0.99999595,0.38262117,0.705376,0.99999666,0.34819144,0.67288965,0.9999883,0.395549,0.70165944,0.9999956,0.37412637,0.65776044,0.99999344,0.39376235,0.67026395,0.9999956,0.37727207,0.5476028,0.9992836,0.49470395,0.62166834,0.9998566,0.41405,0.41643527,0.94220525,0.5836701,0.50921607,0.97174394,0.48211142,0.46291256,0.81864405,0.5067104,0.4799639,0.92968965,0.49142405,0.47559938,0.69967383,0.49138436,0.48071912,0.8637015,0.4831609,0.48995432,0.6966942,0.48641643,0.49215582,0.85070264,0.4804185,0.48597258,0.6001913,0.49042162,0.49131772,0.7799444,0.52192193,0.36524752,0.9996798,0.59757674,0.4121987,0.9997992,0.45141667,0.25733393,0.99045545,0.72703755,0.41669777,0.99752015,0.5436952,0.079696685,0.9888648,0.8386316,0.2515849,0.9944001,0.569589,0.060964823,0.96743035,0.8427221,0.22328292,0.9549466,0.5164246,0.016323835,0.9811779,0.8933319,0.23156565,0.98109686
26313.jpg,0.48407695,0.5801922,0.99985147,0.47899282,0.59343445,0.99979526,0.47446397,0.59430695,0.99968445,0.47039548,0.5949701,0.99974793,0.49126536,0.5916508,0.99976736,0.49549517,0.5913397,0.9996201,0.49946508,0.5908463,0.9996668,0.46396282,0.58909255,0.9994174,0.5026695,0.58451045,0.9996333,0.47327185,0.5672914,0.9980951,0.48998293,0.5658403,0.9978573,0.42989025,0.5280786,0.985518,0.5148028,0.50989807,0.9908919,0.4468573,0.63466036,0.9619097,0.50775033,0.61081207,0.96840423,0.47428152,0.7326709,0.9370822,0.5025552,0.72341764,0.9316685,0.48079625,0.7597794,0.8589543,0.5002349,0.74844706,0.84650385,0.48383227,0.760661,0.8470844,0.4998638,0.74986815,0.8246049,0.48319545,0.7522236,0.8242295,0.49926478,0.74308103,0.81280804,0.4333658,0.3043009,0.9993567,0.5011093,0.30359554,0.9996457,0.31693935,0.27134234,0.9790466,0.59905267,0.2593431,0.9969381,0.30554056,0.12965547,0.9812485,0.5869283,0.118340254,0.9949976,0.31709713,0.10519406,0.93289304,0.5756251,0.09496519,0.96237785,0.2716797,0.09241083,0.9551401,0.6140988,0.07416913,0.98184055
26383.jpg,0.6384058,0.7486867,0.99999607,0.6376876,0.76884276,0.99999523,0.63245416,0.7723187,0.9999919,0.627353,0.77516747,0.9999927,0.65463424,0.7572311,0.9999964,0.6603501,0.7533156,0.9999949,0.6645236,0.75033134,0.99999595,0.6178364,0.7698916,0.99999356,0.6662408,0.7384208,0.9999969,0.61793774,0.7370383,0.9999851,0.6375221,0.7254007,0.9999907,0.52163815,0.7013334,0.9986326,0.6522789,0.62134916,0.9998363,0.44887206,0.67436415,0.96826583,0.6723691,0.55142844,0.9893113,0.56798726,0.6703226,0.9177369,0.5984242,0.6476711,0.9641,0.5986726,0.68413216,0.8223974,0.59826344,0.68100655,0.88989985,0.5992655,0.6846268,0.8001446,0.5983018,0.6770928,0.86696017,0.58887935,0.6761584,0.7358017,0.59537876,0.6646372,0.82644993,0.40262774,0.45450896,0.9996841,0.4917843,0.40677142,0.99989355,0.22981271,0.47870198,0.98558503,0.58316636,0.26728863,0.9979746,0.13938487,0.2803753,0.9808352,0.45935953,0.08500424,0.99541724,0.14097735,0.24735783,0.9533905,0.43139213,0.065678,0.97537124,0.059359312,0.27337494,0.95762867,0.49753612,0.015275687,0.9765572
27313.jpg,0.540063,0.36516088,0.99967647,0.55408573,0.35157818,0.9996414,0.56023824,0.353005,0.999342,0.56511587,0.35411242,0.9994815,0.53448915,0.34629887,0.9996222,0.52795774,0.3439169,0.9993187,0.52267706,0.3420052,0.9995023,0.5710193,0.36268845,0.9992766,0.51407903,0.34694117,0.9996611,0.5474465,0.3836538,0.9971185,0.52391535,0.37537882,0.9975936,0.58844423,0.43569463,0.97920907,0.46881253,0.3964976,0.9938105,0.6330061,0.31717202,0.98910016,0.4913597,0.27463654,0.99685645,0.5928906,0.20175132,0.97152126,0.59012127,0.20055911,0.9836857,0.59827405,0.17123869,0.9181292,0.6103964,0.17550167,0.93590736,0.59924793,0.16929245,0.9056947,0.6105156,0.1755006,0.92210615,0.59530085,0.18016914,0.89752436,0.6030349,0.18748608,0.9184649,0.4898181,0.6620725,0.99819475,0.39490515,0.6298311,0.9988973,0.6293343,0.7312297,0.97053176,0.23694202,0.60577965,0.9904056,0.574663,0.8870126,0.9147949,0.17417261,0.7777598,0.96227264,0.5526569,0.8971718,0.86970496,0.18710929,0.7974471,0.9049799,0.5766225,0.9517158,0.80491525,0.1309661,0.81738394,0.86601514
28490_aug.jpg,0.19597444,0.37401858,0.9999906,0.17653713,0.36395475,0.9999889,0.17575946,0.35754055,0.9999831,0.17488626,0.3532914,0.9999846,0.17792118,0.38514614,0.99999034,0.17809579,0.39179492,0.99998844,0.17869124,0.39884007,0.9999913,0.18024758,0.3438416,0.99996877,0.18732,0.40564013,0.9999839,0.21832746,0.36023083,0.9999819,0.22027996,0.38410577,0.99998677,0.31264445,0.28689456,0.9984006,0.32050544,0.44550562,0.9997638,0.46556044,0.24783203,0.93270934,0.47068536,0.48171964,0.9705631,0.40047038,0.35296455,0.83837205,0.40232587,0.37555128,0.9484487,0.36496246,0.366942,0.69126505,0.36487085,0.36634392,0.8633603,0.3548649,0.3651497,0.65912277,0.3547409,0.3683072,0.8366631,0.36413902,0.361159,0.57937986,0.3670293,0.36944386,0.780447,0.60118794,0.3113193,0.9995864,0.59882563,0.4101502,0.9997298,0.62743694,0.17897423,0.9832064,0.6307899,0.5362621,0.99403954,0.8575152,0.18329343,0.9660846,0.86612856,0.5357524,0.98493236,0.8884473,0.20259547,0.9303954,0.8969204,0.5221473,0.94980127,0.9275136,0.14518504,0.9614976,0.92851555,0.5893918,0.96655965
28608.jpg,0.4477967,0.28466758,0.9999993,0.44153905,0.2704372,0.99999785,0.4429207,0.26909372,0.9999976,0.44420668,0.26773432,0.999998,0.43236053,0.27510577,0.99999774,0.4274385,0.27717885,0.99999726,0.42224482,0.2796449,0.9999974,0.44139788,0.27433723,0.9999957,0.4106069,0.29182437,0.9999943,0.45551044,0.29803172,0.99999774,0.44503698,0.30354163,0.9999968,0.5171092,0.35469627,0.9999695,0.40283075,0.40748137,0.99982893,0.58781826,0.43325606,0.96761703,0.39426985,0.5134111,0.95091414,0.67358077,0.48902363,0.96685624,0.3739444,0.60604525,0.9638653,0.6996361,0.49699676,0.9394948,0.3589705,0.6259768,0.94464564,0.69882715,0.4952444,0.947129,0.36058486,0.62518084,0.9503711,0.68905956,0.4942796,0.9376565,0.36841965,0.61970884,0.9383761,0.567433,0.5544441,0.9996902,0.49116445,0.5814672,0.9997898,0.69309765,0.5370699,0.99752825,0.39252004,0.65136087,0.99908113,0.7383986,0.66848236,0.9963403,0.4539584,0.7828674,0.99888223,0.72937375,0.6873682,0.98735875,0.47691956,0.79707044,0.9906647,0.77859086,0.7147512,0.9899672,0.44147927,0.8441174,0.99429566
29246_aug.jpg,0.15127778,0.49251872,0.9999833,0.1337026,0.48198164,0.9999783,0.13426802,0.47531217,0.99997187,0.13447326,0.46981254,0.9999734,0.13246787,0.50172794,0.99997437,0.13218126,0.5078877,0.9999691,0.13224298,0.51443946,0.9999714,0.14304262,0.46138096,0.99995315,0.14003056,0.522219,0.99995947,0.17692786,0.4800692,0.9999505,0.17558518,0.50536233,0.9999542,0.283011,0.41162986,0.9971349,0.27334473,0.5576668,0.99896646,0.4396929,0.40947062,0.90003836,0.436841,0.57441807,0.89719814,0.3244959,0.47885138,0.9265109,0.33268255,0.50483286,0.89458287,0.29116005,0.48428637,0.8648695,0.29768503,0.49245852,0.80103105,0.2832165,0.4799618,0.84883726,0.28655902,0.4989902,0.7660523,0.292082,0.4792368,0.7882607,0.2987324,0.50153875,0.70457715,0.6008279,0.44538334,0.9994512,0.59551823,0.5465876,0.99965847,0.6803938,0.3156023,0.9775464,0.6690144,0.6784178,0.99618596,0.9112195,0.33337486,0.9613234,0.90300214,0.67597103,0.9883978,0.94177866,0.3511542,0.8954248,0.9289782,0.6600728,0.93226033,0.96304,0.27642494,0.9473211,0.98065495,0.6958049,0.96904504
29513.jpg,0.81716746,0.67967147,1.0,0.83805907,0.6857697,1.0,0.83749217,0.688265,0.9999999,0.83703876,0.6909461,0.9999999,0.84354925,0.67285854,1.0,0.84718764,0.6649492,1.0,0.85035634,0.6567067,1.0,0.83513427,0.6782162,0.9999999,0.8517792,0.62771213,1.0,0.7941177,0.6747174,0.99999976,0.80087095,0.65764415,0.9999999,0.69498897,0.6597027,0.99991965,0.7497653,0.5157983,0.9999839,0.61152416,0.74285686,0.9702336,0.7554301,0.41593567,0.9966834,0.6671525,0.84648657,0.9960316,0.8899572,0.4056958,0.9981987,0.6858206,0.88328826,0.98679125,0.9398642,0.39591727,0.9931591,0.69468045,0.8779639,0.98686963,0.9498395,0.40507492,0.9924413,0.690178,0.8622081,0.98175496,0.92849207,0.4105641,0.98815143,0.4398338,0.48451906,0.9999198,0.4767351,0.40245897,0.99997425,0.29894423,0.61840904,0.9935958,0.4303447,0.24734735,0.99888843,0.09919059,0.49457628,0.99506783,0.19851834,0.12915108,0.9991328,0.07465401,0.45291656,0.99060714,0.15267456,0.13363314,0.9896208,0.024749309,0.5625312,0.9934249,0.16070211,0.045945674,0.9977629
29574_aug.jpg,0.43971044,0.28329197,0.9999975,0.44831666,0.263479,0.99999404,0.4542535,0.26303864,0.99999106,0.4605487,0.26259246,0.9999895,0.42619604,0.26455057,0.9999958,0.4179636,0.26476914,0.9999944,0.4112262,0.2651388,0.99999523,0.46917418,0.26523378,0.9999901,0.39968422,0.26834953,0.9999975,0.45418656,0.29965204,0.99998724,0.42813608,0.30342326,0.99999297,0.52860916,0.346711,0.99981767,0.3510472,0.36687696,0.99991596,0.65409255,0.3525541,0.9977786,0.2250766,0.39254513,0.99963295,0.69465566,0.23513705,0.9969363,0.18738371,0.26306635,0.99907446,0.7080865,0.19535396,0.98433393,0.1699222,0.22372651,0.993547,0.6930525,0.1870952,0.98380846,0.1833264,0.21339452,0.99296266,0.6859018,0.2028628,0.9828158,0.19538525,0.2277539,0.99137056,0.52181554,0.62803555,0.9995277,0.40665632,0.6402388,0.999851,0.6642788,0.74040973,0.99759465,0.2819418,0.7888713,0.9996741,0.6544411,0.8819094,0.9902203,0.31913605,0.96709013,0.99894756,0.6339776,0.90745807,0.9766499,0.34722593,0.971584,0.9896299,0.723628,0.92434824,0.9760477,0.26045406,1.0391607,0.9934696
30280.jpg,0.374989,0.6250109,0.99999845,0.35921678,0.6286744,0.99999785,0.35570002,0.6250536,0.99999535,0.35306436,0.6225101,0.99999595,0.36943084,0.6404818,0.99999833,0.37310392,0.64491963,0.9999974,0.37641388,0.6489653,0.99999833,0.35334486,0.61381304,0.99999225,0.38678896,0.6513166,0.99999785,0.37873402,0.60692614,0.99998856,0.39085823,0.62139475,0.9999949,0.3955485,0.5223933,0.99795413,0.48277152,0.6103921,0.9992017,0.34578902,0.45576432,0.992619,0.5456365,0.6678997,0.9958895,0.25528878,0.53939456,0.9856039,0.4559094,0.75016844,0.9893189,0.22967702,0.5574352,0.94454795,0.4369082,0.77333844,0.95251966,0.23038128,0.5642371,0.9403607,0.43059337,0.77108586,0.94465095,0.24114624,0.55898684,0.92064655,0.4364299,0.7606181,0.9334806,0.6053146,0.3779477,0.99949,0.64338124,0.42920512,0.9996625,0.5802481,0.23746407,0.95461667,0.78186953,0.47308558,0.97966903,0.70951617,0.107457966,0.95978993,0.9254534,0.36022463,0.9780451,0.73551327,0.098005414,0.9379266,0.9419693,0.33763933,0.9435551,0.7001691,0.043438792,0.93253183,0.98793507,0.3796917,0.9235986
30712_aug.jpg,0.18668371,0.6923313,0.99997294,0.1632868,0.6939068,0.99996436,0.15929669,0.6892215,0.9999418,0.15613815,0.6847496,0.9999536,0.17596641,0.7077038,0.9999696,0.17969644,0.71195614,0.9999455,0.18330494,0.7158162,0.9999504,0.1560241,0.66922617,0.9998653,0.19226639,0.71009874,0.99995506,0.19205378,0.668274,0.9999254,0.20585096,0.68616164,0.9999471,0.22445285,0.5494444,0.9969447,0.30813944,0.6583806,0.998198,0.21215916,0.45916566,0.9900394,0.38297164,0.70039886,0.97936594,0.080329835,0.531777,0.985045,0.2710889,0.79917544,0.9755805,0.04729536,0.5553899,0.95926803,0.24385735,0.8241513,0.9253236,0.044479996,0.5723945,0.95269054,0.22993894,0.8219464,0.90942866,0.058702618,0.56579375,0.93052506,0.2365529,0.8109952,0.8938282,0.469336,0.37745762,0.99979454,0.51521,0.43983114,0.9997166,0.5524679,0.18590394,0.9511899,0.6554299,0.46009618,0.9795492,0.7031443,0.03834176,0.9493728,0.76781976,0.3632459,0.9155975,0.7267055,0.036189824,0.8919867,0.76869196,0.34095937,0.8755327,0.7149019,-0.03864968,0.91262627,0.8232269,0.35062683,0.84814614
30803.jpg,0.35654086,0.696536,0.99999714,0.34408855,0.7022209,0.99999464,0.34079057,0.69947356,0.99999213,0.33773988,0.69656056,0.9999927,0.35259768,0.7082964,0.9999944,0.3549431,0.7098914,0.9999918,0.3571866,0.71143913,0.99999344,0.33455342,0.68900394,0.99998605,0.36048597,0.7087289,0.99998856,0.3560707,0.68153954,0.9999852,0.36691734,0.6895903,0.99998534,0.35729182,0.5994985,0.999387,0.42113248,0.64828694,0.9992493,0.31511712,0.5488827,0.97914654,0.49615812,0.6605416,0.96210337,0.24029128,0.59983087,0.9659308,0.47187573,0.74873984,0.971981,0.22127074,0.60807,0.9142387,0.4736351,0.77535856,0.92388755,0.22395895,0.61418927,0.90795547,0.46790823,0.7752094,0.9218665,0.23159966,0.6118767,0.87952965,0.46663406,0.7643593,0.92030525,0.49897584,0.42129967,0.9995389,0.53879696,0.44769102,0.9997129,0.50943035,0.27342921,0.9778462,0.6818124,0.39178288,0.9860913,0.5926498,0.13757923,0.9814237,0.7698834,0.2671426,0.9848719,0.60925066,0.12424508,0.8523008,0.77240217,0.2392711,0.93902934,0.59602964,0.097815275,0.97188336,0.82449365,0.2538435,0.9725849
31173_aug.jpg,0.4461851,0.3136053,0.9999646,0.45054427,0.3019276,0.9999343,0.4559191,0.30164233,0.99991727,0.46174777,0.3014164,0.9998982,0.4364594,0.3040106,0.99994874,0.43176687,0.3050537,0.9999325,0.42717928,0.3061607,0.99991703,0.46837062,0.30590862,0.9999465,0.42416263,0.31335947,0.99995124,0.457587,0.3261532,0.9999778,0.44268513,0.3286228,0.9999778,0.5214473,0.4004985,0.9992212,0.41454732,0.41828752,0.9997844,0.5626621,0.4967207,0.924298,0.41348618,0.52048004,0.9011092,0.50045675,0.4977424,0.8531014,0.45338383,0.50527185,0.87851393,0.4876348,0.492767,0.8130471,0.46186304,0.500148,0.845849,0.4867243,0.4754573,0.8026742,0.46214914,0.48974365,0.82732755,0.4899255,0.47651073,0.70005536,0.46236226,0.4909301,0.75239927,0.5392468,0.5856839,0.99854445,0.46934175,0.59734744,0.9997242,0.654348,0.6309884,0.99123704,0.38408697,0.6876098,0.99757606,0.66328096,0.76936114,0.9722934,0.4328891,0.81394356,0.9971232,0.65169865,0.79136443,0.95061487,0.45243666,0.8335593,0.9800685,0.7079659,0.8071016,0.93832135,0.39531875,0.8554953,0.9804633
316_aug.jpg,0.19283879,0.6730492,0.99996746,0.17257926,0.67643297,0.99996865,0.1701333,0.6724148,0.9999597,0.16721866,0.6673881,0.999961,0.18290514,0.6940986,0.99996734,0.1878609,0.7021079,0.99996257,0.19203803,0.70804834,0.99996686,0.17309734,0.659162,0.9999324,0.21015093,0.71110153,0.9999548,0.20816767,0.65248245,0.9999701,0.22130954,0.6731331,0.99997854,0.2755598,0.54296684,0.99749243,0.35548896,0.6820173,0.9994357,0.41154948,0.43063384,0.79129016,0.50751126,0.6064594,0.9219801,0.38504273,0.5263922,0.76193315,0.39135444,0.5599146,0.9433092,0.3609407,0.5482828,0.667114,0.35735208,0.5623429,0.8996115,0.34693372,0.5557595,0.6394832,0.34647614,0.5725056,0.87943983,0.35568646,0.55029297,0.543926,0.35422468,0.57293415,0.80809283,0.5457475,0.42630875,0.99937135,0.598528,0.5197951,0.99967146,0.48801056,0.2748955,0.9813348,0.67467403,0.59428775,0.9949656,0.7078178,0.17023274,0.96485186,0.8835551,0.48482728,0.9873418,0.7331979,0.17671534,0.89453363,0.89137936,0.46509215,0.9327273,0.77379966,0.09795356,0.9562534,0.96537036,0.4408056,0.9742212
31949_aug.jpg,0.8199482,0.32097998,1.0,0.83544,0.30838817,1.0,0.837134,0.31041566,0.9999999,0.8388629,0.31221288,0.9999999,0.8272946,0.29544252,1.0,0.82276094,0.28817707,1.0,0.8176058,0.28063086,1.0,0.82732666,0.30875993,1.0,0.7937093,0.26425397,1.0,0.8008373,0.3377962,0.9999999,0.7884141,0.3250385,0.9999999,0.73568827,0.41351005,0.999944,0.6470542,0.29241836,0.99999225,0.76260227,0.52434915,0.9649536,0.5633376,0.23462792,0.99762005,0.88221014,0.53745484,0.99587244,0.6235353,0.11450446,0.99877244,0.9264976,0.53819937,0.98726267,0.6437552,0.06476623,0.99532914,0.92545104,0.5273134,0.9873174,0.66013056,0.058224976,0.9948828,0.90829897,0.52408886,0.98274523,0.6527177,0.08005795,0.99217016,0.45164344,0.54466414,0.9999058,0.40348083,0.4691627,0.9999764,0.49870408,0.73547506,0.9897574,0.2494885,0.42877007,0.99907136,0.28555077,0.8373356,0.99180377,0.03431493,0.55484504,0.9987513,0.23119442,0.83652353,0.983685,0.021549404,0.58870405,0.9866623,0.30129588,0.9440414,0.9887804,-0.028663397,0.6396507,0.99674183
32132.jpg,0.7440165,0.4085746,0.99999964,0.76180327,0.4102829,0.99999917,0.7645904,0.4151754,0.99999833,0.7669415,0.41887558,0.99999845,0.75360644,0.3942916,0.9999994,0.75153595,0.3890112,0.99999905,0.7500247,0.3834952,0.9999994,0.7628211,0.42757544,0.9999974,0.7400371,0.37876087,0.9999994,0.7330102,0.42591834,0.9999968,0.7250011,0.40596575,0.99999845,0.6848946,0.51227957,0.99950635,0.630102,0.3818939,0.9997812,0.7169161,0.6110706,0.99708825,0.58841234,0.2907169,0.9976847,0.8400676,0.5763593,0.99348515,0.69824123,0.23042303,0.99319506,0.8750536,0.5700319,0.9703231,0.73224914,0.2105388,0.9604273,0.87874436,0.5601566,0.96763265,0.73950535,0.21553019,0.95543236,0.86196804,0.5607474,0.95826876,0.72551787,0.22599822,0.952457,0.43766975,0.5715973,0.99981767,0.41102925,0.49350336,0.9999417,0.39146432,0.7219981,0.9959372,0.27803278,0.4076023,0.99923563,0.2606327,0.78274643,0.9949132,0.14599276,0.47562134,0.99913067,0.23029304,0.7777889,0.98055077,0.12868142,0.5049436,0.9947194,0.23394756,0.85382646,0.9865274,0.08469316,0.4352544,0.9953099
32743_aug.jpg,0.694163,0.556973,0.9999969,0.7052336,0.56745046,0.9999956,0.70415235,0.573073,0.9999914,0.7029993,0.57794976,0.9999937,0.7072719,0.551669,0.9999958,0.70781136,0.546625,0.99999344,0.7082953,0.541921,0.99999595,0.6933141,0.5848138,0.99998784,0.7002839,0.5376626,0.99999535,0.6782069,0.5655652,0.99998677,0.6824204,0.5458969,0.9999927,0.5938633,0.6028312,0.99923635,0.6100255,0.5034213,0.9996449,0.5764374,0.6716476,0.9969606,0.6147154,0.4234252,0.9968714,0.6784476,0.65664303,0.9954267,0.7080071,0.47138584,0.9925068,0.70603454,0.6556742,0.9806513,0.73228776,0.48543367,0.96088374,0.7091352,0.6484236,0.97673917,0.7297871,0.4945617,0.95175934,0.69750947,0.6448733,0.9675725,0.71719766,0.49378935,0.9438768,0.33827838,0.5341153,0.99985266,0.3536697,0.47392112,0.99989414,0.21211053,0.60179186,0.9854999,0.2762689,0.35243863,0.99681455,0.064011425,0.56593245,0.9726529,0.12655956,0.33740687,0.9937775,0.051097244,0.54258764,0.8659786,0.104554474,0.3522436,0.9598234,0.012156785,0.58672464,0.94772416,0.08856857,0.29536223,0.9814605
32937.jpg,0.17030802,0.63093877,0.9999839,0.14871264,0.6284234,0.99998295,0.14638719,0.62242204,0.999974,0.14479262,0.6181473,0.99997663,0.15691161,0.64617443,0.99998045,0.16002217,0.65216935,0.9999738,0.16316369,0.6577062,0.99997604,0.15266511,0.602823,0.99995863,0.17751601,0.66022176,0.99996805,0.18575674,0.61059135,0.9999579,0.1952982,0.63345355,0.99996006,0.26645336,0.50657094,0.9962914,0.32182655,0.64122224,0.99903274,0.41086972,0.43675336,0.86240417,0.4798072,0.5908725,0.920581,0.33008114,0.53919876,0.92682993,0.34612644,0.5759443,0.94642687,0.29799163,0.55262905,0.86634606,0.3041942,0.5843077,0.8906321,0.29132336,0.55389774,0.85201097,0.2995448,0.59205586,0.86743796,0.30098897,0.55241615,0.7998529,0.31228074,0.58786404,0.82464266,0.56910753,0.42143497,0.9991703,0.60296977,0.50693744,0.99947923,0.6046575,0.2502307,0.9139683,0.72622687,0.5975163,0.98960716,0.81949615,0.18500447,0.87325954,0.94735837,0.50103873,0.96742535,0.84965265,0.19038427,0.8213622,0.9585941,0.47949257,0.87965435,0.842391,0.11166796,0.8596823,0.99850357,0.5009524,0.91389513
35877_aug.jpg,0.39759302,0.21897012,0.9999976,0.39000893,0.21202934,0.9999949,0.39093894,0.20897737,0.9999918,0.39208302,0.20546237,0.9999925,0.3864924,0.22328484,0.9999956,0.3850606,0.22784927,0.9999944,0.3837303,0.23252377,0.99999607,0.39820886,0.20470089,0.9999888,0.38546544,0.24348265,0.99999595,0.4113285,0.21712041,0.9999894,0.40733218,0.23110369,0.9999943,0.4746982,0.20172343,0.99978465,0.44016287,0.29649377,0.99970144,0.4977958,0.1290251,0.99739385,0.41265288,0.3677379,0.9992561,0.42166314,0.09448606,0.995567,0.33329394,0.34026647,0.9976605,0.40059313,0.08203426,0.9769721,0.3104113,0.3342273,0.98588747,0.393175,0.08825351,0.9743759,0.3086068,0.32443836,0.98409814,0.40106192,0.09491232,0.9696872,0.31848228,0.32403028,0.9804239,0.65042573,0.29275608,0.99984264,0.6257296,0.35313058,0.999846,0.77969646,0.2600484,0.997993,0.7108474,0.44969654,0.9992331,0.86468565,0.3038867,0.9915637,0.80567193,0.48668104,0.99762756,0.86859727,0.32010514,0.95145106,0.8184918,0.48259187,0.9700832,0.91067505,0.29895985,0.981988,0.8392737,0.50300753,0.992777
36092.jpg,0.3942628,0.8850496,0.99996996,0.37694687,0.8967935,0.99996054,0.37091553,0.8935551,0.99993587,0.36527947,0.8903947,0.99994636,0.39455712,0.9055613,0.99995685,0.4002176,0.9080976,0.9999411,0.40579408,0.9103882,0.99995244,0.36228895,0.8770144,0.9999062,0.41991192,0.9039649,0.99992025,0.3943823,0.8577471,0.9999745,0.41520768,0.870327,0.9999765,0.3769297,0.72208446,0.99811953,0.5163675,0.8031873,0.99942124,0.3782419,0.5751612,0.9871293,0.633013,0.7269509,0.9877544,0.31700796,0.7121061,0.99050903,0.5695245,0.85933447,0.99277943,0.30321664,0.7483568,0.9679648,0.54629546,0.89187133,0.97624546,0.3078357,0.7569063,0.9601418,0.53658414,0.8928386,0.9688237,0.31910983,0.74572814,0.9344196,0.53946805,0.87987256,0.95184803,0.51552665,0.5155829,0.99984074,0.60589796,0.5572196,0.9998802,0.4222947,0.41910228,0.99345547,0.724901,0.59838194,0.9963709,0.54403436,0.26586902,0.98593324,0.7573875,0.4075141,0.9967237,0.5764481,0.25186825,0.9654375,0.7532736,0.36968017,0.9833649,0.53821236,0.1900703,0.9846848,0.82998,0.37480244,0.9933449
36443.jpg,0.14975667,0.61482805,0.9999882,0.1258538,0.61069345,0.99998355,0.12297493,0.60512435,0.9999764,0.12068316,0.6000129,0.99998105,0.13367501,0.6267097,0.99998283,0.13573045,0.6320818,0.99996877,0.13785616,0.6372131,0.99996984,0.12620205,0.58508116,0.9999188,0.14652544,0.6320394,0.99996805,0.16118628,0.5950088,0.999959,0.170367,0.61525047,0.99996173,0.22208372,0.4860561,0.9991122,0.27663624,0.60886085,0.9982278,0.23165199,0.39580047,0.99198616,0.33998308,0.6633708,0.97170275,0.09580889,0.4325908,0.9900681,0.20399147,0.73776114,0.972539,0.05469188,0.4427185,0.9717106,0.17330399,0.7572237,0.92239624,0.047490835,0.4609747,0.96839565,0.16088751,0.75201833,0.91059786,0.06383827,0.45856693,0.95097136,0.16890633,0.74238145,0.89648956,0.5046034,0.37899882,0.99981886,0.5315601,0.44241482,0.99953187,0.63164014,0.20624688,0.911846,0.6531895,0.49896318,0.95233375,0.830843,0.074735105,0.94577914,0.7898828,0.43395427,0.8452054,0.8590112,0.0729714,0.8984905,0.7985505,0.41025963,0.8202345,0.8460926,0.03485602,0.9139734,0.8494788,0.43796042,0.7529953
36525.jpg,0.542085,0.62348247,0.99980634,0.5459244,0.6459185,0.9997187,0.5416827,0.64905953,0.9996166,0.5383724,0.6516457,0.9996413,0.56312984,0.63391215,0.99970883,0.57006806,0.6292833,0.9995915,0.5765442,0.6251385,0.9995944,0.5361241,0.6504202,0.9995498,0.5862088,0.61531776,0.99968135,0.5244969,0.61351347,0.9966697,0.5457341,0.60303664,0.9966498,0.46920264,0.5951897,0.9654018,0.5893325,0.533682,0.98459977,0.5556313,0.72627324,0.95297414,0.63280034,0.6912916,0.95186454,0.6342715,0.8270862,0.87701213,0.6513018,0.80998105,0.76567763,0.6517829,0.8503628,0.775729,0.6586238,0.84085786,0.6526018,0.6552552,0.84994805,0.7505816,0.6629688,0.8418751,0.60004777,0.6501315,0.84055966,0.7266741,0.65780914,0.8302274,0.59768575,0.3652079,0.3210036,0.99843603,0.4688549,0.28263658,0.99930394,0.18765241,0.36482146,0.9744813,0.6074076,0.19658448,0.9954609,0.101213425,0.1926677,0.9715551,0.5530197,0.014778525,0.9914779,0.101189494,0.14682776,0.95344007,0.53072333,0.008039981,0.96398807,0.017136842,0.18682037,0.92901623,0.55881053,-0.060139596,0.96042836
38158.jpg,0.2896731,0.7034811,0.9999982,0.27239752,0.7126246,0.99999726,0.26822054,0.7095116,0.9999945,0.26417917,0.70643485,0.99999535,0.28753677,0.72371244,0.9999981,0.29318762,0.7281808,0.9999969,0.29905367,0.73293746,0.9999981,0.26279083,0.6987157,0.99999344,0.31124237,0.73424387,0.9999982,0.29076698,0.6815244,0.99999297,0.30959043,0.6950861,0.9999969,0.2800691,0.57699156,0.99936455,0.420915,0.6756238,0.9998325,0.19430587,0.46582755,0.99777067,0.54344165,0.7190449,0.9996779,0.10106155,0.56494886,0.9928397,0.47486055,0.83737266,0.99835443,0.07277334,0.58967924,0.9657616,0.45738316,0.8712232,0.98705125,0.08379337,0.60201836,0.959196,0.44456694,0.8718184,0.9833055,0.098355204,0.5936328,0.9451268,0.44861436,0.85478324,0.9779766,0.45876932,0.36575252,0.99941313,0.5488296,0.42847896,0.9996891,0.36330134,0.21860078,0.9934995,0.71904683,0.48582053,0.99747604,0.47007614,0.048930317,0.98727196,0.8286613,0.3137385,0.9956032,0.5011771,0.034110963,0.9723671,0.8329814,0.27690578,0.98942614,0.46395797,-0.033898324,0.96901894,0.91479427,0.3157128,0.9824569
38402.jpg,0.50285566,0.23722601,0.9991067,0.49942672,0.23352242,0.99887484,0.49991238,0.23240781,0.99795496,0.5004594,0.23125589,0.9982273,0.4980684,0.23957416,0.999204,0.4977648,0.24214722,0.9990847,0.4974633,0.2447025,0.9993623,0.50741696,0.23631966,0.99754107,0.5034951,0.25595492,0.99947554,0.5151777,0.23743339,0.99733764,0.51417357,0.24228789,0.9983039,0.54625124,0.22829665,0.9835988,0.5316683,0.28569156,0.99794143,0.5412626,0.18269941,0.8151594,0.49571225,0.3164591,0.9984915,0.4813546,0.16088006,0.76316684,0.42515504,0.29372045,0.9974868,0.47004086,0.15472627,0.620238,0.40160915,0.28304824,0.9892307,0.4651421,0.15938477,0.61610633,0.3999376,0.27974543,0.9866997,0.46933466,0.1618321,0.6219647,0.40872186,0.28049946,0.97926074,0.69909346,0.28311113,0.9998462,0.6835546,0.3301085,0.99984837,0.7830665,0.24823004,0.99374324,0.72635055,0.41805208,0.99882776,0.8889495,0.27555797,0.9918534,0.8207345,0.4726267,0.9971084,0.9009361,0.2904467,0.97207224,0.8348784,0.46798587,0.97333515,0.92740273,0.25185764,0.98166716,0.84574056,0.51145554,0.9894448
39176.jpg,0.26917642,0.7102888,0.9999981,0.24723768,0.71182203,0.99999475,0.24273631,0.70525116,0.99999416,0.23952886,0.7001742,0.99999356,0.2609584,0.7310425,0.99999464,0.26561475,0.7374617,0.9999943,0.26925656,0.7419857,0.9999943,0.24201322,0.6876627,0.99998915,0.2804394,0.74157536,0.99999106,0.27800626,0.684592,0.9999945,0.29372293,0.70648605,0.99999523,0.3197736,0.5692321,0.99987626,0.4181574,0.6944196,0.99993885,0.42681596,0.46391568,0.925295,0.5417449,0.62061876,0.9646506,0.48155177,0.3515055,0.886019,0.66221935,0.58617246,0.94791865,0.49066108,0.3234422,0.8278165,0.70065933,0.5799577,0.9092164,0.49042693,0.3221259,0.8428224,0.6977562,0.57513946,0.91801476,0.4892828,0.33231223,0.8341219,0.68356717,0.57588714,0.9131707,0.53543824,0.44028896,0.999767,0.6017327,0.5274668,0.9998909,0.53395754,0.28296185,0.9944496,0.7581887,0.54654026,0.9978599,0.62545276,0.22301102,0.98594046,0.8830025,0.47417206,0.99606234,0.6482512,0.22861871,0.9444919,0.8981333,0.4480886,0.94161934,0.64489675,0.14797434,0.9655403,0.95529044,0.46884975,0.98299485
40716_aug.jpg,0.2174882,0.5859261,0.99999666,0.21009865,0.59509575,0.9999927,0.20692176,0.5939368,0.9999876,0.20379964,0.5927334,0.99998784,0.22050962,0.59879273,0.9999938,0.22521442,0.6007845,0.999992,0.22932744,0.6021291,0.9999945,0.20402616,0.5865594,0.99997854,0.23952326,0.60076845,0.9999956,0.21582207,0.5724592,0.99998677,0.22949433,0.5777425,0.9999938,0.20405272,0.5117628,0.9996562,0.29534677,0.5519752,0.99973243,0.13050379,0.49001032,0.99501723,0.3641171,0.58104336,0.9993337,0.08872533,0.56082785,0.99085826,0.3351165,0.6620189,0.9972224,0.07468943,0.57965475,0.9604813,0.32809922,0.6874794,0.98277676,0.08032176,0.587828,0.9561793,0.31800166,0.6901692,0.980361,0.08789477,0.58121157,0.95,0.31879365,0.67971665,0.9757121,0.295251,0.34486958,0.99987674,0.35464376,0.36799622,0.9998658,0.26718983,0.21330224,0.9977054,0.45851102,0.28335124,0.9994417,0.31428453,0.13328017,0.9928343,0.49333024,0.19994889,0.9977102,0.33001846,0.12934801,0.95879287,0.4910798,0.1900112,0.9695274,0.3140864,0.08662042,0.9842957,0.5124988,0.16179983,0.9929015
40848.jpg,0.5480868,0.28760833,0.99999607,0.5570795,0.27587542,0.99999475,0.5610025,0.27664372,0.9999924,0.56478226,0.2775294,0.99999285,0.5455056,0.27433392,0.9999938,0.54171646,0.27395096,0.9999913,0.5379368,0.2736848,0.99999225,0.5700389,0.28495824,0.99998724,0.5333407,0.28008807,0.99998903,0.5551367,0.30192512,0.99998856,0.5400954,0.2996629,0.99998975,0.5858464,0.36811805,0.99956125,0.49879435,0.35039416,0.99930465,0.6339271,0.401865,0.9958176,0.43693143,0.37342292,0.9921273,0.65513164,0.30761108,0.9956623,0.44752067,0.2769315,0.9907504,0.65921396,0.28122288,0.9832675,0.44943696,0.25217703,0.9663167,0.6538621,0.27765748,0.9810204,0.4593561,0.24683267,0.9604043,0.64935154,0.2867196,0.97062117,0.4627404,0.2569692,0.9485144,0.5392938,0.5655429,0.9997923,0.4954681,0.5558862,0.9997638,0.60591125,0.6292215,0.9844881,0.4090167,0.59734714,0.9879076,0.5947087,0.766068,0.97596484,0.38689947,0.73339325,0.9798415,0.5844464,0.7859659,0.9196918,0.39642474,0.7567739,0.928083,0.6046444,0.8131584,0.9597228,0.3557086,0.7702766,0.95927656
41201.jpg,0.4033375,0.22278321,0.9999993,0.40742624,0.20073926,0.9999987,0.41455147,0.19711581,0.999997,0.42090604,0.1938996,0.9999976,0.38706177,0.20952669,0.99999917,0.38048398,0.21227202,0.99999857,0.37455624,0.2148399,0.9999993,0.43271208,0.19731292,0.99999595,0.3721876,0.22389433,0.9999994,0.42878798,0.23543975,0.9999976,0.39904058,0.24549556,0.99999905,0.5426847,0.29492417,0.9995358,0.34756935,0.3598634,0.9999405,0.68479156,0.2264775,0.99931884,0.18023658,0.39567357,0.99988794,0.6312027,0.093755454,0.9962004,0.14247271,0.25074068,0.99895394,0.61602604,0.04935175,0.97761756,0.12113887,0.21355665,0.9900871,0.6027694,0.04998362,0.9718678,0.13712996,0.20541698,0.9868449,0.60321915,0.06970304,0.96339184,0.15093663,0.21992952,0.98436534,0.59839284,0.5712907,0.9978447,0.46777093,0.6133747,0.9994804,0.82424116,0.5767384,0.9889572,0.29418823,0.7818903,0.99562967,0.9312003,0.7482451,0.9807138,0.35966867,0.9736667,0.99408084,0.9257662,0.7805425,0.95056546,0.38714057,0.98189604,0.97642034,1.0112789,0.77514493,0.9399009,0.31844205,1.0547146,0.9604636
41894_aug.jpg,0.718324,0.5321971,0.9999976,0.733258,0.5299712,0.9999943,0.7336867,0.5318001,0.9999926,0.7341701,0.5334033,0.99999416,0.73236156,0.52084893,0.99999475,0.7319994,0.51590455,0.9999932,0.7314532,0.51073533,0.99999404,0.7284864,0.5256631,0.99998736,0.722785,0.49551097,0.9999869,0.7031031,0.53419226,0.9999937,0.7011031,0.52209723,0.99999285,0.6210008,0.5667975,0.9998441,0.616727,0.44495392,0.9996363,0.5234527,0.61003286,0.927519,0.5213273,0.39602327,0.9632833,0.44250998,0.66515493,0.9106397,0.44485226,0.34226638,0.9637521,0.4258127,0.6868868,0.8635845,0.42859662,0.31973052,0.94387245,0.42716327,0.68524647,0.87670946,0.4296011,0.32309762,0.9485071,0.43095642,0.67703223,0.86440533,0.43298632,0.3328795,0.93236023,0.42139068,0.5415338,0.99952126,0.42095608,0.46307173,0.9995857,0.39499223,0.6649916,0.99711764,0.39512688,0.34238163,0.9990753,0.25344127,0.65476346,0.9958994,0.2555874,0.345249,0.9988404,0.23585984,0.6413091,0.9864139,0.23224208,0.36331457,0.9913907,0.19347286,0.6784275,0.98956364,0.19626577,0.3142144,0.99422497
44107_aug.jpg,0.50237995,0.5933851,0.99998856,0.49571913,0.5965709,0.9999585,0.4918734,0.5961535,0.9999535,0.48810247,0.59551436,0.99994326,0.5065406,0.59588003,0.9999763,0.51012987,0.5950295,0.99997866,0.5142845,0.5939543,0.9999801,0.48167196,0.5870489,0.99992275,0.52097285,0.5834886,0.9999795,0.49315757,0.5839168,0.9996731,0.5090237,0.5827526,0.9998067,0.43884128,0.5391283,0.9991786,0.5557202,0.51991546,0.99980515,0.35472518,0.569491,0.9949038,0.6420978,0.53443253,0.99573296,0.30038312,0.6335394,0.98866546,0.69944185,0.5753502,0.9895812,0.29253775,0.6547435,0.962222,0.7128959,0.59485924,0.9565898,0.29692245,0.65870434,0.96579814,0.7097748,0.59970665,0.95703226,0.30050093,0.65181476,0.96639854,0.7042525,0.59188753,0.9581385,0.4333112,0.39715937,0.9995158,0.51796174,0.38414028,0.9997814,0.31184316,0.34597528,0.9902436,0.6236621,0.3087551,0.9966287,0.27103198,0.24333186,0.97303224,0.6355611,0.20790116,0.98891056,0.28131878,0.22752455,0.92659956,0.62302446,0.1884669,0.96537906,0.21664757,0.22575606,0.9317902,0.70030814,0.17937134,0.9627432
44333.jpg,0.25843638,0.6782128,0.99999666,0.24492544,0.68196535,0.99999225,0.24176925,0.67824966,0.9999902,0.23803201,0.67389476,0.9999893,0.25550318,0.6936717,0.99999344,0.2596943,0.6982181,0.9999931,0.26430994,0.7026819,0.9999943,0.24007395,0.6653564,0.999985,0.2787314,0.7064531,0.99999404,0.264574,0.6606127,0.9999895,0.27729177,0.6752308,0.9999944,0.28782076,0.56612813,0.99980587,0.38258445,0.6814511,0.99971753,0.21790972,0.4721209,0.9966372,0.4636402,0.7749648,0.9983076,0.11502865,0.50993997,0.98445326,0.4000866,0.8592415,0.992716,0.08661866,0.52168447,0.92609525,0.37360597,0.8863037,0.96010035,0.08466926,0.53503305,0.92685276,0.36613774,0.8830408,0.9581329,0.09581414,0.53017867,0.92117184,0.37317675,0.8721225,0.95209295,0.4794226,0.44476166,0.99973065,0.5416225,0.5178641,0.99969137,0.51954216,0.27868775,0.9989697,0.7196154,0.4865138,0.999188,0.59493154,0.15238851,0.9979348,0.8347051,0.4270931,0.9978016,0.6140884,0.1467396,0.94444066,0.84160936,0.4135583,0.95847,0.6172795,0.109271675,0.99243224,0.8838011,0.40651605,0.99172133
45368_aug.jpg,0.5512323,0.684569,0.9999865,0.5433315,0.70429444,0.99998605,0.53631276,0.7068156,0.999982,0.5288343,0.70965993,0.9999763,0.55456495,0.7008646,0.9999876,0.55627763,0.7004715,0.99998796,0.5579096,0.7002512,0.99998975,0.5009033,0.7101022,0.9999733,0.5417794,0.69758356,0.99997973,0.53206456,0.66960347,0.9999809,0.54443973,0.6663177,0.99998367,0.40079397,0.62956077,0.9994999,0.5440929,0.56942385,0.99988866,0.37586468,0.5002841,0.9581906,0.6046245,0.43407288,0.9817894,0.5067125,0.49543947,0.95436686,0.538156,0.4821256,0.9590053,0.5336244,0.507746,0.9078535,0.5336456,0.5167777,0.8860817,0.528662,0.521212,0.8971188,0.5274314,0.52884763,0.85923976,0.52092296,0.52058583,0.84320176,0.52576005,0.5232212,0.8194443,0.35872555,0.380612,0.9998534,0.45898858,0.35152885,0.99978274,0.30527216,0.36713868,0.99370486,0.65321106,0.26247507,0.9876275,0.27026215,0.13842809,0.9829374,0.6059695,0.07609218,0.97822964,0.2770348,0.10139021,0.96975905,0.57609487,0.051415563,0.9678357,0.21577089,0.10311386,0.9785726,0.6730909,0.020894319,0.9641748
45696.jpg,0.23285042,0.3658634,0.9999976,0.22106147,0.36455157,0.99999416,0.21934235,0.36081064,0.9999912,0.21820651,0.3579495,0.9999912,0.22696872,0.37616038,0.99999475,0.22942263,0.38064653,0.9999938,0.23197721,0.38432926,0.9999951,0.22286043,0.35264194,0.9999882,0.24026027,0.39092404,0.9999945,0.2426179,0.35335404,0.9999893,0.2498183,0.36847422,0.9999932,0.27862364,0.2974249,0.9998425,0.31799224,0.3912593,0.9998093,0.24415231,0.23006675,0.9958033,0.34187663,0.46232837,0.9993524,0.16329807,0.25987592,0.9952537,0.26603723,0.4947707,0.99814284,0.14005193,0.26577392,0.9777295,0.24202009,0.5048297,0.9894064,0.13864258,0.27314878,0.9754039,0.23602806,0.49846843,0.9880316,0.14742038,0.2725852,0.97129446,0.24448302,0.49146253,0.9845856,0.46812516,0.2435363,0.99992585,0.4906284,0.3037341,0.99990773,0.53734374,0.13382302,0.9988986,0.62179947,0.31564227,0.99933136,0.62794405,0.10813612,0.9954301,0.69881284,0.28357765,0.99803513,0.6415451,0.116185695,0.9721605,0.70319927,0.2761358,0.9734163,0.6610181,0.07099047,0.99158716,0.7434988,0.26656368,0.9945102
45764_aug.jpg,0.8359072,0.39928418,0.999972,0.85529345,0.40212795,0.99996436,0.8568471,0.4077824,0.9999505,0.8579732,0.41206875,0.999941,0.8495738,0.38144338,0.9999665,0.84700406,0.37432462,0.99996257,0.84425426,0.36733437,0.99996424,0.8510176,0.42090976,0.9999076,0.82876825,0.36218297,0.9999572,0.8149971,0.41733506,0.9999794,0.80762184,0.39320534,0.9999869,0.7225941,0.50736827,0.99783474,0.67620575,0.35325107,0.99964416,0.562857,0.5830769,0.81683725,0.5130511,0.39067173,0.96837234,0.60777086,0.5003556,0.77768946,0.6109253,0.46715584,0.9800939,0.63343006,0.4871588,0.67464954,0.64529383,0.4740422,0.95645535,0.65260214,0.4818942,0.6485066,0.66005856,0.4658736,0.9451483,0.6407835,0.48463416,0.5417604,0.651606,0.46371937,0.8948927,0.4342742,0.55365294,0.99943405,0.4073524,0.4559757,0.9996861,0.45987096,0.713341,0.98490417,0.35390854,0.35989794,0.99318016,0.22528198,0.76217616,0.96659386,0.116208285,0.41938433,0.9849673,0.19932252,0.74999034,0.9162594,0.099387944,0.43858963,0.9276659,0.1492059,0.8077723,0.9652129,0.038143367,0.43622252,0.9716803
4590.jpg,0.28424507,0.75854874,0.9999958,0.26525202,0.761516,0.99999595,0.2607563,0.7570468,0.9999949,0.25603527,0.75219834,0.9999933,0.27834815,0.77398837,0.9999974,0.28285852,0.7783016,0.99999654,0.28770173,0.782405,0.9999962,0.25004524,0.7341367,0.9999958,0.2978289,0.7779713,0.9999939,0.28785092,0.73333037,0.9999882,0.30365372,0.75157535,0.99998844,0.30027014,0.64887106,0.9997892,0.3805137,0.6930376,0.99936646,0.40366042,0.6194368,0.9874362,0.5107361,0.67335933,0.6698628,0.42950857,0.6998127,0.96752757,0.452033,0.7041489,0.82700926,0.42270952,0.7227118,0.9398138,0.4313655,0.719399,0.76978636,0.4150161,0.7208169,0.93803793,0.4222422,0.71960795,0.75229377,0.4150874,0.7109688,0.9177706,0.42343616,0.711896,0.7297598,0.48283792,0.4296059,0.99985003,0.5247518,0.46318474,0.99976236,0.6131699,0.35176513,0.99463296,0.6704289,0.48439947,0.92075425,0.6803602,0.13962051,0.99512357,0.7051479,0.2940662,0.90382797,0.6758768,0.100690305,0.97495687,0.70161635,0.25867045,0.88527954,0.7481608,0.13518149,0.9940435,0.7759023,0.27943724,0.91926104
47247.jpg,0.20745254,0.6953807,0.999997,0.18724793,0.7008327,0.9999976,0.18442336,0.69661415,0.99999714,0.18203288,0.69323194,0.9999975,0.19937426,0.7179773,0.99999726,0.20489138,0.7249291,0.99999666,0.20970944,0.7300878,0.999997,0.18824515,0.6844881,0.99999464,0.22724429,0.7323345,0.9999962,0.2218208,0.6721236,0.9999964,0.23599887,0.6932062,0.99999714,0.27801195,0.559764,0.99940073,0.3715909,0.69255584,0.9998271,0.41070497,0.43805078,0.889522,0.5176037,0.6093906,0.9418565,0.37646416,0.53734016,0.91821355,0.39896443,0.5647627,0.953492,0.34770536,0.56480324,0.862492,0.36366224,0.5697287,0.9070537,0.33461136,0.57241464,0.8470078,0.35342795,0.5835228,0.8897226,0.34376416,0.56749845,0.7896205,0.36156148,0.5824373,0.83738434,0.5442562,0.4230643,0.999577,0.60190886,0.5124108,0.9998275,0.46815914,0.27896082,0.9878593,0.6809715,0.5814874,0.99789256,0.6739812,0.15551701,0.9795013,0.8937905,0.44859907,0.9926139,0.7052306,0.1591731,0.9328448,0.9026568,0.43073982,0.9517982,0.731265,0.07642624,0.9720472,0.9634571,0.39989904,0.98417205
4747.jpg,0.44011134,0.6855539,0.99999714,0.42567307,0.69705504,0.99999654,0.42088968,0.69533694,0.99999464,0.41618273,0.6935491,0.99999475,0.4407075,0.7032655,0.9999969,0.44565046,0.70544183,0.9999962,0.4501506,0.7072078,0.99999666,0.4113971,0.68510985,0.9999926,0.45702317,0.7033772,0.9999963,0.43691102,0.6670265,0.99999356,0.4536332,0.67297244,0.99999523,0.41786143,0.5726928,0.9994554,0.5231831,0.6150706,0.99971384,0.43694973,0.45670626,0.9722056,0.59000593,0.5154338,0.9382376,0.49918497,0.5047105,0.92979825,0.52334774,0.51401114,0.8879242,0.50548995,0.52205426,0.85448986,0.50613755,0.5237108,0.78705555,0.49775493,0.53505707,0.8500295,0.5014624,0.53405625,0.7640598,0.49718142,0.5292585,0.76982534,0.50684434,0.532017,0.6886363,0.51192397,0.3990388,0.99985015,0.5802473,0.42802167,0.9999031,0.44175526,0.29414642,0.99586993,0.7047474,0.40273377,0.9992481,0.5131155,0.181828,0.9934127,0.7289075,0.27078062,0.99815494,0.53327286,0.16661999,0.9768743,0.72368586,0.24654198,0.98563427,0.4899989,0.12812966,0.9816336,0.78376865,0.24937232,0.9905201
47580.jpg,0.45209002,0.33158693,0.9999199,0.45134217,0.31905136,0.99988616,0.45385993,0.3183445,0.9997656,0.4564037,0.31753594,0.999746,0.44295225,0.32188132,0.9999219,0.43953067,0.32312778,0.99988985,0.4358673,0.3242385,0.9998977,0.45800543,0.32411683,0.99970067,0.4261595,0.3312351,0.99988973,0.4602125,0.3438255,0.99934036,0.4507579,0.34844905,0.9993499,0.48965073,0.37888783,0.98236716,0.42832762,0.40137354,0.9984572,0.48103032,0.2647728,0.7240681,0.403286,0.27667612,0.9940591,0.46051088,0.15628326,0.86384255,0.36468363,0.16062987,0.99347275,0.4514218,0.12529564,0.7854115,0.35603905,0.14112353,0.9821716,0.44466388,0.122606486,0.775457,0.36163956,0.13708115,0.97849715,0.44429654,0.13257375,0.78019744,0.36561477,0.14097205,0.97166854,0.5532219,0.60284233,0.9991398,0.5065057,0.62322694,0.9997074,0.67877597,0.63097805,0.99294746,0.4659568,0.7799008,0.99819,0.6825499,0.73659897,0.9787062,0.4803418,0.92032105,0.99888784,0.66780007,0.7604164,0.9505561,0.4930924,0.93152267,0.98580474,0.735632,0.76481134,0.95495635,0.46711987,0.985078,0.99375844
47653_aug.jpg,0.551667,0.37104115,0.9994796,0.5662425,0.35993117,0.99942917,0.57225466,0.36180472,0.9990036,0.5775224,0.3634528,0.999203,0.5483831,0.352696,0.9993923,0.5424581,0.34960574,0.9989711,0.5373935,0.34706128,0.9992035,0.5837536,0.372751,0.9987348,0.52954525,0.35143256,0.9994311,0.55756396,0.39133793,0.99591595,0.5353894,0.38053286,0.9964629,0.58937675,0.45198852,0.9696782,0.47966903,0.3972686,0.9908625,0.65028775,0.33351332,0.9866202,0.51333505,0.27297235,0.9957188,0.6269163,0.21353474,0.96105784,0.61927253,0.21030092,0.9807035,0.6320491,0.18512765,0.89025545,0.64097166,0.18743679,0.92938197,0.63158727,0.18412855,0.8738816,0.6398828,0.18935755,0.9140018,0.6280724,0.19453585,0.869388,0.6315643,0.20011109,0.9105576,0.46680936,0.6621858,0.99793196,0.3793211,0.6198665,0.99851185,0.60276866,0.7443911,0.9745953,0.23285578,0.5745857,0.99128634,0.5355167,0.900799,0.9342126,0.16587189,0.7233499,0.9646165,0.51377,0.9113361,0.88476187,0.17803389,0.74220103,0.9140152,0.5411747,0.9578055,0.83603334,0.12751955,0.77963686,0.8752375
47732.jpg,0.3147754,0.29400098,0.9999994,0.30931368,0.26842642,0.99999917,0.31512684,0.2627198,0.9999988,0.32054445,0.2575223,0.99999857,0.2917404,0.28512844,0.9999993,0.2849751,0.29086348,0.99999917,0.27890927,0.2955486,0.9999993,0.33616525,0.2541324,0.9999987,0.27666143,0.30990335,0.9999994,0.34036422,0.30352792,0.9999993,0.31848574,0.32024,0.9999994,0.47189042,0.33167967,0.99991703,0.3298626,0.45284325,0.99996364,0.61082035,0.3882806,0.98734343,0.3841449,0.6033845,0.9899636,0.5012424,0.47103494,0.92491144,0.46703154,0.49319845,0.97247463,0.47209254,0.46907598,0.776886,0.46852732,0.45885575,0.91051584,0.46195948,0.46258202,0.74853694,0.462855,0.4534201,0.8890624,0.47359097,0.4641937,0.67878354,0.46499264,0.46291184,0.8386913,0.60733104,0.5582288,0.9999521,0.52025294,0.6317037,0.99995375,0.800046,0.53271884,0.9972662,0.47988957,0.82937354,0.9991406,0.8882656,0.6651589,0.99243426,0.58625096,0.93386567,0.9979863,0.8898765,0.6968011,0.97958565,0.6120713,0.9338316,0.9802524,0.96796167,0.65886825,0.9763697,0.5775735,1.0215216,0.9885445
4877.jpg,0.6261283,0.55227125,0.9996443,0.6366882,0.56793964,0.9996637,0.63450444,0.5745915,0.99941266,0.6324773,0.5806476,0.99952495,0.644037,0.54867744,0.99958175,0.6466394,0.54264325,0.99921715,0.6489819,0.53701955,0.99940884,0.62337947,0.58425456,0.9992968,0.64463025,0.5296676,0.99953043,0.6055406,0.5592227,0.99722505,0.61671805,0.5358318,0.9971892,0.55037403,0.5907542,0.98427767,0.5967443,0.4780318,0.9912179,0.6630399,0.646136,0.98853046,0.719419,0.50883347,0.9932488,0.7819693,0.6264628,0.97542155,0.786042,0.608915,0.97881913,0.8146572,0.6351814,0.93024284,0.811579,0.63202906,0.9333052,0.81672,0.6349803,0.9189291,0.81109643,0.63070697,0.9211868,0.80613154,0.6296663,0.91341966,0.8001104,0.62235713,0.92129695,0.33448118,0.47574842,0.99781394,0.3753987,0.38462368,0.99832207,0.25918373,0.6048167,0.97615826,0.41718397,0.22985636,0.99089795,0.09558451,0.53934705,0.9338996,0.27086973,0.16658014,0.96026665,0.08894181,0.5172752,0.8832856,0.25625193,0.181672,0.9102971,0.03133282,0.5435915,0.8330129,0.2170733,0.12162042,0.85279477
49011_aug.jpg,0.440867,0.16301715,0.99995506,0.44047162,0.14487234,0.99992406,0.44425327,0.1443018,0.99989355,0.44768524,0.1438562,0.9998903,0.426143,0.1473566,0.99990904,0.4194547,0.14873916,0.99987996,0.413136,0.15030429,0.9998636,0.44680056,0.15085858,0.99979466,0.3994584,0.16152725,0.9997385,0.4490915,0.18166813,0.99997926,0.4311719,0.1832979,0.99997854,0.5092388,0.2708256,0.9982553,0.3705918,0.2973991,0.99884063,0.5402017,0.4194312,0.85878885,0.40099806,0.44845244,0.9074236,0.46629918,0.33984864,0.9477559,0.4378116,0.34480155,0.9600899,0.4540686,0.31057888,0.91433924,0.4346435,0.31159574,0.9261379,0.45813587,0.30091518,0.90097654,0.42963344,0.30348605,0.90597695,0.46217224,0.30905992,0.8454667,0.43207273,0.31279612,0.8442134,0.5450311,0.5455886,0.9991142,0.45227244,0.56709874,0.99942976,0.6610896,0.49961567,0.9964882,0.32109246,0.57657814,0.99556893,0.69341177,0.7184729,0.98665035,0.36815912,0.7915009,0.9920189,0.683687,0.7385806,0.9305537,0.3846547,0.80484354,0.9616056,0.7115688,0.7930614,0.9872457,0.3804129,0.87791693,0.98851776
49682_aug.jpg,0.38122806,0.4363746,0.99974376,0.36892083,0.42240852,0.9996866,0.3702527,0.41680628,0.9994412,0.37143573,0.4115417,0.9995403,0.36282519,0.4403597,0.9996643,0.35994467,0.44708583,0.9994306,0.35711485,0.45315453,0.99950564,0.37523767,0.40613002,0.99967206,0.3542857,0.46593696,0.999673,0.39857015,0.43208686,0.9968856,0.38938984,0.45258445,0.99668616,0.46575385,0.41030174,0.94687074,0.41062623,0.5263486,0.96670437,0.3180126,0.36227393,0.95983803,0.28544843,0.45967934,0.9631968,0.23708096,0.3511877,0.7085627,0.21402076,0.38652533,0.6343777,0.21618119,0.37352717,0.52035767,0.20298144,0.34478414,0.44761837,0.22437331,0.37740067,0.4758454,0.21442679,0.34767812,0.38907793,0.23819754,0.37967172,0.48265302,0.22224283,0.35683155,0.3962044,0.70917386,0.5466397,0.99797267,0.66044396,0.6365404,0.9986358,0.8193418,0.40284175,0.96489054,0.60701036,0.80227727,0.9930676,0.9821999,0.4754027,0.9358529,0.76944333,0.91650784,0.9809092,0.9870322,0.5007612,0.9031339,0.8028517,0.9076327,0.9609718,1.0523331,0.46699265,0.8405998,0.8170595,1.010351,0.9107728
49878.jpg,0.5346059,0.8535932,0.99997437,0.5112188,0.87061656,0.9999553,0.5029899,0.86925113,0.99995494,0.49431834,0.8675885,0.9999536,0.52535295,0.87375474,0.9999403,0.52803797,0.8748045,0.99993014,0.5306774,0.875965,0.99991393,0.46756798,0.8477664,0.9999454,0.5136152,0.86062825,0.9998838,0.52334285,0.8287555,0.9999263,0.54102623,0.8328413,0.9998412,0.40365803,0.70693374,0.9996146,0.5777038,0.712214,0.99965,0.35025805,0.5405934,0.952724,0.60952365,0.5687273,0.59978914,0.1871756,0.5268791,0.9472274,0.72427833,0.55572915,0.7767605,0.13281071,0.51499444,0.92614263,0.766545,0.5491609,0.72539157,0.12473473,0.5247457,0.9350572,0.77300024,0.5579872,0.7445072,0.14250952,0.5285163,0.9355794,0.7567592,0.55847394,0.76048243,0.43291086,0.42273885,0.9987947,0.5676618,0.42429832,0.9992324,0.2414256,0.31398314,0.9969169,0.8170235,0.35677359,0.9977964,0.12583712,0.09079835,0.99599165,0.83835536,0.15910569,0.9958164,0.13565382,0.05664918,0.9762175,0.8136827,0.125408,0.98632276,0.03302002,0.018946588,0.9808786,0.9441317,0.11445916,0.9830951
50336.jpg,0.43791997,0.88498044,0.999997,0.4240863,0.89775825,0.9999968,0.41873175,0.89516616,0.999995,0.4137023,0.8924581,0.9999957,0.44052842,0.90565085,0.999995,0.44768828,0.9089662,0.99999356,0.45423394,0.9118042,0.9999943,0.4124029,0.8835951,0.99999034,0.46885103,0.90790987,0.9999883,0.43898052,0.8607348,0.99999547,0.45859867,0.8717171,0.99999464,0.4438134,0.74294335,0.9999038,0.55636835,0.7978335,0.99980646,0.5018189,0.5839776,0.5256494,0.6487503,0.66355044,0.9454032,0.4864722,0.44758257,0.6786312,0.7479961,0.5842986,0.94526565,0.46885335,0.41749358,0.6366163,0.78146994,0.5742092,0.9199723,0.46510082,0.41688746,0.6627611,0.7809966,0.576462,0.9266599,0.4729086,0.42703867,0.6585187,0.7690214,0.57745,0.90981305,0.60590214,0.5005629,0.9996643,0.676389,0.52345115,0.9991411,0.5098908,0.38807967,0.9763925,0.7143338,0.46355748,0.99079996,0.62624687,0.16896185,0.96458477,0.90377283,0.2757905,0.97168463,0.6521865,0.15320906,0.88381964,0.9129412,0.25049847,0.89115846,0.6540464,0.08663949,0.9573251,0.9406519,0.19003871,0.962433
50404_aug.jpg,0.809523,0.23911206,0.99996805,0.83146775,0.2418749,0.999961,0.8349077,0.24800247,0.9999449,0.8378798,0.25329953,0.9999554,0.82134604,0.22278395,0.9999535,0.81799006,0.21632515,0.9999409,0.81466556,0.21020485,0.9999523,0.8339858,0.26541263,0.99989605,0.8030164,0.20744954,0.9998987,0.79446185,0.2615503,0.9999621,0.7824691,0.23929505,0.9999629,0.7307676,0.3854097,0.997905,0.65930295,0.23385893,0.9988386,0.63925904,0.49775043,0.9804992,0.52257836,0.23316129,0.9721967,0.7702123,0.428009,0.98999727,0.64600134,0.16247073,0.9860234,0.80543077,0.40837666,0.9683782,0.68478703,0.14897749,0.9593591,0.81140435,0.39709216,0.9615828,0.6953736,0.15154624,0.9497761,0.79513234,0.40022677,0.9369116,0.68606967,0.16058466,0.92654526,0.49286342,0.47586176,0.9996532,0.44470674,0.38889158,0.99967384,0.5118714,0.5965026,0.99292713,0.37358916,0.28678262,0.99500024,0.3305912,0.6577769,0.9847472,0.2317638,0.42270327,0.9942204,0.29512823,0.6499996,0.9442879,0.21575049,0.4577558,0.9732772,0.282008,0.7189512,0.9832287,0.16013417,0.40595037,0.98964345
50929_aug.jpg,0.45164612,0.61667883,0.99999785,0.44039315,0.6267096,0.99999475,0.43708304,0.6255031,0.99999154,0.43290275,0.6239116,0.9999918,0.45402926,0.63131475,0.99999654,0.45951393,0.6333094,0.9999956,0.46487072,0.6349945,0.99999666,0.43055546,0.61760366,0.99998534,0.47733665,0.633705,0.9999974,0.45016536,0.59968394,0.9999864,0.4661023,0.6051768,0.99999356,0.421481,0.519325,0.9990947,0.5562715,0.57984275,0.99975437,0.33468825,0.465757,0.9984257,0.6546323,0.62112916,0.99970263,0.27125174,0.5382452,0.9958205,0.6238162,0.7108909,0.9984459,0.25368214,0.5592271,0.9757902,0.61743915,0.7363736,0.9870942,0.260949,0.56814015,0.9739222,0.605071,0.737781,0.98463863,0.2697426,0.5604303,0.96536684,0.60434324,0.727096,0.98036695,0.52955717,0.35414967,0.998814,0.60943115,0.39528516,0.99960095,0.41762,0.2582692,0.9970489,0.7485129,0.42460024,0.99951124,0.47357175,0.12912247,0.9955238,0.8161814,0.2965877,0.99882346,0.4956603,0.111050606,0.9871098,0.8117174,0.2694064,0.9945781,0.43957597,0.06693295,0.985084,0.8827462,0.28377008,0.992729
51941.jpg,0.31851137,0.16643867,0.99998677,0.3213573,0.14351436,0.9999796,0.32987273,0.13945258,0.9999658,0.33760875,0.13594389,0.999969,0.29462457,0.15933847,0.99998546,0.2868553,0.16482997,0.99997973,0.28114286,0.16913885,0.999987,0.35356987,0.14792913,0.9999614,0.28354993,0.18999633,0.99998915,0.35400343,0.1816256,0.9999628,0.3171175,0.19955677,0.99998,0.5137974,0.23684609,0.9984675,0.29195362,0.366639,0.99972254,0.6788588,0.18035543,0.9964056,0.15454027,0.46455562,0.9989122,0.62171394,0.018995881,0.9857838,0.03861767,0.33604723,0.9974853,0.60984695,-0.020686924,0.9321695,0.0039847493,0.30183968,0.98492485,0.5911109,-0.021832228,0.92061543,0.017978668,0.2844194,0.9823553,0.5941043,-0.0038391352,0.9193383,0.0332644,0.2958597,0.9814631,0.6469776,0.5510412,0.9964193,0.50592023,0.6273487,0.99851924,0.86397314,0.48304394,0.9698583,0.36230326,0.80627763,0.9860858,0.9664061,0.6959884,0.9094798,0.48376462,0.965788,0.9550774,0.95328915,0.7386571,0.8637861,0.5216151,0.96653455,0.91319215,1.0977323,0.70911473,0.806545,0.4679592,1.0683889,0.84305865
52474_aug.jpg,0.7466879,0.33150563,0.9997948,0.75906885,0.33135366,0.99964154,0.76225483,0.33711112,0.9996369,0.7658117,0.34351164,0.9994917,0.7498375,0.31766447,0.99970585,0.74635065,0.3131589,0.9996958,0.7428478,0.30876452,0.99969983,0.76002085,0.36047187,0.9995658,0.7296653,0.307957,0.9997873,0.7384019,0.35257024,0.9992173,0.7248565,0.3345963,0.9993581,0.7077184,0.49244642,0.99902606,0.6093694,0.33103555,0.9999025,0.8131578,0.60167116,0.9920254,0.52060795,0.17022228,0.9972174,0.9531789,0.5361449,0.9762942,0.6326742,0.05256787,0.9935148,0.98483515,0.51595867,0.92638093,0.66292286,0.026247382,0.97726256,0.98515666,0.4969718,0.9207471,0.67820024,0.039158016,0.978742,0.9649756,0.5054608,0.9389919,0.6689968,0.051784605,0.98074454,0.41334227,0.6061047,0.9988055,0.3596271,0.5043864,0.9995939,0.5385785,0.83352387,0.9924191,0.18138638,0.34172893,0.99661773,0.3229692,0.9685761,0.95696676,0.015902787,0.4694808,0.97810465,0.27797467,0.9613734,0.88928306,0.022059768,0.4948931,0.92150295,0.2956667,1.0751684,0.9248178,-0.040037677,0.48210347,0.936519
5268_aug.jpg,0.58213484,0.3900236,0.9994916,0.6008456,0.3829803,0.9994473,0.6061923,0.3867156,0.99902356,0.61056054,0.38966954,0.99920267,0.5847258,0.3706864,0.99939835,0.58003545,0.3663348,0.9988937,0.5760323,0.3624924,0.9992107,0.613503,0.4010776,0.9990351,0.5669808,0.36509043,0.999416,0.58227,0.4100056,0.9962166,0.563842,0.39424354,0.9968065,0.5980005,0.47820657,0.97837925,0.5067321,0.3966704,0.99468404,0.6845693,0.38674194,0.9903874,0.56952345,0.29181102,0.9945879,0.69762355,0.2631036,0.97517335,0.68786675,0.2586608,0.97740376,0.71335316,0.2358084,0.9256055,0.71469617,0.2419934,0.9176894,0.7156416,0.23385963,0.91160566,0.71495974,0.24188843,0.9006886,0.7081307,0.2424702,0.9030238,0.7038776,0.2501112,0.89862645,0.4246763,0.64368725,0.9979243,0.34832242,0.5792026,0.9988518,0.53170496,0.75932324,0.97204846,0.21880847,0.49973428,0.9925103,0.42557928,0.8888613,0.9174485,0.09946263,0.6373707,0.96596587,0.4003877,0.8916709,0.85081595,0.10116744,0.65829283,0.90674293,0.4103995,0.95680594,0.8252356,0.030236453,0.65757656,0.8866175
52797_aug.jpg,0.6109771,0.23791108,0.9999963,0.611508,0.227198,0.99999523,0.6148416,0.22600384,0.9999908,0.6181542,0.2251334,0.9999913,0.60263306,0.23223877,0.9999964,0.5997937,0.23439276,0.9999949,0.59713864,0.23664266,0.9999964,0.6266987,0.22818051,0.9999877,0.5972023,0.2437042,0.99999595,0.62348527,0.24364945,0.99998677,0.6124692,0.25034848,0.9999932,0.6775431,0.27385855,0.9977315,0.6221055,0.32084805,0.9995783,0.71976805,0.24693957,0.98967534,0.57155156,0.36044198,0.99421704,0.6714573,0.18146157,0.977233,0.5363992,0.30003035,0.99008256,0.6545929,0.16143978,0.93281454,0.522647,0.27905488,0.9606888,0.64958704,0.16034973,0.9230875,0.5254147,0.27335837,0.95419025,0.65377414,0.16854808,0.90526927,0.5301132,0.27565122,0.946284,0.7803208,0.4160599,0.9997621,0.74297166,0.44603136,0.9998629,0.870257,0.4294903,0.98838985,0.732204,0.55122405,0.9921429,0.9476215,0.512243,0.9744881,0.7912897,0.64316106,0.9899843,0.9535547,0.531056,0.89674985,0.8103229,0.64726424,0.9410311,0.986506,0.52176327,0.95213693,0.786461,0.6883534,0.9637007
52824_aug.jpg,0.3079399,0.6954947,0.99993527,0.30266684,0.68929803,0.9999449,0.30358702,0.68749475,0.9999306,0.3043602,0.6855136,0.9999454,0.3000143,0.6947015,0.9998952,0.29922348,0.6968168,0.9998398,0.29812437,0.69895995,0.99985063,0.31433448,0.6874507,0.99991477,0.30515876,0.7083512,0.99977356,0.32082528,0.6953036,0.9998797,0.31863976,0.70252174,0.99980825,0.37901658,0.68869025,0.9994454,0.3507852,0.75315577,0.99881685,0.3481908,0.6656541,0.9862358,0.296824,0.7456828,0.9888248,0.26670405,0.6378643,0.9876938,0.22624367,0.71152616,0.98235244,0.23696622,0.63406587,0.97253,0.20876384,0.6980759,0.95304495,0.24343815,0.6302543,0.9702489,0.2087309,0.6936196,0.9466805,0.24963453,0.636184,0.9643302,0.21521294,0.6959789,0.94181734,0.53831756,0.7590072,0.9999279,0.5140071,0.8102073,0.9998684,0.62949705,0.73531765,0.985313,0.5698762,0.8823308,0.99386543,0.7588037,0.78188115,0.9819936,0.686909,0.93911064,0.9836918,0.7787981,0.7978944,0.89020854,0.70306885,0.9395336,0.86726415,0.81080544,0.7811546,0.9668072,0.7375313,0.971803,0.96819246
53030_aug.jpg,0.26367292,0.32651877,0.99999475,0.25536287,0.31174475,0.9999933,0.25897372,0.30684024,0.99998987,0.26251554,0.302204,0.9999907,0.24601653,0.3256921,0.99999297,0.24247172,0.33179533,0.9999901,0.2385692,0.33820778,0.999992,0.2748646,0.3024054,0.99998903,0.2395604,0.3550093,0.9999933,0.28806636,0.32875165,0.9999833,0.27464974,0.34582788,0.9999863,0.3989905,0.33625036,0.999678,0.31088486,0.46528232,0.9995827,0.5001709,0.27730587,0.99538136,0.28645793,0.5692717,0.997004,0.4051148,0.17727041,0.99228644,0.15565464,0.49517217,0.9936609,0.37726018,0.15353468,0.9633708,0.12438303,0.48456296,0.9696881,0.36079556,0.15946919,0.95926166,0.12216365,0.4755008,0.96590257,0.36702618,0.17134956,0.9543965,0.13231727,0.47515583,0.9614437,0.6065248,0.5059555,0.99969304,0.5422895,0.59066004,0.99979466,0.7785432,0.46722662,0.99507505,0.5700172,0.77679735,0.9990594,0.90492964,0.59034336,0.98240083,0.7093041,0.8632505,0.9968176,0.90993285,0.6223358,0.94649315,0.7452229,0.85733104,0.9712695,0.9839598,0.57966655,0.95956343,0.73983246,0.9409388,0.9865953
54092_aug.jpg,0.6481714,0.33094743,0.99999976,0.6641139,0.32501322,0.99999976,0.66807926,0.32791063,0.9999995,0.6712171,0.33035764,0.99999964,0.6527759,0.31538695,0.99999976,0.6490866,0.31166178,0.99999964,0.64551574,0.3081504,0.99999976,0.6715838,0.34028244,0.9999993,0.6340223,0.3071773,0.99999976,0.6455495,0.3490688,0.99999845,0.6309638,0.33546233,0.99999917,0.6397413,0.44128972,0.999582,0.5387228,0.3526999,0.9998135,0.697348,0.50742346,0.9942649,0.46056277,0.30706874,0.99795806,0.7913016,0.43358666,0.9916543,0.53949356,0.20672116,0.994958,0.8189411,0.418648,0.96680963,0.55270284,0.1794329,0.9708826,0.81606305,0.41074902,0.9629576,0.5604303,0.18176115,0.96529627,0.8041856,0.4138678,0.94947267,0.55824023,0.19311404,0.957652,0.44462436,0.59746116,0.99984133,0.3892195,0.54065543,0.9998884,0.5058264,0.7179742,0.9896917,0.27480102,0.5082666,0.99748874,0.36999044,0.8613225,0.98199666,0.116028935,0.6308795,0.99499893,0.34373745,0.87095845,0.9583278,0.10326794,0.6595693,0.97716695,0.36253023,0.9310419,0.97245514,0.041613996,0.6299712,0.987321
54118_aug.jpg,0.7412368,0.49871615,0.99999523,0.753244,0.5034491,0.99999094,0.75364363,0.5065392,0.9999865,0.7537879,0.5094638,0.9999881,0.7522541,0.4951887,0.9999901,0.752151,0.49278104,0.9999845,0.7519996,0.4903421,0.9999882,0.74879885,0.5171792,0.9999814,0.74767554,0.48879948,0.9999794,0.73008114,0.505891,0.99998415,0.729939,0.49499053,0.9999858,0.66118217,0.5541179,0.99957794,0.6608934,0.46756437,0.99958247,0.6468602,0.6293206,0.9919425,0.6315719,0.41113132,0.9837736,0.73363364,0.65578616,0.9778488,0.72220325,0.37307245,0.9895062,0.75110936,0.6664201,0.9347119,0.73830926,0.3571422,0.96507096,0.75548494,0.6632465,0.9299614,0.7400775,0.35954505,0.9636584,0.74790895,0.65690464,0.91055655,0.7344492,0.36641264,0.9616439,0.43538082,0.5362685,0.99969554,0.43464434,0.49441186,0.9996462,0.30923438,0.6212303,0.9789082,0.30382383,0.40830863,0.97560626,0.15534446,0.6277464,0.98222715,0.14601004,0.40880114,0.98088306,0.12938043,0.61813116,0.8952631,0.12127712,0.42102286,0.93625426,0.112921834,0.65641665,0.97203493,0.11081681,0.37997285,0.96582884
55101.jpg,0.39528766,0.4546248,0.9999982,0.38922927,0.44528213,0.999997,0.39046842,0.4427389,0.999995,0.3919571,0.44032407,0.9999957,0.38594443,0.4529782,0.99999714,0.3845521,0.45581642,0.99999595,0.38331595,0.45837545,0.999997,0.39905885,0.4389075,0.99999094,0.38589486,0.4638208,0.9999963,0.40661323,0.45298985,0.9999926,0.40141505,0.46215457,0.9999957,0.4711148,0.44665852,0.9991509,0.4317498,0.5138338,0.9996741,0.50775045,0.41175276,0.99608254,0.4219811,0.56211495,0.99694985,0.43672192,0.36575451,0.99614906,0.34940973,0.52747464,0.9944547,0.41650516,0.35408944,0.9834938,0.33112454,0.5225958,0.9744115,0.4111596,0.35703504,0.9812034,0.3293837,0.51543754,0.96920705,0.41831648,0.3630323,0.97006077,0.33720177,0.5150024,0.95989203,0.61163414,0.5332004,0.99983597,0.58897465,0.5722057,0.9999218,0.684038,0.49830124,0.9871781,0.60181403,0.64785624,0.9964897,0.7797224,0.5482356,0.9787133,0.69934785,0.7039292,0.99220395,0.7872969,0.56424356,0.92426795,0.71809965,0.70321536,0.95769835,0.82184136,0.5459079,0.9636027,0.7192046,0.7398449,0.9812852
55415_aug.jpg,0.373391,0.36154288,0.99999905,0.3694268,0.34753135,0.99999845,0.372733,0.34457484,0.99999726,0.37568992,0.34235144,0.9999976,0.36007196,0.35649732,0.9999982,0.357023,0.35962978,0.9999975,0.35419282,0.36267316,0.9999981,0.3841132,0.34371054,0.99999607,0.35658187,0.37078106,0.9999975,0.38950676,0.3653285,0.9999957,0.37887526,0.3767997,0.99999714,0.46951458,0.38402385,0.9994029,0.40085775,0.44898018,0.9993493,0.5366103,0.36645758,0.99757475,0.38581926,0.51644135,0.9961312,0.45052463,0.2924543,0.99728286,0.3090029,0.43720278,0.9954739,0.42919064,0.27339464,0.9866724,0.2860348,0.41666335,0.97974193,0.42338252,0.27466118,0.98465526,0.28600323,0.40814105,0.9750708,0.42960656,0.28444153,0.9746674,0.29805368,0.41372722,0.9665155,0.60649693,0.53570825,0.9997638,0.5702969,0.57171977,0.99981683,0.7186817,0.5248133,0.9890591,0.5676997,0.68029994,0.99565446,0.81514764,0.62285364,0.9850271,0.68275946,0.76692677,0.9902416,0.8188727,0.6424903,0.9358625,0.70522106,0.7716102,0.95541906,0.8621298,0.63637364,0.97098374,0.6941225,0.8153206,0.97364604
57525.jpg,0.7699796,0.52050924,0.9995443,0.77081937,0.5271447,0.99957913,0.76942575,0.5276318,0.99949384,0.76798385,0.52841824,0.99957365,0.7752924,0.52657545,0.9992106,0.77722573,0.52653414,0.9988331,0.7792342,0.52683735,0.9987841,0.76606697,0.5211314,0.9994186,0.7815498,0.5182557,0.9978788,0.76255125,0.5123129,0.9990252,0.768079,0.5105385,0.99831426,0.7260328,0.47741562,0.998803,0.7858317,0.46500486,0.9947449,0.7296411,0.52580166,0.97894555,0.8128782,0.51897377,0.9811435,0.7496216,0.5962194,0.9760586,0.8238131,0.5967144,0.9803687,0.764953,0.6143106,0.9468677,0.8284255,0.60829556,0.9543855,0.76169133,0.6134206,0.9445319,0.82958823,0.609344,0.95043296,0.76381946,0.6093946,0.9421434,0.82742196,0.60524106,0.9468176,0.6782842,0.305656,0.9998222,0.7227009,0.29265675,0.9996265,0.59388614,0.2416774,0.9845712,0.7473511,0.1901139,0.9910472,0.5540888,0.1199854,0.9813798,0.71912146,0.068438366,0.98214436,0.5496453,0.094545245,0.91433126,0.7112598,0.053928435,0.89488834,0.5137683,0.08701503,0.959141,0.7192626,0.01885724,0.95573723
58355_aug.jpg,0.61502326,0.20581031,0.99999547,0.6309818,0.19443828,0.99999046,0.63617766,0.19689688,0.9999833,0.64078903,0.19934675,0.9999856,0.61409676,0.18597803,0.9999919,0.6083605,0.1828781,0.9999894,0.6027291,0.17991754,0.9999926,0.6428645,0.21163738,0.9999771,0.58896244,0.18302706,0.99999034,0.6172865,0.22806302,0.9999789,0.5952645,0.21619558,0.99998665,0.6325387,0.32893914,0.9992539,0.5026611,0.26588684,0.9992034,0.7196336,0.38276017,0.9959046,0.40751508,0.237569,0.99769455,0.7868178,0.26909956,0.9910182,0.48217827,0.11322266,0.994669,0.8023464,0.23982707,0.95756614,0.49857798,0.082331836,0.973825,0.7969179,0.22766113,0.9518425,0.51009274,0.08042908,0.96959853,0.78833497,0.23667094,0.9428785,0.50643516,0.09485817,0.96193355,0.47728372,0.5540811,0.99982244,0.40354443,0.5113348,0.99985254,0.5094064,0.7193589,0.99722314,0.24723725,0.59084225,0.9990871,0.42104387,0.8215425,0.99012077,0.20834509,0.7133654,0.99785197,0.39864075,0.8245956,0.96483964,0.21455723,0.73615694,0.98422086,0.43351355,0.89362806,0.98017156,0.13934997,0.747496,0.9930179
59115.jpg,0.24438357,0.35306698,0.9989785,0.23471856,0.33590952,0.9989749,0.23723727,0.3313026,0.99910116,0.24000984,0.32677647,0.9989417,0.22710514,0.35100287,0.9993284,0.22456121,0.35702106,0.9992567,0.22220927,0.36320153,0.99885845,0.24797761,0.33210444,0.9993486,0.22393358,0.37512633,0.9989793,0.26660275,0.35294783,0.99863464,0.2550658,0.37547773,0.9983517,0.33636403,0.41116884,0.99949265,0.29445145,0.45167089,0.9976131,0.39042717,0.23429175,0.94792295,0.25389892,0.43088615,0.9371913,0.30536073,0.08105269,0.9703186,0.11634475,0.33278698,0.92061883,0.27963498,0.061649457,0.9427078,0.08351964,0.29493842,0.8733646,0.25979215,0.060593247,0.94336087,0.06645858,0.30948922,0.8734334,0.2702542,0.075666085,0.9440783,0.08296144,0.3261482,0.8545474,0.641689,0.44492102,0.9915428,0.62611353,0.4731564,0.9918686,0.75805,0.340501,0.9645037,0.70051134,0.5411613,0.9551748,0.88511497,0.5386707,0.86352533,0.89361566,0.6850829,0.946846,0.8845854,0.5676968,0.83399975,0.91101414,0.7023052,0.9426188,0.9702465,0.58516896,0.740992,0.9689818,0.75848204,0.8695148
59739.jpg,0.6079621,0.6535865,0.9999926,0.6100698,0.6656247,0.99998605,0.60710925,0.66754514,0.9999778,0.6038657,0.6696322,0.99997866,0.6191885,0.65950596,0.99998665,0.62282014,0.65683687,0.99998057,0.62651837,0.6540714,0.99998415,0.59563506,0.66594833,0.99994826,0.628592,0.6451172,0.99997616,0.59473664,0.64718413,0.99990284,0.6051496,0.63946664,0.9999378,0.52481246,0.6296715,0.99836224,0.60497135,0.5614324,0.99875605,0.49809134,0.68148106,0.99012125,0.66620684,0.54685414,0.99677914,0.54128116,0.77690554,0.9906861,0.7436093,0.61548185,0.99385464,0.550265,0.80046105,0.97036856,0.7638869,0.62473226,0.9728492,0.5552363,0.8007605,0.9695207,0.763693,0.6309431,0.9708454,0.55310595,0.7923299,0.9665709,0.7561744,0.6298971,0.96953267,0.40741202,0.43852884,0.99973625,0.45529783,0.40465865,0.99983406,0.28817528,0.38574436,0.9925673,0.4352687,0.26749963,0.99859446,0.20592164,0.29246196,0.9893379,0.37370506,0.15852213,0.9975044,0.20095687,0.2745068,0.9497947,0.35718226,0.1515888,0.97347295,0.14975065,0.28329384,0.97789085,0.3721804,0.10722241,0.99161094
59884.jpg,0.733404,0.2836689,0.99992824,0.72377473,0.2762888,0.99996865,0.7198511,0.27399066,0.99997306,0.7154612,0.2706341,0.99997807,0.72919476,0.2829759,0.99994993,0.72860956,0.28561208,0.9999497,0.7283558,0.28788215,0.9999542,0.69989216,0.2796369,0.99995685,0.71787214,0.2992574,0.99993205,0.7227886,0.29461044,0.9998715,0.7256835,0.30346328,0.9997961,0.59169716,0.3157335,0.9985543,0.7099451,0.4418075,0.99925,0.4693758,0.17186394,0.76925844,0.8268249,0.51657164,0.9449837,0.5462841,0.04897064,0.8507537,0.9809563,0.44103032,0.86645335,0.5616054,-0.003300786,0.8541284,1.023696,0.42802513,0.8456459,0.59319264,0.018803716,0.86091053,1.0131012,0.40609688,0.8464663,0.5888951,0.04178673,0.8155796,0.99155736,0.39806286,0.8214044,0.34137702,0.52120996,0.99770564,0.40328234,0.5742856,0.99899024,0.17738144,0.41530806,0.96892077,0.5443749,0.7583298,0.9901703,0.039121352,0.52706325,0.96086425,0.4110327,0.9832933,0.9460884,0.04279972,0.55073416,0.9338545,0.37992448,0.98729086,0.9156145,-0.023377724,0.5350714,0.9336783,0.4159146,1.0814325,0.90165746
61.jpg,0.62120545,0.38077706,0.99995124,0.6364912,0.3768704,0.9999267,0.63905394,0.37967482,0.99985576,0.6413802,0.38245636,0.99986935,0.6282483,0.36764088,0.9999318,0.62517214,0.36427206,0.9998927,0.6220185,0.36117685,0.9999156,0.64001405,0.3901608,0.99974304,0.6145421,0.3614841,0.999876,0.6136341,0.39706063,0.99923086,0.60465026,0.385455,0.99929786,0.59464854,0.45308623,0.9751285,0.54836595,0.3972239,0.99298555,0.6814846,0.4122841,0.8082629,0.5921992,0.3151876,0.9766499,0.759966,0.354509,0.6564037,0.6641143,0.2446357,0.9404182,0.76982045,0.3482263,0.51005703,0.68040127,0.2250652,0.8648175,0.7603905,0.34176177,0.49849287,0.68246883,0.22480649,0.8542771,0.75522023,0.34618515,0.51946455,0.68039596,0.22851616,0.8551663,0.4333403,0.5849046,0.99967587,0.39919168,0.543676,0.9997125,0.4509027,0.695164,0.9720035,0.28576776,0.5106973,0.99418724,0.31951863,0.7857692,0.97299224,0.17960525,0.60953677,0.98587835,0.29730204,0.7900566,0.9121775,0.17185989,0.6301894,0.9331011,0.3099773,0.83800817,0.9476249,0.12957525,0.6084294,0.95801663
61018_aug.jpg,0.7623342,0.3614085,0.99999857,0.7825524,0.3641001,0.9999981,0.78538,0.36965555,0.9999962,0.7875009,0.37419623,0.9999969,0.7727436,0.3460154,0.99999845,0.7698936,0.34004337,0.9999975,0.76692724,0.33406878,0.99999857,0.7822385,0.38442266,0.9999944,0.7554821,0.33179802,0.99999857,0.7529421,0.38341495,0.9999938,0.7394227,0.35836107,0.9999976,0.7068564,0.47315156,0.999065,0.64059955,0.3502277,0.99963593,0.7328767,0.56929404,0.99742764,0.57006115,0.27296525,0.997841,0.84324825,0.5070911,0.99398947,0.6905261,0.21762875,0.99352324,0.87429893,0.49045512,0.9730065,0.7205088,0.19914383,0.9630021,0.87172735,0.48059928,0.96813625,0.72725374,0.20787606,0.9551396,0.8578465,0.4834485,0.9556004,0.7172856,0.21890864,0.94722646,0.44587764,0.5815245,0.9996443,0.40651613,0.49742675,0.9998016,0.3915396,0.7526478,0.9909622,0.23753142,0.4416943,0.9974727,0.24131538,0.8255881,0.98357725,0.08669177,0.5402697,0.99626666,0.21145287,0.82144904,0.9465741,0.07525393,0.56659687,0.97574097,0.21776861,0.9034205,0.9626502,0.014744759,0.5112647,0.9828324
61052.jpg,0.60009575,0.42228448,0.9999999,0.6194055,0.42363244,0.9999999,0.62333876,0.428887,0.9999995,0.62704927,0.4340147,0.9999995,0.60715467,0.40637562,0.9999999,0.60282594,0.40036172,0.99999964,0.5988176,0.39489144,0.99999976,0.6285635,0.44845262,0.99999905,0.5880574,0.39120263,0.99999976,0.5933785,0.44319457,0.99999976,0.577814,0.42204246,0.9999999,0.5925734,0.5460326,0.99747604,0.47355705,0.40073586,0.9998274,0.7369889,0.6188154,0.9788906,0.40751225,0.25273448,0.99922,0.82510525,0.58833283,0.92651385,0.4668329,0.12377432,0.9831313,0.88166404,0.5664267,0.89723885,0.47538832,0.09473094,0.95145935,0.88528836,0.55488145,0.8795855,0.4835152,0.097660065,0.9371428,0.8384352,0.5766853,0.839581,0.48137498,0.11122739,0.92649364,0.41347006,0.65516645,0.998176,0.33402348,0.5572583,0.99908376,0.52595013,0.85701835,0.97091407,0.13305944,0.40160322,0.99238056,0.3681866,0.9249368,0.96084505,0.014899671,0.53069115,0.9914051,0.3312835,0.9184551,0.92793477,0.014593929,0.56516886,0.9656153,0.384992,0.9972872,0.8778022,-0.06592047,0.5508062,0.94819295
61428.jpg,0.45490825,0.7969668,0.99996746,0.43879527,0.80671585,0.9999479,0.43319064,0.8052731,0.9999449,0.42750657,0.803604,0.9999236,0.45172095,0.81211317,0.9999535,0.45422125,0.814064,0.9999577,0.45674685,0.81604445,0.9999502,0.4157904,0.7930075,0.9998797,0.44839492,0.8078259,0.9999125,0.4477131,0.7730262,0.99995434,0.46128583,0.781042,0.9999666,0.40692273,0.68883747,0.9990657,0.501661,0.7071274,0.99955994,0.46170905,0.55802333,0.96598476,0.58908033,0.58993626,0.88483405,0.51155627,0.66156375,0.9748974,0.5247607,0.6622983,0.8600537,0.51530194,0.69062877,0.9558166,0.51245666,0.6911473,0.75596434,0.5063595,0.69609773,0.95033973,0.50607735,0.6955588,0.7161106,0.50368184,0.68884176,0.91533804,0.5076901,0.68677723,0.6522989,0.4535564,0.44270456,0.9997825,0.521125,0.46520692,0.99964345,0.4283522,0.3974182,0.98933744,0.6401585,0.48557755,0.9796473,0.46630105,0.1777955,0.9831959,0.66680324,0.29320204,0.9703653,0.4838621,0.15798587,0.95493615,0.6594649,0.2652899,0.96003884,0.47233954,0.113924414,0.98516095,0.7226512,0.26858693,0.9676853
62022.jpg,0.38981333,0.20027733,0.99999595,0.3947941,0.18299803,0.99999225,0.4000461,0.1814268,0.99998593,0.4057961,0.1798921,0.9999875,0.37736166,0.18760097,0.99999356,0.37056577,0.18927822,0.9999913,0.36395907,0.19108099,0.99999416,0.4151185,0.18588111,0.9999796,0.35725176,0.20172977,0.9999938,0.40682995,0.21575579,0.9999833,0.38577673,0.2232565,0.99999154,0.48147866,0.28197488,0.9992368,0.34657967,0.32104582,0.999366,0.5796291,0.26895484,0.9953094,0.2530254,0.37028575,0.9981989,0.5579639,0.13664168,0.987316,0.22553185,0.22680655,0.99425817,0.5509657,0.10257515,0.94259274,0.21667463,0.19206214,0.96867186,0.53830665,0.09728482,0.93464434,0.22449327,0.18345132,0.9633668,0.53809303,0.11172858,0.92174536,0.2314268,0.19746035,0.9547198,0.5176082,0.55335265,0.999869,0.435965,0.5727128,0.9998741,0.6520013,0.65365213,0.9973206,0.3749865,0.7368907,0.99895775,0.65630615,0.7931083,0.9920117,0.42922783,0.85093486,0.99753237,0.64129007,0.81355906,0.97056615,0.44870037,0.8659165,0.9832978,0.7163936,0.83381057,0.98287624,0.3998989,0.92060506,0.99209046
62465_aug.jpg,0.833261,0.7005195,0.99999654,0.8406573,0.7179425,0.9999949,0.8367132,0.721011,0.99999464,0.832214,0.72430825,0.9999949,0.8535731,0.7072842,0.9999919,0.8584845,0.70269334,0.99999213,0.8637571,0.6975204,0.9999919,0.8229468,0.71955884,0.99999094,0.8657882,0.68145794,0.9999869,0.8101498,0.6905228,0.9999913,0.82604635,0.6764289,0.9999901,0.7020959,0.6386498,0.99988985,0.797326,0.5556079,0.9997621,0.5796123,0.5276399,0.46625477,0.70853627,0.43074363,0.8487817,0.44661105,0.48900044,0.6296043,0.67230034,0.302914,0.8454435,0.41289467,0.49055457,0.6097902,0.67822224,0.26725978,0.82945216,0.41186678,0.49500024,0.62908983,0.6814018,0.26824948,0.8410672,0.42216456,0.49308825,0.6252719,0.6758156,0.27906892,0.8203874,0.53218037,0.39543894,0.99977344,0.6008205,0.34136364,0.9996321,0.39631522,0.44079053,0.99192834,0.6072582,0.24131592,0.99765754,0.23188391,0.23912589,0.98920435,0.4539181,0.033797145,0.9912062,0.23210558,0.2159103,0.92986995,0.43434346,0.02375722,0.92738485,0.15446523,0.17280692,0.98154795,0.41871157,-0.029987186,0.98600173
62994.jpg,0.3172503,0.54856056,0.9999982,0.30330798,0.5449914,0.99999726,0.3022132,0.54120827,0.9999956,0.3012048,0.5376695,0.9999963,0.3072209,0.5571575,0.999997,0.30860832,0.56124693,0.9999956,0.31016162,0.5652406,0.9999963,0.3051612,0.5298799,0.99999225,0.31895,0.5676408,0.99999547,0.32734913,0.53556913,0.9999918,0.33251292,0.55078727,0.99999416,0.37912583,0.47159797,0.9993864,0.40880942,0.562981,0.99935824,0.39602548,0.4043163,0.99720424,0.46314344,0.60664105,0.9939002,0.29564238,0.4480024,0.997526,0.35792834,0.63920987,0.99249744,0.2698388,0.45670566,0.9886559,0.3306747,0.64850724,0.9699476,0.26857233,0.46226472,0.9870085,0.32415837,0.64480793,0.9639199,0.27990717,0.46224087,0.97791356,0.33454138,0.6378139,0.95233613,0.58104163,0.41456744,0.9998374,0.5970166,0.4678601,0.999895,0.62712914,0.31316134,0.9872229,0.6887551,0.52197385,0.99701154,0.7555023,0.26981688,0.9835317,0.8181427,0.4601024,0.9930093,0.7772071,0.27657273,0.9342266,0.8334537,0.44300368,0.96135247,0.7848666,0.23140514,0.9687173,0.86787397,0.46999824,0.9809734
64373_aug.jpg,0.31796923,0.69602525,0.99991775,0.3160744,0.7104223,0.99997115,0.32473865,0.7152076,0.99997914,0.3339315,0.7203768,0.99998033,0.29824033,0.6942868,0.999951,0.29510936,0.6877271,0.9999527,0.2924755,0.681474,0.99994147,0.3595296,0.70858324,0.9999608,0.30046386,0.6568438,0.9999089,0.35166875,0.689083,0.99973005,0.32690558,0.6660383,0.9996228,0.512229,0.676317,0.9995863,0.28731,0.5243368,0.9993625,0.65974885,0.81510377,0.98448426,0.10598791,0.48291135,0.9819735,0.58923846,0.977594,0.9507481,-0.015779078,0.5854643,0.9481837,0.5777873,1.0308625,0.9361826,-0.051019073,0.60148567,0.9335066,0.5455252,1.0205984,0.93754816,-0.039228857,0.6244559,0.9351982,0.5468239,0.9932336,0.90994686,-0.020245552,0.62196016,0.9054346,0.6458589,0.37503672,0.999554,0.50547147,0.3011147,0.9993774,0.88518435,0.44471282,0.98043025,0.41600215,0.18523246,0.8466922,0.9557986,0.29356974,0.82417905,0.4912619,0.011256576,0.7072586,0.93534625,0.24693178,0.78927916,0.5185868,0.0064163804,0.6981108,0.97954077,0.32238114,0.65963733,0.4790859,0.031509668,0.53248405
64423.jpg,0.23914781,0.6484272,0.99999845,0.22436196,0.6471951,0.9999963,0.2217198,0.6431328,0.99999535,0.21894124,0.63906,0.99999475,0.2340183,0.6613672,0.9999968,0.2374855,0.66636896,0.9999964,0.24086261,0.67104656,0.999997,0.2205154,0.6288727,0.9999944,0.25267932,0.67534745,0.99999714,0.24565077,0.629766,0.9999956,0.25788435,0.6482121,0.9999974,0.2793331,0.5360538,0.99991345,0.3581367,0.66429937,0.9998406,0.22372976,0.43124688,0.99830085,0.4279797,0.7685788,0.9990759,0.11453807,0.45922327,0.9924603,0.34957373,0.84283847,0.99563885,0.08329895,0.47153774,0.9590454,0.32144448,0.8641175,0.9731137,0.08065182,0.48501664,0.95860726,0.31389147,0.85985863,0.9713354,0.093082815,0.4798994,0.9537266,0.32335606,0.8497155,0.9666244,0.48662642,0.4423743,0.99980015,0.54044664,0.5251104,0.99977976,0.54917186,0.28219867,0.99895597,0.72613233,0.51551634,0.9990644,0.63770926,0.17487165,0.9969543,0.84402525,0.47005016,0.99719775,0.657081,0.16939655,0.93367285,0.8545564,0.4533206,0.9520324,0.6692808,0.13029942,0.98978335,0.89009184,0.46271044,0.98988533
64668_aug.jpg,0.45795244,0.610876,0.99999857,0.43891528,0.6246161,0.99999857,0.43259883,0.6228487,0.9999964,0.4263487,0.62074804,0.99999654,0.45938787,0.63123596,0.99999917,0.46646532,0.6339128,0.99999857,0.47329882,0.6362387,0.9999989,0.4159354,0.6120706,0.99999416,0.48330075,0.63494104,0.99999905,0.4517756,0.58850217,0.999995,0.4779495,0.5962914,0.999998,0.37628645,0.51627386,0.99524,0.5689412,0.5675293,0.99989367,0.2099509,0.5321884,0.99720913,0.72776234,0.66351587,0.99964607,0.15655181,0.63839793,0.98947376,0.7318992,0.7960808,0.99730337,0.1375587,0.6700598,0.9726202,0.7396513,0.8302431,0.9876188,0.14906207,0.6767508,0.96816313,0.7300534,0.8333373,0.98356587,0.15952942,0.6654116,0.95905495,0.7249185,0.82189894,0.98078144,0.47630268,0.31462467,0.997191,0.6025483,0.3506634,0.9993548,0.2519553,0.19924545,0.99058706,0.8698552,0.3781218,0.99381196,0.37214386,0.074186295,0.9736398,0.8897394,0.21216884,0.99243504,0.40564188,0.061817795,0.9515026,0.8759964,0.18008114,0.9705837,0.306719,0.010504305,0.9140645,0.97889286,0.20109624,0.95397645
64727_aug.jpg,0.12073147,0.280235,0.99985516,0.113405615,0.26277456,0.99985194,0.11590573,0.25677538,0.99982494,0.1181809,0.250911,0.9998282,0.10658446,0.28190032,0.9998319,0.10482657,0.28850335,0.9998023,0.10347283,0.2942871,0.99981743,0.13619122,0.25314844,0.99972874,0.116090894,0.3079141,0.9997367,0.1433815,0.28010112,0.99972624,0.13664287,0.29973906,0.99975854,0.2926045,0.26875848,0.9981731,0.21558371,0.4200249,0.99843544,0.47237736,0.33473557,0.90167904,0.36802563,0.5408156,0.95504594,0.3526764,0.37866437,0.92619836,0.34238106,0.40975887,0.94500893,0.31870168,0.37289804,0.88168263,0.32183653,0.38443542,0.88898724,0.3080712,0.36408758,0.87665224,0.3086149,0.38129535,0.8725907,0.31763506,0.3655128,0.82067835,0.31506371,0.38953686,0.8179956,0.5642704,0.4451047,0.99922276,0.5119099,0.5482727,0.9989755,0.7301962,0.35403913,0.966364,0.55031717,0.7389235,0.98651195,0.9536528,0.4750866,0.9359501,0.7561611,0.85535467,0.94714195,0.97232366,0.5116933,0.8106092,0.7927244,0.85675716,0.82412857,1.0496879,0.46845916,0.86336386,0.7930975,0.94144464,0.85266083
65089_aug.jpg,0.6726438,0.5742389,0.9999994,0.68419516,0.58597046,0.9999989,0.68310565,0.5913467,0.999998,0.68199104,0.5962497,0.99999833,0.6880195,0.56860775,0.99999917,0.6892445,0.5633952,0.99999857,0.69073486,0.5579495,0.99999917,0.6722198,0.6027377,0.99999785,0.68490756,0.5485951,0.9999993,0.65400267,0.58156854,0.99999857,0.660068,0.5609965,0.99999917,0.5644969,0.6311581,0.9995586,0.5991403,0.47349238,0.9999058,0.5118397,0.7391107,0.99899954,0.6066735,0.3573177,0.99976724,0.6159514,0.7628505,0.9947759,0.70965207,0.38703984,0.9984554,0.6448537,0.7692852,0.9701952,0.7415559,0.3922445,0.9869741,0.64981383,0.7581992,0.96447355,0.7412992,0.40546316,0.9827397,0.6386466,0.751307,0.9476518,0.7278123,0.40804708,0.97734845,0.3670366,0.5574774,0.99929047,0.39185128,0.45556682,0.99976295,0.28107843,0.695568,0.99339277,0.3716215,0.2978231,0.9979133,0.13167793,0.6475331,0.98506147,0.2102975,0.28032666,0.9966223,0.11419606,0.6266724,0.9707192,0.1847822,0.29232824,0.9880838,0.072815835,0.6950936,0.95996815,0.1891399,0.20597535,0.9801112
66428.jpg,0.6035619,0.20791993,0.9999709,0.6183955,0.1974428,0.9999604,0.6238197,0.19935694,0.99993455,0.62833667,0.20100608,0.9999355,0.5994032,0.19222638,0.9999702,0.59276074,0.1906215,0.9999622,0.587211,0.1896733,0.999969,0.63591504,0.2125814,0.99988294,0.57745796,0.19634202,0.9999492,0.6111902,0.22856441,0.99992466,0.5878912,0.22112691,0.99995613,0.64296925,0.3393802,0.9983473,0.50136954,0.289362,0.99961406,0.6360377,0.46771514,0.96373373,0.4148549,0.38761032,0.97779787,0.54541665,0.39625728,0.9345847,0.5243278,0.3930554,0.9624502,0.5469335,0.354024,0.8540249,0.54968625,0.36382532,0.899988,0.5500739,0.34818065,0.8444489,0.5498479,0.3562401,0.8821389,0.55064416,0.36040044,0.7656768,0.5444529,0.3659309,0.82665163,0.53742886,0.5705589,0.999778,0.44320077,0.53617674,0.9998142,0.62136674,0.69992334,0.9853703,0.286978,0.5784294,0.99373925,0.5655057,0.88114977,0.98383915,0.20117879,0.74890786,0.9909644,0.5345595,0.9097611,0.95915043,0.20223066,0.7806975,0.9555577,0.613086,0.95106286,0.9642271,0.121543795,0.7660139,0.96240956
66761_aug.jpg,0.8122932,0.5805533,0.9999869,0.8315308,0.57453823,0.99999523,0.8320949,0.5679028,0.9999944,0.8324729,0.5617924,0.99999523,0.8281057,0.5989779,0.9999951,0.82632685,0.6072444,0.99999356,0.82439923,0.61494577,0.9999951,0.8190156,0.556409,0.99999046,0.8067295,0.6262033,0.99999154,0.79538614,0.5676542,0.99990356,0.791013,0.59281063,0.9998702,0.7056984,0.45204636,0.99967957,0.65534854,0.6935395,0.99988306,0.71823347,0.2539627,0.99785906,0.5909903,0.8919766,0.98668927,0.8577205,0.19354957,0.9471285,0.7182513,0.9477041,0.89747155,0.89450806,0.17477873,0.88960326,0.7435728,0.97366244,0.82026184,0.9012794,0.19179448,0.8866029,0.7519529,0.9565978,0.806502,0.88768995,0.19956675,0.8294528,0.74311495,0.9425229,0.76623404,0.38260043,0.40804908,0.9995473,0.3391077,0.55531454,0.99988055,0.39204627,0.16198322,0.99069655,0.27113873,0.75459296,0.98797673,0.1868554,0.089131266,0.9426726,0.012680173,0.73612887,0.9544459,0.14501694,0.10774875,0.9179542,-0.013163269,0.70672727,0.93921876,0.20690927,0.0075091124,0.8192827,-0.09583843,0.81707036,0.82052356
67168.jpg,0.45919603,0.61101806,0.99999774,0.4403557,0.6246967,0.9999981,0.434053,0.6228676,0.999995,0.4277444,0.6206632,0.99999523,0.46103352,0.63144654,0.99999917,0.4684416,0.63417137,0.9999982,0.47549018,0.63652086,0.9999988,0.41697353,0.61128944,0.99998987,0.48602325,0.6349461,0.99999857,0.45295334,0.5892334,0.99999154,0.47974366,0.59701574,0.99999666,0.37633115,0.51792955,0.9923063,0.571319,0.56701714,0.99985313,0.20851746,0.53711414,0.99632555,0.73177916,0.6582167,0.9994405,0.15915453,0.6439254,0.9866872,0.73995817,0.7871556,0.99556655,0.13751695,0.67355883,0.96793205,0.7441846,0.82337356,0.9820357,0.14978033,0.68288857,0.96335065,0.73494536,0.8258991,0.97668433,0.16312185,0.6710421,0.9521185,0.7307914,0.8120855,0.97234803,0.4726215,0.3172593,0.9960212,0.60085535,0.3498718,0.9992611,0.24654198,0.20999756,0.9895481,0.86720884,0.3747563,0.9926878,0.35557365,0.0732491,0.9750704,0.8774226,0.20770842,0.9924948,0.38492584,0.060445547,0.9461191,0.8647649,0.17697829,0.96565866,0.27869543,0.018337607,0.9079494,0.9629046,0.19392341,0.9521166
67294_aug.jpg,0.4889531,0.17003953,0.9999994,0.49677,0.1508215,0.99999905,0.5018011,0.14994043,0.99999833,0.50768167,0.1494973,0.99999845,0.4762508,0.15309519,0.9999993,0.46809074,0.15377364,0.9999989,0.46080595,0.15470833,0.99999917,0.5178188,0.1585212,0.99999714,0.44838664,0.16639909,0.99999917,0.5047938,0.18830794,0.9999951,0.47804186,0.19006118,0.99999726,0.5818267,0.27112502,0.99933225,0.40851542,0.28938717,0.9997451,0.69695145,0.29735848,0.9949432,0.29453605,0.32857788,0.9982888,0.7058532,0.16002554,0.9942238,0.24585411,0.18795466,0.9962453,0.7125927,0.115303665,0.97551984,0.22855383,0.1491186,0.9804536,0.6991116,0.10549995,0.97305715,0.23947877,0.13929477,0.9773222,0.6911727,0.12417436,0.9626917,0.2506726,0.15439403,0.971448,0.5757344,0.5811412,0.99934846,0.4631452,0.58785504,0.9996836,0.74396646,0.6326611,0.9740946,0.30381966,0.67347485,0.9951196,0.75746423,0.8709653,0.96837604,0.32350674,0.9121547,0.9886077,0.73948544,0.90356874,0.9566743,0.33707297,0.9470954,0.9624146,0.8308135,0.90696824,0.9427189,0.26568264,0.955893,0.9570904
6787.jpg,0.7519313,0.5497854,0.99999917,0.7604535,0.56197053,0.9999989,0.7581334,0.566573,0.99999833,0.7558902,0.57073045,0.99999845,0.7674592,0.5479087,0.9999989,0.77014077,0.5423392,0.99999833,0.77259815,0.5369383,0.9999987,0.74641407,0.5720601,0.99999785,0.7702068,0.5237902,0.99999845,0.7333138,0.55173177,0.99999535,0.7420521,0.5332686,0.99999666,0.648092,0.55939204,0.99966884,0.69734323,0.45482394,0.9995988,0.6344107,0.6257958,0.9963882,0.73088235,0.3995657,0.9978029,0.73684317,0.6776631,0.99705386,0.845536,0.4453024,0.99559814,0.7642241,0.6940249,0.9893635,0.8760093,0.45188066,0.9797702,0.7724948,0.6915418,0.9881192,0.8754245,0.46079236,0.97703654,0.76307815,0.68196774,0.98536575,0.8629389,0.4624355,0.9742527,0.4259573,0.43201473,0.9999001,0.4593916,0.3678954,0.99994504,0.29592174,0.47383437,0.9957438,0.4025179,0.23327737,0.9992067,0.16427484,0.40721706,0.9874556,0.2785806,0.15620542,0.9978206,0.15280715,0.38453907,0.9417017,0.2524029,0.15814205,0.9730917,0.11847851,0.4225195,0.9717994,0.24844599,0.10253814,0.9910982
67977.jpg,0.6388284,0.6252257,0.99999976,0.64368975,0.6418114,0.99999976,0.63997996,0.64588803,0.99999964,0.635942,0.6502159,0.99999964,0.65557486,0.6270414,0.99999976,0.6596895,0.62106776,0.99999976,0.66330564,0.6157216,0.99999976,0.62437534,0.65231633,0.99999964,0.66294926,0.60393375,0.9999999,0.61695373,0.62201583,0.99999964,0.6327425,0.6032888,0.99999964,0.5264337,0.6270565,0.99992096,0.62464035,0.5072446,0.9999646,0.3927214,0.5955454,0.94308627,0.5591621,0.39075777,0.95639366,0.5125541,0.5439942,0.89733076,0.5378768,0.5083746,0.9112808,0.5426358,0.54895383,0.72698045,0.549189,0.5421541,0.74149644,0.5489079,0.55721444,0.69183534,0.5585588,0.5452077,0.6774388,0.53952724,0.5544405,0.6431804,0.5524929,0.5366102,0.64409846,0.36031383,0.4606345,0.9999391,0.42789668,0.37577724,0.99995077,0.24741763,0.59358823,0.99407357,0.5480568,0.2188257,0.996797,0.10653889,0.46276808,0.9789379,0.37890944,0.13705295,0.9934135,0.09797856,0.426995,0.9609427,0.34268224,0.1339795,0.9682274,0.02127561,0.4907907,0.9479568,0.39813146,0.049221426,0.9699573
68143.jpg,0.76644146,0.6288988,0.99999845,0.77821314,0.6446301,0.9999976,0.7756603,0.6496561,0.99999535,0.7731738,0.65375495,0.9999962,0.7858194,0.62913257,0.9999981,0.788867,0.622576,0.9999969,0.7918947,0.61598694,0.9999981,0.76098454,0.6558331,0.9999925,0.7863555,0.6043353,0.9999982,0.7438673,0.6310426,0.9999906,0.7545024,0.6099498,0.99999654,0.6437672,0.6478728,0.9989625,0.7054745,0.5217471,0.99959177,0.5827707,0.7276243,0.9967428,0.7192051,0.41735297,0.9965701,0.70438755,0.7780256,0.9920197,0.83877903,0.4810316,0.99157625,0.7335323,0.7935176,0.96676874,0.8675126,0.49310786,0.95503247,0.7396071,0.7852571,0.96184623,0.8639387,0.5028652,0.9471908,0.7298745,0.77641773,0.94670415,0.85245645,0.50236124,0.93753433,0.40115923,0.5053613,0.9997687,0.44534406,0.42006248,0.9999001,0.22839783,0.56793004,0.993869,0.39244092,0.2582271,0.9990283,0.07708615,0.48880243,0.99208015,0.2197965,0.19792745,0.9986362,0.0634816,0.46171263,0.96870226,0.18585554,0.20365965,0.9897608,0.010745913,0.5303165,0.98146755,0.1952411,0.11450505,0.99345523
68737.jpg,0.68898827,0.38425785,0.9999995,0.7057992,0.38288128,0.9999993,0.70869553,0.3868749,0.9999988,0.7115638,0.3911007,0.99999905,0.6983458,0.37097847,0.9999994,0.69639564,0.3667997,0.99999905,0.6943948,0.36261714,0.9999994,0.7094424,0.3994665,0.9999976,0.68557394,0.35821417,0.99999917,0.6806004,0.40036595,0.9999964,0.6719736,0.38439202,0.9999982,0.65136236,0.4847055,0.9994411,0.58166766,0.36932,0.99981505,0.6900115,0.5698125,0.9950977,0.5216265,0.30096453,0.998092,0.8033991,0.52247536,0.9912578,0.6249198,0.23005667,0.99477875,0.8350347,0.5152865,0.96487945,0.647439,0.20945966,0.96906686,0.8359349,0.5054024,0.9605845,0.6544939,0.21359417,0.96349084,0.82243216,0.50556016,0.94458765,0.64789534,0.22355795,0.9559458,0.41615885,0.5761656,0.9997911,0.38363382,0.5092349,0.99987626,0.43918756,0.70961535,0.9906565,0.2816326,0.43749923,0.997303,0.25918764,0.8059679,0.98788667,0.102300555,0.5127882,0.9956077,0.22837451,0.809143,0.96740055,0.07989681,0.5354546,0.980591,0.23629092,0.86588967,0.9834864,0.03389415,0.48877445,0.9898567
69121.jpg,0.75843096,0.34255955,0.9999895,0.77257085,0.32575852,0.999984,0.77503574,0.32813203,0.9999758,0.7775408,0.33066946,0.99997413,0.7623437,0.3137226,0.9999901,0.75637436,0.30669382,0.9999869,0.75037587,0.3002696,0.99998915,0.76183116,0.33029816,0.9999734,0.7220778,0.2901342,0.9999927,0.74513745,0.36255956,0.9999441,0.7308917,0.34983197,0.99996734,0.7091495,0.47147864,0.9981389,0.57632816,0.33699408,0.9995958,0.8307463,0.564926,0.9927791,0.49821895,0.21695337,0.99847347,0.92058563,0.47299486,0.9795847,0.6059238,0.1014038,0.99532,0.9465469,0.4610471,0.9098426,0.61527485,0.06280279,0.9718817,0.9390226,0.4522664,0.9028404,0.62030953,0.066019475,0.9681594,0.9270158,0.45476004,0.9044255,0.6181054,0.08222872,0.9647109,0.4792174,0.6494041,0.99821836,0.3841552,0.5605983,0.99953854,0.59695446,0.82925624,0.991963,0.18439418,0.52344525,0.9987023,0.45464107,0.9511061,0.9800954,0.02432397,0.6393294,0.99727184,0.4200307,0.9500296,0.95857525,0.022312462,0.6752096,0.97269815,0.4716397,1.0771322,0.94238615,-0.07240626,0.6428815,0.98267084
6968_aug.jpg,0.415707,0.2911292,0.9999988,0.4192843,0.27422458,0.9999988,0.42371696,0.27262446,0.9999981,0.42695177,0.27147526,0.9999981,0.4018542,0.28066725,0.9999989,0.39546525,0.2831018,0.9999988,0.38966763,0.2855352,0.99999905,0.43447432,0.2770503,0.99999666,0.38581783,0.29640707,0.99999857,0.43327293,0.3050998,0.9999976,0.41178653,0.31382987,0.99999845,0.5205665,0.37090433,0.9995652,0.3967876,0.42456132,0.99987745,0.6061657,0.46890885,0.9555304,0.44059476,0.5575144,0.9661321,0.5324648,0.5077065,0.84646297,0.5125937,0.5084791,0.92828983,0.5141374,0.5104293,0.7432716,0.5180704,0.49507135,0.87248653,0.5068728,0.49777567,0.74006575,0.51247865,0.48654988,0.8605914,0.5127525,0.4954279,0.6541421,0.5105106,0.48970172,0.7910922,0.5947153,0.5905076,0.9998056,0.51324695,0.62347084,0.99986565,0.7251137,0.58715975,0.9886009,0.43288195,0.72634184,0.9973158,0.8200642,0.76004976,0.98329747,0.51394343,0.91168654,0.9939215,0.8212931,0.79289705,0.9613676,0.53851813,0.93524325,0.9524581,0.8941521,0.7719404,0.97303355,0.49180782,0.96846324,0.9796556
70354_aug.jpg,0.47677663,0.3584215,0.9995572,0.4846927,0.34110954,0.99962866,0.4905159,0.3398698,0.9993717,0.49625552,0.33872762,0.99956053,0.46608013,0.34423408,0.99957436,0.4594189,0.3450163,0.9992112,0.4534471,0.34583035,0.9994671,0.5095285,0.3461311,0.9991968,0.4497969,0.35560697,0.99941933,0.4923548,0.37400272,0.99743336,0.47101727,0.3762308,0.9977303,0.555668,0.41524792,0.97763014,0.4342872,0.42616647,0.9925453,0.54339075,0.28429556,0.9887999,0.39769578,0.2958873,0.99138254,0.46463692,0.18904021,0.9717662,0.44964975,0.19270355,0.9701249,0.45478725,0.15698004,0.9197537,0.45697057,0.16218305,0.90420145,0.45540115,0.15565592,0.9059428,0.4574964,0.16222909,0.88670164,0.45700082,0.16833746,0.90084624,0.4555147,0.17555368,0.8873776,0.55559534,0.65475667,0.99708563,0.45888025,0.664955,0.9984786,0.7108361,0.64853626,0.96973306,0.30734292,0.7056015,0.99160165,0.7354697,0.81772965,0.9078491,0.34408626,0.87774307,0.96813625,0.72507316,0.8353816,0.8068936,0.36392045,0.8904687,0.89977646,0.7599232,0.86617506,0.80732214,0.32062292,0.92619765,0.89429
70546.jpg,0.4274563,0.74456805,0.9999994,0.41444233,0.75830173,0.9999987,0.4086995,0.75683975,0.99999774,0.40324306,0.75544906,0.9999975,0.43198323,0.76242983,0.9999989,0.43790102,0.76409376,0.99999857,0.4422394,0.76542556,0.9999987,0.39908925,0.7482806,0.999995,0.4503451,0.76065135,0.99999857,0.41909468,0.7234398,0.9999938,0.44193113,0.73100096,0.9999969,0.37818518,0.6353048,0.99932504,0.5285638,0.6648588,0.99988234,0.2963025,0.5800755,0.98409885,0.63549054,0.6569716,0.9891294,0.19762567,0.66081166,0.9819089,0.6625004,0.7752532,0.9872851,0.1688174,0.67221606,0.95082134,0.67925847,0.8065139,0.9589375,0.17104954,0.6829768,0.9492215,0.67182314,0.81286526,0.9567682,0.18361044,0.6783131,0.94152105,0.66495395,0.8022318,0.95500964,0.47272375,0.37646246,0.99941707,0.56204945,0.393896,0.99988246,0.33365738,0.30982757,0.9904789,0.7055287,0.41085836,0.9984604,0.3038416,0.12063059,0.9909533,0.82137084,0.24807158,0.9984843,0.3154156,0.09206024,0.9752367,0.81986445,0.21421506,0.98939425,0.25025773,0.07335541,0.9751198,0.8876396,0.2173911,0.99231803
71427.jpg,0.6442777,0.37354463,0.9999832,0.66568965,0.372127,0.9999844,0.67112136,0.37747395,0.99997914,0.67717683,0.38317248,0.9999727,0.6571823,0.3626427,0.9999871,0.65593463,0.36092794,0.9999869,0.6550437,0.35944495,0.99998915,0.68893826,0.40620565,0.9999734,0.6582093,0.37371087,0.9999821,0.6395667,0.39794528,0.9999826,0.6301596,0.38697916,0.99998534,0.65865314,0.53066105,0.9995696,0.54309493,0.42503124,0.9999039,0.55093026,0.6076328,0.95529014,0.39287546,0.4291536,0.9841127,0.49066266,0.4918846,0.9404244,0.4705095,0.47375715,0.95372385,0.49198738,0.4624165,0.88339144,0.5010959,0.4673685,0.87073165,0.50663066,0.46178788,0.8712065,0.5136279,0.46581912,0.84137195,0.508009,0.46961913,0.81063056,0.5080172,0.4693956,0.79989266,0.4505354,0.67587286,0.99989676,0.38050422,0.5977741,0.9998276,0.45630768,0.7307539,0.9949529,0.21588951,0.4539064,0.9864748,0.2691419,0.8615489,0.9860253,0.07077804,0.58046347,0.9759278,0.23258883,0.87128633,0.97862124,0.05813405,0.61784834,0.9631811,0.25451198,0.9307815,0.9822989,-0.013076574,0.54178745,0.9564264
71660.jpg,0.3994613,0.35621625,0.96969587,0.39800274,0.34010476,0.97892696,0.40331376,0.3363533,0.9783222,0.40837634,0.3323177,0.9796799,0.384032,0.34899092,0.9672724,0.3804691,0.35195547,0.96344846,0.37711123,0.35514626,0.9601217,0.42089778,0.3348171,0.9850168,0.38535357,0.37340438,0.96806604,0.4188203,0.36013675,0.93088377,0.40393525,0.37534875,0.8717664,0.5152923,0.3619678,0.9708543,0.40590748,0.45246664,0.9878368,0.5161127,0.4013609,0.78316915,0.41494548,0.4353083,0.9310394,0.39003587,0.37265196,0.7750424,0.40804234,0.28841797,0.9054484,0.36166954,0.36137313,0.66801184,0.401606,0.25034472,0.79434323,0.36586732,0.35472348,0.62077236,0.4012401,0.25851512,0.745832,0.37532598,0.36289337,0.5628085,0.40853795,0.27184153,0.6916675,0.6464108,0.5634896,0.9995902,0.55869216,0.62407357,0.99971086,0.80526423,0.49583828,0.9906442,0.44560748,0.76288867,0.9973392,0.9641081,0.6407613,0.9720781,0.5514033,0.9332651,0.98465085,0.9681647,0.6678673,0.8790227,0.5817815,0.9469807,0.92652017,1.0345985,0.63527966,0.922987,0.5252495,0.9992451,0.95055944
72146_aug.jpg,0.41810924,0.3287107,0.99999857,0.42796904,0.31046316,0.99999785,0.43588936,0.30857587,0.9999974,0.443319,0.30717263,0.999997,0.40462044,0.31854466,0.99999857,0.3965645,0.32222295,0.99999833,0.3886211,0.3263292,0.99999845,0.46539026,0.3173738,0.9999969,0.38355374,0.34531194,0.9999989,0.44231597,0.34539858,0.9999927,0.41231138,0.35520333,0.9999939,0.5769286,0.39729372,0.99930716,0.3493372,0.47893256,0.99982953,0.73790324,0.327353,0.9995474,0.187448,0.54191375,0.99861467,0.72784364,0.19831967,0.99643916,0.09770656,0.44782084,0.9938829,0.7205051,0.16494155,0.97697335,0.07253876,0.4157932,0.9668415,0.702917,0.16604674,0.97638,0.08332917,0.4019821,0.9624978,0.7012473,0.17865852,0.9735781,0.095755786,0.4075635,0.96027565,0.6166797,0.64340276,0.9976392,0.46306965,0.69702595,0.99946815,0.8516681,0.61220133,0.95177704,0.2745995,0.84768057,0.98808515,0.8968884,0.78300744,0.9083889,0.40016067,0.9716471,0.93874717,0.87234974,0.8154973,0.85310507,0.43305376,0.9723009,0.8612177,0.97661614,0.82412326,0.81022656,0.3730669,1.0961301,0.7925123
73211.jpg,0.4984931,0.50529367,0.9999906,0.49539915,0.51440406,0.99997675,0.49212104,0.5153476,0.999962,0.48917645,0.5165153,0.9999602,0.50538826,0.5137124,0.9999726,0.5084596,0.5139841,0.9999584,0.51120603,0.51441604,0.9999498,0.4849835,0.5223508,0.99981004,0.5176213,0.5182457,0.9998722,0.4924154,0.5002208,0.9999882,0.503653,0.49971625,0.99998283,0.45926824,0.5019634,0.999969,0.5327508,0.49370298,0.99984,0.46798223,0.42681754,0.92998534,0.5108237,0.4255736,0.9321563,0.46859637,0.3550875,0.8613249,0.47785354,0.3671913,0.847628,0.4645394,0.33604765,0.80194366,0.47204104,0.3528732,0.77933544,0.47556728,0.33532372,0.80145216,0.46563932,0.35710388,0.7717749,0.48014322,0.3432238,0.75897396,0.4665082,0.3626008,0.64088094,0.47487986,0.47347823,0.9999839,0.5240063,0.4714952,0.9998965,0.41823715,0.4398874,0.8847663,0.58839357,0.4542737,0.91313285,0.41660547,0.34406447,0.9517289,0.5808876,0.34514123,0.91441715,0.424468,0.3303842,0.8934083,0.5763936,0.338341,0.66724986,0.39578527,0.3141665,0.9457804,0.58335686,0.30899155,0.8359161
73530.jpg,0.43678775,0.5722994,0.9999546,0.42852467,0.57142407,0.99981743,0.4259904,0.5682027,0.99983597,0.42327234,0.5644141,0.9997466,0.43695855,0.5786929,0.99987197,0.4404389,0.5808442,0.99990225,0.44427067,0.5828823,0.9998864,0.42312568,0.5524113,0.9997433,0.4567021,0.57931215,0.9999076,0.43676147,0.55824256,0.9992748,0.44965047,0.5692088,0.9995165,0.42570552,0.48750484,0.9983882,0.523804,0.55776477,0.99963415,0.34072238,0.4504614,0.99907243,0.57980275,0.626641,0.99901783,0.26103815,0.46135253,0.99473673,0.5898614,0.69964916,0.99692494,0.24185008,0.4728443,0.9763647,0.58409244,0.7192929,0.9835207,0.24198428,0.48031253,0.979564,0.5779776,0.71904194,0.9834449,0.24904624,0.4776459,0.980116,0.57933366,0.71155965,0.9831255,0.5186521,0.3814535,0.9985446,0.59103584,0.4285267,0.9995079,0.4663471,0.25666052,0.9813509,0.7210723,0.4480228,0.99394095,0.51003855,0.16014469,0.95410645,0.79951864,0.38083297,0.9781948,0.5275884,0.15444857,0.9186185,0.80060124,0.35672057,0.9645016,0.4788318,0.105842024,0.9163575,0.87352073,0.38926715,0.95682114
73903.jpg,0.4615255,0.1764028,0.9999907,0.46041238,0.15391278,0.99998975,0.4649433,0.15031394,0.9999833,0.46890724,0.14696932,0.999985,0.44474608,0.16502893,0.9999907,0.43937594,0.16872504,0.9999877,0.43493426,0.17215315,0.9999906,0.48118424,0.14701682,0.9999751,0.4336782,0.18204361,0.9999838,0.4833484,0.1871408,0.99998415,0.46553254,0.20136878,0.9999887,0.5965656,0.23549816,0.99886584,0.461294,0.31420553,0.9997509,0.7050912,0.3540659,0.93856716,0.50431776,0.46715757,0.96779835,0.5756783,0.33987084,0.9147646,0.55620146,0.3577575,0.95518655,0.5487735,0.31606466,0.81890786,0.54657286,0.3159998,0.87999237,0.5483567,0.30228588,0.79553634,0.5415805,0.30537564,0.8517507,0.5545981,0.30902344,0.724729,0.54490054,0.31885982,0.7970274,0.71174115,0.50335944,0.99958473,0.62662685,0.5481864,0.99974173,0.8411095,0.4626134,0.97586274,0.52688175,0.63703114,0.9943386,0.948303,0.6679887,0.95206267,0.6416362,0.84259796,0.98525846,0.9483094,0.7019083,0.90933895,0.6676783,0.8615302,0.9467034,1.0162373,0.7053063,0.94701415,0.6258148,0.9214654,0.96347535
74431.jpg,0.40790886,0.2756395,0.9999993,0.41169924,0.2609013,0.9999989,0.41656005,0.25892177,0.9999982,0.42139214,0.25716352,0.99999833,0.39700732,0.26701266,0.9999993,0.39220983,0.26930436,0.99999905,0.38794374,0.2712,0.9999993,0.42997566,0.26107886,0.9999976,0.38567084,0.27845573,0.9999994,0.42378744,0.28560624,0.9999949,0.4046401,0.2916405,0.9999975,0.50343996,0.3364398,0.99898297,0.37000012,0.38177425,0.999728,0.59815085,0.31194705,0.99504554,0.29621404,0.42209813,0.99308586,0.5808977,0.20429188,0.98583233,0.2644655,0.32061794,0.96783966,0.57657987,0.17470735,0.94084567,0.2432366,0.28471062,0.86981183,0.5647069,0.17156675,0.93517095,0.24849829,0.27786836,0.85152656,0.56380457,0.1861046,0.9121531,0.255589,0.28848124,0.83819896,0.55607104,0.5585758,0.9995116,0.4707066,0.5856765,0.99990904,0.6937523,0.5762195,0.9966979,0.37284398,0.6808645,0.99945265,0.7705593,0.71409297,0.99599105,0.40181905,0.84260875,0.9993319,0.76624936,0.74525356,0.98369956,0.42037445,0.8623254,0.99297476,0.8341171,0.7390652,0.9863722,0.3667875,0.898267,0.99560094
74806_aug.jpg,0.5066506,0.7873662,0.999902,0.5265424,0.79806525,0.9999609,0.5372079,0.79639256,0.9999734,0.54697925,0.7949147,0.99997437,0.4984173,0.7963077,0.99994504,0.49036747,0.7935309,0.99994326,0.48297912,0.7909632,0.9999325,0.55904543,0.7638029,0.999948,0.47963774,0.7664864,0.999895,0.52920955,0.7582102,0.99950635,0.4886323,0.7602738,0.99929845,0.6464699,0.609739,0.9992582,0.38126123,0.6770214,0.9990176,0.8490579,0.59064317,0.993866,0.24045528,0.7867484,0.9857347,0.92776453,0.7315997,0.9607577,0.23538403,0.9320867,0.9280715,0.9432668,0.7635256,0.9383543,0.22187454,0.9557284,0.90221834,0.9175762,0.78185457,0.93891937,0.24695455,0.95575106,0.90346396,0.9089509,0.7708119,0.9126902,0.25397828,0.9448049,0.87008005,0.50533146,0.31259483,0.99903584,0.34972486,0.37363964,0.9994293,0.70288205,0.16967754,0.9773307,0.21508873,0.36686853,0.9286131,0.65448433,0.05082336,0.79376084,0.111296654,0.18505147,0.7897548,0.62176645,0.03932315,0.7390375,0.11434823,0.15269953,0.7450852,0.7008991,0.052330285,0.6459164,0.063682705,0.17726524,0.6622552
74997.jpg,0.29083252,0.77813613,0.99997854,0.2748298,0.7903842,0.99997735,0.26959753,0.7864102,0.9999721,0.26501003,0.7828504,0.99997175,0.2895919,0.8023218,0.9999752,0.29550865,0.8070172,0.9999733,0.3022403,0.8117627,0.99997556,0.2674745,0.77419907,0.9999516,0.32016176,0.80982876,0.99996614,0.29688776,0.7534813,0.9999777,0.3157751,0.76791143,0.99998677,0.31109798,0.62848383,0.9983525,0.44044188,0.729087,0.9994197,0.39474493,0.4744416,0.8969907,0.5487179,0.59714174,0.9418251,0.40774095,0.5821118,0.8795646,0.4275562,0.59961176,0.93597513,0.3877336,0.6213533,0.8032758,0.39344832,0.6186567,0.8756278,0.37974197,0.62834764,0.7846563,0.38878894,0.63084626,0.8536379,0.38451815,0.6208511,0.7027263,0.3963096,0.6276876,0.7809217,0.5139337,0.41536027,0.9993211,0.5990812,0.4766315,0.9995191,0.39830828,0.29937083,0.97935027,0.70024204,0.51275617,0.99468464,0.55316114,0.11311585,0.9610166,0.8602257,0.31302902,0.9847252,0.5862911,0.10820368,0.876312,0.859302,0.29530668,0.93475735,0.5893171,0.02418816,0.9456495,0.91887575,0.2400651,0.9682863
75299_aug.jpg,0.4183498,0.70049846,0.99999607,0.4114203,0.71149504,0.9999943,0.40876254,0.7104621,0.99999154,0.40596896,0.70918953,0.9999913,0.4181021,0.71407485,0.99999523,0.42023808,0.7149739,0.9999937,0.42236406,0.71575725,0.99999523,0.40234625,0.70296794,0.99998474,0.4252232,0.7101215,0.9999918,0.4151935,0.6867193,0.9999844,0.42507395,0.6905121,0.99998975,0.4024492,0.61898255,0.99900764,0.47226402,0.6425871,0.999617,0.34375784,0.57448876,0.991872,0.54078305,0.6290139,0.9873239,0.31837597,0.67227185,0.98104054,0.5184605,0.7256102,0.9888359,0.3077566,0.6957425,0.9328528,0.514772,0.7494261,0.9613232,0.3133546,0.7001855,0.9227821,0.50723726,0.75250244,0.95463264,0.3209967,0.69186914,0.90576965,0.50528777,0.7425551,0.94467103,0.48223317,0.4332899,0.99939406,0.49121207,0.4368642,0.99948955,0.4912693,0.36119828,0.95272744,0.5200448,0.38154233,0.9367528,0.514758,0.24596862,0.94577307,0.55204284,0.2497713,0.9405451,0.5197815,0.22171989,0.9180161,0.5528301,0.22238481,0.8796525,0.5204144,0.2266543,0.92138493,0.58090276,0.23303205,0.9021096
75631_aug.jpg,0.17291257,0.48129246,0.99999976,0.15641552,0.47052196,0.99999976,0.15659949,0.4648957,0.9999995,0.15673336,0.4592303,0.9999995,0.15514225,0.48973075,0.99999976,0.15468681,0.49668628,0.99999976,0.15444592,0.50243586,0.99999976,0.16434067,0.44903195,0.9999993,0.16153693,0.5114895,0.99999976,0.19552496,0.46991688,0.99999905,0.19105351,0.49338654,0.9999995,0.29946402,0.4078169,0.9997631,0.28640258,0.567332,0.99996436,0.43439916,0.37820658,0.97893584,0.4215275,0.6245616,0.9898795,0.39633268,0.48912096,0.93461293,0.39572054,0.50875247,0.9770693,0.37190163,0.50026447,0.84717566,0.37578055,0.4895721,0.92580867,0.36207798,0.4977264,0.833832,0.36513644,0.4912442,0.91222423,0.36892977,0.49502647,0.76452583,0.37123275,0.49531803,0.86940426,0.57858413,0.46672076,0.99992967,0.5674815,0.5609848,0.99996567,0.6579226,0.32914728,0.99798954,0.6288035,0.7108173,0.9997124,0.8349725,0.36061412,0.99651104,0.81389916,0.7048605,0.9992988,0.85479146,0.38060367,0.986741,0.84276295,0.6919604,0.99278295,0.8923687,0.30852515,0.98936135,0.8627544,0.7808492,0.99523133
76038_aug.jpg,0.41223755,0.5202191,0.9998704,0.4002812,0.52244085,0.99980706,0.39821678,0.51921326,0.99970764,0.39628494,0.5162588,0.9997389,0.40774107,0.5318882,0.99978703,0.4106989,0.5349136,0.9996661,0.413634,0.5377666,0.99966514,0.4003323,0.5109212,0.999485,0.42349613,0.53939587,0.99960893,0.41927326,0.5051321,0.9981359,0.42758775,0.51707727,0.9978543,0.44439858,0.45190674,0.97754365,0.49442288,0.5158528,0.9844282,0.35299316,0.52136064,0.9605888,0.3995689,0.56407815,0.96730787,0.2660054,0.5841236,0.92646664,0.29909796,0.6113986,0.9411336,0.24333021,0.59796107,0.836155,0.27265623,0.6212168,0.87666434,0.24577627,0.60256344,0.82336426,0.27056867,0.6223972,0.85923254,0.25301966,0.5998689,0.80407673,0.2783102,0.61736953,0.8516777,0.636489,0.34654945,0.9995516,0.6684468,0.4066192,0.99972254,0.61020964,0.23249808,0.9867395,0.75968486,0.4675071,0.9971806,0.73361176,0.1561631,0.98379254,0.8763988,0.39513105,0.99478036,0.75798744,0.15518077,0.94234,0.89021456,0.37555858,0.9675337,0.7408433,0.10113442,0.9566183,0.9293737,0.405664,0.9794399
76208.jpg,0.34947354,0.6555501,0.9999728,0.34464467,0.6718404,0.99998283,0.3489193,0.6758148,0.9999871,0.3533811,0.67971575,0.99998724,0.33166158,0.6602814,0.9999796,0.32695717,0.6560392,0.99997807,0.32213575,0.6514604,0.99997795,0.36605418,0.67696947,0.9999697,0.32285088,0.6384368,0.99995327,0.36626732,0.6496709,0.9997702,0.35209817,0.6361492,0.99971384,0.47883314,0.64328957,0.99985385,0.3366863,0.51900226,0.9998344,0.5897529,0.7218671,0.9980744,0.24664071,0.4203598,0.9930513,0.52398485,0.8242841,0.96836925,0.16314933,0.5126877,0.92025274,0.5069587,0.85167694,0.93786293,0.13921723,0.53766644,0.864554,0.49056306,0.84303695,0.9362398,0.15070078,0.5495151,0.8534526,0.4953293,0.8300246,0.91455305,0.16131076,0.5418573,0.82406175,0.6154327,0.4249897,0.99983,0.52881825,0.3564222,0.99993527,0.77056766,0.46858755,0.9764305,0.44947794,0.20680559,0.98344654,0.89670295,0.38859478,0.89767784,0.5212894,0.039648563,0.94374037,0.91140807,0.36192495,0.87841725,0.5421133,0.023046494,0.9359765,0.9310328,0.38573548,0.8025877,0.49268955,0.010366321,0.87334335
76349.jpg,0.6757409,0.14669141,0.99994135,0.6695844,0.12522706,0.9999367,0.6686866,0.124028265,0.9999411,0.6673422,0.122749776,0.99993575,0.66410214,0.12490335,0.9999355,0.66001666,0.12395263,0.999938,0.6552128,0.12298393,0.9999448,0.6375022,0.1270312,0.9998895,0.6249963,0.12769422,0.9999521,0.663786,0.16519901,0.9999193,0.65615916,0.1644567,0.9999609,0.6089757,0.25650924,0.99962676,0.5410195,0.24162897,0.9999776,0.57624537,0.3987621,0.10132189,0.51682377,0.41482723,0.9723717,0.6218751,0.45267528,0.10386387,0.649445,0.4160186,0.931964,0.6371526,0.45497915,0.13003272,0.6770462,0.42104837,0.9159303,0.6406972,0.4568837,0.13518672,0.67747074,0.4001095,0.9144442,0.63455147,0.44702402,0.13534078,0.6676456,0.39554444,0.85984296,0.5098203,0.5006003,0.9994549,0.45038787,0.4934135,0.9999112,0.6519518,0.5584301,0.9739845,0.50268507,0.64651394,0.99849844,0.5507114,0.70617354,0.978741,0.3542833,0.855517,0.9985026,0.5217842,0.7241852,0.9587903,0.32132202,0.8861087,0.98468393,0.6052972,0.7450792,0.9819417,0.36758637,0.9434602,0.9978167
76755_aug.jpg,0.41857865,0.21181527,0.9999982,0.4214052,0.19612336,0.9999956,0.42589998,0.19440085,0.9999944,0.42994016,0.19343561,0.9999937,0.40523577,0.20165208,0.9999964,0.39970654,0.20356447,0.9999962,0.39441526,0.20571458,0.99999666,0.43890452,0.19956928,0.9999932,0.38673806,0.21749097,0.9999964,0.4341785,0.22413409,0.999995,0.4138369,0.23053715,0.9999969,0.5133464,0.27902314,0.9998816,0.37045187,0.32327226,0.99979144,0.629045,0.24453399,0.9985525,0.25300315,0.3633106,0.99896073,0.62626636,0.1294401,0.9920006,0.1994729,0.26703203,0.99506027,0.623665,0.09316006,0.9546208,0.18554369,0.2363792,0.96966076,0.60984534,0.088970244,0.95432115,0.19176802,0.23114529,0.9673509,0.6111432,0.10332543,0.94904244,0.19823357,0.24132946,0.9613386,0.553058,0.49605826,0.99979717,0.46079904,0.52758205,0.9997613,0.68803704,0.59581196,0.9989542,0.42645583,0.7062721,0.9987068,0.77604973,0.7091174,0.997644,0.44251558,0.8371273,0.9975594,0.77730477,0.7304174,0.9462582,0.45553976,0.8547661,0.9558037,0.81172466,0.7504004,0.99208474,0.43364158,0.88648534,0.99089444
77.jpg,0.73856807,0.2557496,0.9999318,0.7545769,0.2436218,0.9998989,0.75743717,0.24582085,0.9998728,0.75971806,0.24775149,0.99986017,0.7440995,0.23394522,0.99987936,0.7388977,0.2289254,0.99985015,0.73311615,0.22415465,0.9998337,0.7515616,0.24983215,0.9997863,0.71346426,0.2184977,0.9997372,0.7265501,0.27381793,0.99994457,0.7135079,0.26301745,0.9999478,0.69500256,0.37598944,0.9972326,0.58511674,0.27002108,0.9980646,0.58788186,0.48633566,0.7974627,0.4814265,0.38803136,0.8194693,0.61644006,0.3693697,0.8775095,0.59710145,0.35613006,0.85238653,0.6354126,0.34076697,0.8184643,0.62539065,0.33641103,0.7698096,0.6450906,0.3396247,0.79087603,0.6282232,0.32624218,0.7266369,0.6415526,0.34704494,0.7047516,0.62198603,0.33175045,0.6253868,0.48251218,0.570495,0.9993285,0.41347736,0.5060482,0.99953735,0.5913655,0.62949085,0.99599624,0.3314126,0.40846997,0.9967288,0.4331,0.78640026,0.9894343,0.1824786,0.5725093,0.9935887,0.41004044,0.78928995,0.9443648,0.18220806,0.5912913,0.9714301,0.3733483,0.8572359,0.98912513,0.119000316,0.62698925,0.9893638
77223.jpg,0.5598181,0.7896471,0.99996805,0.55382496,0.8048395,0.99996066,0.5483042,0.8053088,0.99993324,0.5430244,0.80564576,0.9999379,0.56885046,0.8021283,0.9999633,0.5740113,0.8005757,0.9999498,0.57914007,0.79886293,0.99995875,0.5354904,0.79479,0.9999143,0.5863479,0.7848755,0.99995923,0.5451907,0.7734308,0.99989736,0.5664558,0.76970387,0.9999366,0.4830784,0.706749,0.9966961,0.6034421,0.68142617,0.99751055,0.4070973,0.7531868,0.99328995,0.6806526,0.7076534,0.98989546,0.4502183,0.8889979,0.98339635,0.68781364,0.8282678,0.9860141,0.45636392,0.92531717,0.94261044,0.69550985,0.85452634,0.95401835,0.46443632,0.9270854,0.935636,0.6902014,0.8609656,0.94818664,0.4648713,0.9116678,0.92382,0.6825082,0.8527227,0.9433802,0.44964498,0.44295713,0.9997335,0.5314272,0.42944166,0.999762,0.32775277,0.318227,0.98584586,0.61505246,0.31294996,0.9951603,0.27706298,0.15584558,0.9749884,0.56700134,0.17364049,0.987716,0.29281667,0.12548804,0.9107098,0.5387413,0.14902592,0.96006346,0.20790783,0.10661429,0.93524396,0.6221255,0.11159611,0.9609035
77411_aug.jpg,0.44685417,0.24967146,0.99999726,0.4557579,0.22358638,0.9999926,0.46418193,0.21959525,0.99999094,0.4722534,0.21612555,0.9999902,0.43411398,0.23322764,0.9999958,0.42805222,0.23528618,0.99999535,0.42306936,0.23700935,0.99999607,0.489112,0.21688455,0.99998426,0.42302093,0.23972166,0.99999535,0.47079742,0.26259068,0.9999918,0.44327164,0.27375725,0.9999939,0.5951809,0.29671907,0.9999335,0.38524285,0.35921618,0.99999213,0.6848792,0.37416878,0.987756,0.3315035,0.47613347,0.99486285,0.7027732,0.49433446,0.9590995,0.35840052,0.5903595,0.9841611,0.71304625,0.52981055,0.9005926,0.3507091,0.6268657,0.9548431,0.69371295,0.5265128,0.90651494,0.3674472,0.6177511,0.95405424,0.6869453,0.5173972,0.889917,0.37445313,0.6046169,0.94434625,0.6054725,0.5652674,0.9974784,0.4734903,0.59730977,0.99949634,0.8299281,0.5625294,0.98370403,0.30464762,0.73359215,0.99522036,0.8786721,0.7551674,0.96896535,0.33169347,0.94291496,0.9919143,0.87542486,0.7971659,0.92593706,0.35524166,0.9682036,0.91729385,0.97645104,0.7773785,0.9143514,0.29098117,1.0049753,0.95149046
77869_aug.jpg,0.58020806,0.33609724,0.9999708,0.5945449,0.3283799,0.99993753,0.5994664,0.332703,0.9999378,0.6046271,0.33741596,0.99993014,0.5779059,0.3168099,0.99992156,0.5700234,0.31259632,0.99992085,0.56196505,0.3085861,0.99990284,0.61023504,0.3558946,0.99992406,0.54170954,0.30989695,0.9998896,0.5789368,0.3636585,0.9997812,0.55792284,0.34881312,0.9996666,0.60069627,0.44917035,0.9992843,0.45966202,0.34748617,0.9949846,0.70058596,0.5311682,0.9978387,0.3547651,0.26815942,0.9891454,0.80834764,0.5932632,0.99741095,0.26739657,0.19179839,0.9926442,0.84862596,0.6117633,0.9884272,0.24573581,0.16368842,0.979627,0.85706913,0.60895276,0.99086964,0.24406105,0.16076016,0.9815668,0.84259486,0.60484344,0.9911112,0.249115,0.17243034,0.98201376,0.4428677,0.63561255,0.9964889,0.36046454,0.56869304,0.99764013,0.56671715,0.76984704,0.99835086,0.18801518,0.47456932,0.999092,0.4463793,0.9001631,0.9946425,0.072167814,0.6142825,0.99599993,0.41605687,0.90637934,0.9807418,0.07848874,0.6419364,0.98698026,0.45597154,0.9788588,0.9797879,0.010951251,0.648691,0.98485744
78057.jpg,0.8561552,0.65374345,0.9999987,0.86495996,0.6712656,0.9999982,0.8609319,0.67569757,0.9999981,0.85725063,0.6796414,0.99999845,0.8766955,0.65796304,0.9999968,0.88138866,0.65233624,0.9999968,0.88611025,0.646278,0.99999654,0.8475263,0.6769916,0.99999654,0.88701,0.6297968,0.99999404,0.83183193,0.64677674,0.999997,0.8463023,0.631067,0.9999963,0.7192447,0.61351067,0.9999584,0.80367327,0.5100306,0.9998658,0.5848137,0.51944834,0.590059,0.69807905,0.3999297,0.90575653,0.4455011,0.5004322,0.7060971,0.64676994,0.2766283,0.8846057,0.41281533,0.50717264,0.67384154,0.64570886,0.24171868,0.8643977,0.4115518,0.51035285,0.68997073,0.648894,0.24361783,0.87447464,0.4214229,0.50819045,0.6857436,0.6472735,0.2542174,0.85472816,0.518825,0.39650604,0.9999213,0.57465017,0.3324343,0.9998273,0.39496425,0.46364033,0.99281913,0.58142155,0.24155898,0.9982951,0.21200955,0.28911746,0.9914478,0.40548044,0.06076151,0.9922976,0.20471114,0.26368535,0.95554674,0.38735926,0.056919634,0.94128525,0.13107258,0.23770346,0.9879892,0.33692175,0.008786678,0.98799217
78330.jpg,0.34305635,0.20932868,0.9999863,0.3324124,0.1909244,0.999987,0.3357448,0.18511891,0.99997926,0.33857453,0.18027416,0.99998176,0.322733,0.20598114,0.9999889,0.31904542,0.21116498,0.9999851,0.31554577,0.21672738,0.99998915,0.3472186,0.17775401,0.9999721,0.31560642,0.229412,0.9999838,0.36686885,0.21480675,0.9999808,0.3554588,0.23139516,0.99998796,0.48506778,0.21726428,0.9984469,0.39345342,0.34430128,0.99969137,0.6337587,0.2850789,0.9455559,0.48859608,0.4669228,0.97119695,0.5129483,0.32623404,0.91486377,0.4936636,0.34080234,0.95772994,0.4762643,0.31304634,0.82108796,0.46853554,0.307602,0.886937,0.46876085,0.3016951,0.79804254,0.45969677,0.30139622,0.8624162,0.47856623,0.30589947,0.73480225,0.46784055,0.3098373,0.81360954,0.6949456,0.41866678,0.9989619,0.6363674,0.4919745,0.9994444,0.7992443,0.33430672,0.98077893,0.5782791,0.61315393,0.99549097,0.9690635,0.4729269,0.94514406,0.75689095,0.7627319,0.9826266,0.9727484,0.5047113,0.8918495,0.7877054,0.7682334,0.94612145,1.0206088,0.48957315,0.9260693,0.77290916,0.84554064,0.9529134
78389_aug.jpg,0.4746523,0.6828868,0.99999285,0.46735102,0.6931023,0.99998236,0.46332526,0.69249403,0.99997306,0.45954838,0.69170034,0.99997306,0.47813436,0.69400144,0.9999851,0.48239797,0.69400734,0.99997914,0.48650882,0.69395244,0.999982,0.45706248,0.68216264,0.99993396,0.49396804,0.6874106,0.9999691,0.46891665,0.668547,0.9998678,0.48280194,0.6697117,0.99991226,0.43405086,0.60844254,0.99824727,0.5359689,0.61100996,0.99886876,0.38042438,0.64257205,0.9874994,0.587192,0.6415879,0.9969909,0.34248617,0.736223,0.98952127,0.6043236,0.7471205,0.994808,0.3328294,0.7585796,0.9691122,0.6104879,0.76572496,0.9779945,0.33439732,0.7636136,0.9696565,0.6065447,0.7705262,0.97711736,0.3385231,0.7554077,0.96767575,0.6023537,0.7656658,0.97601414,0.4664659,0.3883185,0.9996389,0.531058,0.39483187,0.99982077,0.41734675,0.27372015,0.99298054,0.6072455,0.2823114,0.9986462,0.4148853,0.14829409,0.98863846,0.6331588,0.15587914,0.9971692,0.42614773,0.13279623,0.93832546,0.6247896,0.13830906,0.97109926,0.3823373,0.10580659,0.97676396,0.65944517,0.11788678,0.9910272
80390_aug.jpg,0.60696775,0.76232874,0.9999989,0.6046875,0.7866148,0.99999833,0.59857273,0.79048336,0.9999968,0.592101,0.7944389,0.9999974,0.624254,0.7745551,0.9999989,0.63095474,0.77051455,0.9999982,0.63705105,0.7667835,0.99999905,0.5808097,0.7922871,0.99999607,0.6410225,0.7601459,0.9999993,0.58087283,0.74940157,0.99999714,0.6073441,0.73349595,0.9999988,0.4657989,0.7041674,0.9997062,0.66188306,0.626451,0.9999536,0.32638282,0.78046274,0.99932086,0.8225844,0.5783225,0.99987984,0.390895,0.909872,0.99668556,0.8675705,0.719443,0.99897885,0.4045847,0.95003146,0.97969395,0.88907844,0.75396323,0.9901777,0.4200068,0.9501369,0.9754101,0.8721864,0.7619517,0.9872119,0.41942737,0.93263996,0.9669105,0.85977197,0.7539123,0.98456913,0.39344698,0.42771158,0.9976538,0.5211675,0.37698725,0.9994248,0.16466928,0.43857014,0.98390293,0.6821518,0.20624124,0.9944449,0.049188763,0.2729211,0.97101307,0.609761,0.016395032,0.989282,0.048811167,0.23999287,0.9301902,0.5835966,0.008293182,0.95878047,-0.033530563,0.24659364,0.9111283,0.6344301,-0.070792645,0.93674505
80406.jpg,0.5041597,0.6365968,0.99972993,0.49534827,0.6533357,0.99973136,0.48875898,0.6546128,0.99952567,0.483805,0.65568876,0.99962544,0.515907,0.6509827,0.999703,0.5230623,0.650892,0.9994628,0.52912587,0.6507772,0.999634,0.4742218,0.64914346,0.9995509,0.5356488,0.64444757,0.9996933,0.48915908,0.6199484,0.9982893,0.5146247,0.6191503,0.99853885,0.43451372,0.57586473,0.9853822,0.5597402,0.5793756,0.9956625,0.43533516,0.710033,0.99074805,0.58353615,0.7052566,0.99580705,0.50395024,0.8088112,0.9756478,0.52116036,0.8068732,0.9821516,0.5108334,0.8412273,0.9263485,0.51091325,0.83829,0.9311693,0.5109381,0.8430152,0.9128026,0.5114258,0.8384628,0.91745394,0.5110584,0.83193535,0.90326387,0.51463854,0.8252616,0.9147871,0.45446905,0.33775702,0.9981388,0.5561889,0.33585283,0.9989644,0.29884726,0.328728,0.9731323,0.7038908,0.3049523,0.9916664,0.2900838,0.15563981,0.92319137,0.70025396,0.12094012,0.9670756,0.30508006,0.13878329,0.83099586,0.6834367,0.10210475,0.9031005,0.27196735,0.09508902,0.84481233,0.73143375,0.06662455,0.8976707
81830_aug.jpg,0.33685833,0.54963326,0.99979204,0.32515883,0.5475299,0.99966705,0.32401374,0.54414636,0.9995433,0.32337373,0.5416404,0.99954695,0.32902998,0.5578483,0.9997247,0.33053058,0.5617029,0.9996761,0.33197093,0.56504333,0.99971455,0.3279908,0.5342379,0.9990957,0.33938712,0.56730783,0.99951947,0.34501338,0.538706,0.9994351,0.34933594,0.55179626,0.9995957,0.38612783,0.47943357,0.99477357,0.41512263,0.5700785,0.999022,0.4572265,0.44347873,0.91137064,0.4982721,0.56359035,0.94887036,0.4522799,0.4994895,0.8399743,0.45649004,0.52003884,0.9197687,0.44499266,0.51260185,0.7096358,0.4339676,0.5190993,0.8284997,0.43129054,0.51354927,0.7040861,0.42865652,0.5219698,0.80885917,0.43425134,0.50979316,0.6061475,0.43425018,0.5213861,0.73776674,0.5421724,0.44545618,0.99906105,0.55709,0.49887407,0.9994419,0.5910817,0.35510474,0.982679,0.65057707,0.5384812,0.9938858,0.6992592,0.31685138,0.980355,0.76399255,0.5177456,0.99103934,0.7220608,0.32071608,0.9461775,0.77833104,0.5025224,0.93707854,0.71615934,0.26754385,0.9577943,0.8034082,0.54250795,0.9671018
81934_aug.jpg,0.8687084,0.5607708,0.9999893,0.8846209,0.5755653,0.99998355,0.8831966,0.58372664,0.999972,0.8816016,0.59195,0.9999759,0.8892045,0.54746145,0.9999875,0.8906268,0.53640836,0.9999819,0.89140797,0.52638793,0.99998844,0.8660706,0.5975244,0.9999727,0.87572384,0.5088494,0.99999094,0.83930373,0.5746095,0.9999716,0.84453475,0.53911763,0.9999839,0.69994,0.66671675,0.9989299,0.7321316,0.4183607,0.9994754,0.64318264,0.8435637,0.9980154,0.72818714,0.25163236,0.99883014,0.81623316,0.8954064,0.9922536,0.90927863,0.23112127,0.9968675,0.861768,0.9114275,0.95754766,0.96072996,0.22532326,0.9815933,0.87457526,0.89842504,0.9506155,0.9606688,0.24837291,0.977796,0.8535973,0.885748,0.94686645,0.93853164,0.2550099,0.97550815,0.36776453,0.58503735,0.9954722,0.39167508,0.42298257,0.9978097,0.2937491,0.7926712,0.9637446,0.3467322,0.20164469,0.9860925,0.048437566,0.7437825,0.87278116,0.11012901,0.19067737,0.9438713,0.024762988,0.71250707,0.8279185,0.07165775,0.21720493,0.91530466,-0.044129282,0.8334736,0.72345006,0.039506793,0.06850952,0.7979182
82145_aug.jpg,0.43735182,0.11173406,0.9999987,0.44487965,0.09941468,0.999998,0.44953528,0.09932813,0.99999654,0.45333615,0.09935868,0.999997,0.4319662,0.10100052,0.9999982,0.4272397,0.10220185,0.9999974,0.4230555,0.10336766,0.9999981,0.46239763,0.10860279,0.99999535,0.4221839,0.1137574,0.9999964,0.449013,0.12576234,0.9999956,0.431779,0.12889737,0.9999969,0.5166719,0.20216596,0.9995944,0.4004659,0.21559304,0.99981326,0.5809888,0.26592863,0.9966376,0.33561444,0.28491563,0.99527574,0.57043654,0.16358842,0.9935456,0.3295057,0.17834558,0.9958456,0.5627453,0.13667071,0.9744014,0.3256263,0.15162885,0.9819795,0.5576629,0.131542,0.9705183,0.33224577,0.14609113,0.97896695,0.55888337,0.13836536,0.95564526,0.3369233,0.15431295,0.9738831,0.5096055,0.43279245,0.99954635,0.45767236,0.4358736,0.9997067,0.6337519,0.5268347,0.9896912,0.36123747,0.56533873,0.9866621,0.6481329,0.68750024,0.9846539,0.39306587,0.7225415,0.98459005,0.6391034,0.7154051,0.9347045,0.41316032,0.7445949,0.95216185,0.67427605,0.72525036,0.97146374,0.35724023,0.76566577,0.96350455
82575.jpg,0.22909367,0.77454704,0.9999982,0.21549718,0.7778559,0.9999975,0.21320355,0.774765,0.99999547,0.21086287,0.77150583,0.99999595,0.22345656,0.7872293,0.999998,0.22667077,0.7902987,0.9999969,0.22996612,0.7931973,0.99999785,0.2119473,0.75979805,0.9999938,0.23848662,0.7871872,0.9999964,0.23454307,0.7576484,0.99999404,0.24685901,0.7687787,0.9999964,0.24990712,0.66664934,0.9994266,0.32907712,0.7481236,0.9998388,0.2658821,0.5749997,0.995937,0.4282551,0.75559163,0.9955236,0.19150966,0.64774066,0.9888831,0.34640545,0.8279532,0.99547654,0.17607456,0.668492,0.9567963,0.32847786,0.84811085,0.97957796,0.17411989,0.67589235,0.950091,0.3185843,0.84709406,0.9764065,0.17922905,0.6715722,0.9297295,0.3232679,0.83697724,0.97143024,0.43605572,0.529084,0.9994223,0.47213912,0.56971174,0.9996799,0.4421334,0.3695167,0.9866789,0.6345591,0.562667,0.9824906,0.5605635,0.25874436,0.9791302,0.737938,0.44385338,0.98351663,0.59061694,0.24916193,0.9404418,0.7443563,0.41263384,0.94980246,0.5664606,0.21081406,0.9596676,0.8000088,0.44889906,0.9582422
83672.jpg,0.46124914,0.24306151,0.9999993,0.46849826,0.22637942,0.9999982,0.47427437,0.22565022,0.9999975,0.4792469,0.22505805,0.9999969,0.45082784,0.22874123,0.9999981,0.44478932,0.22968578,0.99999726,0.44019493,0.23062465,0.9999975,0.4853051,0.23022681,0.99999774,0.4347775,0.23649636,0.99999774,0.4738907,0.2593571,0.9999988,0.4520786,0.26040104,0.9999989,0.5430379,0.3344955,0.99994063,0.39597094,0.34959215,0.9999343,0.6440136,0.39506617,0.99838173,0.32782948,0.45138672,0.9954313,0.6952046,0.2882579,0.99766856,0.23112184,0.3871494,0.99655765,0.72184455,0.2646787,0.9883279,0.19971642,0.37383473,0.9885135,0.71442145,0.25571322,0.9874134,0.20477182,0.3599219,0.98857504,0.7020223,0.2642411,0.9838097,0.21469523,0.3638885,0.98643106,0.53143775,0.57815474,0.99914074,0.44314072,0.58960253,0.999956,0.6603053,0.69128597,0.99173766,0.3257876,0.7308213,0.9974457,0.67608523,0.78532016,0.9294455,0.34572202,0.90318,0.99666613,0.6705618,0.7910696,0.7882159,0.3668393,0.9161881,0.9676204,0.68889624,0.8539971,0.90501165,0.3095265,0.92456913,0.9875168
83748_aug.jpg,0.685645,0.71678936,0.999995,0.69015634,0.73764277,0.99999213,0.68538785,0.7418081,0.9999876,0.67999464,0.74624383,0.99998796,0.707247,0.7232387,0.99999344,0.7136776,0.7177959,0.9999906,0.71974176,0.7125476,0.9999933,0.670894,0.7449893,0.99998426,0.7267114,0.70211196,0.9999951,0.6614446,0.70807374,0.99998546,0.6808454,0.6908176,0.9999918,0.5571321,0.70078135,0.99959964,0.70628077,0.5772338,0.9997806,0.45702478,0.8131539,0.9985201,0.8416788,0.50108606,0.9994524,0.53403354,0.93328464,0.992128,0.9493003,0.5964736,0.99585223,0.55782413,0.96891296,0.9596598,0.9743714,0.6219273,0.9711204,0.5736394,0.96398854,0.9536163,0.9666658,0.6339136,0.9665269,0.56713474,0.9490696,0.9531728,0.9561378,0.6277857,0.9673033,0.39900616,0.45575628,0.9990319,0.49863148,0.37014714,0.999288,0.20198119,0.50741607,0.997358,0.5535154,0.17761913,0.998828,0.07403749,0.3894784,0.9896399,0.46295577,0.06354451,0.9922976,0.0759266,0.36468723,0.9427538,0.4457508,0.07458553,0.9626952,-0.0077424645,0.36425447,0.9628664,0.44676307,-0.029605329,0.96531415
84652_aug.jpg,0.28359345,0.47052023,0.99997866,0.26967162,0.47539043,0.9999856,0.26933104,0.48056948,0.99998975,0.26915327,0.48592556,0.9999895,0.27067456,0.4600545,0.99998343,0.27120537,0.45485738,0.9999833,0.27211273,0.4492608,0.99998236,0.2788876,0.49443573,0.9999745,0.28285912,0.4408063,0.99995124,0.29811612,0.47948575,0.99982953,0.3005007,0.46240395,0.9997631,0.36868775,0.56599677,0.9998511,0.38392,0.38158557,0.99983823,0.3732233,0.7044025,0.9985226,0.4122631,0.24944764,0.99458486,0.25193506,0.70779264,0.9811695,0.28939566,0.23523653,0.93846697,0.21780041,0.7109396,0.96112835,0.2557732,0.22951916,0.88778776,0.21374992,0.6938628,0.95937544,0.2527124,0.24410458,0.87784135,0.22934252,0.689715,0.942222,0.26586196,0.25025475,0.84645486,0.63126063,0.5491227,0.999838,0.63594574,0.43668255,0.99992967,0.6818301,0.69974566,0.9845408,0.7030643,0.28994262,0.98985577,0.8359195,0.756011,0.95147264,0.872164,0.2561923,0.9775205,0.8680192,0.75512385,0.9426677,0.91105604,0.26037502,0.9683898,0.8499242,0.7899246,0.9174119,0.8777348,0.20256048,0.95774263
85440_aug.jpg,0.45946798,0.68415534,0.99999976,0.4461542,0.6960065,0.99999976,0.4408715,0.69461524,0.99999964,0.4354049,0.69314194,0.99999964,0.464427,0.6989313,0.99999976,0.4708571,0.69967645,0.99999964,0.4768128,0.70029366,0.99999976,0.42685443,0.683799,0.99999964,0.48499405,0.6949509,0.9999999,0.4511935,0.6649442,0.9999995,0.47454956,0.66991127,0.99999964,0.3994983,0.58437973,0.9999496,0.5470838,0.6170312,0.99996495,0.36271685,0.46037346,0.96640235,0.61771214,0.5078902,0.96453077,0.46395382,0.5338565,0.9325928,0.50400937,0.5380431,0.92137057,0.47244212,0.5610493,0.793814,0.47856846,0.5625577,0.7576306,0.4682848,0.5691582,0.7648028,0.4812349,0.569745,0.694752,0.46713334,0.5604956,0.7174796,0.48631406,0.56144303,0.6620499,0.46778777,0.368651,0.99995947,0.5697535,0.38368216,0.9999542,0.29067433,0.32127485,0.9934503,0.76645344,0.4035995,0.9962697,0.33644873,0.13832912,0.9820327,0.75920606,0.21833473,0.993669,0.36276403,0.116170526,0.962847,0.7402201,0.18400532,0.969776,0.26452732,0.08290744,0.9442759,0.83792067,0.19538708,0.9683867
85831.jpg,0.71798205,0.31952173,0.9998543,0.7219758,0.3065855,0.9999465,0.714944,0.3011105,0.9999609,0.70733947,0.29498404,0.9999633,0.73567855,0.32538265,0.9999095,0.7379062,0.3331731,0.9999125,0.7395937,0.3400365,0.99989533,0.6790197,0.3047034,0.99993193,0.7286846,0.36871707,0.9998553,0.6836748,0.323589,0.999537,0.7009059,0.35033017,0.9993605,0.53177845,0.3129943,0.9995167,0.71747947,0.5114554,0.9994831,0.41319326,0.1518076,0.9770419,0.8849729,0.59147257,0.9816342,0.51286125,0.0172652,0.9345714,1.0298083,0.52079654,0.9323972,0.53071636,-0.030617714,0.9170755,1.075134,0.51702785,0.91436756,0.56144893,-0.005182922,0.91901803,1.065732,0.49231005,0.91591966,0.55656946,0.016214192,0.88332146,1.0413275,0.49418485,0.88081616,0.3277056,0.58650386,0.999496,0.44731474,0.69522846,0.9994814,0.108196214,0.46108732,0.97165674,0.510786,0.8239945,0.88043505,0.028487295,0.5600949,0.7437644,0.40008843,0.9683584,0.7041225,0.06978515,0.61106825,0.71213824,0.36701688,0.9795519,0.6765405,0.027007073,0.5295013,0.57156384,0.41993183,0.9571004,0.5161819
86034_aug.jpg,0.17594442,0.7213757,0.9999348,0.15581083,0.7195169,0.99989605,0.15375686,0.7152483,0.9998765,0.15187451,0.71113527,0.9998958,0.16337773,0.73756546,0.99987066,0.16597551,0.7448172,0.9998362,0.16860375,0.7518968,0.9998431,0.15800431,0.69907624,0.999813,0.18050897,0.757781,0.99965286,0.19133875,0.7013857,0.9998703,0.19780019,0.72433406,0.99982506,0.2571614,0.6122886,0.9995376,0.31839472,0.74148786,0.99852943,0.38994518,0.54501736,0.92878246,0.45040816,0.6918747,0.8750231,0.43142068,0.5992818,0.8970741,0.43738407,0.6306508,0.76701146,0.45358,0.6170084,0.8396581,0.44060558,0.6176215,0.6970448,0.43627095,0.62840044,0.837779,0.42893696,0.62306446,0.6917813,0.43038148,0.62431204,0.80330193,0.42659473,0.6245757,0.6566191,0.5477878,0.5177619,0.99873835,0.5792133,0.60402834,0.9986702,0.61987853,0.36560616,0.9906911,0.75150627,0.66512674,0.9960395,0.7901542,0.2965851,0.97349745,0.9479959,0.6007212,0.9893388,0.8222625,0.30066365,0.80103964,0.9595541,0.58129036,0.8708322,0.8584711,0.23550525,0.9369118,1.0340445,0.6225009,0.96326226
86213_aug.jpg,0.70641124,0.34201616,0.9999869,0.72368705,0.33733758,0.9999639,0.7270872,0.34106117,0.99994886,0.7296753,0.34426335,0.9999386,0.71245027,0.32463843,0.99997306,0.70838654,0.31991678,0.9999671,0.7044671,0.3154722,0.9999697,0.7273687,0.3560698,0.9998698,0.69194496,0.31433836,0.9999708,0.7013025,0.3629602,0.99983764,0.68731093,0.34458566,0.9998988,0.6766567,0.4677511,0.9972963,0.58307827,0.35016555,0.9995616,0.7147043,0.56039166,0.97039175,0.49040717,0.29322454,0.99029434,0.8358661,0.5454446,0.9722091,0.5274993,0.17647451,0.9893825,0.868844,0.54931355,0.9196472,0.53594166,0.14032578,0.9643394,0.87097037,0.5392166,0.9214678,0.54475915,0.13855004,0.96511227,0.85996366,0.53640544,0.92597413,0.5436181,0.15183777,0.9654529,0.43825555,0.6055081,0.99686134,0.39510363,0.5528874,0.9990157,0.5205383,0.7443228,0.9658242,0.27345532,0.4387454,0.99441236,0.43967625,0.89838254,0.958018,0.10025847,0.5083996,0.9874139,0.41296366,0.8850131,0.9393638,0.077079624,0.5296634,0.97011995,0.4464622,0.9467096,0.9064239,0.021814436,0.47480968,0.948846
86912_aug.jpg,0.48860022,0.6710946,0.9913168,0.47874013,0.68321306,0.99328387,0.47243595,0.6832876,0.99285746,0.4665556,0.6835533,0.9933302,0.49528584,0.6826808,0.9903645,0.5001936,0.68184745,0.98809695,0.5052673,0.68093294,0.9868167,0.4598157,0.67333466,0.9925513,0.5088842,0.66811395,0.988361,0.47565743,0.658604,0.97615665,0.49563134,0.6546372,0.960002,0.39857033,0.59699357,0.9468688,0.5400852,0.59586847,0.99130344,0.44758326,0.62603664,0.9186446,0.5028261,0.62126917,0.9295971,0.50606966,0.7517989,0.92082983,0.47551525,0.7370148,0.9390988,0.5169635,0.78784037,0.8596437,0.45081556,0.76660466,0.8759181,0.5141395,0.78699833,0.83738047,0.4513062,0.7656412,0.8516158,0.513162,0.7707542,0.81349474,0.45117176,0.75079453,0.8288307,0.41495344,0.35308355,0.99884135,0.52336186,0.35723686,0.9995396,0.25028557,0.32164043,0.98035014,0.69339573,0.3165724,0.99600106,0.21873656,0.109747365,0.9387845,0.7125424,0.12521295,0.9775252,0.22862978,0.07663834,0.84677696,0.6948214,0.09700081,0.9135254,0.13901699,0.08819121,0.8421222,0.7681653,0.07417783,0.9233439
87166.jpg,0.49400812,0.9311929,0.99999034,0.48237264,0.9503431,0.9999908,0.47585106,0.95040286,0.99998677,0.46984726,0.9506482,0.99998677,0.50345916,0.9489573,0.9999907,0.5109916,0.9476505,0.9999882,0.51790357,0.9460703,0.9999902,0.46184543,0.9404158,0.9999863,0.5264266,0.9309199,0.99998975,0.48129869,0.90984404,0.99998593,0.50556606,0.9061966,0.99998784,0.40219712,0.78761274,0.99948585,0.56874156,0.7897247,0.99980944,0.36554104,0.6074297,0.9299183,0.6040101,0.594336,0.9762759,0.4649408,0.6814138,0.9128217,0.4925374,0.67759776,0.96553814,0.47657928,0.7099441,0.8302728,0.4791572,0.7099354,0.9133766,0.47566992,0.7218518,0.81364024,0.48125628,0.721665,0.8934576,0.47271562,0.71510756,0.74086285,0.48571935,0.7105657,0.8439135,0.42302456,0.4667472,0.9996094,0.540538,0.4662894,0.9997687,0.26285887,0.36421117,0.98288625,0.6835128,0.3401309,0.9951916,0.25105655,0.11352563,0.9675656,0.6811085,0.089276105,0.9893902,0.2688509,0.078591794,0.9152168,0.66200095,0.05387795,0.93870157,0.18359986,0.054405242,0.93448436,0.7492143,0.020150036,0.9565101
88017_aug.jpg,0.49457148,0.8055651,0.9999975,0.4968839,0.82416475,0.9999969,0.49277723,0.82458967,0.99999535,0.48845565,0.8248397,0.9999956,0.51321054,0.8215375,0.9999975,0.52207536,0.81943053,0.99999654,0.53127205,0.8167842,0.9999974,0.49342895,0.80987644,0.99999523,0.55454904,0.7966211,0.9999982,0.48468593,0.77964413,0.99999356,0.5033776,0.77328825,0.9999957,0.40971297,0.6868936,0.9993992,0.59130037,0.65806067,0.9997739,0.2680243,0.7444408,0.99670213,0.7359059,0.6484146,0.99892753,0.29383266,0.8647965,0.9870129,0.80627406,0.79914916,0.9949845,0.29061812,0.893574,0.94412786,0.8502135,0.8439688,0.9713288,0.3023611,0.89465433,0.9360165,0.8381928,0.84303564,0.96820307,0.3051182,0.8824702,0.934537,0.82788754,0.82902443,0.9676385,0.37892324,0.3969467,0.9988255,0.50409937,0.3670994,0.99956983,0.16549385,0.40200973,0.9905183,0.63978827,0.22752407,0.9985072,0.12990686,0.21993272,0.98087996,0.6302324,0.031664163,0.9966164,0.14916205,0.20152245,0.94927806,0.61364055,0.02335903,0.95466036,0.051104397,0.15957806,0.9535232,0.6333622,-0.052615494,0.9803719
91045.jpg,0.28833666,0.2958555,0.9999976,0.28320226,0.2765409,0.999997,0.2870493,0.27241626,0.9999949,0.29079157,0.26847088,0.9999957,0.26981583,0.29215288,0.99999726,0.26515186,0.29767883,0.99999607,0.2609934,0.3026899,0.99999714,0.306954,0.27106813,0.9999943,0.26413453,0.31953138,0.9999975,0.31371063,0.30052194,0.999992,0.29669383,0.3181324,0.9999945,0.43193725,0.32517582,0.9996146,0.3201143,0.43311256,0.99971634,0.5382836,0.27853087,0.9963619,0.27722788,0.54308367,0.99754167,0.4553569,0.16725266,0.993269,0.16583624,0.4481814,0.9945469,0.43200856,0.13572732,0.96664476,0.13904327,0.42948723,0.971848,0.41425836,0.13864934,0.9618226,0.14037839,0.41877222,0.9672213,0.41910037,0.1545288,0.95452833,0.14969471,0.42196846,0.96216,0.60445,0.52719814,0.9996339,0.52854174,0.5973325,0.99978703,0.7783495,0.5143033,0.99337256,0.5227915,0.7810227,0.9986808,0.88491464,0.6499057,0.9821223,0.65418833,0.89880157,0.9964432,0.8886806,0.6841339,0.95018774,0.6874133,0.8957391,0.97264725,0.9726995,0.651141,0.9578645,0.6556445,0.9760692,0.9841733
91978_aug.jpg,0.3230986,0.4660518,0.99994195,0.3126273,0.46379262,0.99992764,0.31315076,0.46179932,0.999864,0.3135144,0.4596159,0.9998673,0.311774,0.47102857,0.99994683,0.31174105,0.4743773,0.999926,0.31153437,0.4777475,0.9999318,0.32166398,0.46368876,0.9998591,0.3176839,0.49166566,0.9999335,0.3383871,0.46460745,0.9997099,0.3374903,0.47374117,0.99969697,0.3855973,0.45845786,0.99535626,0.37993026,0.52478504,0.99937135,0.2825,0.4136225,0.78516,0.26302156,0.48811293,0.9961499,0.168003,0.39333516,0.87936074,0.13745603,0.48021826,0.9934029,0.1318933,0.38536787,0.80507874,0.107357204,0.48226002,0.9805146,0.12395945,0.39101204,0.800032,0.1072222,0.47322643,0.9761934,0.13717088,0.39745805,0.80705744,0.12015924,0.46676368,0.96797425,0.61798894,0.48885107,0.999408,0.619286,0.5377303,0.9997603,0.69040763,0.38367623,0.990785,0.7418511,0.6440065,0.99864274,0.7944802,0.42477882,0.97766227,0.8830525,0.68969214,0.9990852,0.8122625,0.44924733,0.95548946,0.8993387,0.6837933,0.99001724,0.83685786,0.39012736,0.96184003,0.94678044,0.72918546,0.9954035
91988.jpg,0.4926168,0.4541247,0.9999758,0.50212747,0.44676802,0.99994206,0.5058918,0.44846594,0.99991965,0.50945,0.4502409,0.9999095,0.4897123,0.44247282,0.99996114,0.48466977,0.44116995,0.999956,0.47951686,0.43995833,0.99995804,0.51016164,0.46024138,0.999824,0.46727505,0.44506162,0.9999573,0.49559218,0.47025985,0.9998056,0.47859308,0.4646846,0.99987686,0.53231716,0.5464989,0.9984515,0.39921135,0.50144374,0.99969983,0.64585924,0.58082396,0.9969548,0.29164654,0.44855416,0.9978357,0.69966644,0.52776444,0.9884015,0.2701552,0.36350402,0.9946279,0.7194476,0.50631624,0.9531305,0.25740635,0.33967605,0.97690547,0.714967,0.49877232,0.955091,0.2628562,0.3373394,0.9765579,0.706375,0.50510204,0.9541493,0.2681542,0.3467952,0.9749416,0.45469713,0.7069214,0.9980058,0.36069033,0.6700501,0.99914443,0.57486045,0.80566955,0.96990246,0.20297296,0.65121555,0.99185234,0.6028286,0.94710815,0.9771468,0.0974437,0.7467768,0.9862998,0.5808785,0.97208226,0.9533587,0.10219282,0.77383566,0.9602703,0.6544844,0.9875822,0.93015844,0.039798558,0.75262785,0.9390741
92301_aug.jpg,0.61808634,0.77947783,0.9999908,0.6096501,0.796815,0.999984,0.6040744,0.7984857,0.99998224,0.5989394,0.79973257,0.99997556,0.62407243,0.79331195,0.9999858,0.62793016,0.7929133,0.9999869,0.6311652,0.79284865,0.9999844,0.5830285,0.7955003,0.99995816,0.62273806,0.78924376,0.9999757,0.6004474,0.7642709,0.9999844,0.61715937,0.7613544,0.9999902,0.52133375,0.70917606,0.9993345,0.615693,0.67749697,0.99977535,0.5004134,0.573188,0.9636996,0.6255133,0.5345813,0.9048479,0.5954277,0.6307132,0.972099,0.6040184,0.6234822,0.87196547,0.6133705,0.6511476,0.95514315,0.6087258,0.6523511,0.7876032,0.60848653,0.662414,0.9498896,0.60627085,0.6616754,0.7542415,0.6024162,0.65828335,0.9138676,0.60355866,0.6548721,0.69389904,0.43323165,0.47705132,0.99987364,0.5055937,0.45849162,0.99981135,0.3839054,0.45295182,0.9916277,0.6121645,0.41323256,0.9885771,0.3005486,0.24466783,0.9862466,0.5355731,0.236272,0.97805846,0.30544657,0.2189163,0.958853,0.5132745,0.2141521,0.9673735,0.26499593,0.18308637,0.9866306,0.57083976,0.1838189,0.97493005
93344.jpg,0.40709645,0.18152985,0.99999976,0.41257513,0.16044557,0.99999964,0.41863683,0.15798998,0.99999905,0.42349088,0.15655875,0.99999917,0.39209068,0.1677931,0.99999976,0.38504073,0.17042682,0.9999995,0.37865984,0.17281368,0.99999976,0.43676943,0.1624265,0.99999845,0.37278122,0.1854974,0.99999976,0.4282875,0.1965527,0.999998,0.4012725,0.20415857,0.99999917,0.5243275,0.2582404,0.9991757,0.36010063,0.31676173,0.999866,0.63984257,0.25235078,0.9936743,0.26114947,0.37979203,0.9989323,0.6143271,0.112568796,0.9902192,0.17672476,0.25740904,0.99742246,0.60906774,0.069916725,0.9621043,0.1495618,0.22432396,0.9862553,0.59717643,0.06721336,0.9566882,0.15871829,0.21230868,0.9834325,0.59497356,0.08363953,0.9443659,0.17173901,0.22130814,0.9799698,0.58625066,0.55624723,0.9994048,0.4827398,0.5902065,0.9997596,0.7694293,0.5730596,0.96390104,0.35445407,0.71518975,0.9927753,0.84155214,0.8000477,0.9648245,0.42655945,0.92874897,0.9907256,0.8347995,0.8369068,0.96690416,0.45426252,0.95513064,0.97276986,0.9257555,0.8224497,0.9464061,0.40661973,0.9903945,0.9600769
94403_aug.jpg,0.2211422,0.5873615,0.9999974,0.20105445,0.5868157,0.9999944,0.19770557,0.5814431,0.9999894,0.19535723,0.57781655,0.9999907,0.21080366,0.6045786,0.99999654,0.21363738,0.61066157,0.999995,0.21624061,0.61625504,0.9999969,0.19694161,0.56831366,0.99998546,0.22573927,0.62235594,0.9999969,0.23105523,0.5658841,0.9999902,0.2421076,0.5894554,0.9999958,0.2694373,0.46260783,0.998752,0.35260558,0.618485,0.9998474,0.24810386,0.32762834,0.99767095,0.43751207,0.71599025,0.9995091,0.118916094,0.37222132,0.9895936,0.3282581,0.78421426,0.9981183,0.08656445,0.386042,0.949753,0.294397,0.80579406,0.9868536,0.08662903,0.40202105,0.9413292,0.2815156,0.8001851,0.98354256,0.10166511,0.40076473,0.919781,0.29211843,0.7877393,0.9784635,0.526663,0.35945714,0.9987488,0.5766735,0.4624293,0.99964654,0.50676787,0.18599737,0.99429166,0.6991012,0.58846724,0.99777275,0.686727,0.08112222,0.989817,0.88081217,0.48674515,0.9966434,0.72121966,0.083111495,0.969413,0.9000305,0.45299876,0.9892356,0.7206065,0.008003026,0.9734138,0.95614415,0.5296779,0.98599863
95915_aug.jpg,0.39317545,0.54218787,0.9999548,0.37281477,0.54187435,0.9999716,0.3694685,0.53532654,0.9999498,0.36636987,0.52898276,0.99996114,0.38280922,0.5607152,0.99997365,0.38562497,0.56599754,0.9999498,0.38868767,0.57123315,0.9999628,0.36843458,0.5163704,0.99993193,0.39822417,0.5735742,0.99996316,0.4026456,0.51924133,0.9998092,0.414114,0.54098403,0.99983346,0.41692325,0.43253106,0.98607534,0.49238104,0.57902074,0.9971131,0.2900947,0.43285728,0.9883769,0.424948,0.6772854,0.9906889,0.15383255,0.48213252,0.97823733,0.2998528,0.75591004,0.98601204,0.11098415,0.4930493,0.94824237,0.2622183,0.78583646,0.9597473,0.10553539,0.5054492,0.94005257,0.24898031,0.77643746,0.9515709,0.123969615,0.5072065,0.93549085,0.2625815,0.76092243,0.9529323,0.6568848,0.35137898,0.9940065,0.7036953,0.45677364,0.9980153,0.56935084,0.14323738,0.98083544,0.80105424,0.6570827,0.99219793,0.7392634,0.07063952,0.94591045,0.9399581,0.5532261,0.97711325,0.76636183,0.083850116,0.8888953,0.95036185,0.52137554,0.93852407,0.77196175,0.00018060207,0.80638415,1.0382633,0.59751856,0.86224216
96007.jpg,0.44435272,0.25584665,0.99999666,0.45197955,0.22909579,0.9999912,0.46030748,0.22475317,0.99998903,0.46823126,0.22081158,0.9999882,0.43085757,0.23893356,0.9999949,0.42507756,0.24087068,0.99999416,0.42006698,0.24254724,0.999995,0.4847109,0.21888524,0.99998164,0.4193613,0.2436549,0.9999943,0.46837345,0.26799795,0.99998987,0.44185203,0.27956706,0.9999925,0.59227246,0.29546902,0.99993944,0.3840908,0.35885388,0.99999034,0.6831206,0.37142903,0.9899768,0.33291763,0.48019928,0.99509794,0.7017928,0.48876134,0.9708575,0.3605371,0.59233856,0.98633873,0.71348,0.5241246,0.9265036,0.35411915,0.628588,0.96009266,0.69466937,0.5209996,0.93118376,0.37098178,0.61960566,0.95964366,0.686656,0.51184475,0.91734576,0.37726867,0.6065473,0.9509303,0.60761523,0.5654561,0.9974322,0.4754898,0.5985,0.9994504,0.83037245,0.5534626,0.9843406,0.30586633,0.7377658,0.99514425,0.8768866,0.74825037,0.96794444,0.3382519,0.9427182,0.9917693,0.8721515,0.7872738,0.92572767,0.36077577,0.9706924,0.9220982,0.97421384,0.7662379,0.9149365,0.29743862,1.0058177,0.95232993
96158_aug.jpg,0.7321471,0.3779263,0.9999994,0.7499753,0.37753415,0.9999987,0.7534593,0.38212007,0.9999976,0.7561951,0.3856096,0.99999774,0.7391411,0.36258084,0.99999905,0.73612374,0.3571419,0.99999857,0.73370254,0.35187402,0.99999905,0.7530136,0.39441186,0.9999963,0.7237921,0.3493137,0.99999917,0.724357,0.397217,0.9999951,0.71331465,0.37817162,0.9999975,0.6852892,0.4901009,0.9993747,0.614682,0.36628386,0.9996731,0.73176026,0.5801436,0.99613744,0.5603575,0.28224534,0.9970317,0.8461652,0.53296417,0.99229324,0.6597835,0.20687959,0.99213696,0.87852925,0.52398086,0.96640813,0.6894523,0.18149507,0.95912915,0.88107824,0.51440865,0.9637676,0.69885546,0.18595868,0.95419836,0.86545634,0.51652783,0.95438826,0.6860662,0.19941318,0.9500377,0.44853875,0.58145773,0.99980825,0.40995592,0.5039125,0.9999293,0.42346707,0.735078,0.9967655,0.2671196,0.43672588,0.9994444,0.2987106,0.8100555,0.99563944,0.14723459,0.5213862,0.99928814,0.26900837,0.8103287,0.9833944,0.13481912,0.5461664,0.99509096,0.28147095,0.88520277,0.9876645,0.07986793,0.49307662,0.9959615
97082_aug.jpg,0.66139525,0.701378,0.9999989,0.6637079,0.71963525,0.9999975,0.6585335,0.72303617,0.99999666,0.65370053,0.7261336,0.9999963,0.6791792,0.7092886,0.99999714,0.68367004,0.7059901,0.9999962,0.68762386,0.7028345,0.99999607,0.64479214,0.7241212,0.9999975,0.688891,0.69279796,0.99999666,0.6413367,0.6928035,0.9999981,0.6607985,0.6805301,0.999998,0.54456234,0.66234905,0.9999341,0.6646706,0.5735272,0.9998012,0.424011,0.66513467,0.99831545,0.6716443,0.4489466,0.99417394,0.43318596,0.7810278,0.9964619,0.7852494,0.4588246,0.9953406,0.4218957,0.8149959,0.9851607,0.8198608,0.45491502,0.98623776,0.43286106,0.8197193,0.9842785,0.8215346,0.47079545,0.98637277,0.440897,0.8039934,0.9817748,0.80911374,0.47363454,0.9848467,0.4266407,0.44482616,0.9992066,0.5016052,0.392844,0.9993886,0.2486315,0.40953416,0.98987913,0.5338118,0.20617868,0.9820655,0.1790973,0.30486858,0.92530155,0.4476536,0.098000765,0.95230556,0.17634377,0.28495365,0.79468936,0.4186058,0.08153984,0.82337123,0.11879933,0.26337865,0.84632677,0.44482,0.026874721,0.8361962
97103.jpg,0.74391073,0.32995027,0.99999654,0.75066215,0.3195473,0.999992,0.75433576,0.3199198,0.99998784,0.7570944,0.32033423,0.9999881,0.73781264,0.31867826,0.9999926,0.7325994,0.31854004,0.9999913,0.7280047,0.31856802,0.9999932,0.7587037,0.32703084,0.9999838,0.71700627,0.32420155,0.99999285,0.7499729,0.3437394,0.9999869,0.73294115,0.34251207,0.99999154,0.77784896,0.40190458,0.999853,0.6777768,0.39221418,0.9997458,0.8545077,0.40918416,0.9964785,0.60398704,0.38004625,0.999298,0.86963576,0.32530087,0.99545187,0.6170668,0.2908247,0.9979715,0.8774494,0.30269763,0.9774639,0.6163542,0.26729265,0.98839927,0.87047386,0.29760146,0.97505206,0.6256009,0.2663398,0.9867828,0.8658203,0.30591005,0.97017866,0.6286389,0.2755435,0.9827238,0.7354421,0.5972578,0.9999087,0.67067254,0.5877761,0.9998859,0.79837614,0.71120274,0.99829394,0.5961697,0.69446164,0.9990903,0.7755628,0.8011477,0.9933553,0.58670014,0.783057,0.9970306,0.76258487,0.80548114,0.96248573,0.59114814,0.79213727,0.9651532,0.7900232,0.8473885,0.98762393,0.5804676,0.82787716,0.9918429
9832_aug.jpg,0.5457374,0.261994,0.9999993,0.5543923,0.25187832,0.99999905,0.5594485,0.25283104,0.99999833,0.5641676,0.25380254,0.99999857,0.5401837,0.24969733,0.9999993,0.5353926,0.24899268,0.9999989,0.5309975,0.24807298,0.99999917,0.5689162,0.26257572,0.99999833,0.5232983,0.25460276,0.99999917,0.55364895,0.28002924,0.9999962,0.5353489,0.27489668,0.9999975,0.5927992,0.36710683,0.99939644,0.45610124,0.33181942,0.9996942,0.68425727,0.3995126,0.99669623,0.3697104,0.3203678,0.9946247,0.7270041,0.2983743,0.99134606,0.39617437,0.2179879,0.97469133,0.7392252,0.26957473,0.96055824,0.39909777,0.17794883,0.89236474,0.7323091,0.2607805,0.9566325,0.4067386,0.17601064,0.8767404,0.7232971,0.27196077,0.938153,0.40881693,0.19081697,0.86220855,0.51284206,0.58159375,0.99962187,0.42743468,0.5589762,0.9998864,0.6173543,0.6686813,0.99490005,0.29450986,0.57887036,0.99909234,0.6072917,0.8299699,0.993166,0.22927816,0.7288719,0.99862933,0.58817935,0.85241055,0.9788544,0.23296379,0.7559291,0.98890173,0.6483387,0.8844824,0.9802382,0.16484156,0.7576928,0.99189866
98778_aug.jpg,0.26615208,0.39895487,0.99999714,0.26057228,0.38310236,0.99999654,0.26390368,0.37934047,0.99999475,0.26686987,0.37616974,0.9999956,0.25055787,0.39553934,0.9999951,0.2470167,0.400415,0.99999297,0.24359861,0.4053601,0.9999939,0.27923578,0.3776675,0.99999464,0.24630499,0.4189641,0.9999927,0.28676572,0.4016043,0.999992,0.27448872,0.41703564,0.9999907,0.3840561,0.40752274,0.9998436,0.3059047,0.5027738,0.9996563,0.43067515,0.36486283,0.99646026,0.26930118,0.5590075,0.99740595,0.34504038,0.27401304,0.99715436,0.15243655,0.48469925,0.9953323,0.3200362,0.24757728,0.9885871,0.1195007,0.4728451,0.9806153,0.3084042,0.24897867,0.98712665,0.12121081,0.4637478,0.9778626,0.31628704,0.26228458,0.9853478,0.1370599,0.4655642,0.97592247,0.58256555,0.5857106,0.99984777,0.5334716,0.6474852,0.9998658,0.753734,0.58970183,0.9959033,0.5992077,0.82736677,0.9986733,0.8599899,0.67261994,0.97881514,0.71360886,0.9186531,0.99428165,0.8607483,0.69253135,0.88604546,0.73753417,0.90772927,0.9337117,0.94221365,0.68284386,0.95656455,0.7626122,0.97042596,0.9816367
99033.jpg,0.6500588,0.6664102,0.9999995,0.65125805,0.68696564,0.99999917,0.64557505,0.69065547,0.99999845,0.63981926,0.69405866,0.99999845,0.6690875,0.6766226,0.9999994,0.6760554,0.672812,0.99999905,0.6822208,0.6693432,0.9999994,0.62815416,0.69415027,0.99999857,0.68906605,0.65873986,0.99999964,0.62947524,0.65682465,0.99999857,0.6529658,0.6438483,0.9999993,0.53952146,0.6436634,0.99980515,0.68715775,0.54926753,0.9999335,0.42555985,0.6984645,0.9986468,0.79802394,0.47161546,0.99980634,0.4417344,0.83021057,0.9971034,0.88798815,0.5736212,0.9993237,0.44322672,0.87223107,0.9843844,0.9232485,0.59625906,0.9949521,0.45737657,0.8713564,0.9823971,0.9127146,0.61143136,0.9939002,0.46057397,0.8546873,0.9793544,0.8953533,0.6029602,0.992137,0.4238501,0.39316335,0.9994073,0.5198867,0.3313055,0.99977714,0.23913704,0.35359603,0.99591357,0.56356215,0.13619381,0.9991773,0.18349218,0.22016987,0.9847681,0.44550583,0.017524451,0.9974896,0.18892875,0.19005388,0.97110814,0.41752094,0.02379781,0.9810021,0.1040484,0.22045161,0.9622593,0.44851598,-0.07596055,0.9849498
99097.jpg,0.38773274,0.61646664,0.9998246,0.37202793,0.6232804,0.9997795,0.36737952,0.619264,0.99976605,0.36201906,0.6146117,0.9997403,0.3824113,0.6333028,0.99982375,0.38574582,0.63707846,0.9998542,0.38913506,0.6411437,0.9998281,0.35213298,0.59957254,0.9998198,0.39336318,0.6447148,0.99990344,0.38912666,0.5969108,0.9993999,0.40405485,0.6117331,0.9996654,0.34949282,0.5201264,0.9997216,0.46440238,0.62825906,0.99903524,0.24943519,0.6113687,0.9969682,0.37138063,0.73501694,0.9836489,0.23923606,0.7412799,0.9713092,0.24807411,0.75365376,0.9593325,0.23136163,0.7710279,0.90713817,0.22465762,0.76985395,0.88076884,0.22938806,0.77343833,0.86931247,0.22279426,0.7670072,0.8491388,0.2368347,0.75907445,0.86107975,0.23093167,0.75909805,0.8407309,0.58729905,0.41574842,0.99998677,0.5879739,0.51123387,0.9999262,0.73461103,0.40938377,0.98836553,0.46294206,0.56584036,0.87727463,0.8836783,0.48092988,0.8910743,0.32704163,0.59687275,0.6560031,0.91533315,0.51247746,0.9754589,0.3422695,0.5919883,0.96351576,0.9398371,0.4703481,0.9465928,0.22481337,0.61032987,0.9386218
99306_aug.jpg,0.6281023,0.3814941,0.99999845,0.64490914,0.37804717,0.99999785,0.6482729,0.38207042,0.99999547,0.6505295,0.38516986,0.99999595,0.63544,0.36559528,0.99999833,0.63200283,0.3606724,0.9999975,0.62893385,0.35656968,0.99999833,0.6496788,0.3938311,0.9999926,0.61794364,0.35303015,0.999998,0.6217399,0.39980358,0.9999851,0.61032313,0.3843007,0.9999931,0.6011987,0.48328388,0.9982482,0.5160781,0.38697028,0.999311,0.64876467,0.54519117,0.9924573,0.4608889,0.32776642,0.9963483,0.7430584,0.46591482,0.9879909,0.5595175,0.24651414,0.9917195,0.7693493,0.45058155,0.955299,0.5782962,0.22351092,0.9620837,0.769112,0.44545802,0.9518896,0.5850444,0.22590098,0.9562543,0.75752103,0.4504143,0.9362835,0.57986546,0.23684308,0.9465238,0.3819494,0.61368775,0.9995983,0.34549737,0.5579554,0.99975425,0.39798164,0.7513369,0.9633757,0.21320695,0.50256556,0.98896235,0.26162806,0.87698257,0.9507945,0.06263238,0.60207605,0.98054576,0.23588294,0.8831178,0.9092942,0.049310625,0.62468493,0.9455477,0.2655939,0.9456352,0.91049004,0.003839612,0.5873966,0.93487614
99465_aug.jpg,0.35733035,0.71620536,0.9999988,0.34171343,0.71889836,0.99999857,0.33873832,0.7153681,0.99999774,0.33582777,0.7116175,0.999998,0.3525398,0.73094106,0.9999982,0.35699373,0.7357906,0.9999974,0.36147508,0.74029934,0.99999774,0.33744857,0.70200545,0.999997,0.37418193,0.74275243,0.99999714,0.3633924,0.6958344,0.99999404,0.37729472,0.7107777,0.999995,0.38554865,0.6158557,0.9996612,0.46532184,0.69693816,0.99946314,0.3305238,0.5813439,0.9963625,0.503345,0.7516441,0.997778,0.24860817,0.6521989,0.99703157,0.41922325,0.8394681,0.99507195,0.222229,0.6710529,0.98986924,0.40225,0.8647028,0.977702,0.22321177,0.6777856,0.98879784,0.39419916,0.86096346,0.97486895,0.23586169,0.6727493,0.98676676,0.3972298,0.84935915,0.97266495,0.5865368,0.45578694,0.999902,0.6309033,0.50745803,0.9999293,0.5926121,0.32053494,0.9935508,0.7779794,0.5055489,0.99884725,0.7008745,0.22108832,0.9817762,0.89074326,0.42059356,0.9967249,0.7264758,0.21696565,0.91398764,0.8999585,0.39709243,0.96423155,0.70641935,0.16791666,0.96155435,0.9527516,0.4104265,0.98747975
99823.jpg,0.76085865,0.30663788,0.99965954,0.7678046,0.28607953,0.9998913,0.7622637,0.28114218,0.9998952,0.7566935,0.2765683,0.9999198,0.7829289,0.303746,0.9998859,0.78685814,0.31009096,0.99987054,0.79050314,0.31627387,0.99989486,0.7420539,0.28396112,0.9998354,0.78900945,0.33584526,0.99983025,0.7374877,0.31168848,0.9975089,0.75418097,0.3330346,0.99737203,0.5965702,0.30658036,0.99821895,0.7476505,0.4936965,0.9993248,0.4421372,0.1807842,0.9867034,0.8615434,0.656989,0.9489008,0.48192865,0.023564756,0.9138641,0.9715692,0.60290706,0.79886574,0.48589337,-0.028312981,0.8367268,1.0180233,0.5933064,0.7064582,0.5063034,-0.027048767,0.8350239,1.0104172,0.57882166,0.69054013,0.50349253,-0.0019315481,0.7483624,0.9908879,0.5788217,0.6269762,0.35389656,0.533568,0.99896157,0.43329704,0.6486635,0.9992994,0.16318993,0.38230026,0.98894185,0.5676007,0.8452673,0.89747316,-0.018226683,0.49330312,0.60662943,0.38646334,1.0276254,0.35350698,-0.020877302,0.51484966,0.53569543,0.3272617,1.0100381,0.34490976,-0.090625435,0.4257624,0.36907557,0.4201368,1.109616,0.21595545
