10215.jpg,0.80537844,0.6981443,0.9980293,0.82949674,0.7163875,0.99745744,0.826423,0.7247326,0.9971138,0.8235438,0.73137414,0.996588,0.84539896,0.70267785,0.9974994,0.84967744,0.6943849,0.9973865,0.85182756,0.68831086,0.9973712,0.8292328,0.72990155,0.99541724,0.8600602,0.6583922,0.9974438,0.7863584,0.6926337,0.99788046,0.80280566,0.6769645,0.9985802,0.7033671,0.6886075,0.9976567,0.7791712,0.51731956,0.9983699,0.5618315,0.6182682,0.14902502,0.6191241,0.4233714,0.8760794,0.49718446,0.58497775,0.13044608,0.5583888,0.45368946,0.69497806,0.4675295,0.5736153,0.15683553,0.5306701,0.45628795,0.65852845,0.48296508,0.5784825,0.1590609,0.5499345,0.47185987,0.67221045,0.49643624,0.57530093,0.17937656,0.559355,0.4743097,0.6671382,0.457911,0.53629625,0.9977622,0.49662343,0.42565894,0.996005,0.33460528,0.5173644,0.9235312,0.33862454,0.33531073,0.8723008,0.14385962,0.36414438,0.9082329,0.22075434,0.20894265,0.90010476,0.12545115,0.32785678,0.7397538,0.17833036,0.21632415,0.67068475,0.046929955,0.3618312,0.84720486,0.16969779,0.1542792,0.8503072
10492.jpg,0.13291994,0.3369531,0.99999785,0.1309613,0.32007498,0.99999166,0.13441014,0.31587422,0.9999925,0.1380654,0.31144392,0.99999213,0.11906299,0.3357124,0.99999034,0.11514148,0.34142566,0.9999912,0.11167705,0.34670043,0.99999034,0.14961344,0.3075314,0.99998915,0.116010904,0.35643822,0.9999831,0.15451264,0.33682096,0.99999666,0.13861072,0.35679686,0.99999535,0.28454018,0.33066618,0.9999876,0.17765461,0.46790797,0.9999702,0.42358258,0.38072348,0.99661875,0.2656419,0.5876172,0.9885492,0.55966914,0.4115739,0.9930824,0.32627285,0.7163747,0.9855731,0.600716,0.41499218,0.9809116,0.33771148,0.7591004,0.9678744,0.5964159,0.42397568,0.9832114,0.34186321,0.7550726,0.9717363,0.58219224,0.425011,0.98154336,0.33994073,0.74147683,0.96984756,0.4527522,0.51340675,0.9994659,0.3896538,0.5904699,0.999385,0.621261,0.65482223,0.9826617,0.57512754,0.71000075,0.9740578,0.77865124,0.7844791,0.9790127,0.74701107,0.81668943,0.96064293,0.7930434,0.79853654,0.68572956,0.76759064,0.82410693,0.67546695,0.81594133,0.8318761,0.9642985,0.78930026,0.8590082,0.9519768
10648.jpg,0.48181152,0.19575122,0.9999906,0.49319312,0.17664248,0.9999596,0.5013161,0.1759809,0.99996436,0.508224,0.17577708,0.99995923,0.47112453,0.18002069,0.9999498,0.46479666,0.18146849,0.99995124,0.45938674,0.18316928,0.99994075,0.5211755,0.18626243,0.9999169,0.4549839,0.19572562,0.99988174,0.49972892,0.21609819,0.9999846,0.47223806,0.21907598,0.9999827,0.5939594,0.3134286,0.9999856,0.40211603,0.32283038,0.9999641,0.62468207,0.45760927,0.9945722,0.3867926,0.46915156,0.9806238,0.6789327,0.57125616,0.9935812,0.35366026,0.5887502,0.9638019,0.70022017,0.60469145,0.9831687,0.3404273,0.62553906,0.9298179,0.69392806,0.6042696,0.98509246,0.3450749,0.62698966,0.93629086,0.6858359,0.5958276,0.9822457,0.35331258,0.61746514,0.9317529,0.5643844,0.560649,0.9998266,0.45535254,0.5654674,0.9998826,0.57452863,0.7437751,0.99354833,0.468569,0.75107265,0.9963588,0.60808516,0.89425,0.9946802,0.45598367,0.91455096,0.9950122,0.60296994,0.9132819,0.92779046,0.45994312,0.9317758,0.8972919,0.6274879,0.95323217,0.98991233,0.4430027,0.96973646,0.9908228
11622.jpg,0.65356624,0.09982818,0.99999845,0.6715134,0.087901235,0.9999937,0.67822397,0.09023175,0.9999933,0.6850743,0.092564195,0.9999938,0.6523474,0.08095002,0.9999913,0.6461583,0.079021186,0.9999896,0.6404722,0.07721132,0.9999902,0.6934314,0.106643766,0.9999908,0.6336235,0.08622852,0.9999801,0.66169953,0.12309155,0.99999857,0.63789475,0.114234716,0.999998,0.70840865,0.24731898,0.9999901,0.5416642,0.19453004,0.99996865,0.6714076,0.40043086,0.9913317,0.4538316,0.32476464,0.97022533,0.6625714,0.55209,0.97910345,0.36480278,0.4443154,0.9533934,0.66589963,0.594001,0.95703423,0.33285296,0.474404,0.91286,0.65569574,0.59497344,0.9611735,0.34000167,0.48028547,0.9221321,0.65301955,0.5788459,0.95523953,0.35266262,0.4728695,0.91818994,0.56885207,0.49060988,0.9998234,0.47262305,0.45478064,0.9997106,0.48427984,0.70391595,0.99193716,0.38961622,0.6702909,0.9897344,0.41660035,0.88778055,0.9922462,0.33471715,0.854751,0.9862394,0.4064749,0.9026673,0.80360794,0.3420345,0.8785429,0.83391297,0.3871895,0.94681585,0.9852646,0.30181694,0.91832983,0.9822451
11724_aug.jpg,0.42474127,0.793243,0.99998164,0.4123985,0.79893136,0.9999137,0.40610778,0.79617834,0.99993086,0.3993167,0.79281044,0.99991834,0.4289194,0.8026752,0.9999082,0.43394625,0.8026526,0.9999105,0.4391706,0.8022533,0.9998853,0.38865662,0.7744827,0.99990773,0.44752398,0.7877665,0.99980265,0.41623807,0.7725713,0.99995255,0.43676504,0.77768236,0.9999242,0.3402075,0.652275,0.9999497,0.5301948,0.6897698,0.9999306,0.3382591,0.5072223,0.9930188,0.6118191,0.5827221,0.9737258,0.28337833,0.37734824,0.9852638,0.7278088,0.53038466,0.9834764,0.25369868,0.34177893,0.9679271,0.76815903,0.52327806,0.96594507,0.25137156,0.34562698,0.97279006,0.77070904,0.526021,0.97110623,0.26403198,0.35663843,0.9741236,0.7563406,0.5265825,0.970257,0.44706804,0.41123813,0.99870634,0.55100805,0.4331918,0.9990877,0.49852422,0.23337747,0.9719173,0.5661036,0.25375497,0.97017485,0.54657483,0.039199144,0.9630057,0.5875622,0.052705288,0.97039783,0.5531423,0.020918757,0.7810304,0.5837128,0.028369933,0.8570726,0.5626489,-0.022087693,0.9485418,0.6676235,0.020246208,0.9652231
11729.jpg,0.71052504,0.28502098,0.9999856,0.7281133,0.27906543,0.99995065,0.7319058,0.2833344,0.9999589,0.7365873,0.2886074,0.99995065,0.71609664,0.26386204,0.99994457,0.71146846,0.25797126,0.9999505,0.7076093,0.2530438,0.9999372,0.73855036,0.29896426,0.99991035,0.6942798,0.24942136,0.99990153,0.70493746,0.30742982,0.9999702,0.69100845,0.28851008,0.99996746,0.69716936,0.41501975,0.99993324,0.5767666,0.29608685,0.999897,0.6319107,0.52477056,0.98868763,0.46621493,0.36164564,0.99036825,0.6020944,0.63196087,0.9845168,0.36470065,0.3977511,0.97569805,0.5941406,0.6641821,0.9648071,0.32783282,0.40547183,0.9526279,0.59085774,0.6653649,0.96883136,0.32804933,0.40664518,0.9584144,0.59216094,0.6539207,0.9691103,0.34205505,0.40635857,0.96162754,0.50331295,0.5523077,0.9983608,0.44114926,0.483335,0.998716,0.3566749,0.67050385,0.9620741,0.31912744,0.62638664,0.97492677,0.24033421,0.7775399,0.9602819,0.20618518,0.74851584,0.95164996,0.22605623,0.78382325,0.8383263,0.19543102,0.7631669,0.7192181,0.19490445,0.8362408,0.93083566,0.15659228,0.79940057,0.9158153
12465_aug.jpg,0.1423693,0.63868153,0.9999963,0.12363726,0.6391908,0.99998105,0.12094408,0.63431376,0.9999838,0.11840305,0.6290677,0.99998236,0.1325953,0.6545078,0.9999728,0.13613081,0.660302,0.9999765,0.13972938,0.66592443,0.99997425,0.12274751,0.6169862,0.9999708,0.1517289,0.6671586,0.99993396,0.15318868,0.61957765,0.9999958,0.16497809,0.6393611,0.9999931,0.1928289,0.50659287,0.99999344,0.2849962,0.6609957,0.9999685,0.30695122,0.4112319,0.99584705,0.4220188,0.6093647,0.9849244,0.4002954,0.3097372,0.992857,0.55658877,0.5743107,0.97824806,0.42075494,0.27852556,0.9819956,0.5938188,0.57108766,0.95659626,0.42704,0.28261775,0.98447704,0.5926517,0.5644637,0.9618441,0.4208053,0.2943871,0.9815315,0.5778104,0.5626582,0.955476,0.44019666,0.41252413,0.99982435,0.49657384,0.49979517,0.9996822,0.62735236,0.32102862,0.9932427,0.66824126,0.3936977,0.9905183,0.7725439,0.23100458,0.9917897,0.8266865,0.32668647,0.9812625,0.7847477,0.22788359,0.80006605,0.8376878,0.3132882,0.7239171,0.84506536,0.20838258,0.9871393,0.8878423,0.2815559,0.9777614
12688_aug.jpg,0.8678974,0.46334326,0.9999976,0.87854743,0.46867988,0.99999094,0.8797641,0.4746921,0.9999918,0.8808198,0.48039064,0.99999225,0.8729387,0.4521557,0.99998677,0.87022495,0.44654208,0.9999865,0.8675107,0.4408812,0.99998486,0.8728343,0.49298123,0.999987,0.85176146,0.43730378,0.9999651,0.8534049,0.47957376,0.9999969,0.84581006,0.46028376,0.9999938,0.78392315,0.56919223,0.9999901,0.7289228,0.440216,0.99994063,0.6765485,0.63813215,0.9937878,0.6033571,0.4601164,0.9734439,0.59826595,0.7211035,0.9923794,0.50044996,0.4409085,0.9745351,0.58041716,0.7529523,0.9816845,0.46500084,0.4282323,0.9567367,0.5803166,0.7507467,0.98420644,0.4679332,0.43101394,0.9625888,0.5844736,0.7391244,0.9801896,0.47834253,0.43747628,0.95632243,0.55085623,0.6311575,0.99979657,0.52205443,0.5472003,0.9997398,0.3637027,0.6929615,0.989235,0.33264446,0.60554874,0.9892651,0.18503508,0.7575626,0.9914219,0.15410352,0.6574786,0.98794323,0.1563485,0.76198125,0.84454876,0.13457403,0.66838205,0.80657345,0.1383948,0.77415234,0.9856997,0.09719366,0.6721943,0.98206127
13497_aug.jpg,0.40288022,0.0875434,0.99999344,0.41339257,0.06886053,0.9999702,0.42011476,0.0687415,0.99997413,0.42531884,0.069221795,0.99997044,0.39194667,0.07102004,0.999956,0.38453454,0.07251632,0.9999571,0.37822247,0.074314415,0.9999424,0.43595162,0.079927385,0.9999498,0.3676474,0.08831987,0.9998629,0.41954085,0.11112961,0.9999893,0.39108768,0.11283454,0.99998057,0.5054261,0.20820981,0.9999889,0.31927204,0.22653443,0.99989986,0.5531019,0.3589472,0.99542636,0.3011643,0.38551927,0.94794255,0.62979805,0.4611127,0.99600524,0.23429886,0.49513134,0.96334624,0.66415757,0.49112934,0.9900621,0.20941758,0.5309025,0.94280326,0.6631464,0.48907942,0.9915564,0.20791377,0.52849025,0.95044523,0.6500499,0.478642,0.99022305,0.21731463,0.5165564,0.9471119,0.48631257,0.5101348,0.99980444,0.37713414,0.51864177,0.9996743,0.5045306,0.72182524,0.99625885,0.38730496,0.7153473,0.99505085,0.52676904,0.88194823,0.9947153,0.40042555,0.884651,0.99315333,0.5180266,0.8998833,0.9303037,0.4141506,0.89819807,0.90987974,0.54021996,0.9442842,0.9913662,0.38090682,0.9581593,0.9897885
13791.jpg,0.17426145,0.7093918,0.9999887,0.1557326,0.7100983,0.9999727,0.15272436,0.7055267,0.99996006,0.15028764,0.7018463,0.9999608,0.16443454,0.72478044,0.9999658,0.16711722,0.7295739,0.99995756,0.16967078,0.7340517,0.9999558,0.15117465,0.69382757,0.99989796,0.17534092,0.73366606,0.9999356,0.1842835,0.6880963,0.9999831,0.19428286,0.7075819,0.99998,0.2276328,0.6117243,0.9999069,0.2850498,0.69941485,0.99986076,0.3428187,0.5229067,0.91224366,0.41298512,0.6271688,0.94429016,0.449575,0.42677113,0.8960712,0.5424241,0.58011585,0.89048225,0.4731956,0.3915977,0.8023898,0.5844209,0.5710896,0.8271264,0.48203957,0.39551497,0.8215783,0.58577156,0.56198066,0.84835404,0.47524345,0.40777728,0.82986045,0.5709794,0.56529987,0.85772634,0.43909007,0.49820298,0.99867165,0.47393814,0.5519987,0.99812096,0.6071587,0.4001938,0.29044536,0.6104302,0.4375803,0.42788944,0.7104671,0.3526278,0.21892002,0.74060315,0.3879909,0.49289584,0.72831714,0.35292485,0.3169276,0.7558366,0.38801533,0.411784,0.7453351,0.30444863,0.24987838,0.79318476,0.34780377,0.54925853
14006.jpg,0.8129797,0.7251601,0.9999968,0.81808394,0.74451447,0.9999902,0.81470615,0.7486992,0.9999902,0.8119278,0.7519192,0.9999893,0.8292391,0.7303261,0.9999882,0.833685,0.7237507,0.99998903,0.837617,0.7179599,0.99998784,0.7984322,0.75447327,0.99997914,0.8339111,0.706084,0.99998367,0.7902808,0.72266567,0.9999949,0.80513424,0.70296633,0.99999464,0.6684765,0.7074771,0.9999639,0.76061153,0.59341687,0.99996674,0.53972244,0.6334514,0.9694816,0.6612711,0.4799937,0.98437035,0.4152164,0.58242005,0.96980596,0.5847255,0.37445414,0.973356,0.37319356,0.57526654,0.9424729,0.5643296,0.333982,0.95245314,0.37303385,0.5717221,0.9478922,0.5574959,0.34049755,0.95564526,0.38774145,0.5722081,0.9453691,0.56154054,0.35660625,0.953548,0.48517236,0.52945834,0.9993543,0.53707373,0.46450028,0.99933857,0.30753744,0.3873189,0.9497915,0.35858214,0.33441788,0.9634057,0.17139745,0.2502696,0.9247346,0.18927017,0.22014353,0.9220781,0.15527433,0.22986457,0.6685814,0.17021233,0.2030631,0.5415807,0.10173717,0.21789342,0.8849103,0.12899476,0.18106085,0.8840022
14150.jpg,0.28319156,0.77461624,0.9997863,0.264816,0.77617866,0.99956304,0.2607351,0.7711508,0.9994598,0.25721756,0.7663726,0.9994362,0.27719912,0.79129833,0.9996445,0.28137589,0.79637575,0.9996489,0.28591007,0.8006933,0.99974185,0.25834617,0.7567203,0.99918455,0.29524422,0.7992175,0.99961746,0.28899625,0.7529633,0.99969614,0.3061969,0.77162373,0.99980754,0.30417663,0.6497792,0.9996824,0.39636445,0.77038896,0.9997011,0.33671078,0.55399334,0.9618825,0.5018724,0.7838173,0.9863615,0.40451327,0.65288275,0.875271,0.42696217,0.6821217,0.9395718,0.40088624,0.6764544,0.725946,0.40135467,0.67133063,0.8266283,0.40284494,0.68575037,0.6984636,0.39643753,0.67393535,0.80014485,0.4036827,0.6760176,0.630125,0.40534195,0.67603964,0.7485591,0.5124229,0.5236379,0.9995751,0.57075596,0.606211,0.9993352,0.6489557,0.41281867,0.9939032,0.7182847,0.5108321,0.99296016,0.7659341,0.28996244,0.99245363,0.8649976,0.42178625,0.9913657,0.78442454,0.28331327,0.79279274,0.87281156,0.4051717,0.82574445,0.83002067,0.24315721,0.98314476,0.9395366,0.37469733,0.982065
15284_aug.jpg,0.7471474,0.68827724,0.99999154,0.7585312,0.70573753,0.999979,0.7539078,0.7118157,0.9999759,0.7492348,0.71757853,0.9999757,0.7702517,0.6881614,0.99997914,0.77352256,0.6820581,0.99997485,0.77604866,0.67642766,0.99997246,0.73523855,0.7253421,0.9999496,0.77308357,0.66345584,0.99994266,0.72080433,0.68947566,0.99997485,0.73506904,0.6667377,0.99996555,0.6206353,0.74649227,0.9999894,0.73643064,0.55081636,0.9999908,0.49659148,0.7188563,0.9973309,0.68036103,0.43546933,0.9931625,0.37871644,0.70945424,0.9906584,0.6400521,0.3271122,0.9906635,0.34325272,0.71960235,0.97359437,0.6421053,0.28859824,0.9801587,0.34881735,0.7169537,0.9796261,0.641677,0.290798,0.98300534,0.36136484,0.70999026,0.97935116,0.6374221,0.3083589,0.9806542,0.46793646,0.5605633,0.99996305,0.54049087,0.46661255,0.99994683,0.39836603,0.4894221,0.93913895,0.45195726,0.39336133,0.94684654,0.25284052,0.44291496,0.9722683,0.37599412,0.28192812,0.93965274,0.23764935,0.42656693,0.94409907,0.35126525,0.26943117,0.86578935,0.21718064,0.45487213,0.9661944,0.3894616,0.20090526,0.9225122
1555.jpg,0.8483145,0.5300577,0.9999862,0.8635166,0.53572106,0.99994636,0.8640603,0.54410243,0.9999486,0.8644596,0.55182797,0.99991965,0.8581357,0.5114462,0.99995613,0.8543362,0.50314814,0.9999567,0.8500533,0.49561566,0.9999323,0.85546875,0.5669088,0.9999044,0.8321706,0.48864222,0.9999137,0.83121395,0.5534029,0.99987864,0.8239721,0.5228145,0.999846,0.76804274,0.6556932,0.99996877,0.7415964,0.44404942,0.9999707,0.69321764,0.72907746,0.99092394,0.6487926,0.39008832,0.9843001,0.6254722,0.8198793,0.9909424,0.5638241,0.3292591,0.9889101,0.6097676,0.8520014,0.97792345,0.5339699,0.30006966,0.9744264,0.60617,0.84792817,0.9827047,0.535514,0.3044261,0.9777874,0.61028737,0.83702755,0.98324215,0.54442596,0.31832123,0.9790487,0.5395237,0.63460565,0.9998005,0.5272846,0.49978274,0.99980336,0.4031275,0.66710454,0.8223684,0.40997815,0.48369336,0.84825265,0.30334434,0.6910478,0.7676715,0.3033479,0.4768598,0.7776131,0.28247848,0.6945375,0.6049239,0.28680342,0.48691383,0.6535224,0.21769771,0.72747374,0.74729717,0.24429268,0.425591,0.74498045
15874_aug.jpg,0.58105695,0.08981645,0.9999987,0.5914474,0.074801564,0.99999404,0.59790367,0.07512578,0.9999943,0.6048668,0.075582504,0.9999939,0.56899154,0.0733276,0.9999931,0.5606232,0.07310513,0.9999931,0.5529907,0.07321367,0.9999925,0.61314166,0.08464667,0.9999919,0.53936774,0.08334613,0.9999877,0.5940753,0.11432931,0.99999833,0.56534535,0.115192115,0.9999976,0.6680763,0.21974716,0.9999927,0.47649202,0.21266454,0.99998,0.68087137,0.37143475,0.99306655,0.45571446,0.37100154,0.97642547,0.7219634,0.5102804,0.984445,0.39932084,0.5076923,0.9763548,0.7396797,0.5517116,0.96591717,0.3790123,0.548234,0.9576309,0.7324422,0.5552825,0.96972936,0.38114655,0.5501302,0.96311814,0.72595006,0.5417501,0.9655195,0.39017662,0.5371835,0.95848346,0.6167528,0.49945456,0.99966896,0.5095384,0.4972769,0.999574,0.6109142,0.72946143,0.9815708,0.51032734,0.72442394,0.9707546,0.57541496,0.9388287,0.9765013,0.54217416,0.93359566,0.95554703,0.56883514,0.9566963,0.703704,0.54717195,0.9534307,0.72073174,0.5641228,1.0108485,0.96395916,0.5326225,1.0033442,0.95073104
16981.jpg,0.24683207,0.8350381,0.9999963,0.2263186,0.84091586,0.9999827,0.22073859,0.8363753,0.99998474,0.21619451,0.8325608,0.99998283,0.24276218,0.8547331,0.9999808,0.24798709,0.8594221,0.9999831,0.25272617,0.8635954,0.9999794,0.21307412,0.8193126,0.9999622,0.2663465,0.8623555,0.99995697,0.24830082,0.81111026,0.9999931,0.27019992,0.83017814,0.9999906,0.24419442,0.6717922,0.9999851,0.39804745,0.80517006,0.99996257,0.31167948,0.5307764,0.9965829,0.52576697,0.6975298,0.99126786,0.36689648,0.4010351,0.9943597,0.64902955,0.61928606,0.98324573,0.38440186,0.35423175,0.98336595,0.69481623,0.5964509,0.9623388,0.3897652,0.3603776,0.98528016,0.6879316,0.5902176,0.9654478,0.389369,0.3736032,0.9824515,0.6724332,0.59274554,0.96136826,0.45338213,0.4774465,0.9995215,0.54673827,0.55190796,0.99946266,0.6192573,0.31519383,0.9817262,0.6873621,0.37268487,0.9816471,0.7437618,0.15133137,0.9793155,0.81616557,0.21559349,0.9666645,0.7676801,0.1346097,0.8147668,0.8241514,0.19507587,0.6805516,0.7958422,0.08490431,0.97106826,0.8623216,0.15099138,0.95555437
1815.jpg,0.47127372,0.17053297,0.99999785,0.47714967,0.15472788,0.9999926,0.48192245,0.15419275,0.9999933,0.48671186,0.1534498,0.9999932,0.46061504,0.1580917,0.99998975,0.4539452,0.15996054,0.99999,0.4486913,0.16175365,0.9999883,0.49699622,0.16236109,0.99998975,0.44108537,0.1749922,0.9999783,0.4860281,0.18788731,0.99999726,0.4643464,0.19221845,0.99999547,0.56289893,0.26454535,0.99999213,0.4113096,0.29118478,0.9999424,0.6171441,0.3750372,0.99593484,0.40105593,0.41701332,0.98112524,0.6876392,0.4790069,0.9933652,0.3664707,0.5417135,0.9758396,0.71305203,0.5089028,0.981778,0.3514629,0.57687604,0.9520174,0.7063975,0.510405,0.9842701,0.35408807,0.575856,0.95866793,0.6979458,0.5027274,0.9818891,0.36091053,0.5665023,0.95479834,0.5755492,0.4939045,0.9995425,0.4875195,0.5119075,0.99921036,0.59823984,0.68408954,0.9831408,0.5318723,0.69613045,0.9607863,0.6149707,0.8549638,0.97754854,0.5800347,0.8638396,0.948848,0.6152126,0.8688845,0.7322036,0.5891673,0.8758762,0.627605,0.6250882,0.91102904,0.96489257,0.5854855,0.92217577,0.9425746
18790_aug.jpg,0.5325737,0.25336236,0.9999354,0.5436938,0.2496481,0.9997733,0.5468326,0.25215185,0.9997775,0.54988515,0.2547481,0.99977094,0.53412735,0.24331796,0.9998155,0.5306765,0.241583,0.99981946,0.5271364,0.23993854,0.9998165,0.5505922,0.26504108,0.99960965,0.5181428,0.24318177,0.999607,0.53129184,0.26788265,0.9999229,0.51906157,0.25992277,0.9999014,0.54606134,0.3523462,0.99986506,0.43701681,0.28669405,0.99993956,0.52652097,0.43798393,0.9879106,0.36802658,0.34052682,0.9940767,0.489383,0.5036291,0.8975604,0.32698047,0.40108666,0.97455174,0.4721064,0.5251205,0.79980016,0.3137801,0.4224684,0.93426555,0.4679692,0.51869226,0.8075208,0.3237131,0.4239193,0.9375185,0.46985632,0.5097013,0.77818865,0.33021706,0.41796592,0.9230458,0.44160762,0.47819468,0.9995321,0.37791762,0.4429274,0.9995433,0.37690786,0.5781086,0.9887966,0.32659867,0.54829717,0.979508,0.30973512,0.67141205,0.9874434,0.2792915,0.65489745,0.9739875,0.30061984,0.6854458,0.87991184,0.27769887,0.67246366,0.8629244,0.2911188,0.70053214,0.9769713,0.24781778,0.6793797,0.96102154
19435_aug.jpg,0.1773858,0.71303546,0.99999535,0.15835258,0.7137228,0.9999882,0.15520923,0.7089287,0.9999844,0.15285702,0.7053363,0.9999821,0.16749735,0.72905743,0.9999851,0.1702167,0.73389494,0.999984,0.17289439,0.7385186,0.9999821,0.15330073,0.69768023,0.99996674,0.17880656,0.73913217,0.9999715,0.18752407,0.69148266,0.9999924,0.19830042,0.7118452,0.9999913,0.22916882,0.61586463,0.9999068,0.2904795,0.7055238,0.9998535,0.3424261,0.52623683,0.9392128,0.4161046,0.63039625,0.95775133,0.4468922,0.42852795,0.88951737,0.5450058,0.5797834,0.9079998,0.47160318,0.39217883,0.7895999,0.5877993,0.5696817,0.8484836,0.48074096,0.3978765,0.81173193,0.5868726,0.5600161,0.8700131,0.47525394,0.40987352,0.8187024,0.57181174,0.56374335,0.8794309,0.44723904,0.5042113,0.9979087,0.47757652,0.55194956,0.99689484,0.6076255,0.39565316,0.3763344,0.61804414,0.4438474,0.33528885,0.7143502,0.33480394,0.23917773,0.7472936,0.37719667,0.38661256,0.73118424,0.32940763,0.34050685,0.7640947,0.36926907,0.38201803,0.75755626,0.2948778,0.2363365,0.79951656,0.3497961,0.4132531
1967_aug.jpg,0.13787329,0.31600028,0.99999475,0.123505294,0.29685783,0.99998176,0.12551,0.29196036,0.9999827,0.12830994,0.28518957,0.99998224,0.11593124,0.31825587,0.99997604,0.11340478,0.32713056,0.9999771,0.11191419,0.3336944,0.99997723,0.1431649,0.27854994,0.9999708,0.11951962,0.34616965,0.9999571,0.16475958,0.31006682,0.9999949,0.15511012,0.33785912,0.9999932,0.2860269,0.26284167,0.99998677,0.21878499,0.44398507,0.9999393,0.4340999,0.29178727,0.99172205,0.353275,0.5185039,0.97709936,0.5671193,0.32981482,0.9838346,0.4692471,0.57675004,0.9574551,0.60502183,0.33857757,0.96691114,0.50821847,0.5962572,0.92515177,0.6020073,0.34780377,0.96908027,0.51024413,0.58593684,0.9306448,0.5897424,0.34837568,0.9624652,0.5011653,0.5777539,0.9230249,0.535034,0.40084282,0.99956506,0.49398574,0.49932176,0.99917525,0.7455814,0.48115396,0.9836255,0.70771646,0.5746243,0.9718099,0.9387081,0.5428127,0.9743258,0.9006798,0.65685266,0.9508791,0.9572395,0.55528206,0.5946363,0.9289882,0.6590737,0.607638,0.98999095,0.56957537,0.9506192,0.96013796,0.6721524,0.9339735
19801.jpg,0.7643196,0.7764859,0.99999785,0.7693747,0.79617184,0.999992,0.7647397,0.8000529,0.9999927,0.75945413,0.80436546,0.9999925,0.78424764,0.7821859,0.9999881,0.7893815,0.77652454,0.9999882,0.79361653,0.7712928,0.9999869,0.74567795,0.80428445,0.9999882,0.7904589,0.75711215,0.9999721,0.738762,0.7704316,0.99999666,0.7580755,0.7521401,0.9999951,0.6158879,0.7589488,0.9999882,0.7400503,0.6366831,0.9999553,0.49185008,0.68008375,0.9937323,0.6451815,0.511075,0.97829986,0.35900894,0.6347539,0.99117017,0.5809117,0.37962806,0.9697427,0.3190683,0.62517846,0.9782325,0.5682907,0.3417917,0.941705,0.3194586,0.62365144,0.9809321,0.5659073,0.34164596,0.94862527,0.32874122,0.6243411,0.97780335,0.56656766,0.35341984,0.944451,0.45308235,0.55851,0.9997305,0.52187777,0.4849873,0.9996302,0.29993618,0.41061404,0.9927978,0.351704,0.3577959,0.990071,0.1559678,0.29791686,0.9924117,0.20552254,0.22303015,0.9884421,0.143904,0.28433055,0.84684724,0.1840134,0.21620435,0.81224614,0.09008157,0.24354804,0.98692673,0.14627779,0.16528589,0.9836285
2001_aug.jpg,0.0800105,0.48183754,0.9999957,0.067977965,0.46798795,0.999984,0.06984243,0.45996404,0.99998844,0.07163942,0.4527148,0.9999862,0.06717008,0.49298963,0.99998677,0.068106025,0.50303876,0.9999901,0.069523156,0.5128384,0.99998724,0.09016919,0.4386919,0.99998283,0.088991344,0.52774096,0.999982,0.106603086,0.466407,0.99998677,0.10478553,0.50003064,0.9999844,0.22393751,0.3708275,0.9999858,0.20842838,0.6058223,0.999982,0.38505274,0.32196382,0.9909095,0.3537687,0.69260764,0.9889099,0.5295643,0.24947244,0.9738159,0.4787142,0.78310573,0.97979486,0.5755663,0.22462523,0.9411243,0.5156755,0.8196088,0.95650816,0.57350254,0.22529316,0.9495951,0.5182556,0.81171215,0.96231514,0.55940366,0.23475567,0.95352983,0.507589,0.79705757,0.96092355,0.50446737,0.43352827,0.9995745,0.49907374,0.59127265,0.9995383,0.72779137,0.41867292,0.9853248,0.7159874,0.64354014,0.97545993,0.98385274,0.40324846,0.96051604,0.9703623,0.7044278,0.95172024,0.99988353,0.41546303,0.57618207,0.9879178,0.70060647,0.6467469,1.0844606,0.40435654,0.92712975,1.0423912,0.7600459,0.9258526
20738.jpg,0.16437855,0.71666586,0.99979264,0.14550966,0.7185614,0.99939716,0.14260745,0.71449584,0.9994023,0.1401676,0.71081215,0.99943393,0.15467948,0.73241115,0.9992106,0.15770572,0.73775095,0.9991437,0.1605477,0.7426257,0.99907076,0.14388576,0.7034628,0.99897027,0.16791794,0.7431165,0.9977508,0.17290139,0.70000625,0.9998111,0.18445846,0.71780443,0.99971336,0.2155424,0.62271255,0.99992657,0.27746093,0.71211135,0.999665,0.3274023,0.5349471,0.96685934,0.40032682,0.63926876,0.90610236,0.41925752,0.43904418,0.97784984,0.5168017,0.59359986,0.95280355,0.4381445,0.4035936,0.9583919,0.5580751,0.58329093,0.9338619,0.44703093,0.40414324,0.96182954,0.55806637,0.5749686,0.9380991,0.44158682,0.41768554,0.9518091,0.5442425,0.5769066,0.92512685,0.44156042,0.49374247,0.998697,0.47316065,0.54677737,0.99816614,0.62062025,0.37586877,0.8662364,0.64953214,0.42581266,0.7430286,0.78364956,0.26493186,0.7765648,0.82232594,0.31638896,0.7319133,0.80082613,0.2573379,0.44457966,0.8378415,0.2998172,0.42158216,0.8436476,0.22430533,0.73700446,0.88199335,0.28709328,0.7093881
21101_aug.jpg,0.8819438,0.5710075,0.99999464,0.8936497,0.5832156,0.9999856,0.8916917,0.5876971,0.99998534,0.8891344,0.59366953,0.99998534,0.8984884,0.5661523,0.9999795,0.90015525,0.5595938,0.9999794,0.9017251,0.55230695,0.9999782,0.8769482,0.5991244,0.9999678,0.8933053,0.5427416,0.99996376,0.8608664,0.5775598,0.99999285,0.8677885,0.55432296,0.9999907,0.7412919,0.61683345,0.9999517,0.77574724,0.47335714,0.9999298,0.5934908,0.60625124,0.95842147,0.638752,0.41508391,0.97396785,0.45452094,0.6145595,0.94966936,0.5172355,0.35141385,0.95375717,0.41773164,0.6234945,0.90681696,0.48284304,0.32729566,0.919121,0.41603744,0.61978537,0.9161298,0.4806951,0.33158273,0.9265429,0.42785212,0.61520606,0.90992117,0.49021894,0.3435625,0.92184097,0.50459373,0.5316913,0.9995291,0.52419174,0.44988227,0.99931777,0.29402828,0.4724174,0.91461724,0.30796897,0.40868744,0.9187257,0.10430148,0.41309258,0.92101556,0.10249549,0.3837956,0.8947725,0.07900578,0.39914677,0.6378432,0.07719764,0.37876242,0.47739634,0.043777406,0.41056523,0.9003791,0.051872283,0.37338626,0.8805041
21349.jpg,0.5051679,0.28575698,0.9999542,0.5134966,0.27220693,0.99993825,0.51817465,0.2727293,0.9999181,0.52262676,0.27344587,0.9999348,0.5006793,0.27100185,0.99993885,0.49598312,0.27044392,0.99991524,0.49177402,0.26994994,0.99992263,0.5263839,0.28168342,0.9998716,0.48371872,0.2751089,0.99988663,0.5123787,0.30200914,0.99983037,0.4957474,0.29826406,0.99977916,0.5468186,0.34605464,0.9983854,0.4414503,0.3351099,0.99834883,0.59759295,0.23786071,0.99542737,0.42850775,0.21428618,0.9939681,0.6290197,0.11290404,0.98770416,0.43402374,0.0848192,0.9866325,0.63899326,0.0910373,0.95857996,0.42651382,0.05701059,0.9634208,0.6316546,0.087147206,0.9555958,0.43729028,0.058228314,0.9598501,0.62491703,0.09218109,0.95842224,0.44460776,0.06660795,0.96028477,0.49577868,0.5703488,0.999388,0.41943425,0.55990696,0.9995442,0.4611055,0.74567753,0.97765917,0.40131047,0.732109,0.98281175,0.432028,0.90225244,0.97906464,0.3764549,0.8972205,0.9784364,0.4223794,0.9210341,0.90507287,0.37472254,0.9170352,0.8138877,0.43457806,0.9562981,0.96733016,0.36477825,0.9429786,0.9613179
21360_aug.jpg,0.29222506,0.78220713,0.99997985,0.27723455,0.79356754,0.99992585,0.27173278,0.791848,0.9999343,0.26666266,0.7902249,0.9999262,0.2927505,0.79843795,0.99991906,0.29859424,0.8003795,0.9999224,0.30379373,0.80227757,0.9999095,0.26264805,0.78358626,0.9998765,0.31435913,0.80291224,0.9998293,0.2880761,0.76418066,0.9999447,0.30875295,0.77176046,0.9999325,0.24849117,0.6527543,0.99993765,0.4063174,0.7350731,0.9999075,0.2517339,0.51942384,0.99005765,0.5187547,0.65434635,0.99324155,0.22169954,0.4008412,0.9895327,0.641831,0.61460865,0.9849701,0.20646133,0.36499563,0.9730037,0.69051147,0.6027532,0.96317315,0.20251788,0.36319107,0.9775767,0.6942204,0.6055064,0.96879333,0.20858693,0.37477717,0.9776119,0.67737144,0.60807097,0.96979326,0.40459633,0.44094902,0.9983084,0.49471506,0.49357992,0.99868935,0.5067035,0.26567158,0.9630528,0.59181005,0.30558026,0.9773398,0.60351616,0.11238691,0.96824884,0.6733819,0.12699404,0.9593863,0.61906534,0.101721525,0.7888184,0.675569,0.106024444,0.6688591,0.6225778,0.052649856,0.9599082,0.7055577,0.06806478,0.94407725
23513.jpg,0.5763403,0.12196627,0.99999475,0.5871808,0.10954526,0.99998415,0.5912969,0.1107955,0.99998355,0.59537613,0.11213273,0.99998283,0.5697871,0.10518509,0.99997795,0.5625915,0.10403362,0.9999771,0.5564776,0.10343811,0.9999769,0.59919,0.12067741,0.99996555,0.54776484,0.11097717,0.9999584,0.5829539,0.14103392,0.99999547,0.5610428,0.13633153,0.99999404,0.6206032,0.24615656,0.9999753,0.48444992,0.21902145,0.99993145,0.60177344,0.38432324,0.9793076,0.44031304,0.35953513,0.9768695,0.60961187,0.5096182,0.979075,0.3853813,0.4698633,0.9712938,0.6157577,0.5441977,0.9583259,0.36046043,0.5006975,0.9484142,0.6095339,0.54633653,0.96259564,0.36818874,0.50319904,0.9532584,0.6064531,0.53426856,0.9555603,0.37806582,0.49440205,0.94636106,0.53446716,0.4878412,0.9996557,0.45718846,0.46910173,0.9994624,0.48384067,0.6816966,0.983396,0.42746055,0.67128646,0.97669196,0.44180307,0.85057366,0.982055,0.38693047,0.8414471,0.97242,0.43472475,0.8686031,0.8273497,0.3831276,0.8639362,0.7208951,0.43033397,0.9191392,0.9744566,0.37649167,0.9058329,0.9650221
2392.jpg,0.8145111,0.40558368,0.99977106,0.82336706,0.39465818,0.9997712,0.8219377,0.3927189,0.9997538,0.8203834,0.39049095,0.99976486,0.8289055,0.40021276,0.9997093,0.83100086,0.40202254,0.9996823,0.8329085,0.40354985,0.9996916,0.81751025,0.39402804,0.99979216,0.8341316,0.4124857,0.9995407,0.8043002,0.41182846,0.999754,0.8086623,0.41575056,0.9996551,0.7345329,0.41004807,0.9999478,0.78518665,0.514229,0.9992987,0.63111943,0.4579776,0.97619957,0.7025183,0.5877466,0.9496264,0.55724525,0.49918598,0.72703886,0.6400854,0.63189983,0.64244044,0.5362891,0.50540984,0.56008965,0.61556166,0.6441172,0.4958731,0.53804654,0.508874,0.55594385,0.61065024,0.63561535,0.46356848,0.56135154,0.51365775,0.51233643,0.6204491,0.62738436,0.4120289,0.5921248,0.5324275,0.99902534,0.61861557,0.5738308,0.9971957,0.45769817,0.6393769,0.95095575,0.47017276,0.6554868,0.7464235,0.33253258,0.72795343,0.9485473,0.33576167,0.731872,0.82269055,0.31366044,0.74621415,0.95967966,0.31548917,0.7488907,0.8573455,0.27998316,0.7161144,0.8740906,0.28748775,0.7204087,0.68399626
25205_aug.jpg,0.77125764,0.20020825,0.999977,0.78971213,0.19538957,0.9999261,0.7942204,0.19947305,0.9999261,0.7990669,0.20357704,0.9999318,0.77213264,0.18143338,0.99991333,0.7655324,0.17732647,0.99990356,0.75970775,0.1737917,0.99990404,0.79883695,0.21728021,0.99987984,0.7450162,0.17842215,0.9998379,0.7679458,0.22607794,0.9999832,0.7454004,0.20870954,0.9999802,0.75896776,0.3646729,0.99997187,0.6160313,0.24151325,0.9999074,0.6928796,0.48045477,0.99095166,0.5024853,0.31273,0.9796997,0.6495955,0.5930689,0.9868751,0.40247563,0.37496495,0.9650172,0.6291001,0.6315606,0.97447,0.36415696,0.40286753,0.93808234,0.6213321,0.62382,0.9770517,0.37622342,0.40687776,0.94413805,0.62522274,0.61175114,0.97243786,0.3923238,0.39723682,0.9379742,0.55395466,0.5394397,0.9991641,0.47008723,0.46935713,0.99890137,0.39527765,0.67372555,0.953277,0.3531798,0.6388469,0.9491884,0.2692904,0.8118514,0.9615818,0.23857084,0.79950035,0.93966275,0.24747461,0.8258556,0.7331796,0.21821263,0.8181633,0.64838994,0.24030563,0.87252367,0.950315,0.1995515,0.8526647,0.9404407
25352_aug.jpg,0.1923878,0.7415068,0.99999607,0.17460372,0.7413284,0.9999825,0.17124845,0.73632383,0.99998224,0.16814876,0.73099446,0.9999819,0.18584041,0.7542075,0.9999826,0.18998572,0.7585311,0.99998415,0.1938264,0.76266456,0.9999845,0.16891679,0.7141118,0.9999558,0.20499916,0.7571311,0.9999628,0.19723333,0.7210417,0.99999046,0.21148145,0.7387111,0.9999902,0.20595287,0.5915664,0.9999584,0.3320801,0.7152122,0.99997747,0.278007,0.4815995,0.98692805,0.43802708,0.6293017,0.98505384,0.33245033,0.37629354,0.9732195,0.54592884,0.5667494,0.9802479,0.341731,0.33843404,0.94349444,0.5822414,0.55318826,0.9609762,0.34600046,0.33983153,0.94821095,0.58124936,0.54902035,0.96438384,0.34603834,0.3541903,0.9417651,0.56706935,0.5507933,0.95963895,0.4094158,0.43667138,0.99975806,0.48202676,0.50743365,0.99977607,0.53828895,0.27289233,0.9926835,0.619743,0.35685253,0.9939433,0.6747289,0.12614042,0.9934275,0.7447525,0.21114898,0.9910478,0.7004272,0.114399016,0.8659439,0.7539326,0.18183923,0.8291982,0.71089005,0.07230535,0.9888045,0.8078709,0.17982268,0.98687774
25581_aug.jpg,0.110815614,0.5198027,0.9999901,0.09539628,0.5093592,0.99994767,0.095097125,0.50131154,0.99995613,0.09498122,0.49567074,0.99994934,0.09840757,0.53372806,0.99993205,0.100565135,0.540549,0.9999378,0.102586955,0.5470969,0.99992514,0.10711035,0.48255262,0.9998996,0.116663635,0.55188406,0.9998332,0.13218775,0.49948198,0.9999827,0.1351609,0.5311131,0.9999763,0.23189467,0.40758437,0.99998224,0.2423228,0.5874759,0.9999181,0.37449735,0.3640075,0.99264765,0.38623285,0.62248504,0.9744222,0.49418956,0.31604862,0.98998123,0.5198877,0.6714256,0.96355295,0.5274413,0.29432,0.97528154,0.5618867,0.68602926,0.9243087,0.5347545,0.30191088,0.9785525,0.56223214,0.6695944,0.93245226,0.52194417,0.3130865,0.97524196,0.54840225,0.6599197,0.92757374,0.5048386,0.432199,0.9995308,0.50787765,0.5461306,0.999308,0.71731305,0.42269826,0.96505,0.7179132,0.5357076,0.9704314,0.8986119,0.43393803,0.96506137,0.90370584,0.4985542,0.9557213,0.91416395,0.43944,0.7244905,0.91691065,0.48834932,0.65244275,0.9652844,0.43032402,0.953512,0.9681084,0.4891242,0.94603896
25869.jpg,0.5994327,0.10773343,0.9999871,0.6138009,0.09551075,0.999948,0.61927223,0.09697068,0.9999498,0.6253823,0.098804384,0.9999515,0.59383476,0.091499835,0.9999397,0.58744293,0.09062868,0.99993277,0.5814758,0.090084106,0.9999279,0.63254327,0.111005515,0.99991155,0.57134724,0.097800255,0.999845,0.60795534,0.1287817,0.9999759,0.58300924,0.12279698,0.9999685,0.6592099,0.24078071,0.9999385,0.49236545,0.19545896,0.99984705,0.6535952,0.3835968,0.98905456,0.4316916,0.3311466,0.9582078,0.67436355,0.5208123,0.96975815,0.35382003,0.43660527,0.94230187,0.6884064,0.55424726,0.93575096,0.32723594,0.4658766,0.896327,0.6827022,0.5576359,0.9422598,0.33156404,0.4708628,0.9067885,0.67804503,0.5441528,0.93981034,0.3419178,0.4589597,0.9037969,0.5461906,0.4899925,0.99908936,0.45861194,0.46769962,0.9987344,0.48572165,0.6783927,0.92743,0.44064185,0.6626688,0.89006436,0.42763442,0.8764169,0.9338313,0.41463786,0.86974335,0.90094566,0.42006254,0.89079905,0.63947374,0.41380993,0.88570416,0.6162546,0.41438758,0.9475652,0.9082289,0.38276833,0.9398747,0.8954142
25982_aug.jpg,0.6500838,0.8958659,0.99999464,0.6455554,0.9116044,0.9999856,0.6372819,0.9138533,0.99999,0.629069,0.9161329,0.9999893,0.67275774,0.900245,0.99998486,0.682897,0.89439124,0.9999888,0.6920479,0.88864356,0.9999863,0.61074394,0.9044833,0.999984,0.704057,0.8556693,0.9999845,0.62012094,0.8798891,0.99998784,0.65678823,0.8627081,0.9999815,0.45918682,0.81460154,0.999995,0.72025704,0.688035,0.9999393,0.30703944,0.7293973,0.9900385,0.7341108,0.5082878,0.98022115,0.16392952,0.64690983,0.9827711,0.76393723,0.3436439,0.93177664,0.11470002,0.6272564,0.95528156,0.7913469,0.28692925,0.8762225,0.11837423,0.61741716,0.9638715,0.7837698,0.28545314,0.89304876,0.133883,0.6205439,0.9679009,0.770782,0.30347908,0.9043019,0.39836752,0.556401,0.99939907,0.54999715,0.4783201,0.9988128,0.30944863,0.3543291,0.9506854,0.46504214,0.32372037,0.9258504,0.21551791,0.081329435,0.77110696,0.29878956,0.066547275,0.6284186,0.20869449,0.053803474,0.46248335,0.2802444,0.04708478,0.3161565,0.16830617,0.006883204,0.66985965,0.27558845,0.0022364855,0.546425
27215.jpg,0.2875011,0.12919188,0.9999919,0.2927963,0.11027223,0.99997807,0.30182013,0.10659021,0.999984,0.31045276,0.10295147,0.99997854,0.26541558,0.12507594,0.9999765,0.25546739,0.13206774,0.9999807,0.2460359,0.13859177,0.99997187,0.33300722,0.111598015,0.9999795,0.23912364,0.17070794,0.9999709,0.32054088,0.14198005,0.9999871,0.28317606,0.16291595,0.99998355,0.48590943,0.18281007,0.9999795,0.2445316,0.34299034,0.99994075,0.6503198,0.24164501,0.99655473,0.26783144,0.50200504,0.99692255,0.80089766,0.29883903,0.9951827,0.2631701,0.6709422,0.99133146,0.854653,0.31764445,0.98681647,0.2430357,0.72971606,0.97835094,0.8501558,0.32547626,0.9892937,0.24878025,0.7302602,0.9819182,0.831341,0.32535413,0.9910296,0.25976995,0.7112611,0.98444366,0.58551925,0.4180612,0.9982352,0.4446382,0.5272127,0.9983051,0.7024203,0.59327936,0.9610942,0.57637835,0.7042149,0.9759389,0.8271893,0.8515055,0.8865708,0.7723868,0.9084904,0.9152504,0.8398696,0.8804603,0.76109606,0.79833496,0.9240885,0.77694696,0.89742076,0.94434553,0.8651843,0.8033819,0.99047714,0.8685135
27750_aug.jpg,0.57991534,0.9421917,0.99993086,0.5860835,0.9608572,0.99989426,0.5818793,0.96055907,0.9999144,0.57744646,0.960435,0.9998956,0.5951571,0.95705926,0.9998838,0.5969082,0.9544345,0.99991035,0.59859043,0.9519669,0.9999021,0.5660808,0.9333664,0.9998473,0.59262544,0.9261149,0.9998951,0.5611837,0.9150141,0.9999379,0.5717069,0.9096909,0.999943,0.35278404,0.7750383,0.9996333,0.5781249,0.6387536,0.99965215,0.15215936,0.5713464,0.80165416,0.48264796,0.38597268,0.82753664,-0.0039212406,0.4364493,0.53585136,0.44696188,0.13346757,0.5521416,-0.0657078,0.4067926,0.454626,0.4505511,0.06618455,0.4868166,-0.061877012,0.39888614,0.47329256,0.43386078,0.075707145,0.50900507,-0.03418407,0.3878417,0.48365015,0.41753814,0.099835455,0.53921986,0.1954669,0.3118292,0.9981285,0.26222458,0.26743084,0.9971806,0.13907239,0.16625366,0.732942,0.22180858,0.10610439,0.73204005,0.15737048,0.100022554,0.79672533,0.17927071,0.07659636,0.70094764,0.16304044,0.09603352,0.7201393,0.17863527,0.07520602,0.6401315,0.15171677,0.08920437,0.76268804,0.176186,0.074703045,0.678447
28496.jpg,0.80152905,0.29657793,0.99998033,0.8094574,0.28494474,0.99993384,0.80959487,0.28769293,0.99995387,0.8097201,0.29062158,0.9998956,0.80285054,0.27431592,0.99994564,0.797934,0.2691072,0.9999504,0.79253507,0.26365355,0.9998925,0.7884303,0.28832546,0.9999665,0.76248074,0.250486,0.99997425,0.78271836,0.31396514,0.9999635,0.77484334,0.2993438,0.99995446,0.72734267,0.40244985,0.9999733,0.6608838,0.23088983,0.9999993,0.8345804,0.5160628,0.94542164,0.7809236,0.08652273,0.9985869,0.9570708,0.6252183,0.9066314,0.89956534,0.043340743,0.9913906,0.9910851,0.66189396,0.8181575,0.9229039,0.03648424,0.96405214,1.0001271,0.6613876,0.8337753,0.9369775,0.055555284,0.9579093,0.98396945,0.6543728,0.86540645,0.9278041,0.060217947,0.9650199,0.5314913,0.54932237,0.9998252,0.43905205,0.49741372,0.99998844,0.7186166,0.6578641,0.96188825,0.29000366,0.6942974,0.9990213,0.9342718,0.7812487,0.94277304,0.14880687,0.871315,0.9975854,0.94895726,0.81983507,0.96542615,0.12825468,0.8939929,0.9929617,1.0605664,0.84575963,0.95020914,0.071517855,0.94597673,0.9925488
28933_aug.jpg,0.28459346,0.15974969,0.99996436,0.28647774,0.14029923,0.9998938,0.29133016,0.13723508,0.9998888,0.29583263,0.13445383,0.9998957,0.26939583,0.15238059,0.99987996,0.2641954,0.15635177,0.9998627,0.25978357,0.16026086,0.99985695,0.30823362,0.1359905,0.99980897,0.25876725,0.17029408,0.99977905,0.30518225,0.16768157,0.99995947,0.28377485,0.18053415,0.99994946,0.42306423,0.2061691,0.99990964,0.27531028,0.29345316,0.9998417,0.5222864,0.30450636,0.97630423,0.3250278,0.4284687,0.9468175,0.6327668,0.38566178,0.92364025,0.35301346,0.55088013,0.9028536,0.6628862,0.4016443,0.85449123,0.34922147,0.5874437,0.8397381,0.662593,0.40662774,0.8705082,0.36106855,0.586259,0.85619175,0.651543,0.40018103,0.86721367,0.36224678,0.5735954,0.85529566,0.52882016,0.45163965,0.99760616,0.4513861,0.4992748,0.99709916,0.6240478,0.63776696,0.9188161,0.5787938,0.657991,0.8255845,0.7324556,0.8024734,0.8976524,0.70670056,0.81161994,0.8006308,0.7416717,0.8208649,0.47910932,0.71907943,0.82632136,0.4549864,0.7635727,0.82941854,0.8259238,0.71630573,0.85743105,0.7967499
29638_aug.jpg,0.38800648,0.48355436,0.99951684,0.37789485,0.4899705,0.9993136,0.3773222,0.49433264,0.9994228,0.3769969,0.49876338,0.9993543,0.38045827,0.47855344,0.99919134,0.3812902,0.47529525,0.999236,0.38216826,0.47215652,0.9989404,0.38425672,0.5051655,0.9994661,0.38974127,0.4703194,0.9989034,0.3978506,0.4919684,0.999608,0.399339,0.47939324,0.99950814,0.4369929,0.5527491,0.9999559,0.45121711,0.4481155,0.9997826,0.51917493,0.59333557,0.99412054,0.5430997,0.43416688,0.99348974,0.5953774,0.6355645,0.97432727,0.6281503,0.40106186,0.9409303,0.6132089,0.6513151,0.94040793,0.64932555,0.38874906,0.88468426,0.615975,0.6482082,0.93466145,0.65025336,0.39090323,0.877947,0.6109166,0.63902587,0.8938182,0.6444663,0.39799106,0.8348079,0.61190057,0.55891037,0.9998103,0.6198372,0.49357975,0.99963486,0.7239536,0.5608841,0.95954555,0.7347832,0.5162038,0.86477715,0.8276129,0.5754491,0.9202621,0.8414638,0.5374507,0.8398335,0.8464963,0.58290446,0.9515541,0.8547318,0.54503864,0.94238913,0.83987856,0.5936834,0.6460814,0.8593589,0.532104,0.4839773
2980.jpg,0.09082964,0.68653077,0.9999994,0.074410856,0.68203413,0.9999976,0.072894126,0.673509,0.9999981,0.07145983,0.66585577,0.99999774,0.08121091,0.7065635,0.9999976,0.08432725,0.7143502,0.99999774,0.08728999,0.72187173,0.99999726,0.08382681,0.6504551,0.99999714,0.11264065,0.7254462,0.99999726,0.10926095,0.65701175,0.99999917,0.118763,0.69113654,0.99999905,0.1808466,0.51684296,0.99999774,0.27105117,0.7381306,0.9999864,0.29266244,0.4018608,0.9972216,0.43429545,0.7402895,0.9971072,0.36572635,0.28277406,0.99674964,0.57140446,0.7698984,0.99212706,0.3840298,0.23625213,0.9917278,0.6123801,0.7967026,0.9812352,0.3871605,0.23836213,0.9928402,0.6108084,0.777794,0.9836187,0.38242307,0.2545505,0.9931952,0.59852,0.76213515,0.9851718,0.4691225,0.43036568,0.9994312,0.53179324,0.5640846,0.9992268,0.67806804,0.36941344,0.98619276,0.7162684,0.45597407,0.97597617,0.9252448,0.27112472,0.9502811,0.94198644,0.32826942,0.9095672,0.94439167,0.26675266,0.6381638,0.9536114,0.3131109,0.6084178,1.0140377,0.24055648,0.9157877,1.0461278,0.30992246,0.8760466
30100_aug.jpg,0.12427461,0.5103267,0.9999989,0.11341444,0.52081305,0.9999945,0.114088476,0.5197863,0.9999976,0.114843726,0.5187169,0.999992,0.11516449,0.5302264,0.99999464,0.11717877,0.5363467,0.9999962,0.11949083,0.5431459,0.9999877,0.13387808,0.53466684,0.9999981,0.13942397,0.5682094,0.99999845,0.14566219,0.50507873,0.9999976,0.14911804,0.5168593,0.9999964,0.24943256,0.445026,0.9999949,0.22860289,0.6290306,0.9999999,0.2223764,0.28369433,0.976178,0.07088998,0.68466073,0.9968581,0.16936928,0.1372726,0.95809484,-0.037534356,0.69762105,0.9860892,0.15203482,0.09553057,0.9156684,-0.097301126,0.6958559,0.95297843,0.14757228,0.08878091,0.9221601,-0.09870756,0.67885923,0.94702125,0.15360129,0.09596038,0.93416363,-0.08498597,0.67402375,0.96490973,0.49492636,0.42934692,0.9999541,0.5472297,0.52262425,0.9999974,0.3823222,0.24249303,0.97330296,0.77942276,0.44028613,0.9993523,0.26121476,0.024560899,0.97441614,0.97828805,0.36460143,0.99792176,0.25356755,-0.032027394,0.98530024,0.98862386,0.3570383,0.9942141,0.15791029,0.007865429,0.9781974,1.0733373,0.34645367,0.9946327
3031_aug.jpg,0.480321,0.87179756,0.99998856,0.4712125,0.8919672,0.99995196,0.46411481,0.8936895,0.9999547,0.45798934,0.8948916,0.9999566,0.4946213,0.88522196,0.99994624,0.50254035,0.88271624,0.9999535,0.50947547,0.8803147,0.9999548,0.44566905,0.8887899,0.9998963,0.5147959,0.86976504,0.9998863,0.46094662,0.85250723,0.99998295,0.4858349,0.8457619,0.99998224,0.3487461,0.7740049,0.99996626,0.5418184,0.737232,0.9999404,0.2949664,0.6403975,0.9861645,0.54207987,0.5839732,0.9899672,0.23987757,0.51636124,0.9667012,0.5342296,0.45084655,0.95915943,0.22298342,0.48250043,0.92863977,0.5348005,0.4068084,0.9134324,0.2392798,0.48027638,0.93449247,0.52479386,0.4092238,0.9182047,0.24799481,0.49026647,0.92866933,0.5202513,0.42175955,0.9083256,0.33842513,0.5235453,0.99980515,0.44633362,0.49935052,0.99972767,0.30685714,0.34783283,0.96174276,0.38639608,0.33149582,0.9751775,0.28976882,0.1596398,0.9677996,0.33371845,0.14982873,0.96634465,0.2953166,0.14340997,0.74645585,0.3337185,0.13596046,0.59546596,0.26672584,0.08550495,0.96330464,0.30641383,0.075985104,0.9618301
31240_aug.jpg,0.7901459,0.7642206,0.9999895,0.792768,0.78064436,0.99996865,0.78886366,0.78476787,0.999964,0.7844677,0.7890173,0.9999664,0.80471075,0.7667421,0.99996054,0.80925834,0.7611235,0.9999571,0.8137184,0.7555512,0.999961,0.7719729,0.7884205,0.99992716,0.8130637,0.74277145,0.99994016,0.7687853,0.7593689,0.99999404,0.7862364,0.7422371,0.99999297,0.6523234,0.7400144,0.99997854,0.7524543,0.62775564,0.99994457,0.5339136,0.6566178,0.9693878,0.6586555,0.5152667,0.9636116,0.4246263,0.59156096,0.9668131,0.57598835,0.42049688,0.94951963,0.39081922,0.5674644,0.94310874,0.552273,0.3881498,0.91775584,0.39326942,0.5592747,0.9495329,0.5471224,0.39443392,0.9265052,0.4056663,0.5651043,0.93912864,0.55462795,0.40761888,0.9182993,0.46756428,0.543467,0.9997956,0.5292606,0.47485054,0.99963415,0.32640767,0.38008326,0.9602885,0.37003094,0.33475617,0.9373817,0.1919178,0.22573751,0.9683672,0.211573,0.20489025,0.93947524,0.18081537,0.2076096,0.74477464,0.19545841,0.18460485,0.6072731,0.14726597,0.1925005,0.95697266,0.1725854,0.1665582,0.9402942
32859_aug.jpg,0.7786497,0.5630164,0.9999989,0.78750765,0.56904167,0.9999975,0.78791416,0.57469517,0.99999785,0.7882523,0.58041704,0.99999833,0.78449,0.553267,0.9999945,0.7827547,0.54761916,0.99999475,0.7809182,0.5419437,0.99999464,0.7758477,0.5931357,0.99999535,0.76185495,0.53516155,0.9999771,0.7623092,0.5785458,0.9999994,0.7592968,0.556616,0.99999857,0.6872517,0.6754863,0.99999404,0.6464419,0.50165594,0.9999474,0.58511376,0.74188894,0.99453616,0.5294477,0.47653127,0.9745978,0.50249577,0.8100788,0.98825747,0.42754295,0.43567842,0.9490088,0.47921965,0.8412738,0.9708416,0.39389908,0.41892594,0.9145031,0.47411644,0.82990444,0.975636,0.39229292,0.424579,0.92674404,0.48011115,0.81824946,0.97230804,0.40339637,0.43228978,0.9224025,0.4721418,0.6884052,0.9999665,0.44819444,0.58032167,0.999926,0.44257146,0.7351742,0.997624,0.40809384,0.58002067,0.99639267,0.23470077,0.7846032,0.99353623,0.2005744,0.6108392,0.9918936,0.20080188,0.78280026,0.9750113,0.18265492,0.61614734,0.95761734,0.17611608,0.80973315,0.99421775,0.13466832,0.6301024,0.9922254
332_aug.jpg,0.45665243,0.59421146,0.9999677,0.45963636,0.60487044,0.99995697,0.4642985,0.6061185,0.9999645,0.4691686,0.6073231,0.999956,0.44774982,0.60080045,0.9999492,0.44393307,0.5990354,0.99995697,0.44014388,0.5969855,0.99994385,0.47713313,0.60373515,0.99997675,0.43804318,0.58822393,0.999962,0.46663982,0.5856149,0.99996877,0.45411304,0.58225393,0.99995863,0.53842807,0.55310893,0.9999678,0.4211114,0.50959754,0.999964,0.5835825,0.47761452,0.99147624,0.42706558,0.42504808,0.99494946,0.6453718,0.424988,0.95850044,0.42140654,0.33226973,0.9811633,0.66551846,0.40994915,0.9103517,0.41485763,0.30680716,0.96145344,0.6647854,0.41113693,0.90246385,0.41751757,0.30573404,0.9562827,0.65568596,0.41327623,0.85015893,0.42033404,0.31476086,0.93181795,0.56914103,0.3884395,0.9999522,0.502124,0.3663671,0.9999379,0.62542313,0.27560988,0.9959708,0.5318087,0.24162923,0.9889876,0.6939278,0.17406216,0.9936479,0.53275096,0.12151435,0.99031633,0.7047967,0.15142871,0.992525,0.5414408,0.09830439,0.9893444,0.6941714,0.16958253,0.93129015,0.53908086,0.111186534,0.90582263
3333.jpg,0.5204007,0.8937123,0.9999968,0.5091636,0.9109684,0.9999851,0.5027662,0.91065025,0.9999869,0.49729365,0.9102416,0.99998605,0.5313352,0.9108757,0.9999795,0.5388954,0.9103901,0.99998045,0.54549253,0.90968144,0.99997747,0.48570043,0.90013444,0.99997807,0.5531433,0.898993,0.9999536,0.5065381,0.8709314,0.9999964,0.5331461,0.8702328,0.99999404,0.4226147,0.7706981,0.9999919,0.6067663,0.764848,0.9999585,0.39330134,0.628281,0.99501157,0.6210396,0.61853355,0.9722076,0.33270836,0.50216067,0.993378,0.6679997,0.48697093,0.9789305,0.31130153,0.468565,0.9844468,0.6873115,0.44830102,0.9631424,0.3138602,0.4668552,0.9864363,0.68553925,0.4472016,0.96791124,0.32151163,0.47778898,0.9836442,0.6756716,0.46011677,0.9638328,0.45663252,0.49879643,0.99963915,0.55522823,0.49515373,0.9994381,0.45322025,0.2894103,0.99141556,0.532231,0.29141155,0.985857,0.45061946,0.100219816,0.98990434,0.5047521,0.09643561,0.9773382,0.45128453,0.08043072,0.79390335,0.4961327,0.08122811,0.781626,0.46024817,0.036127955,0.98418105,0.49848798,0.035633206,0.97517174
34295_aug.jpg,0.2067711,0.2482828,0.9999975,0.20110536,0.22865926,0.9999913,0.2050735,0.224092,0.99999213,0.20959339,0.2188249,0.9999924,0.18663749,0.2453481,0.99998736,0.18167865,0.25128937,0.99998724,0.17798218,0.25587296,0.9999865,0.2238017,0.21586284,0.9999888,0.18028396,0.26753595,0.9999703,0.23396266,0.25187767,0.999997,0.21635914,0.27298015,0.99999535,0.36041325,0.25078207,0.99998283,0.24761471,0.38641545,0.9999366,0.4987333,0.31526726,0.99274725,0.35009912,0.49694481,0.96372604,0.6245681,0.34988272,0.98395824,0.42595375,0.61968756,0.94723874,0.66438097,0.35733703,0.96312195,0.4445348,0.65899813,0.9115181,0.66347563,0.35987186,0.9674292,0.44637293,0.6584147,0.9228969,0.6510514,0.35892618,0.962444,0.44322622,0.6453333,0.9174867,0.5469684,0.4360456,0.99942136,0.48802847,0.5166665,0.99918,0.7080367,0.56685036,0.99343276,0.6643002,0.62843263,0.9893798,0.86875826,0.6665142,0.9921125,0.8222727,0.7466148,0.9837705,0.8813307,0.6812098,0.804211,0.8423975,0.7535361,0.7526972,0.9303986,0.724857,0.9843555,0.8873153,0.79568195,0.97579134
34376.jpg,0.38886276,0.36556327,0.9998827,0.38785392,0.35608137,0.9996264,0.38962168,0.3552127,0.9996538,0.391444,0.35433775,0.99964106,0.384199,0.35808218,0.9995857,0.3833411,0.35868046,0.9995852,0.3824203,0.3592987,0.99956924,0.39772862,0.3546605,0.99959856,0.38440067,0.36173934,0.99918085,0.39747614,0.37029722,0.9998622,0.39181185,0.37398148,0.99978024,0.4520084,0.38295233,0.99998534,0.4050878,0.43012705,0.99990594,0.5108855,0.44859064,0.99271894,0.443771,0.5087875,0.88215816,0.58844113,0.49652186,0.9903923,0.4691615,0.58390194,0.94655854,0.61234915,0.510073,0.9787235,0.47589546,0.6094339,0.91500425,0.61104494,0.51422447,0.9803311,0.4794119,0.609315,0.9201733,0.60211754,0.51064664,0.9741421,0.4786592,0.60033506,0.9089665,0.5382899,0.5207288,0.9993943,0.51142424,0.54133004,0.9992304,0.63198996,0.653548,0.95821774,0.6168792,0.66078204,0.82005256,0.71604717,0.7684482,0.9593231,0.7065469,0.77092266,0.8739526,0.72998804,0.781373,0.8052007,0.7240924,0.783576,0.70433295,0.7320502,0.80694616,0.94308645,0.7178747,0.8127256,0.87581253
34459.jpg,0.2779129,0.169905,0.9999672,0.27943188,0.15202114,0.99989915,0.2835044,0.14992502,0.99989617,0.2879453,0.14794087,0.9999018,0.26253396,0.16225874,0.9998659,0.25601327,0.16675699,0.9998635,0.2517171,0.17031202,0.99987054,0.3002152,0.15068713,0.9997954,0.24905331,0.1839256,0.9997857,0.29925895,0.1815125,0.99997437,0.27843225,0.19470972,0.99996614,0.4015802,0.22537273,0.9999666,0.276893,0.31276408,0.99989426,0.49290505,0.33119088,0.95343447,0.34677926,0.44414932,0.95457375,0.59196323,0.4198373,0.9534014,0.40579823,0.55526805,0.9368395,0.6210439,0.4492005,0.9247604,0.42220226,0.59140515,0.90342665,0.6154096,0.45603243,0.93205184,0.42693263,0.5866163,0.9109701,0.60350156,0.4473699,0.91908056,0.4231489,0.5737679,0.8977616,0.5362815,0.45842886,0.999683,0.4573455,0.5123649,0.9994241,0.63611186,0.6524332,0.9622799,0.58300596,0.6838349,0.935497,0.7294824,0.8288114,0.96116203,0.70441896,0.84472805,0.92883974,0.73689663,0.8550209,0.6974914,0.71728694,0.87020147,0.53272134,0.7743956,0.8841846,0.9444206,0.7424708,0.90012395,0.9232933
35658_aug.jpg,0.19320989,0.34713227,0.999941,0.1815804,0.33043414,0.99973243,0.184093,0.32505596,0.999747,0.18668753,0.31932682,0.99973196,0.17204729,0.34384158,0.9997179,0.16784382,0.34817785,0.9997291,0.16393593,0.35271382,0.9997123,0.19587794,0.31291455,0.99950063,0.16516244,0.3658619,0.9995085,0.21403801,0.3457716,0.9999291,0.20199135,0.3633024,0.99991786,0.31656107,0.30548665,0.9999714,0.21781334,0.47019327,0.9999596,0.46841747,0.35442126,0.99037254,0.33672887,0.5660028,0.98062015,0.5935233,0.3945697,0.98675483,0.44833308,0.6519457,0.97266555,0.63610995,0.39840803,0.9724345,0.47912973,0.685626,0.9540063,0.63526607,0.40642408,0.97498137,0.48301247,0.6821078,0.9581732,0.61853427,0.40793476,0.9709927,0.4761487,0.66881245,0.9518613,0.5408168,0.47514817,0.99885476,0.49407285,0.56819034,0.9986791,0.72242355,0.59042954,0.9768226,0.6926709,0.64653385,0.97079414,0.8899665,0.700552,0.9720014,0.8687089,0.72059476,0.9418954,0.9076724,0.71716994,0.76413506,0.8896004,0.73078835,0.63453263,0.96639675,0.73806953,0.95548695,0.94288975,0.76134044,0.93032724
36188.jpg,0.23060435,0.31317708,0.99997234,0.22105867,0.2989833,0.9999026,0.22385353,0.29394752,0.99990284,0.22697514,0.28825912,0.9998909,0.21250829,0.3132676,0.99989724,0.20928392,0.31873274,0.99990344,0.20577064,0.32424814,0.9998914,0.23538053,0.28519124,0.9997942,0.20325473,0.33880115,0.9998273,0.24992645,0.31242222,0.99991465,0.24021032,0.33318987,0.99992204,0.33900172,0.28568482,0.999913,0.25768837,0.43376794,0.9999118,0.46017104,0.3211766,0.9858651,0.34811193,0.5221142,0.990908,0.5720261,0.32661778,0.98380524,0.40725395,0.625719,0.975784,0.61046124,0.3322941,0.95869935,0.42331105,0.6575656,0.9481082,0.6127693,0.33356917,0.9631655,0.42559725,0.65893775,0.953557,0.60145605,0.3340142,0.960995,0.42399937,0.6485019,0.9538306,0.5254314,0.42289278,0.99902,0.47593442,0.5091498,0.99930036,0.71075374,0.5252071,0.9758119,0.6620387,0.62052965,0.9838462,0.8780144,0.60968846,0.9764722,0.82428837,0.7121953,0.9764748,0.89780706,0.6306587,0.82878363,0.8506814,0.7176049,0.74155223,0.9426824,0.6225181,0.9603031,0.87305474,0.7377627,0.95533854
36970_aug.jpg,0.32028222,0.8679769,0.99996424,0.308536,0.8714738,0.9998349,0.30351698,0.86790234,0.9998679,0.29820877,0.8640201,0.9998572,0.32430792,0.8787509,0.99983644,0.3300094,0.88028336,0.9998634,0.33574575,0.8817902,0.99984074,0.2973547,0.8463968,0.99973327,0.34821695,0.86708856,0.9996474,0.31640804,0.8455024,0.99993014,0.3382988,0.85495913,0.9999101,0.2703849,0.7076482,0.999936,0.4554948,0.7867739,0.9999292,0.29707918,0.5610764,0.9940252,0.5398673,0.66342616,0.9866045,0.31712073,0.41972366,0.9802746,0.6269354,0.5495491,0.97171164,0.31916827,0.38093317,0.951968,0.6591573,0.5141245,0.9400744,0.32714385,0.381697,0.9568982,0.6524407,0.50857294,0.9446754,0.32891655,0.3922649,0.9540906,0.640136,0.5177275,0.9371732,0.41210288,0.4883312,0.99912184,0.5188652,0.52863246,0.99926215,0.50938493,0.29574758,0.98060876,0.5820209,0.31141073,0.9770005,0.57490414,0.10920215,0.97826743,0.63190734,0.12709382,0.9658671,0.5855012,0.0921419,0.8091577,0.63246644,0.10524598,0.7379958,0.61722404,0.04534903,0.967721,0.66352576,0.061448216,0.95572186
38193_aug.jpg,0.84688485,0.516626,0.9999989,0.8615347,0.5294906,0.9999962,0.86025393,0.53498536,0.99999654,0.8593687,0.5392428,0.9999968,0.86438954,0.50913924,0.9999956,0.865263,0.5024376,0.99999523,0.865819,0.49592862,0.99999464,0.84928894,0.5465924,0.9999937,0.8554216,0.4872493,0.9999888,0.82241076,0.5258088,0.99999857,0.8269069,0.5009438,0.99999785,0.71571106,0.57930577,0.9999912,0.7418669,0.41300237,0.99997795,0.5870401,0.61118746,0.9979372,0.6268508,0.3425977,0.9921381,0.4558687,0.65152115,0.9945422,0.51928145,0.26327175,0.98791516,0.42188048,0.666474,0.9829237,0.49183264,0.23585254,0.9711997,0.41945726,0.6586101,0.985594,0.48847163,0.24300988,0.97538775,0.43115228,0.6531674,0.98280454,0.4962069,0.25332904,0.9716157,0.49095565,0.51414305,0.99961686,0.5051596,0.42034903,0.99961287,0.28839266,0.46896988,0.9753842,0.2999403,0.40924716,0.9625906,0.09946832,0.42560518,0.9817554,0.10347107,0.39409405,0.9630201,0.08293003,0.41933745,0.83521366,0.08012593,0.38967735,0.6793607,0.03975779,0.41692874,0.97594804,0.041023254,0.38296992,0.9567224
38544.jpg,0.55621326,0.574515,0.99998534,0.555417,0.5904839,0.99994314,0.55113864,0.59631544,0.9999112,0.546687,0.60207117,0.9999298,0.5705104,0.5786363,0.9999268,0.57583016,0.5764426,0.9998497,0.5811044,0.5741018,0.999882,0.5467789,0.6365787,0.9999186,0.6004363,0.5923367,0.9999516,0.5490793,0.5906059,0.9999865,0.5621786,0.57844126,0.9999795,0.49916765,0.7089441,0.99999285,0.66301143,0.575856,0.99999404,0.39819077,0.7558022,0.99927,0.66401654,0.45746204,0.9998828,0.28232053,0.7549324,0.99462706,0.6301836,0.31451845,0.999445,0.25235528,0.7794259,0.98525214,0.64451146,0.28620368,0.9954632,0.26086825,0.75765383,0.9883753,0.6226079,0.28607005,0.99609715,0.2719993,0.74228966,0.98614454,0.60064036,0.30635878,0.9972849,0.44283316,0.5860591,0.99986994,0.5376875,0.5108282,0.9998779,0.31534392,0.47886693,0.91177064,0.44820634,0.37569827,0.8457285,0.18986955,0.4396145,0.8016873,0.3718939,0.26867485,0.7751488,0.17984578,0.43395612,0.43784475,0.35750544,0.2648667,0.39029995,0.13597119,0.4184221,0.74344414,0.34234503,0.19152883,0.7904525
39006.jpg,0.73860854,0.24530154,0.99998724,0.7522348,0.2371198,0.9999552,0.7553452,0.24039543,0.99996316,0.7589374,0.24419251,0.9999603,0.7375479,0.22564062,0.9999448,0.7313378,0.22219068,0.9999497,0.72580844,0.21898046,0.9999399,0.7583453,0.2577372,0.99993837,0.7092712,0.2196235,0.99989974,0.73440754,0.26701364,0.9999757,0.71612895,0.25259098,0.9999629,0.72776,0.3786999,0.9999435,0.6016861,0.27768442,0.9998832,0.65627193,0.49144804,0.9840588,0.5036993,0.37210357,0.98447555,0.62136716,0.6068957,0.9718383,0.40501606,0.43475437,0.9672902,0.6099865,0.6441996,0.9401584,0.36950046,0.45153746,0.9350161,0.6084348,0.6443564,0.946311,0.37043798,0.4511912,0.94188756,0.60916865,0.6343761,0.9442427,0.38370872,0.4493819,0.9410151,0.5516344,0.5371919,0.99900985,0.48132583,0.47574413,0.9990544,0.41540265,0.6855441,0.96517855,0.36084974,0.6439207,0.9577083,0.29648215,0.81916726,0.9565449,0.26156938,0.8109844,0.94211614,0.28036416,0.8360245,0.6656138,0.24830043,0.8324658,0.6059915,0.25688985,0.87091124,0.932702,0.2099494,0.85095453,0.92203844
39677_aug.jpg,0.18689567,0.45219368,0.99986076,0.16946277,0.461192,0.9998722,0.16930267,0.46801078,0.9998336,0.16945079,0.47456655,0.99987984,0.170901,0.44217974,0.99981683,0.17169607,0.4355731,0.9997626,0.17264864,0.4287364,0.9997999,0.1805281,0.48512062,0.99992514,0.18413785,0.422085,0.99987864,0.2014859,0.46336746,0.99995065,0.20317468,0.44185126,0.9999304,0.2954502,0.5554688,0.99997663,0.29900205,0.38130644,0.9999075,0.44388664,0.5937707,0.99842703,0.46106017,0.35653174,0.99532276,0.5656345,0.6807664,0.9913396,0.6021055,0.29572925,0.99369377,0.59766984,0.7004899,0.96841484,0.6360395,0.28238052,0.9838764,0.5971958,0.7025213,0.9655438,0.6372449,0.2860325,0.9806378,0.5864695,0.69368804,0.9437045,0.627589,0.29219162,0.96637195,0.56176114,0.53329235,0.99969876,0.56885725,0.43761033,0.99851567,0.800992,0.56441295,0.9571145,0.8096407,0.4577607,0.9132299,1.0076245,0.59954536,0.9477127,0.99064445,0.4390672,0.93825316,1.0427384,0.608418,0.9178866,1.0214067,0.44926348,0.9057803,1.0324681,0.5780595,0.8366957,1.0235038,0.39257774,0.8224034
39935_aug.jpg,0.18873447,0.7685952,0.997948,0.18909496,0.7856759,0.99826115,0.19687599,0.79234546,0.99850166,0.20565492,0.79953486,0.9981152,0.17005247,0.76786417,0.99740183,0.16401303,0.762365,0.997584,0.15753788,0.7567431,0.99683434,0.22591245,0.8024896,0.99754107,0.15250164,0.74111176,0.99743575,0.21135253,0.766463,0.9968585,0.18735927,0.74713886,0.99582833,0.38209808,0.83674204,0.99986815,0.12405741,0.58408266,0.99984646,0.571952,0.8074455,0.96094203,0.14985704,0.43972623,0.9818854,0.734907,0.73215723,0.79882073,0.25752798,0.26383805,0.8848133,0.77152634,0.7183963,0.7669637,0.26747957,0.24017248,0.8273044,0.75398743,0.7075188,0.768444,0.28187314,0.24634178,0.81950474,0.7332083,0.70419836,0.7278312,0.28845924,0.26130858,0.78162086,0.59359574,0.52590495,0.99996996,0.44354698,0.37967315,0.99994147,0.6926171,0.41798857,0.71659803,0.59893477,0.28443092,0.44189614,0.8193958,0.23369949,0.8696925,0.7872218,0.15834019,0.6910387,0.8333914,0.20625845,0.9633403,0.8048993,0.14628665,0.92835283,0.90946925,0.17320725,0.9007286,0.886267,0.14626163,0.7707241
40780.jpg,0.7840575,0.19968736,0.997528,0.78282595,0.16834247,0.9982734,0.772125,0.16551435,0.9981785,0.7616713,0.16160494,0.9982975,0.81009966,0.17943233,0.9974769,0.8179759,0.18520361,0.9974718,0.82632095,0.19012654,0.99769115,0.73560745,0.18744922,0.9990139,0.82450366,0.22723484,0.9990157,0.75145113,0.22673404,0.9986702,0.7816335,0.23923653,0.99843377,0.5362818,0.35486177,0.9969946,0.8234171,0.47721994,0.99598914,0.3871687,0.5981203,0.9784983,0.7472493,0.74143314,0.9200948,0.21890983,0.76379615,0.8071173,0.7200544,0.9677016,0.86645114,0.17081681,0.7995686,0.65066725,0.7350191,1.0386617,0.7980565,0.1844683,0.80068254,0.6482334,0.72347015,1.0334753,0.786987,0.20493826,0.7956347,0.5979878,0.7112199,1.0054123,0.7626849,0.44534123,0.7897669,0.99360573,0.555219,0.83487815,0.9800444,0.33980298,1.0192993,0.7052906,0.47558954,1.063421,0.31571403,0.34981635,1.1717238,0.31184718,0.4424697,1.2018753,0.17358126,0.35939276,1.2132617,0.33890665,0.4355983,1.2376642,0.35611513,0.33287126,1.1475421,0.17090301,0.43704057,1.1951704,0.122250766
41576.jpg,0.7562331,0.3659088,0.9999989,0.76631355,0.36736393,0.9999976,0.7701236,0.37135983,0.9999982,0.77418494,0.37568456,0.99999833,0.7547391,0.3588478,0.9999957,0.7504246,0.3566496,0.99999666,0.746123,0.354379,0.9999964,0.77209973,0.39641297,0.99999666,0.7260588,0.3627516,0.99998784,0.7531663,0.3891601,0.9999993,0.73620856,0.37317336,0.99999857,0.7587744,0.5184091,0.99999547,0.61766547,0.40706843,0.9999759,0.71927047,0.6347661,0.9951556,0.5101759,0.4623559,0.9837518,0.6903284,0.7398637,0.9871711,0.4015872,0.49706942,0.95708525,0.6917565,0.77505016,0.9682845,0.36474365,0.5058795,0.9258753,0.6822814,0.7700307,0.9730016,0.36822563,0.510252,0.9377979,0.6789027,0.75541574,0.96976155,0.38171571,0.51064104,0.93497044,0.6027617,0.66353947,0.99996257,0.5105537,0.5958371,0.99994266,0.5988085,0.7177342,0.99797314,0.47307605,0.6179245,0.9967348,0.47963986,0.8927233,0.9954159,0.34018406,0.77443105,0.99324906,0.45671824,0.90942717,0.9756771,0.33015358,0.79656816,0.95528597,0.43823856,0.9360189,0.9945471,0.29731023,0.82865715,0.9915348
41870.jpg,0.3841038,0.19290662,0.9998857,0.3860594,0.18732446,0.9994943,0.3897971,0.18656638,0.9995585,0.3934011,0.18576467,0.99947447,0.37618172,0.19273311,0.9997365,0.3729136,0.19593763,0.9997849,0.3696028,0.19905621,0.99979657,0.4018988,0.19894162,0.99913424,0.36894396,0.21773104,0.99980575,0.3966909,0.20236015,0.99935097,0.38257915,0.21011299,0.99967396,0.4743018,0.24341151,0.99963844,0.37908298,0.3224329,0.99971145,0.44608736,0.15137419,0.98852557,0.3930956,0.4172259,0.9752474,0.38528603,0.053131044,0.97876567,0.4483409,0.48480788,0.868302,0.37030727,0.027664512,0.933919,0.46104714,0.509196,0.7498878,0.36825982,0.028742373,0.9295137,0.4678787,0.50127274,0.7566848,0.37153387,0.036989987,0.9406872,0.46658653,0.4925169,0.7493491,0.5666069,0.43861467,0.9996136,0.4975029,0.47447035,0.99962604,0.6288775,0.5896082,0.9874999,0.5900107,0.6072403,0.980525,0.6937643,0.72753584,0.9794301,0.67088914,0.731034,0.9685163,0.6978853,0.74530303,0.8433432,0.6738382,0.75215816,0.7688932,0.71870506,0.7635108,0.9711592,0.69099855,0.76755506,0.95668083
42032_aug.jpg,0.15172896,0.49538723,0.999995,0.13700226,0.49006823,0.9999838,0.13707525,0.48556486,0.9999857,0.13722602,0.4807882,0.9999857,0.13836518,0.50797045,0.99997854,0.13954663,0.51449144,0.9999784,0.1412347,0.52077687,0.99997556,0.14703631,0.47281706,0.99997866,0.15197894,0.5324682,0.99995685,0.17168114,0.48353866,0.9999932,0.17304382,0.5072015,0.9999888,0.25487274,0.41329685,0.99998176,0.265859,0.5746911,0.99993885,0.38605437,0.3870551,0.99286795,0.4035647,0.5806083,0.9797611,0.49739963,0.34168696,0.98829323,0.511554,0.60891616,0.9720365,0.5325882,0.32466763,0.97185296,0.5466234,0.6209848,0.9459466,0.53530794,0.32798353,0.9752362,0.5474431,0.6193114,0.95221084,0.5254258,0.33518293,0.97022724,0.53731483,0.61153746,0.94517463,0.4960795,0.4341961,0.99919385,0.49956033,0.5252772,0.9990073,0.6963521,0.43442205,0.97004503,0.6986739,0.49866182,0.94639224,0.87376857,0.43053648,0.9651439,0.88395584,0.46340102,0.9329983,0.8954588,0.43136516,0.70579547,0.90492475,0.45798787,0.5979204,0.94017655,0.42067906,0.950112,0.94071364,0.45809835,0.9213855
42132_aug.jpg,0.5024252,0.119790465,0.99998415,0.51480126,0.10005084,0.9999504,0.52146995,0.09938371,0.9999546,0.5270565,0.0990558,0.99995816,0.49275318,0.10208058,0.99993587,0.4850677,0.102715135,0.99993265,0.4777681,0.10350412,0.9999275,0.54032016,0.109175384,0.99994195,0.47014293,0.11478317,0.9998658,0.51658875,0.14183545,0.9999876,0.4886732,0.14248702,0.9999789,0.6070471,0.2351717,0.9999826,0.41062725,0.24201277,0.9998729,0.6357206,0.37392402,0.9890716,0.3871382,0.38010883,0.941184,0.6562419,0.49858046,0.9617325,0.3706143,0.50246155,0.8639211,0.6576171,0.5415977,0.92877465,0.36857176,0.5467779,0.79572195,0.65011054,0.5395905,0.93572783,0.376759,0.5447143,0.8127362,0.6451857,0.5295272,0.9238281,0.38201767,0.5328526,0.7958489,0.5745716,0.4940175,0.9995771,0.4588499,0.49983457,0.9991341,0.5607686,0.7011686,0.97459,0.48752698,0.70653164,0.9520978,0.5579672,0.9025073,0.98049027,0.5147322,0.90077084,0.9569594,0.5590938,0.9255774,0.72623044,0.52146333,0.91851515,0.7166874,0.55045795,0.9632208,0.97152925,0.50616324,0.9620364,0.9559601
42652.jpg,0.8275826,0.24563575,0.9993685,0.828019,0.22512823,0.99955267,0.8201747,0.21737057,0.9995484,0.811591,0.20919311,0.9994704,0.8471079,0.24758011,0.9993518,0.8522066,0.2543127,0.999297,0.8575542,0.26139516,0.9992071,0.7932608,0.20330697,0.9992754,0.85761297,0.27935344,0.99915767,0.79993534,0.24756724,0.99929655,0.82367027,0.2691837,0.9990483,0.6126749,0.18324935,0.99990165,0.8373321,0.45743087,0.99990785,0.43647087,0.18303084,0.9137987,0.81876886,0.6070652,0.9835413,0.2801198,0.25043792,0.6956527,0.7239163,0.7483206,0.8811423,0.23871079,0.26328576,0.67554456,0.72054344,0.7709489,0.81853443,0.25093946,0.27129078,0.67719394,0.71219456,0.76779544,0.8106732,0.27068758,0.2770408,0.61558217,0.7029184,0.75221956,0.76268446,0.34427488,0.5579042,0.99990475,0.4810927,0.65834546,0.9998518,0.2987101,0.57477695,0.56963813,0.35576612,0.7177716,0.41289786,0.17281935,0.7658022,0.85265845,0.19586107,0.8271271,0.7162799,0.17006043,0.7910067,0.924772,0.1893555,0.84396636,0.87641895,0.08342154,0.81201154,0.88820916,0.10109713,0.84086215,0.7431295
43034.jpg,0.34323865,0.18405181,0.9999708,0.33716023,0.16612932,0.99991095,0.34074903,0.16273591,0.99991286,0.34395382,0.15969893,0.99991024,0.32445267,0.1779347,0.99988294,0.31970012,0.18258831,0.9998752,0.315282,0.18711352,0.99984705,0.35133415,0.16228685,0.9998474,0.31060383,0.20159358,0.9998078,0.36247182,0.1925894,0.9999616,0.34654802,0.2069593,0.99994695,0.46318954,0.21060091,0.99998045,0.33094075,0.3111366,0.99991965,0.5859537,0.26989585,0.9888783,0.34005234,0.45516947,0.98112583,0.7063884,0.29905194,0.9901956,0.32851574,0.5745153,0.96288455,0.7463981,0.3004576,0.97687405,0.31550014,0.6202055,0.9325478,0.74853474,0.29854134,0.9805886,0.31407002,0.62208986,0.94153416,0.73263896,0.2991948,0.9787613,0.32247505,0.6049185,0.93894374,0.58990866,0.44452548,0.99853516,0.51061344,0.49817216,0.9979248,0.7045129,0.6135926,0.952483,0.63275844,0.66809154,0.9763788,0.79625374,0.77292454,0.96554816,0.7466842,0.81442505,0.9651456,0.79718417,0.7976918,0.8585583,0.7634567,0.8316529,0.7052401,0.8568658,0.81690836,0.9576417,0.8003605,0.86093545,0.94928193
44850_aug.jpg,0.36380672,0.85638314,0.9996842,0.33299416,0.8758511,0.9997147,0.31919128,0.8716482,0.9997634,0.3053983,0.8671896,0.99978775,0.37390897,0.8849204,0.9996234,0.38813037,0.88734466,0.99964297,0.40242085,0.8888671,0.99961746,0.28555453,0.8480185,0.9997154,0.4293736,0.8766855,0.9995202,0.34274757,0.8133181,0.9996743,0.39467356,0.82723075,0.9996275,0.2259396,0.69423085,0.9994978,0.5480131,0.7787663,0.9984345,0.11415216,0.5815314,0.99306136,0.77381635,0.77602494,0.99432313,0.30495402,0.7113453,0.98359364,0.55007464,0.78610253,0.9548853,0.3613291,0.74634135,0.95329404,0.49512887,0.7848345,0.8680969,0.37491965,0.7548576,0.9500779,0.48390716,0.78144914,0.8558739,0.36324936,0.74033916,0.93534833,0.49739262,0.77393496,0.8279481,0.37500864,0.42262575,0.99506015,0.5647038,0.49162745,0.99428236,0.4136518,0.32996628,0.9447926,0.58342373,0.42637622,0.9395579,0.5444146,0.07949767,0.87469715,0.6174423,0.1304406,0.90271986,0.55989665,0.06218917,0.74612015,0.6193476,0.102891065,0.8088756,0.6102943,0.0088161975,0.83571184,0.6667485,0.04150392,0.8500128
45172.jpg,0.36047357,0.2392788,0.9999937,0.36466682,0.22363526,0.99997413,0.3692749,0.22139665,0.99997914,0.37375003,0.21928832,0.999979,0.3500061,0.23143473,0.9999652,0.34486938,0.23443359,0.9999696,0.34070843,0.23670948,0.99996734,0.38664052,0.21993807,0.9999542,0.3404991,0.24501716,0.99991417,0.37850022,0.24634749,0.99998796,0.35813335,0.25514236,0.9999821,0.47491422,0.283093,0.9999802,0.34134233,0.35281432,0.99995875,0.53730214,0.38243186,0.9902136,0.3798365,0.46523786,0.99078965,0.6078058,0.45553732,0.97200847,0.39158383,0.5739157,0.97650456,0.6324264,0.4770693,0.9339098,0.39395535,0.6071695,0.9468942,0.6295415,0.48071122,0.9414716,0.39709303,0.60612154,0.9524404,0.6198018,0.4742707,0.93168813,0.39878815,0.59502006,0.94446415,0.528643,0.47600877,0.99971205,0.4541353,0.5103067,0.9996829,0.590768,0.6347334,0.98376596,0.5354892,0.6577129,0.98006564,0.6454975,0.7786298,0.98692244,0.61384857,0.7951349,0.97487044,0.6482593,0.7925968,0.7985216,0.6224585,0.80574447,0.7138443,0.67427707,0.8333998,0.9822494,0.64463675,0.8467419,0.97018564
45183_aug.jpg,0.5680648,0.29419765,0.99990857,0.579254,0.2839164,0.999882,0.5828912,0.28534853,0.9998578,0.5866557,0.2869721,0.99987805,0.5692481,0.27986893,0.9998801,0.565862,0.27828768,0.99984336,0.56289935,0.27689618,0.999845,0.5875774,0.29551107,0.9997873,0.5568889,0.28107393,0.99975985,0.5694318,0.3099142,0.99968326,0.5575121,0.30293462,0.99957305,0.5876297,0.36688536,0.9977533,0.5040517,0.32881546,0.9970137,0.67120355,0.28592253,0.99527365,0.5193664,0.21328044,0.9931022,0.74226695,0.17641503,0.9867899,0.5647587,0.096487164,0.98618,0.7569779,0.1591919,0.95574343,0.56694806,0.06867343,0.9616139,0.7486767,0.15317169,0.9527091,0.5784135,0.07070923,0.9580977,0.7413751,0.15654182,0.9565434,0.5825218,0.079824686,0.95812994,0.4659954,0.5640121,0.9991393,0.40953505,0.5361143,0.99922645,0.3825678,0.71745706,0.96092534,0.33453307,0.69191074,0.96745527,0.3025251,0.8548355,0.96075046,0.26008216,0.836519,0.95713,0.28741392,0.873577,0.879035,0.2515989,0.8559156,0.7491558,0.2935182,0.9083675,0.9421223,0.24012528,0.8765197,0.927679
45854.jpg,0.16132179,0.6773113,0.999995,0.14612958,0.67239124,0.99998415,0.14357075,0.6665725,0.99998534,0.1417771,0.6624217,0.999985,0.15472579,0.68941885,0.9999795,0.15818599,0.69582886,0.9999802,0.16137698,0.7011865,0.9999764,0.14772809,0.6503581,0.9999702,0.1748358,0.7067521,0.99995327,0.17287844,0.6571134,0.9999919,0.18300202,0.68131953,0.99998844,0.23268479,0.5591699,0.9999689,0.3014197,0.7047281,0.9999087,0.358192,0.49141297,0.99238163,0.44265497,0.6603999,0.9808158,0.45693952,0.3987289,0.9900718,0.5750809,0.6627089,0.9712375,0.48141325,0.36416793,0.97229123,0.6162039,0.6714735,0.94151694,0.4862117,0.36654004,0.9758976,0.6137241,0.66735417,0.9480487,0.4780179,0.37841576,0.9716987,0.6004546,0.66215634,0.9430047,0.46428782,0.49621186,0.9992181,0.49957195,0.5840433,0.99903107,0.66689134,0.41935974,0.9533292,0.6995225,0.49582797,0.9203203,0.8490102,0.3527043,0.93343824,0.86344254,0.39937133,0.8865839,0.8674047,0.35260946,0.6559717,0.8801861,0.3897928,0.45301074,0.898828,0.3351096,0.9127582,0.9059056,0.37579882,0.8657587
49023.jpg,0.16010132,0.67413086,0.9999969,0.14526844,0.67180777,0.9999883,0.14331129,0.6670223,0.9999894,0.14175814,0.6623134,0.99998903,0.15342546,0.6858063,0.9999851,0.15720561,0.6909406,0.9999864,0.1614103,0.6959535,0.99998295,0.14686,0.6481739,0.9999777,0.17519346,0.69591945,0.99996126,0.17054465,0.6535073,0.9999939,0.18044478,0.67530966,0.99999034,0.21739261,0.5447996,0.999977,0.2994942,0.6807887,0.99991405,0.3300774,0.44787812,0.9942826,0.42670748,0.60833323,0.97110003,0.40459082,0.3331089,0.9904773,0.556545,0.58311915,0.9644091,0.42389974,0.29753357,0.9725356,0.5986002,0.5847125,0.93353516,0.4292606,0.30136713,0.97620267,0.59772843,0.5814248,0.94070524,0.42334083,0.31355688,0.9728309,0.58251107,0.5791171,0.93535763,0.43398285,0.44309318,0.99943715,0.48168573,0.5194445,0.99922085,0.61833465,0.33164155,0.95762604,0.65754116,0.40005094,0.93036604,0.7837448,0.2458849,0.9445932,0.80975556,0.28429008,0.92254525,0.79967237,0.24130276,0.70836806,0.8209636,0.2701154,0.57801896,0.8314576,0.21995082,0.926242,0.8531258,0.25789678,0.9083328
4938_aug.jpg,0.80830526,0.38156238,0.9997782,0.8189354,0.3719952,0.9997192,0.81865287,0.37151432,0.9997185,0.81809914,0.370827,0.9997669,0.8201026,0.3730924,0.99968636,0.82062304,0.37344918,0.99962676,0.82088995,0.37356657,0.9996406,0.81525564,0.37444174,0.9998142,0.81839305,0.37692913,0.9993507,0.80022365,0.38893887,0.9996481,0.8000066,0.3884045,0.99940157,0.75087297,0.41429433,0.99991953,0.7658552,0.46055478,0.9992236,0.65529084,0.4748848,0.9376542,0.68113196,0.529667,0.8908721,0.56540316,0.49135488,0.75213635,0.6380559,0.59505427,0.7729851,0.53501743,0.5008976,0.64125997,0.6161662,0.61703193,0.68841344,0.54313636,0.5004912,0.6400857,0.59671026,0.6003745,0.6701257,0.55248964,0.5000012,0.5969341,0.6186597,0.5991993,0.6115895,0.6040066,0.5419639,0.99664056,0.60628945,0.56307286,0.99388725,0.47308394,0.6451967,0.9519788,0.47901368,0.6525371,0.6562782,0.35257718,0.74381083,0.9345597,0.35042024,0.7432862,0.80498695,0.336097,0.7675251,0.8828767,0.33265054,0.7661335,0.78137285,0.3044031,0.7351745,0.89652014,0.30127198,0.73021054,0.76093554
50270.jpg,0.26706913,0.29683322,0.99997985,0.26850584,0.28109816,0.9999043,0.27393407,0.27676815,0.99992037,0.28009528,0.27240506,0.99989927,0.25789177,0.29287517,0.99989855,0.25570178,0.29665288,0.9999107,0.25386807,0.30046025,0.9998888,0.30197293,0.27291867,0.99982774,0.2675995,0.31161457,0.9997559,0.2893567,0.2989297,0.99991786,0.27586085,0.31381357,0.9999019,0.42795187,0.28556,0.99994135,0.31028968,0.43660185,0.9999304,0.5647196,0.35007882,0.9890777,0.36882952,0.56178385,0.9797865,0.71246225,0.36186087,0.97853094,0.35533604,0.69179213,0.98704135,0.7543091,0.35607684,0.95337355,0.34547928,0.731118,0.97261435,0.75083125,0.35467464,0.9604342,0.34162617,0.7290396,0.97662306,0.73719585,0.35866,0.9635057,0.347002,0.71762514,0.9751178,0.59630656,0.50066185,0.9995382,0.53061134,0.57901484,0.9995258,0.72812724,0.6283329,0.96218336,0.69602674,0.66644263,0.9694933,0.882513,0.76590025,0.9740666,0.8654443,0.77922887,0.9758646,0.90764606,0.7899086,0.8719167,0.8937613,0.79680073,0.86069757,0.93634486,0.80482584,0.96935993,0.878079,0.84593683,0.97085583
50872_aug.jpg,0.4953512,0.90061396,0.9999974,0.4799919,0.9096723,0.9999895,0.4750335,0.9079129,0.99999094,0.4690382,0.90567183,0.99999034,0.500221,0.914301,0.99998796,0.5082237,0.91568965,0.9999888,0.5142758,0.9162128,0.9999875,0.46216306,0.89535004,0.99998605,0.52283436,0.908254,0.9999752,0.48729146,0.8777838,0.999995,0.51256233,0.88430107,0.9999927,0.4314229,0.7626648,0.99998224,0.59947604,0.8032907,0.9999615,0.42314577,0.6145414,0.9963983,0.6743559,0.6737951,0.9874292,0.39646035,0.47206235,0.9927463,0.7659348,0.5665524,0.9822698,0.37958294,0.43422216,0.9795197,0.8001407,0.5393225,0.95941705,0.38976598,0.43401527,0.98207676,0.7939638,0.5367068,0.96438074,0.3974306,0.44450542,0.9798716,0.7823549,0.5438513,0.9620506,0.526477,0.5313118,0.9993357,0.6246289,0.5570789,0.9994079,0.5921165,0.32757372,0.9839684,0.6617011,0.34306055,0.9787958,0.6418102,0.13910398,0.98255485,0.6873678,0.13960856,0.97137815,0.6484219,0.11791599,0.728471,0.68651193,0.11651808,0.71715397,0.6684882,0.07507199,0.97159374,0.7117051,0.082413286,0.96230376
50886.jpg,0.19897377,0.20065798,0.9999944,0.19094291,0.18070593,0.9999764,0.19508976,0.17559719,0.99997795,0.20025238,0.17010868,0.99997497,0.18009207,0.19745411,0.9999621,0.17672646,0.2040064,0.9999584,0.17384338,0.21071875,0.99994636,0.21715572,0.16902772,0.99995935,0.17863551,0.22567794,0.9998913,0.22990763,0.20793933,0.9999932,0.21567404,0.22830707,0.99998856,0.3621043,0.20195556,0.99998975,0.25075722,0.35153607,0.9999324,0.50089735,0.2646987,0.9929414,0.35558456,0.47031978,0.9672568,0.62922215,0.2728495,0.9949477,0.3958037,0.591753,0.97226834,0.67455024,0.2666145,0.98827726,0.40397325,0.63193095,0.95412916,0.6716307,0.26320893,0.9901467,0.4007319,0.63032424,0.9604354,0.65657747,0.26657587,0.9885018,0.39979827,0.6150317,0.9581706,0.57573956,0.41085193,0.99987566,0.5117914,0.49794808,0.99978334,0.7470741,0.5217114,0.99364895,0.68280995,0.6150799,0.9941347,0.88341695,0.6111451,0.9916877,0.8132349,0.71579236,0.9904592,0.88739175,0.6302585,0.9331664,0.8278324,0.71749526,0.8720237,0.95440423,0.637947,0.98841524,0.8671408,0.7552873,0.9858861
5276_aug.jpg,0.68688756,0.7923355,0.9999945,0.6905065,0.811275,0.9999778,0.6865176,0.81378615,0.9999769,0.6815605,0.8167645,0.9999778,0.70512927,0.8016296,0.99997604,0.7111965,0.79736364,0.9999765,0.71640056,0.7934849,0.9999759,0.6717958,0.81159246,0.9999542,0.72250205,0.77734023,0.9999571,0.66886723,0.78027374,0.9999938,0.6887474,0.76860535,0.9999932,0.55806506,0.74021095,0.9999821,0.7152242,0.64637744,0.9999647,0.4587286,0.62637174,0.9911294,0.65885836,0.50199425,0.9847552,0.34206182,0.53973764,0.9720988,0.62713426,0.35726,0.9657277,0.30893087,0.5181792,0.9331774,0.6250951,0.3169057,0.934997,0.31353837,0.51311535,0.9405589,0.6186316,0.3181803,0.94319546,0.3254866,0.52106994,0.9373099,0.6172415,0.33294976,0.93870735,0.45048875,0.50246793,0.9996182,0.53698844,0.4429403,0.9995115,0.3475557,0.31849885,0.98216516,0.4146542,0.27896655,0.95772564,0.2557504,0.15721822,0.97940904,0.30876607,0.14602968,0.947207,0.24711552,0.14254123,0.78325856,0.29695955,0.13034904,0.63838893,0.24134833,0.116515815,0.96516055,0.28185788,0.0960446,0.9430232
53325_aug.jpg,0.6750602,0.91933185,0.99999154,0.6819978,0.93794334,0.99996924,0.6781762,0.94314283,0.999972,0.67421776,0.94861084,0.9999715,0.6948688,0.91909695,0.9999603,0.6993873,0.91195273,0.99996114,0.7031995,0.90551555,0.99995315,0.6625949,0.94933,0.9999404,0.6991111,0.8908198,0.99991035,0.6496502,0.91826737,0.9999864,0.66564685,0.89523387,0.9999814,0.53100425,0.9230062,0.9999713,0.63438356,0.7738381,0.9999012,0.40294734,0.8545827,0.98988324,0.51907223,0.6787709,0.96787506,0.26991582,0.826601,0.9876567,0.44536635,0.5811882,0.9556188,0.22698736,0.8236104,0.97064555,0.4240652,0.5436572,0.9240331,0.22534381,0.8179372,0.97421443,0.41755465,0.5497945,0.93111545,0.23963672,0.8187764,0.9692947,0.42263508,0.5648893,0.9208623,0.3357129,0.7351567,0.9990681,0.39212376,0.6553795,0.998696,0.15861283,0.60200375,0.9735643,0.20293769,0.5459423,0.96422035,0.008179128,0.47815633,0.9689023,0.034493834,0.43847075,0.9475345,0.0007045865,0.45919037,0.7749021,0.0148926675,0.42638707,0.6217749,-0.088932484,0.44077638,0.9541411,-0.040276527,0.39903888,0.9337385
53499.jpg,0.6432843,0.5820557,0.999977,0.64613515,0.5936979,0.9999504,0.64404577,0.5961776,0.9999472,0.6418593,0.5987753,0.99995005,0.65311104,0.5856353,0.9999417,0.655362,0.583236,0.9999312,0.6576952,0.5803646,0.9999317,0.634799,0.5992819,0.99993694,0.65483457,0.57419705,0.9998759,0.6283539,0.57950926,0.999977,0.63729733,0.5702749,0.9999678,0.5575177,0.5716914,0.999969,0.5967832,0.50985074,0.9998919,0.4698325,0.5172578,0.9759656,0.5173504,0.44079354,0.77928674,0.3832794,0.4782173,0.94632167,0.45679775,0.3811441,0.8369028,0.3541108,0.47319326,0.9047271,0.4413172,0.35547662,0.7883984,0.35268497,0.46818793,0.9096084,0.43736625,0.35383892,0.8011314,0.36424783,0.46768126,0.89033836,0.44053248,0.36453277,0.78366446,0.42451462,0.45117876,0.9994215,0.4465652,0.42353687,0.9990459,0.3025653,0.3463166,0.8828412,0.31039453,0.3366137,0.7587913,0.18540874,0.255999,0.8926158,0.19027841,0.25395322,0.8094008,0.16944584,0.24489692,0.6346338,0.17092305,0.24341723,0.5652057,0.15373522,0.22975126,0.8551591,0.15860963,0.22563528,0.78685963
53699_aug.jpg,0.6977289,0.16052127,0.99999726,0.7178276,0.1505017,0.99998784,0.7235761,0.15392366,0.9999896,0.72997504,0.15793097,0.99998915,0.6988112,0.1385324,0.99998,0.6917571,0.13429731,0.99998105,0.68558216,0.1308451,0.99997747,0.73383474,0.17141858,0.99998116,0.6749052,0.13546038,0.9999442,0.69789064,0.18633497,0.9999968,0.6760134,0.1731056,0.9999937,0.71569,0.31398982,0.99999344,0.55655456,0.21553469,0.9999454,0.6561313,0.44974667,0.9960077,0.45929977,0.32877207,0.9815285,0.63666534,0.5882996,0.99509686,0.35547665,0.40993237,0.9799523,0.6330805,0.6287141,0.98764926,0.31313962,0.4332595,0.96131295,0.6307676,0.6276394,0.9891726,0.31345814,0.43483263,0.96613485,0.62943923,0.6168557,0.9870725,0.3286966,0.42907125,0.9628368,0.5337864,0.5263053,0.99979395,0.4443484,0.4704243,0.9995976,0.41254026,0.7043098,0.9939859,0.34545735,0.666179,0.98801756,0.3228227,0.8453675,0.9892853,0.2735272,0.8265027,0.97538394,0.31330675,0.85214794,0.8006854,0.27156064,0.8367551,0.7390853,0.27383444,0.90813184,0.98334277,0.23708662,0.89153105,0.9730743
54172.jpg,0.8255906,0.26365668,0.9999951,0.84721863,0.2607983,0.9999844,0.85179466,0.2656705,0.99998474,0.8567667,0.27139705,0.999985,0.83139795,0.24354914,0.9999783,0.82509923,0.23699445,0.9999782,0.82007325,0.23208946,0.999979,0.85707176,0.28574264,0.9999795,0.8092188,0.23187682,0.99996316,0.8177587,0.29015717,0.99999607,0.79829466,0.26941502,0.9999945,0.8055074,0.41712582,0.99999285,0.6773143,0.27533662,0.99994314,0.7111623,0.53497493,0.9938981,0.5501221,0.35671416,0.9752068,0.6194901,0.6337265,0.99065256,0.44633576,0.43264717,0.963442,0.59363663,0.6650858,0.980624,0.40978113,0.45881897,0.9370092,0.58679,0.6570066,0.9817374,0.41877592,0.4658319,0.94219375,0.5915706,0.64521545,0.9769906,0.43089876,0.46164867,0.93555844,0.56827646,0.5721345,0.9996809,0.49998325,0.49392825,0.9993187,0.39827454,0.7256257,0.98183155,0.3318373,0.6476921,0.9668968,0.2510034,0.8721523,0.9667819,0.1698206,0.78095156,0.94049925,0.23383513,0.8829093,0.527571,0.15618563,0.8021158,0.59275496,0.20046121,0.91164947,0.9347982,0.12579608,0.8271452,0.9188221
54831.jpg,0.5900634,0.13201892,0.99999726,0.60413,0.119362116,0.99999154,0.61151433,0.12176821,0.9999924,0.6173812,0.12398282,0.9999927,0.5841507,0.113075584,0.9999864,0.57650113,0.11131707,0.99998665,0.567918,0.10930234,0.9999852,0.6246868,0.13686654,0.99998796,0.55649066,0.118477374,0.99996793,0.594998,0.15779477,0.99999654,0.5695818,0.14918968,0.9999937,0.63631237,0.27245724,0.99998975,0.47315738,0.23162413,0.99991226,0.620628,0.4177017,0.9921461,0.42358762,0.36666724,0.95684165,0.63522315,0.5423574,0.9874834,0.3441013,0.4683377,0.9509043,0.64506227,0.579351,0.97097844,0.3169648,0.4945825,0.91644895,0.63868344,0.5816613,0.9744878,0.31937498,0.4957321,0.9265016,0.63411534,0.56953657,0.97022027,0.32988816,0.48877016,0.9197353,0.52996683,0.5065293,0.9997383,0.43875805,0.4807625,0.9994307,0.45039326,0.705727,0.980033,0.39200327,0.6857773,0.96119905,0.39563212,0.89214516,0.9804648,0.36068687,0.88122725,0.950602,0.39162904,0.9097296,0.71630937,0.36021584,0.8982723,0.6396397,0.37156653,0.9517871,0.9688354,0.3335471,0.94334424,0.9478844
5483_aug.jpg,0.37033767,0.5458622,0.9769697,0.37244704,0.5517979,0.96318763,0.37364516,0.5520804,0.9687843,0.37495747,0.5522505,0.9596108,0.36858088,0.55191475,0.95760167,0.3669493,0.5522228,0.96446145,0.36520055,0.55246043,0.95960546,0.37563986,0.55224246,0.9675058,0.3613173,0.55201507,0.9412223,0.37068295,0.5420755,0.96723247,0.36670268,0.541671,0.9684411,0.39203972,0.52369356,0.99597025,0.34110603,0.52195513,0.9955413,0.3942848,0.4780665,0.63848317,0.33836657,0.47118163,0.54612195,0.3830508,0.44743574,0.13091914,0.33833873,0.455898,0.14060634,0.38162962,0.44312894,0.12541258,0.3368166,0.45213833,0.14675203,0.37867063,0.44632298,0.1274594,0.34207872,0.45540828,0.1429831,0.37728587,0.44791982,0.1098652,0.34359086,0.45736688,0.12274174,0.37704462,0.41869628,0.9954242,0.34344882,0.4236292,0.9943077,0.36207426,0.3704237,0.94740874,0.34991592,0.37205973,0.86856204,0.35546124,0.30746388,0.9758518,0.34369028,0.306411,0.96700704,0.35035855,0.29899243,0.99365026,0.34035203,0.29667902,0.9857757,0.36087552,0.28141952,0.9140287,0.34747785,0.28828442,0.868086
55412_aug.jpg,0.35571206,0.7488725,0.99996114,0.3370164,0.75291324,0.99993515,0.33139777,0.7483079,0.9999356,0.3254926,0.74370754,0.99992144,0.35323513,0.76670766,0.99991834,0.35997254,0.7720237,0.9999087,0.366341,0.7766582,0.99990344,0.32013887,0.7282991,0.99992,0.38280013,0.7765482,0.99985147,0.36026153,0.72528195,0.99996316,0.38126516,0.7431307,0.99996936,0.32921308,0.62379754,0.9998797,0.46121866,0.7237366,0.99985504,0.38059917,0.5063555,0.990135,0.55738103,0.7096932,0.9418594,0.39771572,0.59547806,0.987021,0.5168663,0.6828549,0.83393,0.40525994,0.6205871,0.96907276,0.5103075,0.6765765,0.72447455,0.39296257,0.6357536,0.96710515,0.49475896,0.680141,0.7103131,0.3927784,0.6293609,0.9457651,0.4897238,0.69267505,0.68193865,0.4958983,0.45399436,0.99940944,0.5812735,0.50542045,0.999833,0.5805042,0.31650072,0.995194,0.6697661,0.3587923,0.99658763,0.6450537,0.20596495,0.9929773,0.74596316,0.23622188,0.9963027,0.64764154,0.19910932,0.8345651,0.74488854,0.21596101,0.88905054,0.700294,0.15867212,0.9898107,0.80220044,0.1918925,0.9934995
55468_aug.jpg,0.34581408,0.79898834,0.99999785,0.32773277,0.806828,0.99999285,0.32062662,0.80254525,0.99999416,0.31417897,0.7983308,0.99999356,0.34923926,0.8172349,0.99998784,0.35781926,0.82054996,0.9999875,0.36528125,0.8229966,0.99998474,0.30699164,0.77665424,0.9999926,0.3805211,0.81514543,0.99996746,0.34724015,0.7662778,0.9999976,0.37279066,0.78131235,0.99999535,0.3224111,0.63156843,0.9999939,0.49055004,0.73214865,0.99994516,0.35200685,0.49070725,0.99802977,0.61372083,0.6540319,0.9918371,0.34050024,0.35234264,0.99787664,0.7499649,0.6107707,0.9894316,0.32915962,0.30943966,0.9942029,0.7932428,0.6030428,0.9773308,0.34218773,0.31327945,0.99509144,0.7936055,0.6032506,0.98055905,0.34947258,0.32673645,0.9949845,0.77736795,0.60226285,0.98143506,0.50597215,0.42832434,0.9995814,0.60451305,0.48791522,0.99932873,0.6353772,0.28075597,0.96676064,0.69562143,0.32166758,0.97145766,0.7385826,0.15560672,0.9628554,0.77902865,0.15593123,0.96046764,0.7478733,0.14199755,0.75871575,0.7851786,0.13707575,0.7212557,0.80476546,0.07226217,0.9531465,0.8452102,0.081377685,0.9483355
57457.jpg,0.61053437,0.12432316,0.9999919,0.62150156,0.1115908,0.99998283,0.6268804,0.113146484,0.9999753,0.63164115,0.1147041,0.99997544,0.6070406,0.10775691,0.99997723,0.60186577,0.10652086,0.99997365,0.5961219,0.105244905,0.9999739,0.6363189,0.12394878,0.99993944,0.58810955,0.11101875,0.9999596,0.6148859,0.14421688,0.999992,0.5971397,0.13792679,0.99999094,0.6315477,0.24263053,0.9998859,0.52434886,0.20977983,0.9998479,0.60057765,0.38085455,0.9499206,0.47226796,0.3472971,0.9668445,0.5844552,0.51935315,0.92251,0.40954843,0.46762437,0.93063635,0.58942246,0.56211394,0.84293544,0.38510478,0.50013596,0.8722353,0.5798366,0.5642089,0.85976833,0.3923486,0.5070286,0.88790935,0.5772295,0.55087703,0.8577507,0.4009946,0.49621072,0.8879546,0.540129,0.46440655,0.99858034,0.47972858,0.44413194,0.9975528,0.47829482,0.64049697,0.41250834,0.43073958,0.6169347,0.42054433,0.43665618,0.7709416,0.3208918,0.38372082,0.7534775,0.40192604,0.42328846,0.787657,0.32697397,0.3730558,0.7725006,0.34225124,0.44302607,0.82617915,0.31457984,0.38253456,0.8043704,0.4622851
57995_aug.jpg,0.1936321,0.27451348,0.9999926,0.18709633,0.25998306,0.99997437,0.18979314,0.25591528,0.9999765,0.19197896,0.25265962,0.9999739,0.17695236,0.27376884,0.99996185,0.17288,0.27872688,0.99996364,0.16939285,0.28339213,0.9999572,0.20071322,0.2516678,0.99995315,0.17012993,0.2936122,0.99992645,0.21324532,0.27479059,0.99999285,0.20018718,0.29221177,0.99998796,0.31983653,0.28114876,0.99998045,0.23859492,0.39405409,0.9999298,0.4334715,0.35346252,0.9835926,0.34521502,0.4940329,0.97732943,0.55022246,0.39964175,0.98389894,0.42371497,0.58577865,0.9735261,0.58536154,0.4098366,0.9655006,0.44360024,0.6224939,0.9520227,0.58550906,0.4160786,0.9691812,0.44919956,0.6170747,0.9556806,0.5721701,0.41274953,0.9627027,0.44454753,0.6032036,0.94899553,0.49690416,0.45906824,0.9996171,0.45037487,0.5204004,0.999426,0.66088945,0.5875071,0.9802725,0.62323827,0.6321168,0.9686383,0.7960435,0.6975749,0.9769379,0.7606182,0.7456174,0.96152955,0.8056493,0.7148429,0.7761436,0.7804669,0.75604403,0.65340877,0.8561581,0.74102896,0.9662416,0.82610637,0.7863697,0.95277256
59827.jpg,0.52086204,0.3681144,0.98859763,0.5157025,0.36514655,0.9802594,0.5150644,0.36553627,0.9850765,0.51448214,0.36596605,0.9817275,0.51682013,0.3635208,0.9778575,0.51708764,0.36260608,0.9806989,0.51747346,0.36171874,0.9744342,0.51505846,0.3660289,0.9872879,0.52014875,0.35999277,0.9629999,0.52392465,0.37053588,0.98951703,0.5258979,0.36914444,0.9865389,0.5333683,0.3980687,0.99952817,0.55575424,0.35961315,0.99683374,0.5740131,0.4279263,0.8907345,0.6035884,0.38106114,0.49396205,0.6079073,0.4469623,0.6295877,0.62876534,0.39682192,0.30064696,0.6146543,0.45341197,0.52631235,0.63731796,0.39945877,0.2810228,0.61289203,0.45091835,0.5106823,0.6337242,0.40138865,0.2739964,0.6112539,0.44721517,0.43020383,0.62960756,0.40124622,0.23881812,0.6274374,0.43268543,0.99775535,0.63800067,0.41036415,0.99564844,0.6758069,0.45331457,0.98445535,0.68422794,0.4435798,0.9151145,0.7369551,0.47978243,0.9762759,0.7401664,0.46874496,0.9542047,0.7472376,0.47877252,0.9763415,0.7541525,0.46912786,0.96391267,0.7366458,0.49891147,0.85999,0.7451419,0.4788126,0.806449
60767.jpg,0.58968645,0.55229115,0.98897505,0.5994851,0.5539779,0.98131967,0.6001727,0.5522234,0.9817624,0.6011769,0.5497968,0.98164743,0.5969191,0.5580916,0.97661227,0.59581864,0.5594175,0.97546685,0.5946459,0.5608197,0.97051406,0.5977887,0.5425154,0.9836152,0.59000385,0.55755687,0.9719786,0.5824081,0.5434699,0.98941296,0.5808615,0.5472938,0.98556155,0.5673468,0.47359738,0.9997875,0.51613003,0.54720086,0.99934405,0.5087716,0.4079069,0.98086995,0.43014425,0.5353929,0.9846682,0.46160996,0.33661976,0.9313068,0.35085556,0.5212165,0.95870256,0.4509967,0.31802893,0.8482134,0.32303548,0.521345,0.9175017,0.4487867,0.31756625,0.8395813,0.32449493,0.5189928,0.9055953,0.45015416,0.32606775,0.7784905,0.33767644,0.50994074,0.8635866,0.41055772,0.41378596,0.99924135,0.39760426,0.42414272,0.99829,0.29954916,0.36331528,0.75551605,0.3009668,0.35455793,0.6398089,0.20380574,0.31648353,0.749581,0.21036766,0.29889473,0.81930155,0.19023253,0.3018281,0.6941292,0.19032414,0.28098553,0.7569758,0.17069471,0.31579918,0.7207006,0.1760082,0.28341717,0.75031084
60779.jpg,0.32868198,0.820452,0.9999844,0.30935928,0.8325,0.99994445,0.3043048,0.8301594,0.99994624,0.29868472,0.827271,0.9999428,0.32651538,0.8417114,0.9999336,0.33275023,0.84547067,0.9999354,0.33797002,0.8489067,0.9999312,0.29218155,0.8170141,0.99988675,0.3487774,0.8488561,0.9998765,0.32621533,0.7984192,0.99997234,0.34783757,0.81185937,0.9999728,0.29656726,0.6894575,0.99997294,0.4482343,0.77428913,0.9999225,0.34974855,0.555777,0.98548555,0.5264357,0.65053123,0.9764365,0.39613354,0.43214935,0.9816097,0.6000689,0.5413005,0.958106,0.40758747,0.39087862,0.9610975,0.62244296,0.5087295,0.9277338,0.41723603,0.395856,0.9639781,0.6139713,0.5051153,0.9333967,0.41637573,0.41078627,0.9573794,0.6029461,0.5145647,0.925011,0.44465065,0.48386997,0.99912506,0.53623134,0.5268717,0.9988574,0.53228545,0.28894484,0.97126323,0.62593037,0.33597904,0.9573217,0.62585664,0.11460751,0.9399066,0.7177146,0.1559566,0.91905355,0.6378579,0.10313088,0.6056586,0.7228106,0.13823614,0.56021607,0.6587392,0.061947584,0.9031681,0.7373935,0.10991451,0.88081616
61006_aug.jpg,0.72501105,0.68504316,0.99999714,0.7277123,0.7007971,0.9999889,0.7236911,0.7052653,0.99999046,0.7206615,0.70828617,0.9999901,0.7387196,0.68670523,0.99998677,0.7418995,0.6817941,0.99998796,0.74473506,0.6771897,0.9999862,0.7090532,0.710811,0.999979,0.74213517,0.66754866,0.99996614,0.7041019,0.6848148,0.999995,0.7197923,0.6664167,0.9999927,0.60177404,0.6857927,0.99998426,0.69787586,0.5701082,0.9999758,0.5059957,0.6216974,0.9950074,0.61976266,0.48075065,0.99254096,0.41202807,0.57980037,0.9831534,0.56570035,0.38493735,0.9811133,0.38051268,0.5703005,0.95316374,0.55047345,0.35137507,0.95499074,0.38264263,0.56619465,0.95856154,0.5472213,0.35481474,0.9595298,0.39482847,0.5680216,0.95118123,0.5497058,0.3662452,0.9519381,0.47972435,0.5313301,0.99971074,0.5345895,0.4694974,0.9996834,0.36364633,0.41076535,0.984554,0.40108103,0.3621284,0.9791164,0.24654293,0.29939115,0.9870679,0.26797807,0.2713943,0.9763665,0.23944554,0.28854153,0.8625135,0.25630507,0.26506394,0.75902116,0.2022557,0.2647447,0.98344815,0.22392729,0.2389903,0.97106564
61047.jpg,0.31068242,0.2486993,0.9999969,0.30483878,0.22157714,0.99998367,0.31346518,0.21350047,0.9999826,0.32193705,0.2058599,0.99997485,0.280182,0.24426116,0.9999794,0.27210185,0.25335568,0.99997807,0.26592237,0.26185614,0.99996376,0.34341204,0.20195162,0.9999448,0.262113,0.2907632,0.99993324,0.33745784,0.25626618,0.99996984,0.3134603,0.2804184,0.99995744,0.46159747,0.22053927,0.9999958,0.29469842,0.41871843,0.9999895,0.5786073,0.2582117,0.99770856,0.3572968,0.5326584,0.99282986,0.6994164,0.2757212,0.99459064,0.37117106,0.6706776,0.9908019,0.74178314,0.26747975,0.98573685,0.36720002,0.7197847,0.9805817,0.73642933,0.27674744,0.98694384,0.36716318,0.71644944,0.98280025,0.71951157,0.28427064,0.9855758,0.3736921,0.7001523,0.98198056,0.59048533,0.4055446,0.9999726,0.4968636,0.5180204,0.9999652,0.6955421,0.46083385,0.98917145,0.56020564,0.6261023,0.97388756,0.80322796,0.5379173,0.9902469,0.64356434,0.71254677,0.9927528,0.8105495,0.5623785,0.95916504,0.67625165,0.7160258,0.97367054,0.88470566,0.5366406,0.98125666,0.63541746,0.81271374,0.9885379
61136.jpg,0.16428003,0.39136896,0.99999917,0.15473884,0.3775749,0.99999666,0.15666768,0.3731562,0.999997,0.15868118,0.36843967,0.999997,0.14847243,0.39510307,0.99999595,0.14635596,0.4017495,0.9999963,0.14463407,0.40751046,0.9999957,0.16933766,0.36388606,0.99999535,0.15057248,0.41876313,0.99999154,0.18706593,0.38761732,0.99999857,0.1765224,0.4094366,0.99999785,0.31104383,0.3612178,0.99999344,0.23973185,0.5158596,0.99997973,0.44372386,0.36447266,0.997948,0.333296,0.6139573,0.99354917,0.5777756,0.3608685,0.99637836,0.4177167,0.71400124,0.99107414,0.6152702,0.35415977,0.9884052,0.4382789,0.75083697,0.977616,0.6145384,0.36246154,0.99010956,0.43927687,0.7460766,0.98066574,0.6014273,0.36597914,0.9887162,0.4353008,0.73386955,0.9783124,0.508526,0.48369282,0.99960095,0.47127694,0.5715387,0.99952304,0.69081354,0.5803764,0.9742688,0.6688932,0.6363653,0.9625335,0.8603276,0.6689512,0.9730551,0.8576699,0.7012951,0.9490711,0.87504196,0.67651576,0.7070871,0.8785162,0.7078396,0.58988804,0.9240579,0.698698,0.9640324,0.9210417,0.7312736,0.9420657
61610.jpg,0.35534427,0.78578126,0.99805415,0.34841335,0.7822702,0.99779606,0.34445179,0.7791717,0.99717724,0.3408451,0.7765105,0.9976736,0.36161575,0.78856325,0.9971359,0.36623508,0.7889781,0.99640626,0.37047493,0.7893207,0.997214,0.34637588,0.7568525,0.99684334,0.38587087,0.77407855,0.99579066,0.351088,0.77078366,0.99614114,0.36687076,0.7767098,0.9951988,0.35139328,0.6760674,0.9942215,0.44721317,0.72795177,0.99135184,0.3101275,0.7738101,0.9728688,0.39111558,0.8100562,0.9796392,0.28055373,0.8890669,0.94464964,0.3139062,0.8889171,0.9516285,0.27561814,0.9086437,0.87661,0.29725894,0.8991785,0.878831,0.2727285,0.91695666,0.8677206,0.29419664,0.90637076,0.8647274,0.27889496,0.9043144,0.8662898,0.30065817,0.89883673,0.8582582,0.48402682,0.49264452,0.9990884,0.54875976,0.531133,0.99871576,0.5668949,0.38305265,0.95007485,0.6045832,0.39873224,0.94237876,0.64117587,0.26843154,0.9469182,0.6552565,0.27554816,0.9479548,0.65250576,0.25847962,0.8158684,0.6616614,0.26250175,0.76186204,0.6602567,0.22192171,0.9213742,0.6771052,0.23246461,0.92208314
61690_aug.jpg,0.6524594,0.5651294,0.99990547,0.65743375,0.57424426,0.99969006,0.6557343,0.57656604,0.99967563,0.6537668,0.57901865,0.9996848,0.661471,0.56881344,0.9996779,0.6627946,0.56733614,0.9996704,0.66412586,0.565895,0.99969065,0.64620924,0.5819999,0.99947304,0.6605902,0.5629891,0.9993211,0.6387439,0.5655874,0.9998344,0.6455149,0.55764574,0.9997925,0.5870929,0.5738314,0.9999645,0.6110959,0.5123709,0.9999362,0.50655806,0.54519624,0.9662229,0.5435776,0.4565868,0.935498,0.41853762,0.54000247,0.958562,0.48331845,0.40395194,0.95697254,0.39251238,0.54237777,0.92426544,0.46547043,0.38632083,0.92592967,0.39069033,0.5382976,0.9303786,0.46225056,0.3909108,0.9297909,0.40113395,0.5354824,0.91326445,0.46775818,0.39782512,0.91859496,0.4533592,0.49475124,0.9995372,0.46888262,0.4638244,0.99943703,0.31271285,0.42098927,0.89819986,0.31601834,0.41172016,0.75733995,0.18696544,0.35977376,0.88990825,0.19299057,0.35538143,0.80005896,0.16729254,0.35249496,0.5750861,0.17098197,0.34822935,0.5433676,0.15320536,0.3390689,0.8696313,0.16220081,0.32545292,0.8000473
61812_aug.jpg,0.22657104,0.21992818,0.99998665,0.22232263,0.20122248,0.9999684,0.22565803,0.19779947,0.99996006,0.22897254,0.19481441,0.99995613,0.21120435,0.21225981,0.9999598,0.20714642,0.21623267,0.9999554,0.20328577,0.2203034,0.9999505,0.2381443,0.19493794,0.99991846,0.20518394,0.22730209,0.99993837,0.24904741,0.22652653,0.99998593,0.23332621,0.23993833,0.9999845,0.33397228,0.2589807,0.9999194,0.26021105,0.3317232,0.99992204,0.44976926,0.35767952,0.89681804,0.35541964,0.44629332,0.94822294,0.5642487,0.4352972,0.88033766,0.4267362,0.5702348,0.927977,0.60658586,0.45113003,0.80724925,0.44127303,0.61358804,0.88742834,0.6022598,0.46046412,0.82439905,0.45202056,0.6099056,0.9004748,0.58784527,0.4567849,0.81896484,0.44698653,0.5942193,0.898235,0.52182496,0.46652627,0.998718,0.4663992,0.5080876,0.99813277,0.6491264,0.62398624,0.6452955,0.625782,0.653718,0.6012022,0.7751137,0.75599194,0.56271595,0.7379713,0.791608,0.5842826,0.7751286,0.77238464,0.5176935,0.73040664,0.7980526,0.43824226,0.8156953,0.7736008,0.5346633,0.7575811,0.8189604,0.5981509
63374_aug.jpg,0.7863337,0.22518854,0.99927646,0.8029672,0.21905544,0.99797934,0.8055654,0.22213486,0.9980471,0.8079026,0.22512792,0.99796,0.7946912,0.20910013,0.9973997,0.79136866,0.20515844,0.99742824,0.78775406,0.20119444,0.99742067,0.804725,0.23015647,0.99660933,0.77705497,0.2004737,0.99468356,0.7786298,0.24184397,0.99916196,0.7664299,0.23084679,0.9988589,0.7548002,0.32801548,0.9997688,0.67341286,0.24797729,0.99960107,0.64973223,0.43356153,0.8506764,0.5672307,0.3415054,0.94537765,0.5841053,0.5430284,0.880607,0.45725593,0.40309817,0.9555969,0.57313037,0.5816708,0.82657695,0.41779995,0.42196503,0.9340594,0.56673473,0.58366245,0.83974856,0.41934025,0.4296753,0.93826604,0.5686491,0.5706472,0.82306165,0.43391785,0.42546916,0.9237288,0.5507574,0.48920706,0.99877924,0.51319784,0.4431682,0.9985343,0.39795643,0.63274896,0.71382713,0.35927016,0.59731543,0.70903784,0.26398775,0.77155405,0.6228964,0.2112945,0.7404375,0.6726753,0.24848315,0.7807922,0.35891613,0.1965065,0.7581501,0.33146912,0.21650085,0.82390654,0.6277281,0.1527231,0.77975833,0.65260804
63804_aug.jpg,0.15606153,0.66953325,0.9999951,0.14064822,0.6666564,0.999982,0.13855049,0.66170347,0.99998355,0.13689536,0.6568501,0.99998295,0.1494512,0.68138915,0.99997807,0.1535568,0.68694025,0.99998,0.15785822,0.691995,0.9999753,0.14206094,0.64190614,0.9999634,0.17124084,0.6916404,0.9999435,0.16567102,0.6483116,0.9999907,0.17587438,0.6710287,0.99998593,0.21429995,0.5387935,0.9999653,0.29580063,0.6776919,0.9999063,0.3317169,0.4444457,0.99341065,0.4250207,0.6099594,0.972874,0.40804645,0.33247578,0.989071,0.55495226,0.58313215,0.9648443,0.42720407,0.2976623,0.9686387,0.5978127,0.5848156,0.93317586,0.43205443,0.30130738,0.9728502,0.59797215,0.5817898,0.9399876,0.42633384,0.31290835,0.96909124,0.58352125,0.5797172,0.9340362,0.43499532,0.44277185,0.99922216,0.48215118,0.5209209,0.99904937,0.6220403,0.33514106,0.94791394,0.6602365,0.40354282,0.9169413,0.7917003,0.2521284,0.9279179,0.81902087,0.2871125,0.8975673,0.80758417,0.2476342,0.6685731,0.83334184,0.2741139,0.50918394,0.8387158,0.22393796,0.9077839,0.86070967,0.26079917,0.8777171
6433.jpg,0.51065296,0.9039077,0.9999951,0.50129676,0.9137763,0.9999832,0.49486908,0.9130641,0.9999844,0.4877138,0.91258717,0.9999865,0.5211718,0.9127276,0.99998105,0.52819973,0.9111669,0.99998105,0.534992,0.90917635,0.99998224,0.4792181,0.90234363,0.9999764,0.5431723,0.8944526,0.99995375,0.4976067,0.8848011,0.9999939,0.52436674,0.882131,0.99999166,0.398565,0.78775287,0.99997866,0.5984894,0.77000713,0.99996054,0.35215864,0.6482172,0.9955777,0.61514115,0.62594545,0.9899102,0.31394735,0.5231787,0.9831613,0.63249314,0.49066937,0.9753424,0.2996571,0.4875434,0.9588646,0.64328665,0.44599396,0.945931,0.3076002,0.4826937,0.96207863,0.6378769,0.4454019,0.95106155,0.316482,0.4939153,0.9550103,0.6317444,0.45953703,0.94335467,0.41985765,0.53367245,0.9994677,0.53237253,0.5191831,0.9994166,0.41005856,0.31722987,0.9828993,0.48495078,0.30258936,0.9761119,0.38546908,0.11562976,0.9841128,0.4350016,0.10057187,0.9697879,0.3859422,0.09738231,0.7729527,0.42579967,0.08089164,0.70119196,0.37706977,0.049798667,0.97675186,0.43636554,0.041917443,0.9629291
64387.jpg,0.21149322,0.29849422,0.9999937,0.2015864,0.2819243,0.99997425,0.20526487,0.2770931,0.99997354,0.20851257,0.27343386,0.9999716,0.19144323,0.29490116,0.99997187,0.18733808,0.30053568,0.9999738,0.18293592,0.30629152,0.999974,0.22028902,0.27369368,0.99994135,0.18160695,0.32263684,0.9999567,0.23266482,0.30316824,0.9999901,0.21793538,0.32028064,0.99999094,0.35056263,0.29652175,0.99996984,0.23746628,0.44416216,0.99996877,0.4843455,0.36445695,0.9832255,0.346372,0.5636773,0.9891017,0.62208056,0.399047,0.9678762,0.43124256,0.6744191,0.97937745,0.65955526,0.4028126,0.9341223,0.45012227,0.7108251,0.9590888,0.6579455,0.40937346,0.9407951,0.4558307,0.70549077,0.96358025,0.6459424,0.41039276,0.9389381,0.4516796,0.6925185,0.9601647,0.54208106,0.48678172,0.9996049,0.48640594,0.5730183,0.9994124,0.70646334,0.6120215,0.9523198,0.6632924,0.6763088,0.94009733,0.8613944,0.72582173,0.94825727,0.8236028,0.7612566,0.9048649,0.8797267,0.73863435,0.6746599,0.85332483,0.7734885,0.5553714,0.92470396,0.76676357,0.92944324,0.8865496,0.8050009,0.90065587
64810_aug.jpg,0.8319586,0.7066222,0.99997663,0.83882487,0.7234536,0.9999248,0.8363186,0.727868,0.99992704,0.8338189,0.7320067,0.9999286,0.8482845,0.7058413,0.99988806,0.85154486,0.6989618,0.9998846,0.8537414,0.6937674,0.9998845,0.8208742,0.7364292,0.9998841,0.8477701,0.681452,0.99980277,0.80856806,0.70872414,0.99998677,0.8209555,0.6867329,0.99997926,0.6909185,0.7148422,0.99998236,0.7711338,0.5827503,0.9999187,0.56047404,0.6472864,0.97227657,0.6592194,0.49334028,0.9481716,0.44106355,0.5986342,0.9628404,0.561954,0.40447962,0.93469197,0.4030027,0.58315015,0.9364355,0.5332273,0.37398806,0.90124035,0.40653142,0.57428,0.9425742,0.5295574,0.3798891,0.91109616,0.41971686,0.5764033,0.9296437,0.53734565,0.39082786,0.90102226,0.48016727,0.54297656,0.9998228,0.5296037,0.46392274,0.9996357,0.30239904,0.42150867,0.9826881,0.33924294,0.36820886,0.9572211,0.13754624,0.31542164,0.9855422,0.1605989,0.2831735,0.959068,0.11857766,0.29889894,0.77805847,0.1382801,0.27390105,0.6560852,0.07659036,0.2821458,0.9767254,0.0965426,0.24923322,0.95853966
66088_aug.jpg,0.4931956,0.33437902,0.99999094,0.50158566,0.32583216,0.9999759,0.50600255,0.3263022,0.9999752,0.5092875,0.3266884,0.99997616,0.49058926,0.32396284,0.99996805,0.48630515,0.3231864,0.99996424,0.48274592,0.32261607,0.9999615,0.51286775,0.33134288,0.9999614,0.47947,0.3270691,0.99991477,0.49849108,0.3477275,0.99998736,0.48477644,0.34623408,0.99998033,0.53225434,0.410042,0.9999815,0.45629254,0.4099002,0.99990237,0.5295419,0.51608616,0.9869949,0.4405218,0.51318836,0.87431973,0.5420117,0.60907096,0.98169243,0.41761464,0.5945426,0.9193736,0.55301684,0.63837487,0.9601596,0.4052316,0.6229114,0.8803358,0.5480216,0.64248526,0.9626501,0.40564853,0.6267972,0.88785166,0.54244494,0.6322891,0.9519494,0.4117195,0.61743283,0.87205744,0.4968993,0.58264995,0.99952114,0.4585128,0.58069694,0.9992186,0.47284225,0.74228984,0.9250335,0.45671496,0.7394953,0.86068255,0.45457548,0.88612074,0.9377457,0.44966662,0.88552463,0.8936353,0.45298904,0.90103364,0.6632738,0.4516828,0.9010459,0.6243818,0.4501951,0.92752975,0.9135438,0.44404626,0.9269193,0.8821496
66572.jpg,0.31161088,0.83114487,0.99995863,0.29236627,0.84160197,0.9998455,0.2863844,0.8383917,0.99986947,0.28100657,0.8350834,0.99987173,0.31161034,0.8518717,0.99982136,0.31785494,0.85491073,0.9998197,0.32405943,0.85717475,0.99979144,0.2757427,0.8203881,0.9998292,0.33699852,0.8515829,0.9996081,0.30955946,0.8044524,0.9999573,0.33274937,0.8171353,0.99992836,0.27564687,0.67851776,0.9999697,0.44740632,0.7697244,0.9998797,0.31935978,0.545388,0.9841839,0.53276044,0.6605554,0.92334694,0.35836962,0.42178574,0.9436963,0.60928184,0.5564635,0.83824426,0.37807584,0.38432127,0.9075932,0.63467133,0.5229241,0.768507,0.38237932,0.3891984,0.9146123,0.6250055,0.5186766,0.7819637,0.38129196,0.3999045,0.9015801,0.61409247,0.5242069,0.763147,0.43042564,0.46324527,0.99944216,0.53690726,0.516298,0.99894017,0.53559905,0.29518002,0.9684009,0.6065082,0.3260924,0.94725937,0.6419244,0.11219892,0.9723503,0.67866087,0.13305268,0.9420589,0.6528122,0.09137252,0.67247707,0.6822043,0.11008328,0.70439416,0.6847765,0.0641644,0.96000457,0.7241039,0.08399221,0.94399387
66826_aug.jpg,0.38781223,0.16823614,0.9998671,0.39542368,0.15065795,0.9997578,0.40128598,0.14963883,0.9996911,0.4052051,0.14913857,0.9996278,0.3777699,0.15420955,0.9998006,0.3723312,0.15516815,0.9998079,0.36720937,0.15663606,0.9998572,0.416209,0.1566644,0.99967515,0.3614193,0.16612571,0.9998658,0.4022495,0.18260285,0.9998772,0.37981454,0.185906,0.9999292,0.47999632,0.2536977,0.9998062,0.32983592,0.26558337,0.9998462,0.54590607,0.33361012,0.96742076,0.26178637,0.3434519,0.99028355,0.42376527,0.335253,0.8892989,0.3822742,0.33426288,0.9644203,0.4040469,0.31936032,0.75451314,0.40636715,0.31813216,0.8861587,0.39964372,0.3149737,0.72755027,0.40681052,0.3130791,0.8664988,0.40603322,0.31992662,0.6606466,0.3997627,0.31842867,0.8221819,0.46498626,0.49297607,0.9998299,0.36833286,0.49756557,0.999728,0.48533994,0.6731769,0.99621695,0.3696012,0.6857896,0.995285,0.51849186,0.8351444,0.99573225,0.35326117,0.8473151,0.99573946,0.51810163,0.8528234,0.8537701,0.35953584,0.86735225,0.88872296,0.52151805,0.90713763,0.98937535,0.34756815,0.9252771,0.9904145
6684_aug.jpg,0.5763243,0.8121408,0.9995912,0.5733341,0.81844246,0.99806744,0.56927454,0.8190569,0.99826175,0.5650809,0.8196529,0.99799037,0.5834593,0.81437767,0.99911183,0.5867002,0.8120086,0.99929667,0.5897298,0.8098,0.9993748,0.554844,0.8070525,0.9961385,0.590696,0.7922374,0.99925,0.563507,0.8019403,0.9978257,0.5778049,0.79649466,0.99894685,0.48713773,0.75455827,0.9988148,0.59153163,0.6903253,0.9993963,0.5044946,0.85638857,0.98036903,0.59238446,0.5948741,0.9557641,0.5516749,0.966563,0.95914286,0.54744947,0.52330655,0.7894611,0.56171787,0.99753106,0.89142585,0.53769094,0.4974585,0.6573016,0.5633603,0.9999511,0.8843429,0.5300503,0.50360036,0.66939867,0.56148434,0.98575485,0.9044565,0.5300237,0.51189786,0.65673655,0.42144638,0.54577345,0.9993956,0.49591237,0.52184665,0.9993881,0.37818608,0.38503727,0.98556453,0.42330188,0.37206388,0.97761405,0.3350962,0.2442554,0.97385705,0.36513716,0.24181959,0.96048707,0.33211437,0.22806478,0.7889482,0.36381426,0.22396722,0.7251578,0.31350392,0.20357117,0.9621516,0.3521329,0.20101559,0.9490857
67164.jpg,0.4917212,0.60309196,0.9999943,0.48570746,0.6141385,0.9999726,0.48143354,0.6141411,0.999977,0.47678366,0.6141021,0.99997497,0.49806714,0.61296654,0.99997115,0.5019839,0.61230254,0.9999714,0.5054205,0.6114011,0.9999639,0.46936655,0.6075703,0.999964,0.510275,0.6041528,0.9999231,0.48360872,0.59087986,0.99999094,0.49930465,0.59074336,0.9999857,0.4310518,0.5243779,0.9999895,0.5486666,0.5340202,0.99996567,0.41502196,0.44050685,0.9973928,0.57024395,0.4488243,0.98252994,0.38052383,0.35865036,0.9943408,0.61348325,0.381905,0.9870544,0.36953038,0.33683535,0.9847007,0.6312846,0.3591643,0.9713163,0.3720408,0.337705,0.98684084,0.62657595,0.36016262,0.97509444,0.37646955,0.3439006,0.9835697,0.6198186,0.36761892,0.97110206,0.4655906,0.36420837,0.9992112,0.531178,0.3677329,0.9991779,0.48566222,0.23376596,0.988241,0.5235128,0.23660459,0.96740013,0.48940486,0.10127899,0.9881302,0.5195227,0.10529336,0.97173405,0.4880754,0.08307892,0.7721848,0.5129467,0.085253656,0.8393555,0.50368655,0.060923368,0.9810338,0.5355607,0.06151232,0.9711664
69018.jpg,0.23121734,0.2149159,0.99991333,0.21786775,0.21017405,0.99990976,0.21329992,0.21421474,0.9999198,0.20872958,0.21815285,0.9999182,0.23177993,0.1986371,0.9998934,0.2364527,0.19506982,0.9999021,0.24098724,0.19150117,0.9998838,0.20747824,0.22926602,0.99994075,0.25335425,0.19209996,0.99986196,0.23302406,0.23252621,0.99987614,0.24806152,0.22042441,0.999841,0.22824606,0.356361,0.99993205,0.36558765,0.2422336,0.9998754,0.2983935,0.48581296,0.98944116,0.48731095,0.32866484,0.98701817,0.32719254,0.62374413,0.95859706,0.62215674,0.38693225,0.9369286,0.33501154,0.6642982,0.90828913,0.6585377,0.40165263,0.88710684,0.3350699,0.6629155,0.9015412,0.6573645,0.40221238,0.87093073,0.3340713,0.64792305,0.8541125,0.6456106,0.399371,0.8218509,0.4249643,0.53148174,0.9996087,0.5107714,0.4635425,0.9991346,0.5520144,0.71532977,0.9870767,0.66170657,0.6323665,0.9442764,0.67629975,0.89749396,0.9463645,0.81059766,0.80095387,0.8902821,0.7111017,0.9250905,0.9517745,0.8221302,0.8340733,0.8905186,0.67103034,0.9383365,0.72775936,0.84530294,0.805024,0.5572175
69450.jpg,0.16950893,0.3266629,0.999423,0.15476519,0.3078062,0.9991492,0.1600281,0.2996199,0.99920315,0.16556984,0.29268312,0.9993649,0.14246446,0.3356459,0.99926263,0.13795286,0.34809577,0.9992481,0.13355243,0.3615374,0.9992964,0.18806121,0.2963357,0.99893934,0.1390926,0.3923389,0.99859816,0.20029873,0.32361498,0.9983972,0.1868833,0.36214447,0.9983171,0.31189233,0.28220415,0.9997422,0.21053138,0.5327429,0.9993637,0.4569044,0.22605309,0.9505588,0.21361628,0.65946037,0.85781735,0.60625803,0.23294586,0.8872018,0.36784872,0.75028646,0.64179456,0.6506465,0.23396406,0.79910713,0.40287155,0.8009264,0.53661287,0.6507528,0.25817406,0.8204063,0.4135754,0.7841985,0.5659806,0.6334951,0.26636285,0.8265833,0.40912455,0.76089275,0.5807556,0.50477993,0.43357202,0.99784255,0.4354738,0.5790286,0.99781007,0.66268325,0.4863776,0.86525434,0.5753854,0.6338808,0.769218,0.8550705,0.6425609,0.7133013,0.8283198,0.717742,0.59486794,0.8805407,0.68045115,0.52803254,0.86940014,0.71187145,0.36345398,0.94314843,0.66779613,0.6342354,0.9014472,0.7537707,0.5475132
6947.jpg,0.52623963,0.7802911,0.9999982,0.51852494,0.7931335,0.99999356,0.51420766,0.7931514,0.9999931,0.510962,0.79314786,0.9999932,0.5334585,0.7933558,0.9999918,0.5388723,0.79348564,0.9999914,0.5435797,0.7934213,0.9999913,0.5054275,0.78744113,0.9999839,0.55281717,0.7883349,0.9999813,0.51766896,0.76501346,0.9999981,0.53637475,0.7659931,0.99999774,0.46496266,0.69000477,0.99999034,0.599934,0.6944599,0.9999745,0.46388036,0.57124513,0.9897321,0.60959953,0.5728349,0.98592806,0.45210797,0.45411316,0.98673683,0.63196605,0.45894068,0.9772503,0.44260025,0.41875845,0.96883786,0.64671654,0.42366582,0.9571487,0.45018354,0.41791764,0.97167003,0.63907117,0.4218431,0.96111125,0.45557213,0.4284126,0.96352404,0.6331129,0.43168586,0.95403314,0.50332415,0.4735104,0.9997949,0.5783157,0.47855642,0.99974054,0.51609117,0.29395747,0.9906639,0.57297814,0.30019963,0.9835332,0.5352561,0.1427533,0.98964614,0.5685296,0.14378107,0.9825075,0.5385854,0.1257242,0.87825793,0.566714,0.12446681,0.77979165,0.5357585,0.08807361,0.98532814,0.5736034,0.091226995,0.97846645
69486.jpg,0.8067988,0.63431567,0.999985,0.8186453,0.652181,0.99994195,0.8158649,0.6578294,0.9999411,0.81312835,0.66363853,0.99994206,0.8281071,0.6374737,0.9999374,0.8319379,0.6326935,0.99993587,0.83553123,0.62779355,0.9999372,0.8041191,0.6708383,0.9999063,0.8342469,0.61529297,0.9998996,0.78652084,0.63644296,0.99998355,0.79790056,0.61833024,0.9999815,0.6855252,0.684829,0.9999814,0.7805491,0.51510966,0.9999739,0.5381117,0.64262414,0.99081343,0.65689164,0.42650452,0.9843891,0.41066608,0.60561043,0.9813897,0.5439154,0.34233075,0.973179,0.3694168,0.604552,0.96046424,0.5115237,0.31070983,0.9513864,0.36993504,0.5983158,0.96495014,0.5078358,0.31341574,0.957352,0.3851207,0.5971497,0.95747644,0.516295,0.32619318,0.9494003,0.45726532,0.5239556,0.9993082,0.49900854,0.42812634,0.99922943,0.27186322,0.4138665,0.9831844,0.2986102,0.35724714,0.9779821,0.09344345,0.308546,0.98319834,0.11767241,0.28410184,0.9654389,0.073866904,0.29650313,0.7945175,0.09209409,0.2738258,0.7212974,0.025527269,0.2748173,0.9751858,0.04538843,0.24511912,0.9587469
6992_aug.jpg,0.59090626,0.20943889,0.9999962,0.6104583,0.18901882,0.99996734,0.6219109,0.19061527,0.9999654,0.6326274,0.1925075,0.99993324,0.57862633,0.18565404,0.999967,0.56581116,0.18508813,0.9999714,0.5535627,0.1850546,0.9999529,0.65278935,0.20595089,0.9998337,0.5290276,0.19274747,0.9999287,0.6040627,0.23554765,0.99993515,0.5683813,0.23345202,0.9999399,0.7097288,0.31516662,0.9999796,0.4499784,0.29187715,0.999987,0.74285865,0.43503118,0.994272,0.38660282,0.4086681,0.9946725,0.7966808,0.53496563,0.98509544,0.2845252,0.49229318,0.9927054,0.82842946,0.56370866,0.9716399,0.24056563,0.512635,0.98518604,0.8170897,0.56556225,0.9728652,0.2462034,0.5158899,0.98570305,0.8022326,0.5558185,0.96684676,0.26599777,0.5114007,0.9829573,0.6322449,0.5188051,0.99992955,0.48973277,0.50574875,0.9999317,0.64775336,0.63326955,0.9887067,0.44846776,0.62858695,0.9823783,0.63978285,0.7663882,0.9905946,0.4036923,0.7403589,0.99574536,0.62365663,0.7863345,0.9619437,0.41657948,0.77101994,0.9806872,0.687438,0.8309511,0.9805078,0.31787783,0.7900863,0.9918812
70256.jpg,0.84763986,0.74264586,0.9999949,0.8495717,0.76157504,0.99997616,0.8441231,0.7667466,0.9999814,0.83939576,0.7708303,0.99997747,0.8638853,0.744943,0.9999608,0.86804485,0.7391976,0.9999622,0.87208056,0.7335285,0.999948,0.82509804,0.7713838,0.9999633,0.8700106,0.7199114,0.99988437,0.82007194,0.7384487,0.9999926,0.84164137,0.7172484,0.99998605,0.6839858,0.71824706,0.99999464,0.8121815,0.58289903,0.99992454,0.5462607,0.6413802,0.99638164,0.7208373,0.45323673,0.9679308,0.42665866,0.6170246,0.99705005,0.6955829,0.32678384,0.9842704,0.37730154,0.61959213,0.99314535,0.6895635,0.2794462,0.97239,0.3791754,0.62075067,0.99417204,0.68990266,0.28025424,0.97598094,0.39702553,0.6183721,0.9935654,0.6910849,0.29628673,0.9751024,0.50418454,0.48131976,0.999795,0.57564366,0.40291032,0.99953794,0.34934998,0.33066398,0.9924234,0.4378392,0.26454586,0.9884906,0.21662414,0.22763836,0.98921317,0.31913808,0.14849743,0.9839336,0.20441759,0.20547053,0.8334568,0.29571885,0.14126912,0.86433554,0.160945,0.17775446,0.9823706,0.2830366,0.077976465,0.98026764
70356_aug.jpg,0.30967692,0.34684032,0.999974,0.30641702,0.32799956,0.9999647,0.31176254,0.32295382,0.9999639,0.31703106,0.31818283,0.99996567,0.29346475,0.34073347,0.99995136,0.2900213,0.34452695,0.99993885,0.28676143,0.34824023,0.99994445,0.3340544,0.31288895,0.99995005,0.2954845,0.34917822,0.99990296,0.33426577,0.34627664,0.9999225,0.3160026,0.36303183,0.9999081,0.43346822,0.32498503,0.9996244,0.3263263,0.43573725,0.99952936,0.40546322,0.24347377,0.99666095,0.21106017,0.41564265,0.9947067,0.31323224,0.13084269,0.9822848,0.10315415,0.34822118,0.9933395,0.28395295,0.09531182,0.95507073,0.07589933,0.32969952,0.9755138,0.27779457,0.09700611,0.95266545,0.075059146,0.31851512,0.97412336,0.28927514,0.11418757,0.949571,0.086363256,0.32243985,0.9737906,0.5908438,0.5039493,0.99968445,0.52481633,0.5797244,0.9995727,0.7167437,0.61603624,0.9962153,0.66675544,0.6853124,0.9896091,0.84181774,0.7097293,0.9923766,0.7714708,0.7756562,0.9854137,0.853894,0.7189304,0.8805283,0.7936741,0.77249527,0.9240409,0.85782087,0.7947526,0.9844641,0.7995844,0.8340818,0.98126054
71113_aug.jpg,0.18302763,0.78385365,0.99999416,0.15881413,0.7883328,0.99997497,0.1526652,0.78316796,0.9999757,0.14652485,0.7784797,0.9999758,0.17239967,0.80215895,0.9999664,0.17557886,0.8059691,0.9999664,0.17827863,0.80979806,0.9999664,0.14421913,0.7616105,0.99996567,0.18453112,0.801183,0.99993026,0.18659869,0.75678825,0.999995,0.2027787,0.77461743,0.99999297,0.1998559,0.6212315,0.9999894,0.3230828,0.74664783,0.9999658,0.30242258,0.49922144,0.99365485,0.46068174,0.66963726,0.9719678,0.37963587,0.3724698,0.9887111,0.590108,0.60524243,0.97388,0.39611894,0.32995647,0.97458583,0.63730305,0.59396434,0.9504427,0.4051385,0.3343679,0.9766585,0.63337266,0.5842518,0.9546033,0.4020937,0.350756,0.9743041,0.6148446,0.5835041,0.95038885,0.43307745,0.4744038,0.9998797,0.5031433,0.5525986,0.9997634,0.60892415,0.32121205,0.9946995,0.67107666,0.3984508,0.9933924,0.75243646,0.19026032,0.9933694,0.8022928,0.25370613,0.9885401,0.77091426,0.18322623,0.8332606,0.8072115,0.23743418,0.8368093,0.81979406,0.14123371,0.9876617,0.8735925,0.20590186,0.98544157
71320.jpg,0.48270285,0.8926911,0.99999416,0.47154453,0.9060526,0.9999732,0.46642026,0.9057099,0.99997485,0.46043587,0.9050485,0.99997437,0.48942715,0.90489817,0.99997234,0.49605164,0.90401065,0.99997413,0.502261,0.90299845,0.99997354,0.4485918,0.893455,0.9999397,0.5067652,0.89217603,0.99993455,0.46970478,0.87405795,0.9999871,0.4930794,0.87310964,0.99998534,0.37910485,0.78228456,0.99997425,0.55390257,0.76948404,0.9999714,0.3465008,0.65301996,0.98645186,0.56126696,0.6316643,0.9765866,0.29667994,0.54506284,0.97504765,0.579885,0.5051586,0.97393394,0.27447903,0.51049244,0.9497519,0.59148675,0.46929812,0.95197743,0.27868316,0.50976926,0.9542505,0.5862764,0.46719503,0.9558349,0.28827554,0.5195471,0.9466974,0.5784573,0.47905713,0.948577,0.3954226,0.5238146,0.99982846,0.49540523,0.51604277,0.99979085,0.35345662,0.31998125,0.9941129,0.47002316,0.3108807,0.99327236,0.3287776,0.12059793,0.9955005,0.43708184,0.12560967,0.99103,0.33720526,0.09101522,0.8804289,0.42133373,0.09937385,0.8407264,0.3195101,0.06140268,0.9919208,0.45703417,0.0535087,0.9882045
7202_aug.jpg,0.16232312,0.24073727,0.9999893,0.15198496,0.22159666,0.99995255,0.15577278,0.21620831,0.9999571,0.16039929,0.20988403,0.9999535,0.14199272,0.2396509,0.9999248,0.1391092,0.24633129,0.9999161,0.13681719,0.25283778,0.999897,0.17739809,0.20586501,0.9999095,0.14394373,0.26566407,0.9997266,0.19511756,0.24293004,0.9999813,0.1820589,0.26614475,0.9999684,0.32884246,0.22045554,0.9999757,0.23435834,0.38043323,0.9999012,0.47477964,0.26311117,0.99211454,0.35311687,0.48464543,0.966213,0.60265255,0.25665367,0.99450266,0.40467888,0.6012083,0.97185826,0.64663625,0.24620818,0.98759186,0.42223543,0.6435176,0.9504013,0.6437804,0.24587412,0.9893399,0.41913962,0.64385116,0.95697147,0.62919086,0.2499309,0.9877344,0.4139952,0.62893116,0.9573394,0.5645053,0.3975801,0.99976975,0.5146189,0.4971358,0.99970835,0.74560016,0.48645705,0.99295455,0.6953861,0.58780396,0.99440104,0.89194906,0.5603995,0.99184763,0.8444037,0.6765434,0.99078673,0.9016956,0.57632494,0.92270476,0.8595946,0.67540073,0.88318837,0.9635539,0.5776224,0.98786527,0.8952516,0.7138995,0.9858175
72205_aug.jpg,0.8268817,0.16692439,0.99999845,0.8430484,0.16528538,0.99999475,0.8476623,0.17161879,0.9999963,0.85193086,0.1769411,0.99999547,0.82583237,0.14692861,0.9999945,0.819443,0.14147511,0.99999547,0.8138231,0.13652,0.99999416,0.8394125,0.20056981,0.9999951,0.78705275,0.14604977,0.9999937,0.81956065,0.1979841,0.9999974,0.80140126,0.17391708,0.99999595,0.78526306,0.3671849,0.9999956,0.6260008,0.19644383,0.9999795,0.7194472,0.5136988,0.9959884,0.47024325,0.25375155,0.99343663,0.6947826,0.6513752,0.99520254,0.32833624,0.26474744,0.99185973,0.6939372,0.70207584,0.98870695,0.27967155,0.2556725,0.98048395,0.6904842,0.7007318,0.99023294,0.2855994,0.2615141,0.9832283,0.6875355,0.68305403,0.99061567,0.3040216,0.27150464,0.98405343,0.552441,0.5464498,0.9992488,0.44565603,0.4475181,0.99895656,0.37931588,0.6730515,0.98039055,0.3066007,0.6149537,0.9512465,0.16283026,0.8678571,0.9578978,0.12928405,0.8342611,0.93139106,0.14665416,0.8882895,0.6079899,0.11915493,0.8681253,0.690209,0.087002605,0.9070497,0.9370843,0.030492187,0.8783823,0.9289704
73253.jpg,0.12090427,0.67083955,0.99864143,0.08881259,0.6669594,0.9988018,0.08342874,0.65521777,0.99893886,0.07829809,0.64328736,0.9990074,0.107424915,0.7004988,0.9987282,0.114005744,0.71185434,0.9988127,0.12101102,0.7229648,0.9988801,0.07999188,0.60514534,0.99876714,0.1481629,0.7282916,0.9982862,0.1378755,0.62648547,0.9982127,0.16046685,0.6702465,0.99848384,0.14820033,0.46175072,0.9993544,0.30110854,0.74529827,0.9982735,0.17129338,0.2983305,0.9925263,0.4841606,0.8847438,0.9932327,0.23748535,0.52409554,0.9833361,0.36661512,0.7279904,0.9681138,0.2468217,0.5884754,0.94585156,0.3222708,0.69437385,0.8975468,0.25081074,0.6049531,0.9395411,0.3087836,0.6877067,0.88652575,0.25474438,0.58583295,0.9161438,0.32178718,0.6884239,0.8606847,0.41947055,0.3878669,0.99451315,0.51076186,0.57335037,0.9941936,0.5989174,0.31314632,0.8998154,0.6692843,0.46338093,0.81043404,0.84787226,0.229959,0.7956637,0.8726281,0.29232424,0.73414856,0.86897635,0.22216715,0.4718721,0.8892888,0.27386063,0.46570438,0.9438073,0.19026977,0.7278137,0.95516336,0.24541138,0.67607635
73668_aug.jpg,0.08761868,0.3913848,0.9999957,0.07336599,0.37375244,0.9999815,0.075383514,0.3672698,0.99998295,0.077578485,0.3601234,0.9999825,0.06633264,0.39549026,0.9999771,0.06423724,0.40325886,0.9999783,0.06223896,0.41032857,0.99997675,0.0892072,0.35338765,0.9999604,0.07034555,0.42376405,0.9999424,0.11401254,0.3843174,0.9999924,0.10522181,0.41258246,0.9999896,0.23917592,0.3276083,0.9999809,0.17781538,0.52405185,0.9999654,0.39522025,0.34348923,0.9941492,0.32269222,0.6019304,0.98924214,0.53807634,0.3423469,0.9888581,0.43925822,0.6794933,0.9807942,0.58289564,0.33978468,0.97159404,0.480135,0.7113897,0.9582706,0.5818951,0.35118958,0.9749204,0.48144177,0.7059584,0.96290946,0.5665122,0.3562023,0.9708391,0.47179127,0.6925438,0.9578701,0.4975269,0.4508119,0.99972385,0.46237347,0.56283474,0.99963284,0.7172461,0.53677315,0.98459226,0.68730605,0.6264371,0.9838727,0.9131754,0.58635217,0.9867873,0.88096803,0.68426454,0.9769801,0.938035,0.6069592,0.8592273,0.90208304,0.6846659,0.7115251,0.9807144,0.5962696,0.98240215,0.94630134,0.7034774,0.9717317
73824.jpg,0.53324234,0.38360107,0.99998724,0.5415818,0.37110913,0.99993384,0.54687846,0.37126786,0.99993587,0.551278,0.37148792,0.99992216,0.52655053,0.37104124,0.999928,0.5215614,0.3711909,0.9999342,0.51626325,0.37143555,0.99992204,0.55864775,0.37643752,0.999759,0.5105663,0.37694493,0.99981576,0.54384935,0.39893508,0.99996066,0.5242554,0.3987891,0.9999652,0.5945011,0.4569484,0.99996173,0.47290045,0.45216534,0.99995816,0.6021403,0.5648731,0.9918452,0.45608842,0.55437404,0.98921496,0.62551606,0.6533712,0.9923751,0.4235551,0.63978404,0.9864417,0.6389155,0.6777018,0.9795833,0.4071006,0.6657276,0.97154814,0.6348054,0.67866594,0.9819165,0.4112838,0.66753393,0.97394717,0.6287495,0.6706244,0.97819406,0.41984856,0.659781,0.96848595,0.5611687,0.64507306,0.99952805,0.48825124,0.64069885,0.99957985,0.54595643,0.7808694,0.98292047,0.493176,0.7787396,0.9880705,0.5382936,0.9071355,0.9814352,0.48784664,0.9044398,0.98128015,0.53129184,0.9195016,0.8974689,0.48927248,0.91744286,0.7761521,0.54803336,0.9541101,0.97785723,0.48634014,0.94759136,0.9743226
74661_aug.jpg,0.33325866,0.14602906,0.9999975,0.33607537,0.12535226,0.99999034,0.34114546,0.12302065,0.99998903,0.3458475,0.12071234,0.9999889,0.31851387,0.13368404,0.99998844,0.31259954,0.13626558,0.9999871,0.3073059,0.13842797,0.9999877,0.35803193,0.1235055,0.9999821,0.30395097,0.14813864,0.9999796,0.35219666,0.15837714,0.999998,0.330087,0.16623944,0.99999785,0.45956513,0.21684518,0.99998724,0.30416694,0.28023303,0.99996686,0.51845986,0.34717888,0.9855496,0.34649038,0.41701376,0.9588432,0.592127,0.4560744,0.9768662,0.36716855,0.54647225,0.9547325,0.6186571,0.48296377,0.955776,0.36567423,0.585247,0.92950046,0.6134045,0.48623186,0.9608956,0.3714578,0.5826764,0.93850905,0.60326266,0.47743323,0.9534431,0.37439233,0.5693834,0.9313421,0.51803195,0.47043678,0.999736,0.43752858,0.50512767,0.9996494,0.5980204,0.6652443,0.98905385,0.50474316,0.6943748,0.9831942,0.66233945,0.8364463,0.9903402,0.58864474,0.8678582,0.9844252,0.66072834,0.85908675,0.82600045,0.605194,0.8832302,0.8227365,0.6829568,0.8997371,0.9846902,0.6120329,0.92652065,0.97964096
75634.jpg,0.36591908,0.8596204,0.999979,0.34937644,0.8696411,0.999895,0.3416876,0.86714935,0.9999099,0.33617824,0.8652687,0.999905,0.37298977,0.8756472,0.99987924,0.3799678,0.87673795,0.99988794,0.38695297,0.87759525,0.99987924,0.32749417,0.84967244,0.99980205,0.39632115,0.8662472,0.99971586,0.35604563,0.8333068,0.9999664,0.3853635,0.84070694,0.99995816,0.31043118,0.69794947,0.9999653,0.47867042,0.7655449,0.99987936,0.31685868,0.5567714,0.99182665,0.57160324,0.6439783,0.9593884,0.32611626,0.42036888,0.983823,0.6642935,0.54573244,0.9321531,0.32093853,0.37997106,0.9619381,0.69769025,0.51370364,0.873309,0.32919472,0.37708783,0.96617794,0.6853909,0.5097205,0.8845463,0.33293578,0.3929254,0.96169835,0.6710483,0.51741034,0.8773825,0.44189075,0.46641755,0.9990011,0.54687214,0.50956875,0.9989544,0.51578605,0.28305817,0.95602936,0.62210023,0.31983405,0.9752805,0.60435134,0.10870442,0.961427,0.6637377,0.12315184,0.95412946,0.6132196,0.08836275,0.64402854,0.6588801,0.10432199,0.63849187,0.6313356,0.044896603,0.948453,0.67911786,0.06396505,0.9464625
76601.jpg,0.6030863,0.7298001,0.99991274,0.595494,0.73587346,0.9996642,0.5911306,0.7351935,0.9996773,0.5869707,0.7343286,0.99964726,0.6079176,0.73603684,0.9997279,0.61204135,0.7355141,0.99974984,0.6161664,0.73487294,0.99975497,0.5785137,0.7240647,0.9993087,0.6221919,0.7257321,0.99952364,0.5951721,0.7172791,0.9998636,0.61084,0.71752095,0.9998429,0.5353509,0.6489787,0.9998406,0.66465807,0.6490876,0.99995494,0.50451845,0.57123667,0.98800826,0.6958568,0.5661308,0.99186206,0.5016197,0.49118367,0.9186046,0.69594526,0.48526347,0.97244793,0.5015091,0.46661568,0.8301187,0.69526714,0.46140385,0.9282619,0.5069952,0.4689604,0.8367836,0.6856549,0.46580023,0.9313943,0.50979507,0.47687435,0.81081307,0.68301785,0.4734939,0.92104924,0.55346364,0.48828188,0.99935883,0.6268989,0.48250934,0.99957544,0.55615354,0.36263585,0.97992676,0.61011165,0.3604796,0.97230566,0.5628322,0.24424824,0.9837954,0.59492815,0.24188098,0.97873515,0.5660475,0.22895679,0.8465022,0.58888835,0.2256604,0.8804643,0.55826634,0.20902762,0.97470856,0.60283023,0.20805052,0.9727563
77421.jpg,0.25357103,0.7868455,0.99999213,0.24211203,0.78610635,0.9999722,0.23742579,0.7829043,0.99997675,0.23281448,0.7798281,0.9999782,0.25619215,0.7920264,0.9999609,0.26117006,0.7928143,0.99996483,0.26603547,0.79352456,0.9999629,0.22897673,0.76330405,0.9999552,0.277825,0.782846,0.9998858,0.25114536,0.7668965,0.99998224,0.26951775,0.7739469,0.99996734,0.23813246,0.6510905,0.999985,0.3680187,0.70638466,0.9999058,0.27219802,0.52530724,0.9828804,0.4447834,0.59819174,0.9597494,0.27052882,0.4093281,0.9816042,0.53590894,0.5392682,0.9590462,0.26523334,0.373756,0.9619998,0.56777036,0.5195371,0.9297297,0.2664028,0.37196398,0.96645266,0.5661888,0.5208336,0.9374528,0.2685476,0.3846731,0.9590731,0.55541855,0.5261389,0.9272535,0.361288,0.4456386,0.9998355,0.44238544,0.48728126,0.99973196,0.45932087,0.26195502,0.990564,0.5404817,0.3047467,0.9869625,0.54323417,0.08354995,0.9929972,0.63899976,0.13584605,0.9865528,0.55963063,0.06794703,0.7874036,0.6442509,0.11099389,0.7523615,0.5824324,0.016398996,0.9893644,0.68285716,0.081719786,0.9835117
77574_aug.jpg,0.5692991,0.12601373,0.99999523,0.583674,0.11498138,0.999985,0.58934444,0.11707878,0.99998486,0.593899,0.11896217,0.99998546,0.56482,0.10991329,0.99998116,0.5582893,0.10851395,0.99998045,0.55194867,0.10732183,0.9999783,0.59976536,0.13168457,0.99996305,0.5404275,0.115887165,0.999954,0.577707,0.14698467,0.999992,0.5520953,0.13887113,0.9999902,0.6166486,0.25666487,0.9999634,0.46258503,0.22268505,0.9999145,0.5906135,0.39392406,0.9896421,0.4061071,0.35578293,0.97661245,0.60349286,0.5333277,0.98640084,0.32363772,0.4546122,0.9660085,0.6134802,0.5701477,0.9642495,0.29097667,0.48032433,0.93536776,0.6074487,0.57188094,0.96879447,0.29480493,0.4818554,0.9432082,0.60430485,0.5599292,0.9636395,0.30759606,0.47452706,0.936305,0.51832724,0.48207885,0.9994671,0.4283173,0.45315364,0.999358,0.45337588,0.6816618,0.9632589,0.3797566,0.6555053,0.9550313,0.38862094,0.8655772,0.96455383,0.34006497,0.8481543,0.94519013,0.37812653,0.88726735,0.80831236,0.33390114,0.8764483,0.59345895,0.3792305,0.9165864,0.9511643,0.32390243,0.89772636,0.93206817
77819_aug.jpg,0.44766793,0.40116853,0.99999666,0.45013484,0.38866895,0.99998593,0.45402902,0.38717937,0.99998724,0.458189,0.38561922,0.9999862,0.43782425,0.39483446,0.9999846,0.43339097,0.39753953,0.99998546,0.42955583,0.40001085,0.99998343,0.4697548,0.38840073,0.99997306,0.4297765,0.40912336,0.9999645,0.4616341,0.4090966,0.9999926,0.44645867,0.41690367,0.9999907,0.5410292,0.44110495,0.9999764,0.4377492,0.49278092,0.9999598,0.59678316,0.50363004,0.9916214,0.46112937,0.57660043,0.9860249,0.6617365,0.55470926,0.98595446,0.46104902,0.659396,0.9871243,0.68619466,0.5668611,0.96725255,0.45867297,0.68704003,0.97213495,0.6854931,0.5663852,0.9711807,0.45894194,0.6854426,0.9758077,0.6774075,0.56336606,0.9654165,0.46092558,0.67630935,0.97184426,0.59705585,0.5963203,0.9995278,0.5391664,0.6272596,0.999496,0.6486432,0.71897006,0.9865975,0.6119944,0.73957145,0.9771703,0.7092943,0.8310925,0.9900423,0.6806178,0.84327507,0.9763982,0.7169921,0.8443566,0.83149856,0.6922341,0.85125387,0.7924953,0.7209596,0.87590224,0.98636127,0.691686,0.88633347,0.97547793
77914.jpg,0.5696497,0.7940613,0.9999925,0.5681194,0.81824404,0.99998045,0.56146926,0.82019925,0.999977,0.55467266,0.8219648,0.99997556,0.58834714,0.8112849,0.99998474,0.5953468,0.8082491,0.99998343,0.6016922,0.8049576,0.99998295,0.54342365,0.8219481,0.9999608,0.611421,0.7961246,0.9999684,0.55283856,0.782766,0.9999807,0.5755886,0.7724468,0.9999827,0.4448165,0.76703894,0.99999213,0.6498401,0.6897083,0.999995,0.3647665,0.6739767,0.9948709,0.6740867,0.5672834,0.98814964,0.28059274,0.5896499,0.99252325,0.7124346,0.4585476,0.9846444,0.24623016,0.5764567,0.97871315,0.73380595,0.42750221,0.9685533,0.24980602,0.58029366,0.98358095,0.73424983,0.43209392,0.97373635,0.26494214,0.5824641,0.98282164,0.7221265,0.44285417,0.9738361,0.4357294,0.53739834,0.9999418,0.555749,0.5046494,0.9999715,0.41964614,0.4273879,0.96546936,0.53597474,0.3918039,0.982537,0.34006047,0.30664402,0.97871333,0.53146535,0.25368822,0.98152083,0.33866304,0.29054892,0.9221232,0.51456404,0.23314327,0.9090853,0.29330516,0.2868085,0.9765587,0.5902828,0.19531432,0.9714145
77922.jpg,0.5931709,0.45464897,0.99996626,0.5992942,0.44484612,0.99996114,0.59719205,0.4405618,0.9999646,0.5945426,0.43589556,0.99995923,0.6042516,0.45585528,0.99995077,0.6057795,0.4595555,0.9999542,0.6072118,0.46362355,0.9999465,0.5848427,0.43147182,0.99997914,0.60291266,0.4708912,0.9999647,0.5815884,0.4539784,0.99997234,0.58744395,0.464462,0.99996066,0.5059207,0.42764682,0.999974,0.5616351,0.54030293,0.999938,0.42135707,0.45813066,0.9946396,0.5023046,0.60070497,0.994371,0.3415305,0.4606537,0.9701736,0.4507562,0.6739906,0.98057944,0.31715512,0.45841387,0.92518437,0.43809682,0.69443953,0.9591362,0.3178112,0.45737487,0.918601,0.43742135,0.6946657,0.95288503,0.32537615,0.46135348,0.8702361,0.44102702,0.68727136,0.9286238,0.375315,0.5346127,0.999938,0.4108389,0.59481287,0.9998832,0.25777566,0.5899722,0.9954105,0.31125334,0.6730545,0.98375666,0.14316261,0.6228167,0.9937158,0.23035833,0.77099085,0.988172,0.113618195,0.63964295,0.9912498,0.21107729,0.78292656,0.9840147,0.13817552,0.6260228,0.94583,0.21981977,0.7739376,0.9072314
78646_aug.jpg,0.20990211,0.26385218,0.99688643,0.17500785,0.24270335,0.99553937,0.17992142,0.23759732,0.99513185,0.20469204,0.2382302,0.9950051,0.16206157,0.25956273,0.99548906,0.15548465,0.2687649,0.9955674,0.1536271,0.2736519,0.9957776,0.21672851,0.24594435,0.99382824,0.17842367,0.29347908,0.9943336,0.2366485,0.272505,0.99791163,0.19693479,0.29065877,0.998004,0.32747588,0.28837502,0.99682033,0.23286527,0.42799067,0.99777836,0.49069828,0.32462353,0.41479674,0.3458926,0.55515885,0.7406274,0.5514193,0.39056775,0.21739557,0.4141673,0.56623495,0.5197293,0.5800992,0.40756953,0.21802002,0.43891895,0.5780778,0.48563328,0.562589,0.4130559,0.22310796,0.4291483,0.5635943,0.4916889,0.54902595,0.41114312,0.23957887,0.42385447,0.55588686,0.4668149,0.52404696,0.464982,0.99841964,0.46223664,0.56694376,0.997914,0.6419437,0.4526398,0.93495053,0.5058068,0.6784349,0.9428801,0.8404658,0.6584939,0.93928146,0.71282834,0.8274497,0.9337292,0.8605344,0.69635236,0.866355,0.7423918,0.83253646,0.8206652,0.9255966,0.6787353,0.9130279,0.7709019,0.8910788,0.91625994
78923.jpg,0.743148,0.16036588,0.9999962,0.7594687,0.15462679,0.9999852,0.7647557,0.1590099,0.99998534,0.7695204,0.16305155,0.999985,0.74370617,0.1435821,0.9999827,0.7374842,0.13998094,0.9999814,0.7318574,0.13677669,0.9999801,0.77209336,0.1788556,0.9999716,0.7193367,0.14272165,0.999962,0.7418419,0.18577564,0.9999949,0.7225206,0.17091978,0.99999416,0.74412274,0.31742588,0.9999865,0.60105693,0.21561742,0.99995744,0.69554883,0.43307573,0.9946754,0.5030766,0.2889973,0.9856065,0.6731476,0.5457853,0.99589044,0.40216684,0.35488796,0.98126787,0.66558826,0.58469546,0.9907602,0.36310047,0.37455177,0.96357274,0.6590322,0.58013463,0.99180025,0.37171704,0.3779797,0.9670236,0.6609771,0.5657642,0.99000704,0.3879737,0.37359473,0.9640479,0.5615779,0.5093,0.9997477,0.4724962,0.44568172,0.99967206,0.44051307,0.6579384,0.99201816,0.3694095,0.6093825,0.9931872,0.34591842,0.8109535,0.9932736,0.2577559,0.74996483,0.98847467,0.33097154,0.82127106,0.9051797,0.25693527,0.7707163,0.8216843,0.32266235,0.87122965,0.9882593,0.21241307,0.7961054,0.98225963
79099_aug.jpg,0.44933116,0.81628466,0.9999893,0.44027334,0.83269674,0.999962,0.43550417,0.83262897,0.9999578,0.42962506,0.8324313,0.9999535,0.457121,0.8341569,0.999966,0.46365365,0.8347226,0.9999635,0.47011074,0.8351784,0.9999591,0.42169672,0.82822526,0.9998851,0.48405325,0.83089185,0.99993575,0.4402503,0.7989528,0.99996376,0.46463105,0.79882926,0.9999684,0.37464127,0.7372501,0.99994576,0.54545134,0.74621296,0.9999764,0.3588333,0.60697067,0.98251396,0.5888111,0.62756824,0.9897363,0.3186792,0.50524485,0.96912056,0.65505767,0.5251022,0.97729677,0.30248654,0.46610096,0.9244313,0.6782358,0.49286124,0.94942987,0.29973096,0.46340868,0.93305826,0.67974746,0.49303395,0.9548576,0.307384,0.47424108,0.922902,0.6707224,0.5004387,0.94684356,0.42157698,0.4980261,0.9991775,0.5229062,0.50269544,0.999461,0.4334737,0.29151046,0.98171574,0.54475534,0.29371107,0.9860247,0.42933902,0.10178992,0.98424697,0.56075114,0.10900426,0.98544496,0.44417566,0.069147915,0.8888443,0.55488265,0.07713935,0.82117766,0.3925822,0.043064505,0.9773052,0.57644814,0.060918182,0.975871
79344.jpg,0.8176725,0.21729699,0.99999654,0.8334855,0.22181088,0.9999887,0.83798146,0.22871414,0.9999918,0.84223485,0.23596513,0.9999889,0.8167104,0.20447764,0.9999864,0.8100764,0.19908282,0.9999894,0.8035909,0.19401288,0.9999852,0.8394232,0.26071772,0.9999889,0.78447783,0.1958499,0.99998724,0.8091049,0.2493397,0.9999951,0.7867771,0.2226021,0.99999404,0.7894599,0.3985768,0.9999937,0.6372199,0.21838489,0.999985,0.7060553,0.5404894,0.99730384,0.47381526,0.25346738,0.9979463,0.6512151,0.6960381,0.99275744,0.30930924,0.27786058,0.9939458,0.63731134,0.7447489,0.97887176,0.26084185,0.27867937,0.98278576,0.63618314,0.74186635,0.98225015,0.26564276,0.28252465,0.98548096,0.6368644,0.72656643,0.9848931,0.2825876,0.28572872,0.98703533,0.53589827,0.5468143,0.99969506,0.43637875,0.42844677,0.99955887,0.3781026,0.71902084,0.98814964,0.24222559,0.5370799,0.9871113,0.18903571,0.91567516,0.97929734,0.035776675,0.6549162,0.97037137,0.16372266,0.92773116,0.75951505,0.025033087,0.6811323,0.7881575,0.102333724,0.9846542,0.9458221,-0.047295094,0.7011777,0.94169706
79633_aug.jpg,0.20761698,0.7966491,0.99999785,0.18722084,0.79969996,0.9999894,0.1814197,0.7939104,0.9999901,0.17613113,0.78834265,0.99998915,0.20398137,0.81331193,0.9999875,0.2091203,0.81660795,0.9999858,0.21332198,0.81878257,0.99998283,0.17761019,0.7713951,0.9999819,0.22506592,0.81340384,0.9999645,0.21085629,0.76923674,0.9999969,0.23026836,0.79011595,0.9999956,0.22026336,0.63822883,0.9999925,0.35221916,0.7600601,0.9999727,0.29379827,0.5266073,0.99600154,0.4622238,0.7016627,0.98466265,0.33196905,0.42047614,0.9967906,0.56768906,0.65549654,0.98713815,0.34643647,0.3821988,0.99276394,0.61018676,0.64167315,0.9735981,0.3515851,0.38921735,0.99353665,0.60290843,0.6363456,0.9757823,0.3468144,0.40200135,0.9921508,0.58477855,0.63813734,0.973756,0.44131893,0.47524476,0.9998659,0.51876473,0.55379677,0.9998572,0.58226,0.34518334,0.9950589,0.64244807,0.41520643,0.9968838,0.6915399,0.21040717,0.9953981,0.77705324,0.28451574,0.9957689,0.7137178,0.20155212,0.92971456,0.7855282,0.2621342,0.9185029,0.73001105,0.15338469,0.9923626,0.8328724,0.25128937,0.99263835
81632_aug.jpg,0.691846,0.8121222,0.9999913,0.6903609,0.83521396,0.9999739,0.6842771,0.838907,0.99997365,0.67952406,0.84172034,0.9999752,0.7100873,0.8232434,0.9999677,0.71605533,0.81967247,0.9999641,0.7222812,0.8158909,0.9999641,0.66769123,0.8399709,0.99995565,0.72484505,0.80588484,0.99993217,0.6690552,0.8019711,0.9999887,0.6943202,0.7873827,0.9999871,0.5598682,0.770038,0.99998295,0.7089036,0.67832637,0.9999336,0.46957174,0.6541196,0.98318857,0.6404213,0.54785556,0.9508779,0.3882578,0.55120486,0.9760153,0.58534515,0.42726353,0.9286391,0.3606512,0.51771253,0.95331234,0.5683816,0.39339638,0.8931922,0.3714875,0.5125319,0.95684373,0.56043524,0.39952803,0.9018652,0.3828661,0.5205949,0.945729,0.56333196,0.4123037,0.8891715,0.45377314,0.533339,0.9994486,0.5389024,0.47442332,0.9992512,0.32707578,0.350442,0.9724938,0.42128748,0.29925013,0.95509416,0.22802913,0.17590085,0.95339584,0.30120063,0.121583164,0.92695725,0.22318122,0.15474248,0.6265011,0.27475578,0.10435489,0.5785229,0.19201458,0.10894483,0.92480993,0.24995497,0.055821568,0.8953016
81683.jpg,0.6847677,0.823181,0.9999913,0.68866384,0.8448137,0.9999527,0.68398273,0.84975654,0.99995995,0.6795342,0.8547156,0.9999567,0.7053573,0.82553756,0.9999467,0.71101505,0.8188022,0.9999591,0.7156091,0.813079,0.9999571,0.66553974,0.8564021,0.999895,0.7119094,0.8009089,0.9998994,0.6602552,0.81985986,0.9999863,0.67892605,0.79931843,0.99998724,0.52168715,0.8144473,0.99996555,0.66563606,0.67847806,0.9999397,0.40938973,0.72807705,0.9870798,0.5781395,0.548913,0.99405223,0.29354,0.6524459,0.97105867,0.50346726,0.44111007,0.9763238,0.25961435,0.6311765,0.94306517,0.48379147,0.4023148,0.95060986,0.27124637,0.6202775,0.94553137,0.47343773,0.41035175,0.95206904,0.286353,0.62527996,0.94087076,0.47659704,0.4264651,0.947476,0.38062435,0.6138703,0.9998282,0.46228823,0.5323537,0.99976856,0.25661376,0.4780918,0.97092843,0.32115003,0.42456728,0.9775964,0.14356586,0.32652268,0.97041434,0.17185773,0.2974177,0.9661758,0.13752547,0.3115021,0.7228992,0.16286935,0.28436804,0.5855322,0.085309416,0.27096018,0.9622115,0.11001727,0.24761176,0.96092963
83055.jpg,0.6765086,0.7837187,0.99999666,0.67496765,0.8048357,0.99998987,0.66732997,0.808401,0.9999918,0.6620708,0.8104074,0.99999106,0.695637,0.7914612,0.99998546,0.701729,0.78616285,0.99998605,0.7077921,0.7811353,0.9999821,0.6436385,0.8043225,0.99998915,0.7072091,0.76454127,0.99996996,0.64952993,0.7670045,0.99999654,0.6756393,0.7525344,0.9999943,0.5249556,0.72045475,0.99999344,0.6992503,0.6323226,0.99994516,0.41748047,0.6262873,0.9983693,0.69641495,0.4828643,0.99066925,0.29401302,0.561629,0.9976544,0.7244889,0.3483439,0.98386604,0.2511999,0.5432879,0.99229735,0.7413018,0.304769,0.96400803,0.2561764,0.53715515,0.9935861,0.7388832,0.30512002,0.968982,0.27229184,0.5431064,0.99337125,0.73125863,0.31973404,0.9702617,0.4557946,0.46583602,0.9990895,0.552586,0.41238746,0.99873644,0.38872993,0.27485922,0.9664647,0.45451927,0.2427447,0.97165954,0.32067072,0.11593947,0.9548243,0.35858738,0.096289605,0.94244564,0.31989926,0.10021663,0.7293199,0.352776,0.081103,0.6305754,0.2747234,0.036341578,0.9210058,0.31357914,0.02528271,0.9090421
83434_aug.jpg,0.8427986,0.583819,0.99997556,0.85449266,0.5919005,0.999907,0.85400915,0.600393,0.9999232,0.8531811,0.60844326,0.999881,0.85164285,0.5661283,0.9999113,0.8489399,0.55749,0.99992394,0.8457937,0.54986316,0.9998869,0.8406785,0.62036294,0.9998435,0.8290702,0.5402424,0.99986494,0.82387865,0.6048924,0.9998826,0.81972164,0.57223076,0.9998721,0.7388412,0.6889895,0.99996424,0.7437447,0.4791028,0.99996936,0.65355694,0.7530265,0.99451184,0.65855587,0.41116512,0.9880767,0.5799509,0.83286214,0.99078465,0.5879935,0.33638257,0.99109626,0.5587927,0.8642471,0.9769999,0.56157064,0.30708593,0.9778196,0.55882657,0.861784,0.982285,0.5627297,0.3125455,0.98141253,0.5643943,0.850852,0.9843752,0.56942,0.32641453,0.9824148,0.5382954,0.64234006,0.9996445,0.54914856,0.5096207,0.9997209,0.40080333,0.6412428,0.7902899,0.44742966,0.4724519,0.8990455,0.2684029,0.6468761,0.81375223,0.31342623,0.44619375,0.90994614,0.25130025,0.64003927,0.6100587,0.28780946,0.4574719,0.79248685,0.21851593,0.6562521,0.7822768,0.26496345,0.39160508,0.8986438
83926_aug.jpg,0.2788748,0.7169555,0.9980683,0.27147615,0.7132001,0.9978967,0.26909631,0.7092369,0.997097,0.26704556,0.70562965,0.99765766,0.28216285,0.7224685,0.99735534,0.286866,0.72435844,0.99666435,0.29120645,0.72625077,0.99754083,0.27845064,0.6901321,0.9971679,0.3105133,0.71810067,0.9968816,0.2836454,0.6997869,0.99671715,0.29648584,0.7107068,0.9959109,0.30899814,0.6199554,0.9939766,0.38059953,0.6981872,0.9923085,0.23507398,0.69513965,0.95852697,0.29744828,0.76056236,0.9838161,0.1728352,0.79040706,0.91601753,0.19864073,0.80919015,0.9486258,0.16414076,0.80686116,0.81838244,0.18238854,0.81113565,0.87177867,0.16549197,0.80686426,0.8047517,0.18151826,0.81328857,0.8555091,0.16749373,0.8039669,0.8014552,0.18439311,0.8131156,0.85141397,0.48500657,0.48776123,0.99885595,0.5343874,0.54305685,0.99854434,0.5991151,0.4023009,0.96101624,0.6331515,0.43345246,0.9526535,0.71307385,0.31496567,0.95031786,0.72446203,0.3309033,0.9485753,0.72380185,0.31093574,0.78678596,0.731676,0.32347158,0.7688038,0.7396784,0.2867529,0.91715705,0.75043964,0.30469435,0.91767174
84736.jpg,0.41394454,0.9059851,0.99999905,0.4024155,0.92222065,0.9999962,0.39506406,0.9220066,0.9999962,0.38793102,0.9215636,0.99999607,0.42421564,0.92242813,0.9999951,0.43198407,0.92210805,0.99999475,0.43900347,0.9215268,0.9999945,0.377572,0.91209805,0.9999949,0.45202446,0.91154313,0.9999914,0.4000151,0.88289124,0.99999905,0.42794174,0.8844482,0.99999845,0.323306,0.7741636,0.9999949,0.5153345,0.7845615,0.99998176,0.31248558,0.62028396,0.99320096,0.5364982,0.6291884,0.97521824,0.27555835,0.4836065,0.9880437,0.5950272,0.49259415,0.97600436,0.2580108,0.44410434,0.97417986,0.61446536,0.45326346,0.9588484,0.26489592,0.44132638,0.97715783,0.6114262,0.4510419,0.96439725,0.27140772,0.45425868,0.97274643,0.60244334,0.4635064,0.9594467,0.3771124,0.49721587,0.99975616,0.48394984,0.50131285,0.999668,0.38534808,0.2665624,0.9805516,0.4874549,0.27024308,0.9723212,0.42672497,0.051252156,0.97700274,0.46304578,0.058781266,0.9540805,0.43469396,0.03627616,0.70628417,0.45820096,0.038428754,0.7161835,0.43554837,-0.014514983,0.96595585,0.46972746,-0.011070669,0.950464
84944.jpg,0.8414745,0.67121166,0.9999975,0.85649234,0.68427634,0.9999887,0.8547148,0.6900827,0.99998975,0.8527185,0.6956381,0.99998903,0.86130977,0.6667522,0.99998343,0.863165,0.6593397,0.9999845,0.8644873,0.65355706,0.9999833,0.8409778,0.69994634,0.99998343,0.8594874,0.63818157,0.99996424,0.8201277,0.6753144,0.99999774,0.8272083,0.6533216,0.9999964,0.70304626,0.7181276,0.9999938,0.75918174,0.54487157,0.9999684,0.55640846,0.69551635,0.99544686,0.6251615,0.47790325,0.9824917,0.42253977,0.6947161,0.9900197,0.5112483,0.4010033,0.973045,0.3852227,0.7027966,0.97687066,0.4851585,0.37487152,0.9494501,0.38538378,0.6938212,0.9804613,0.48143485,0.38054448,0.95660007,0.3992003,0.6906835,0.977117,0.48940068,0.39240795,0.95015633,0.47161737,0.59567887,0.99982244,0.49910563,0.4963322,0.99964726,0.2788188,0.5160554,0.9948689,0.30403918,0.44020358,0.99143946,0.114451855,0.47126898,0.9943873,0.14827311,0.36826196,0.98499495,0.10025838,0.46326298,0.8485036,0.12667057,0.37093827,0.78091407,0.046879828,0.43524995,0.9901376,0.07562783,0.35242182,0.98144895
8571_aug.jpg,0.09989375,0.38690656,0.9999865,0.088860124,0.37088066,0.99994934,0.09136504,0.36401403,0.99995446,0.09371731,0.35758546,0.9999577,0.08305696,0.39324737,0.99994123,0.081753016,0.40081713,0.99994206,0.0803439,0.40756541,0.99994075,0.111162245,0.34951228,0.9999199,0.0904828,0.41993397,0.99983764,0.12554047,0.3780298,0.99997926,0.11686081,0.40631223,0.9999695,0.25859442,0.3211077,0.9999633,0.19842777,0.5159585,0.99989617,0.39636895,0.33210275,0.99153954,0.3087167,0.6017946,0.9718478,0.52061194,0.33445436,0.97626954,0.4132263,0.67594916,0.93777215,0.562844,0.33207488,0.9471542,0.4470372,0.710388,0.87909466,0.56726336,0.33599716,0.9527642,0.4533741,0.7082696,0.89147276,0.5541922,0.33878073,0.9475317,0.44105998,0.69281304,0.8838734,0.4950701,0.44989815,0.9994135,0.4571396,0.5620199,0.9991641,0.6859242,0.53207153,0.9735692,0.65450925,0.6121695,0.9621188,0.8575606,0.6144021,0.97882724,0.8466644,0.66355824,0.9653928,0.87024796,0.62683845,0.75105274,0.8644097,0.6660135,0.6971786,0.9190744,0.6387098,0.9726724,0.90632296,0.6727914,0.96593404
85727_aug.jpg,0.7046524,0.3444749,0.99994814,0.7162532,0.34185937,0.9998337,0.7166962,0.343183,0.9997608,0.71716785,0.34458292,0.99974257,0.71435916,0.3358722,0.99991405,0.7132997,0.33287254,0.99991536,0.7122129,0.32991704,0.9999156,0.7109629,0.34221524,0.99898976,0.7042006,0.3212681,0.99989045,0.6928307,0.3479011,0.9998344,0.6902207,0.33910036,0.9999051,0.6377107,0.36099035,0.9993123,0.6336757,0.30553386,0.99997425,0.5508992,0.37051445,0.31571352,0.54115653,0.29814008,0.9961796,0.48315418,0.38983378,0.6377454,0.4566,0.3108051,0.9910821,0.459836,0.39459255,0.57554746,0.43303674,0.3115407,0.980493,0.45978665,0.39494362,0.59664476,0.43342617,0.32137236,0.9794332,0.46573976,0.39116338,0.5818165,0.44148946,0.32388735,0.969739,0.4695722,0.3660863,0.99886405,0.46722335,0.3367049,0.9994646,0.36086223,0.36851856,0.43780863,0.35179746,0.3475596,0.933058,0.24801531,0.3591383,0.60579246,0.238795,0.3536404,0.9386857,0.23159513,0.35086608,0.65604895,0.2214989,0.34324452,0.80832976,0.22407088,0.39595997,0.7655522,0.20892563,0.3850757,0.93374974
85819_aug.jpg,0.86680907,0.63127196,0.9999443,0.8809549,0.63097036,0.9999473,0.88297915,0.6251633,0.99995685,0.8849271,0.6194805,0.99995553,0.87463915,0.64617836,0.9999348,0.871899,0.65165055,0.9999424,0.86883223,0.6575465,0.99992836,0.8801007,0.60944927,0.9999689,0.85657424,0.6616338,0.99991953,0.8570633,0.6171335,0.999931,0.8500824,0.6334063,0.99990106,0.803205,0.50769645,0.99996245,0.7302691,0.6703367,0.99985635,0.68519866,0.42380315,0.9935952,0.5803917,0.64629406,0.98062634,0.59400535,0.3087483,0.9729241,0.43699068,0.6509493,0.8853374,0.5693636,0.27639544,0.9357993,0.39799988,0.65471923,0.8071666,0.572106,0.27738184,0.9307403,0.3989485,0.65262127,0.782434,0.5789252,0.28983188,0.8913253,0.41111362,0.64876014,0.72471136,0.5540716,0.43658704,0.99983346,0.50809336,0.53186095,0.99956733,0.34864333,0.3250485,0.99269545,0.29328853,0.44813272,0.97869384,0.15681347,0.21751249,0.9708518,0.077761054,0.37046883,0.94819456,0.12622398,0.20760727,0.97096395,0.04655963,0.34453937,0.94267476,0.14578643,0.18106815,0.79950655,0.05254373,0.3820572,0.6945972
85904_aug.jpg,0.5793839,0.8369045,0.99985456,0.59448195,0.8511362,0.99989104,0.5990044,0.8487387,0.9999069,0.6046065,0.8454492,0.9998796,0.5805797,0.85559416,0.9998405,0.57515246,0.856502,0.9998598,0.56980324,0.85691786,0.9998209,0.6030333,0.8274829,0.99991703,0.551962,0.84768075,0.99989676,0.5788503,0.81547004,0.9998191,0.56363386,0.8196771,0.99980694,0.6215477,0.695719,0.99982315,0.42806935,0.77884316,0.9997857,0.6789634,0.5410032,0.982636,0.3078146,0.6942185,0.9795461,0.6913084,0.39535362,0.8928875,0.20165077,0.63773614,0.78354734,0.7041625,0.36207104,0.85228264,0.16666886,0.6293695,0.74587315,0.687521,0.36737657,0.8393618,0.17507362,0.6332761,0.7368958,0.6777237,0.37817532,0.7521586,0.18636706,0.63304627,0.6873419,0.5066245,0.47876102,0.9997595,0.3786046,0.5185526,0.9994665,0.48553413,0.33191955,0.9318083,0.31983194,0.40796912,0.855934,0.45849854,0.1666972,0.975361,0.23481674,0.27688557,0.9005125,0.43966693,0.1354559,0.975608,0.2224261,0.23225015,0.9183276,0.4894664,0.16296488,0.9037717,0.19973007,0.30476463,0.7250283
8600.jpg,0.32709098,0.87075526,0.9999826,0.31098664,0.88047504,0.99992955,0.30507624,0.8774668,0.99993396,0.2986433,0.8741102,0.99993217,0.3323447,0.88794017,0.9999261,0.33999777,0.88936406,0.9999285,0.34664744,0.89032143,0.99992454,0.29404813,0.8564896,0.9998493,0.35947168,0.8795831,0.9998355,0.32142875,0.8419779,0.9999763,0.34908205,0.85308903,0.99997413,0.28623188,0.7060534,0.9999542,0.4622408,0.78002024,0.9999286,0.31604692,0.57221365,0.9924184,0.5477053,0.6775374,0.9871819,0.3262453,0.4558055,0.9898275,0.6198832,0.58745027,0.97442406,0.33668008,0.41138875,0.976921,0.64445376,0.5545316,0.95053875,0.34451348,0.4160886,0.9790394,0.63449085,0.5525365,0.95434386,0.34291178,0.43199462,0.9755445,0.62170535,0.56138414,0.9496231,0.43803462,0.47248948,0.9991799,0.5423315,0.5168573,0.99921584,0.54527295,0.30417478,0.969696,0.5912205,0.32653216,0.97721785,0.6180588,0.1358242,0.97351485,0.65282565,0.13956961,0.95944697,0.62889206,0.116511434,0.8362662,0.66585433,0.117767334,0.6867239,0.62938374,0.07153377,0.9631782,0.6678554,0.08139047,0.9464844
86208.jpg,0.4504851,0.084145695,0.99996114,0.46338433,0.07064718,0.99984884,0.4698501,0.07063392,0.9998784,0.47753048,0.07074484,0.9998889,0.44064802,0.07285735,0.99980706,0.43203467,0.074347675,0.99982506,0.4246111,0.07575023,0.9998037,0.4930426,0.08287105,0.99973804,0.41757837,0.09200093,0.9994012,0.46853116,0.10513532,0.9999416,0.43896377,0.106855065,0.99990726,0.5702923,0.20804429,0.9999608,0.36805075,0.22639877,0.9997898,0.6081116,0.33934745,0.99301916,0.33671266,0.36013207,0.9694443,0.65346956,0.45275941,0.9765503,0.30659065,0.48512357,0.8881002,0.67214465,0.488308,0.9406929,0.29039866,0.525662,0.7958287,0.6699223,0.49374628,0.9464546,0.293793,0.53060454,0.8107131,0.66120696,0.47982922,0.9383478,0.30248582,0.514796,0.79747707,0.54475635,0.47710496,0.9992816,0.42382407,0.48700574,0.9988997,0.5340269,0.6896907,0.9802926,0.453569,0.68744236,0.97582906,0.52553016,0.8684023,0.9786325,0.47448516,0.8789439,0.96443504,0.5210016,0.88388747,0.7592093,0.4771732,0.894052,0.65519863,0.52576715,0.9368826,0.9710734,0.48582873,0.94003284,0.96186244
86604.jpg,0.535993,0.53157866,0.999696,0.5318916,0.53178024,0.99966955,0.5312235,0.53340614,0.99964285,0.5304053,0.5351027,0.99965286,0.53400254,0.52774674,0.99956554,0.5348829,0.5265304,0.99954176,0.53561985,0.525254,0.99952424,0.5340873,0.5378977,0.9997056,0.5402236,0.5244244,0.9994789,0.5396601,0.53637093,0.9997402,0.542376,0.5319567,0.99968576,0.55896246,0.5719088,0.999931,0.5782734,0.51963365,0.99983823,0.600049,0.5996399,0.99198943,0.6302695,0.5270244,0.98869294,0.63146806,0.64045435,0.9864782,0.67974347,0.53072685,0.95596606,0.6414866,0.652145,0.9667135,0.69380045,0.53049505,0.90541506,0.6433635,0.6515137,0.964401,0.69361496,0.53372824,0.8920611,0.6407738,0.64603347,0.94114435,0.6886017,0.5347877,0.8497167,0.64793754,0.60078245,0.9992988,0.6608814,0.5675751,0.9987865,0.7225868,0.63250303,0.9699176,0.73306006,0.60054094,0.96270657,0.7947787,0.6631464,0.9460345,0.8084301,0.63005805,0.95796126,0.8108425,0.664729,0.95822245,0.81990236,0.63860816,0.9528568,0.8093375,0.67394584,0.8108643,0.83165705,0.6331122,0.81864077
86843.jpg,0.58059573,0.87429225,0.9999968,0.5715088,0.8945405,0.9999869,0.5654942,0.8956573,0.9999862,0.56060475,0.89599603,0.9999856,0.59241766,0.8902639,0.9999833,0.59880424,0.88888335,0.9999826,0.60439384,0.88743716,0.9999832,0.54925275,0.8912464,0.9999751,0.60975116,0.8784493,0.9999634,0.5641058,0.85624313,0.99999666,0.5884025,0.85051215,0.9999963,0.47329882,0.783689,0.9999889,0.63989115,0.7547128,0.9999684,0.44391075,0.64282113,0.98804224,0.6279476,0.6113498,0.97264385,0.3944222,0.5194736,0.9853615,0.6357108,0.47938517,0.97461754,0.37404713,0.48909608,0.97103375,0.6453887,0.44266403,0.9566036,0.37934983,0.48721611,0.97406435,0.64101964,0.44320902,0.9616941,0.38796613,0.4971823,0.9679318,0.63474256,0.45606092,0.9549653,0.46934688,0.5219181,0.99979275,0.5588862,0.5050888,0.99968314,0.4355985,0.3120231,0.9928733,0.5292747,0.3007127,0.988242,0.41553843,0.13719362,0.9935103,0.49218106,0.121881664,0.98986924,0.42078304,0.11345649,0.8697171,0.48049363,0.100393236,0.8471562,0.40877852,0.06615612,0.9900709,0.47542924,0.053649455,0.98680913
87267.jpg,0.5104027,0.29395288,0.999997,0.5219188,0.2827503,0.99998856,0.5269668,0.28378552,0.99998915,0.5313014,0.28471982,0.9999888,0.5038159,0.28057417,0.99998486,0.4974476,0.2802632,0.99998546,0.4915725,0.279877,0.99998474,0.5407075,0.29484078,0.9999759,0.48471895,0.28790748,0.9999629,0.52044904,0.31208038,0.9999951,0.49745384,0.3094899,0.9999933,0.57624054,0.39130804,0.9999809,0.43501702,0.37962413,0.99995065,0.57419914,0.5098616,0.98461956,0.4127925,0.4914681,0.96917164,0.57894206,0.60613835,0.9688654,0.38157672,0.58632696,0.9514536,0.58230346,0.63683605,0.9377136,0.36862877,0.61623526,0.9156201,0.5740045,0.63587785,0.9437533,0.37627846,0.6165095,0.92335886,0.5696816,0.62517184,0.9332506,0.38239774,0.6068495,0.91183126,0.52412075,0.58951116,0.99976605,0.4421071,0.5807154,0.9996711,0.5041962,0.7558404,0.9949168,0.4231299,0.7488782,0.99298805,0.49387363,0.89545906,0.99536186,0.417619,0.8861519,0.99170715,0.48382276,0.9095292,0.8804719,0.42571878,0.9006802,0.8467172,0.48603275,0.9453311,0.99239784,0.40966773,0.939713,0.98848677
87978.jpg,0.8105631,0.73911315,0.999985,0.8148469,0.7572397,0.99995077,0.81135523,0.7618387,0.9999503,0.8086259,0.76534045,0.9999522,0.826918,0.74002147,0.9999312,0.8306396,0.73400426,0.9999268,0.83359826,0.72892535,0.9999281,0.7954765,0.7677294,0.9999237,0.8289366,0.7155644,0.9998739,0.7870306,0.73912984,0.9999918,0.80175734,0.71814406,0.9999876,0.66907096,0.73274565,0.9999862,0.7637104,0.6126509,0.9999385,0.54234034,0.65404534,0.9788705,0.6619221,0.51093686,0.94825107,0.4285475,0.5931519,0.97070104,0.5737876,0.41349992,0.93968403,0.39265823,0.5728086,0.9475465,0.54834795,0.3835213,0.9070449,0.39600986,0.5656832,0.952613,0.54413974,0.38901874,0.91649866,0.4092782,0.5695484,0.9412822,0.5510764,0.39968154,0.9078606,0.47412038,0.54224485,0.9998042,0.53109026,0.46704954,0.99962044,0.308715,0.40109947,0.9800987,0.3498919,0.35392416,0.95281976,0.15584013,0.27544004,0.9832307,0.17805475,0.25244933,0.957911,0.1380541,0.25810748,0.7669823,0.15471095,0.23902458,0.69204205,0.100889325,0.23811626,0.97389185,0.122294694,0.2089515,0.9576125
8814.jpg,0.62323236,0.67245305,0.99995196,0.62549394,0.6926942,0.99989617,0.6199226,0.6981116,0.99991417,0.6148732,0.70259506,0.999907,0.64030206,0.67613137,0.9997863,0.6446922,0.6704531,0.99979156,0.6481785,0.6652246,0.99975437,0.5998223,0.70794976,0.9998722,0.64673084,0.6538208,0.9994879,0.5990843,0.67051077,0.99993384,0.6171775,0.64781964,0.99980754,0.50296587,0.69388163,0.999959,0.61895716,0.56144685,0.99962723,0.40494806,0.66751343,0.95676374,0.59056175,0.476789,0.9374309,0.3220182,0.6523464,0.913397,0.5854917,0.39584827,0.9139531,0.28748214,0.6683768,0.87403667,0.58831817,0.36615908,0.86147386,0.29018915,0.6637068,0.89752674,0.58698046,0.37012064,0.87452924,0.30353358,0.65362465,0.8983397,0.5833951,0.379106,0.8700741,0.3930212,0.53449863,0.9997514,0.46084496,0.45616627,0.99930394,0.34105432,0.51259005,0.9712921,0.4402217,0.36931387,0.9674315,0.28339428,0.45278338,0.935959,0.38394362,0.37073028,0.8619756,0.286245,0.44006494,0.8168528,0.37651703,0.38168827,0.68819565,0.21828079,0.42774478,0.916408,0.385187,0.3008592,0.8197876
90743_aug.jpg,0.7320488,0.7280386,0.99999774,0.7371582,0.7424513,0.9999918,0.7339435,0.74622715,0.999992,0.7308941,0.74982184,0.9999919,0.7477608,0.7292,0.99998903,0.75137496,0.7237757,0.9999895,0.7544091,0.71915305,0.9999883,0.7177904,0.749511,0.99998486,0.75267696,0.7045314,0.9999763,0.7106319,0.72449917,0.9999964,0.7250487,0.7068946,0.99999523,0.6031087,0.71488845,0.999985,0.69414705,0.59734786,0.99991846,0.4876108,0.6698851,0.9945972,0.6223977,0.49259737,0.9843829,0.3632317,0.63466054,0.99202454,0.5701502,0.37744236,0.9797489,0.32288775,0.6292452,0.97829187,0.5619523,0.3397504,0.9587542,0.32581586,0.62180823,0.9810399,0.5590619,0.34363642,0.964257,0.33985162,0.62288934,0.9790602,0.559634,0.3559751,0.9615608,0.44074288,0.55088675,0.99949825,0.49402285,0.4798638,0.999171,0.29966193,0.42327914,0.9851081,0.34597075,0.37410522,0.97214174,0.18473074,0.31049562,0.97883797,0.20756567,0.27953923,0.95721424,0.17241442,0.29737926,0.77527916,0.19172174,0.27377927,0.63809144,0.13396326,0.27234274,0.9662561,0.15721157,0.2390188,0.94870627
90979_aug.jpg,0.60331154,0.32356405,0.99999607,0.6177187,0.31946763,0.99998546,0.62177044,0.32280394,0.9999862,0.62586576,0.32578585,0.9999856,0.6042069,0.30867133,0.9999801,0.5989398,0.3049459,0.9999807,0.59467906,0.30210614,0.9999802,0.6304828,0.3390858,0.9999701,0.5845251,0.3067825,0.99995255,0.6032275,0.34416074,0.9999937,0.5848203,0.33195245,0.9999918,0.6177651,0.43916973,0.99997616,0.49848086,0.3630564,0.99994624,0.55810773,0.5409907,0.9802562,0.4228726,0.44899923,0.96760446,0.51751935,0.6298805,0.9544629,0.35145313,0.52271146,0.9378235,0.50858253,0.65813017,0.9150069,0.33099,0.54434484,0.89325196,0.50239784,0.6544114,0.922852,0.3367938,0.5479462,0.90233463,0.50319296,0.64321125,0.910616,0.3445363,0.5428038,0.8890363,0.47597685,0.5940081,0.9998221,0.4099303,0.5455383,0.9997359,0.3825606,0.73193765,0.9949137,0.31690764,0.6839711,0.99365187,0.31097817,0.8470458,0.9955167,0.24220766,0.7955931,0.99325776,0.29908246,0.85414255,0.8942459,0.24261107,0.8115363,0.87007755,0.28177887,0.8885995,0.9925823,0.2110591,0.84166384,0.9901922
92449_aug.jpg,0.3844983,0.55400884,0.9999888,0.37099212,0.5553498,0.9999422,0.36824775,0.55189997,0.9999443,0.36589348,0.5488111,0.99993265,0.3796361,0.56573653,0.9999386,0.38269597,0.5693126,0.9999449,0.3858167,0.57324314,0.9999348,0.36561006,0.5387507,0.9997911,0.3951518,0.57325196,0.99982697,0.38827592,0.5377512,0.99996674,0.39955628,0.5526694,0.999967,0.39836752,0.4550931,0.9999567,0.4811182,0.5472817,0.999941,0.47457755,0.37573498,0.9905109,0.5683939,0.49014592,0.9858148,0.5231365,0.29684347,0.98965514,0.6515048,0.45369363,0.98149455,0.53479373,0.27279034,0.97327423,0.68352467,0.44889826,0.96243143,0.53728193,0.27499568,0.9763739,0.6810004,0.4449331,0.96560496,0.5358995,0.283015,0.97179306,0.6703103,0.44331867,0.95873785,0.5643764,0.3480832,0.9995933,0.609863,0.40627626,0.9996971,0.6754338,0.27150688,0.9837219,0.7041932,0.3135299,0.98968554,0.76797,0.19287565,0.9827947,0.80547565,0.2295765,0.98545766,0.7847585,0.18769893,0.89913166,0.814762,0.21944332,0.81589305,0.8025673,0.15394168,0.9798482,0.8408888,0.19856755,0.9795252
94072_aug.jpg,0.10944989,0.35018337,0.9999542,0.10574284,0.3267839,0.9999442,0.10876432,0.3239297,0.9999536,0.11243227,0.3205865,0.999962,0.10318276,0.32821953,0.99992716,0.10408765,0.3268659,0.9999217,0.10528639,0.32524082,0.99992335,0.14540586,0.3071442,0.99996877,0.13697661,0.3118157,0.9998777,0.12871048,0.35937822,0.9999639,0.12583378,0.3624967,0.9999194,0.26114067,0.3532614,0.9999887,0.21944572,0.40370065,0.9994936,0.36367452,0.4684646,0.99798584,0.3139355,0.51599544,0.14521551,0.45016223,0.58362067,0.9943356,0.3621733,0.6323076,0.23274523,0.47995603,0.610631,0.9854558,0.37920505,0.6612588,0.21386924,0.4698233,0.62030476,0.984593,0.37459403,0.66150165,0.22217213,0.45683542,0.61283207,0.9757967,0.37104705,0.6515601,0.23174292,0.43077147,0.58912224,0.99816763,0.3968055,0.6157535,0.9964013,0.58462894,0.7251917,0.92188764,0.55212885,0.73611647,0.46541902,0.70852506,0.8651951,0.91499954,0.6909548,0.8593662,0.5088315,0.7427198,0.881347,0.8878419,0.72247326,0.87239355,0.6016881,0.6628427,0.95849085,0.9003619,0.64502716,0.9512115,0.6987742
95059_aug.jpg,0.10558197,0.5578364,0.9999912,0.091804415,0.548313,0.99997723,0.0916563,0.53921676,0.99997747,0.092020124,0.5295869,0.9999747,0.09637931,0.57002383,0.99997306,0.09953928,0.57665133,0.99997306,0.10325968,0.5828725,0.9999596,0.104370475,0.5132878,0.9999465,0.123283476,0.59263104,0.9999192,0.121579826,0.53824914,0.9999087,0.127424,0.5645741,0.9998246,0.17773965,0.41798538,0.9999895,0.21295397,0.6461272,0.9999757,0.24978004,0.33369458,0.9964503,0.29952586,0.7175522,0.95520073,0.3171472,0.24552687,0.9972128,0.39100713,0.7811921,0.97223186,0.33661246,0.2061046,0.99177176,0.41466528,0.8132071,0.9470333,0.34072652,0.21306178,0.9934324,0.41594675,0.8114334,0.95282525,0.33569604,0.22810856,0.99355376,0.410855,0.79718506,0.9566648,0.40296122,0.43043503,0.9999858,0.4196092,0.5812668,0.99997544,0.51535785,0.40156442,0.9812862,0.5410876,0.5962821,0.9886524,0.6498687,0.33325833,0.99425054,0.68285894,0.611684,0.99266523,0.6742486,0.3408925,0.95004255,0.70546204,0.60266155,0.94222546,0.68620753,0.26804894,0.99196,0.7351315,0.6922772,0.9903134
95251.jpg,0.17867213,0.74874675,0.9999633,0.16436785,0.7455126,0.9998946,0.16014421,0.73747283,0.9998903,0.1561566,0.72910285,0.99987686,0.17987195,0.7624984,0.99988186,0.18627876,0.76662946,0.9998764,0.19290504,0.77029186,0.99983716,0.15857053,0.7095303,0.99972135,0.21713063,0.7699448,0.99964,0.18320012,0.7218905,0.9997223,0.20281067,0.74287575,0.9996105,0.1711823,0.58875537,0.99997485,0.32163724,0.76947725,0.9999584,0.201071,0.47623065,0.99530447,0.43432787,0.7941648,0.9669503,0.2136312,0.3665645,0.99611485,0.5479605,0.7966161,0.96971154,0.21439941,0.32381904,0.9888678,0.58642447,0.8142075,0.9405352,0.21997458,0.32778335,0.99085253,0.585052,0.81029284,0.94732004,0.2215418,0.34295613,0.99119484,0.5723941,0.799779,0.95148915,0.37516373,0.48770717,0.9999685,0.465958,0.6128464,0.99997103,0.4606605,0.4064501,0.97198707,0.57344884,0.5669984,0.99090743,0.54869634,0.27941787,0.9882152,0.70376265,0.5072754,0.9915445,0.57381696,0.27566695,0.9334309,0.7234912,0.48407152,0.9436223,0.54480773,0.20235172,0.9845317,0.7869948,0.5419357,0.9878864
95310_aug.jpg,0.74589825,0.6235486,0.9999956,0.7533331,0.64055765,0.9999815,0.75110835,0.64344466,0.9999808,0.74839306,0.6472153,0.9999788,0.7637588,0.627348,0.9999794,0.76809406,0.62181634,0.99998116,0.77129334,0.6173015,0.99998057,0.74000865,0.6493759,0.99994564,0.77133036,0.6090257,0.99996567,0.7266673,0.62110955,0.9999926,0.73846245,0.6052645,0.99999285,0.6394553,0.6293231,0.9999794,0.7212538,0.5182866,0.9999802,0.5357802,0.56528103,0.9831156,0.6253774,0.43956533,0.99422354,0.4354093,0.5116077,0.9782908,0.537084,0.3631515,0.98872465,0.3996225,0.49850035,0.95049155,0.5171316,0.33143872,0.9747489,0.403618,0.4932691,0.95502365,0.51212823,0.33711326,0.9765928,0.41563758,0.4951802,0.94564396,0.5171818,0.34822926,0.97124344,0.48119557,0.4805813,0.9996935,0.5261835,0.41795123,0.99968266,0.3381133,0.3676643,0.98326164,0.37197137,0.32516897,0.9785886,0.21880415,0.2671244,0.9796531,0.23767048,0.24274163,0.97008914,0.2080895,0.25551432,0.80610347,0.2243109,0.23595494,0.6651992,0.16837367,0.2344904,0.97156477,0.19327429,0.20744789,0.96366185
95811.jpg,0.59999084,0.7111721,0.9999677,0.5949057,0.7312999,0.9999502,0.5883494,0.7339048,0.99995244,0.58174264,0.73627144,0.9999516,0.6125864,0.7253109,0.9999367,0.6174941,0.7238747,0.9999273,0.62188375,0.7223321,0.99992967,0.5651135,0.73632723,0.99993646,0.61420107,0.7178111,0.99987113,0.57806915,0.70006657,0.99988174,0.60003537,0.69462204,0.9998634,0.48481843,0.6863687,0.9994024,0.62696385,0.6290596,0.9993513,0.4825979,0.7691797,0.99746144,0.72246695,0.6926546,0.9932585,0.5132002,0.90306425,0.98203814,0.791078,0.80034804,0.99069244,0.5252961,0.9374168,0.94741577,0.8099733,0.8236617,0.96697456,0.534338,0.939775,0.94416046,0.8028715,0.83226836,0.965067,0.5290527,0.9224521,0.94176173,0.79400206,0.82699805,0.96544236,0.41775012,0.45523652,0.9995441,0.5084981,0.41432616,0.9995285,0.3479759,0.2973066,0.99577373,0.4225449,0.26246423,0.99132675,0.2756743,0.17024568,0.99115926,0.36408862,0.13137099,0.9880134,0.26605672,0.15507644,0.83999455,0.34596568,0.119297415,0.91623414,0.29598045,0.099182546,0.9819842,0.36895582,0.07090503,0.98374975
96695_aug.jpg,0.5281229,0.28229475,0.99999404,0.5385288,0.26835844,0.9999815,0.54665536,0.2680997,0.99998224,0.55467826,0.26800072,0.9999814,0.5173981,0.27014187,0.9999534,0.5092582,0.2715177,0.9999455,0.501322,0.27323622,0.99993265,0.57145077,0.2765472,0.999962,0.49165815,0.28755867,0.99979025,0.5427799,0.30031785,0.9999471,0.51806676,0.30287108,0.9998692,0.6276888,0.35266203,0.9999821,0.45420924,0.36287522,0.9999037,0.68429554,0.4334588,0.99322295,0.41438222,0.44310272,0.98709863,0.75209904,0.51122385,0.9904524,0.3612873,0.50965774,0.99059594,0.7922063,0.52147096,0.975198,0.3409426,0.52730817,0.9796236,0.7886667,0.5255243,0.9787073,0.343359,0.5255345,0.98169625,0.7706032,0.52474433,0.9789731,0.3525034,0.5210693,0.9797791,0.6062717,0.5409847,0.99996316,0.5027654,0.5394778,0.9999136,0.6452527,0.5778895,0.98472947,0.48218638,0.5993637,0.9856112,0.63452387,0.6829772,0.97852176,0.48976147,0.6721953,0.9686686,0.62587154,0.69813323,0.9357373,0.4945432,0.67512757,0.88913214,0.6706616,0.74038035,0.9728664,0.43943352,0.7221845,0.95394903
97315_aug.jpg,0.80038095,0.48826024,0.9999943,0.8186295,0.4966121,0.9999782,0.81805825,0.50233227,0.9999808,0.81741387,0.5089522,0.9999784,0.8200314,0.47867057,0.99997187,0.8200721,0.471765,0.99997497,0.8198523,0.46539235,0.9999678,0.8083253,0.51975876,0.9999609,0.8099731,0.45409518,0.9999466,0.78093827,0.49918976,0.9999901,0.7832049,0.47759247,0.9999856,0.70020896,0.5706211,0.9999852,0.69611037,0.40529382,0.99992824,0.57837087,0.6088585,0.9941802,0.5632898,0.37614024,0.98309684,0.47853106,0.6609685,0.99171054,0.45606124,0.32499307,0.9654875,0.4510172,0.68131787,0.9779914,0.42009127,0.3012972,0.93664473,0.45275444,0.68142223,0.98110825,0.41843197,0.302685,0.9446476,0.45981088,0.67277503,0.9797086,0.42957702,0.31155112,0.9436095,0.45766756,0.5440937,0.99951553,0.45998207,0.4508016,0.99925965,0.27098632,0.53255385,0.9806969,0.27264357,0.4688791,0.9760231,0.11888069,0.52155644,0.9772449,0.13184336,0.47807342,0.955443,0.11145371,0.5161988,0.8451438,0.12188646,0.47912854,0.6779307,0.050133497,0.5238188,0.9633563,0.06132418,0.4819357,0.9384969
97885.jpg,0.69568855,0.29040176,0.9998233,0.7176015,0.29277408,0.99962044,0.7224656,0.2986619,0.9995915,0.7268381,0.30399173,0.99954456,0.70047843,0.2729399,0.99957436,0.69508433,0.2668756,0.99948394,0.6903466,0.2618531,0.9995247,0.73136663,0.32084253,0.99956566,0.67991066,0.2625885,0.9992901,0.69071126,0.3159402,0.99986935,0.6714465,0.29180747,0.99987936,0.6962428,0.42527524,0.9998349,0.59991777,0.28926623,0.99988747,0.61587894,0.51881146,0.98627186,0.49723685,0.27736843,0.9224064,0.61697906,0.4451749,0.9683243,0.5073251,0.34527332,0.7958354,0.6114105,0.4165248,0.93259364,0.5000703,0.36079806,0.69260496,0.627861,0.40351775,0.9288215,0.51984894,0.36502838,0.68277967,0.6284436,0.41053283,0.8982521,0.52274334,0.36391103,0.65993583,0.48391128,0.5420828,0.9989002,0.41528997,0.4666295,0.9996171,0.37369195,0.6403035,0.9905256,0.30037427,0.5838025,0.9931797,0.28068078,0.73830855,0.9830944,0.18845588,0.6847435,0.99171406,0.27423528,0.74770457,0.7262029,0.18416053,0.70403147,0.8884039,0.21094698,0.76722795,0.9739586,0.12754005,0.70878065,0.987421
98106.jpg,0.73187816,0.29083657,0.9995733,0.73525524,0.27176374,0.999616,0.7303919,0.26662207,0.9994893,0.7259538,0.26202822,0.9996057,0.75003505,0.2870575,0.9994167,0.75443536,0.2918694,0.9992229,0.7585506,0.29660085,0.9993344,0.71473867,0.2639882,0.99973804,0.757457,0.30993527,0.99957246,0.7133374,0.29225525,0.9998301,0.73001134,0.3080346,0.9998016,0.59090257,0.3036846,0.9999224,0.72157913,0.42579788,0.99986374,0.4624691,0.39377725,0.99085253,0.63067156,0.56108487,0.9992261,0.31781298,0.43551987,0.9653054,0.5817451,0.70604515,0.9931937,0.28127044,0.44538027,0.9066698,0.5703007,0.74170995,0.97935486,0.27892444,0.4432022,0.8972241,0.56991005,0.74196506,0.9760039,0.29135692,0.44281694,0.84850353,0.5713956,0.72965574,0.9596656,0.42988384,0.5151037,0.9989911,0.49693948,0.58952427,0.9972602,0.251904,0.67965156,0.92040306,0.32176858,0.75484335,0.91794527,0.09167409,0.8029647,0.86669827,0.20226553,0.888458,0.9091295,0.063949615,0.8191689,0.8647043,0.17215958,0.89755434,0.8994224,0.087845504,0.8486532,0.55026,0.20790759,0.94530463,0.6022833
98469_aug.jpg,0.5308191,0.53565496,0.9999361,0.52686703,0.53533524,0.9999285,0.5260203,0.53671396,0.9999224,0.5251544,0.5380938,0.9999305,0.5295148,0.53157043,0.99991477,0.5304908,0.53041226,0.9999056,0.5315061,0.5290701,0.9999025,0.52739185,0.5437195,0.999936,0.5355991,0.5319948,0.9998971,0.5343883,0.54212606,0.99995005,0.53714573,0.5376924,0.9999298,0.5423973,0.5827203,0.99998045,0.570276,0.5461169,0.99995315,0.5708693,0.6229246,0.9954406,0.621973,0.5677267,0.99547786,0.589656,0.66724753,0.9939454,0.6655877,0.57880414,0.98953444,0.5956675,0.68139946,0.98265487,0.67835414,0.5810809,0.9740602,0.5970023,0.6817072,0.9811778,0.6776164,0.5816855,0.97013026,0.59584063,0.67574865,0.96706367,0.6729947,0.5814082,0.95391583,0.6193174,0.63870734,0.9993349,0.6385636,0.615575,0.9987834,0.6764307,0.6887325,0.971809,0.70008147,0.6627086,0.9728775,0.7409251,0.7392417,0.9447488,0.7682679,0.708182,0.9639906,0.7458513,0.7425228,0.9523132,0.76773447,0.71785855,0.95519334,0.746076,0.7405633,0.8573414,0.7807623,0.70173234,0.8813087
99356_aug.jpg,0.47339135,0.87324715,0.99999726,0.45822567,0.88852274,0.9999887,0.45153317,0.887457,0.99998915,0.4460575,0.8861454,0.9999888,0.4821317,0.8912375,0.9999856,0.48961714,0.89131665,0.99998665,0.49689463,0.89121294,0.9999846,0.4377011,0.87487125,0.9999757,0.50536877,0.8819432,0.99996746,0.46209097,0.8488599,0.999995,0.4896086,0.8538655,0.9999932,0.40180042,0.74228394,0.99998534,0.57062334,0.75941014,0.9999366,0.39217407,0.6011547,0.9895314,0.5970015,0.61523914,0.9643569,0.35455287,0.47694662,0.98507106,0.65492135,0.5063496,0.963294,0.3346698,0.44130862,0.96579903,0.6812641,0.47611928,0.9368625,0.3398257,0.43838325,0.9701515,0.67646515,0.474278,0.94423103,0.34664935,0.44995126,0.96751827,0.66565233,0.48387456,0.93927395,0.46417767,0.49424788,0.9997342,0.5587211,0.50316846,0.9994685,0.501817,0.28538275,0.979087,0.55938876,0.2936229,0.9549668,0.5315078,0.09553629,0.9800071,0.5673858,0.10384387,0.9528427,0.5372612,0.08104083,0.75013775,0.5660673,0.08803469,0.63690716,0.5381802,0.03148672,0.9693821,0.57362956,0.041202277,0.95092976
99401.jpg,0.80361795,0.15795541,0.99999726,0.81838083,0.14325625,0.9999901,0.82576233,0.14440274,0.9999908,0.8322506,0.14562458,0.9999908,0.7946708,0.14012447,0.9999856,0.786966,0.13926172,0.99998546,0.77985513,0.13837457,0.9999839,0.83977646,0.15783906,0.999985,0.7699734,0.14739606,0.99996626,0.81537145,0.18145084,0.9999962,0.78618586,0.17548996,0.99999404,0.8708725,0.287034,0.9999882,0.69461447,0.25950134,0.9999213,0.86125326,0.4350634,0.9909168,0.6522765,0.40657008,0.95998675,0.8930122,0.5654393,0.98738563,0.5882905,0.51566166,0.9584103,0.90705305,0.60683924,0.9724433,0.56258607,0.5502777,0.93056345,0.9023468,0.60932463,0.97562194,0.5721484,0.55386645,0.93865806,0.89762676,0.5955915,0.9712144,0.5839364,0.5433502,0.9305946,0.78104335,0.5481876,0.99964774,0.6845618,0.52987474,0.9993042,0.73262984,0.76425827,0.9787078,0.6614767,0.7487248,0.9647645,0.67926526,0.95941716,0.97799677,0.6357181,0.9465481,0.95656073,0.67132556,0.9742173,0.7334275,0.6371838,0.96908057,0.67982984,0.6549413,1.0333718,0.96706253,0.61413705,1.0159292,0.95132655
