1024_aug.jpg,0.61470604,0.07991293,0.99916863,0.605022,0.056190223,0.99819773,0.60209036,0.055185586,0.9983411,0.59876716,0.054027647,0.99870574,0.60345936,0.05651024,0.99879336,0.59968853,0.056030244,0.9991235,0.5957246,0.055473924,0.9992324,0.5624933,0.055851012,0.997145,0.5659038,0.059103817,0.9988795,0.6004168,0.09910861,0.9988702,0.59794044,0.097809374,0.9990907,0.4858407,0.15894005,0.9993862,0.5377368,0.18258639,0.99984205,0.620103,0.2976886,0.58972895,0.68083817,0.31780186,0.99095696,0.7530048,0.4139515,0.64630824,0.8129522,0.4621242,0.9864835,0.7779149,0.3985497,0.5895464,0.85132354,0.441467,0.9787178,0.78380644,0.39775017,0.5971852,0.847674,0.43132362,0.97461414,0.7741556,0.40584266,0.5755335,0.8332845,0.43991923,0.95611054,0.43777615,0.4108365,0.9933861,0.4692553,0.4325144,0.99409443,0.36816466,0.63409066,0.32304505,0.39264867,0.66493297,0.9045852,0.27826786,0.83558214,0.61188793,0.29296026,0.870757,0.95325047,0.24707584,0.8622085,0.7287452,0.2577628,0.89903486,0.9521856,0.3496973,0.9063272,0.7345773,0.36992443,0.9313841,0.9255533
10561.jpg,0.6987126,0.71883845,0.9997106,0.7158896,0.7135434,0.99942255,0.71723145,0.7114025,0.99948776,0.7187813,0.70917314,0.99960226,0.71647596,0.7121809,0.9996228,0.7178583,0.70937765,0.9997322,0.71932876,0.70642334,0.99978584,0.7248057,0.68374497,0.99918777,0.72121036,0.68368787,0.9996933,0.6891733,0.7035984,0.999542,0.6903919,0.7019136,0.9997477,0.65235317,0.6149082,0.9987362,0.63868743,0.6273554,0.9999212,0.5230615,0.70125026,0.44889247,0.49420696,0.74093914,0.99502915,0.42195424,0.80419874,0.5504767,0.38441595,0.8593658,0.9939573,0.43648946,0.82430387,0.53072137,0.39634982,0.89721227,0.98943233,0.4334072,0.8319918,0.54799783,0.4068444,0.8972454,0.987519,0.423986,0.8252994,0.5371193,0.39955592,0.8833547,0.97720313,0.4396382,0.5254506,0.99710256,0.42376238,0.51298463,0.9989498,0.26233286,0.49098888,0.4253327,0.24618539,0.4916529,0.98283136,0.13574961,0.4043424,0.77622795,0.0877552,0.40901464,0.9890953,0.1122801,0.3781027,0.830871,0.07201034,0.3799721,0.9845679,0.08205733,0.46598393,0.87385887,0.03717372,0.48351318,0.9786814
10954.jpg,0.20379212,0.42440706,0.9999771,0.19826782,0.3864048,0.9999769,0.20653522,0.37618366,0.99997556,0.21464095,0.36668217,0.99997056,0.17824367,0.40829265,0.9999645,0.17234391,0.4127688,0.9999701,0.16683963,0.4170532,0.99998486,0.24024382,0.3361755,0.9999424,0.17171973,0.40393302,0.9999734,0.24105963,0.42136142,0.9999505,0.21410054,0.44428748,0.9999796,0.40611959,0.3359889,0.99865013,0.20360419,0.49000958,0.99983776,0.551246,0.6073458,0.994416,0.31281602,0.72225714,0.9431503,0.64439446,0.8349458,0.9809991,0.40056247,0.93674886,0.9551621,0.65901077,0.8784918,0.9204878,0.39140475,0.99623024,0.91688395,0.62946975,0.88284445,0.9246084,0.40338954,0.9846082,0.93402964,0.62235236,0.8737954,0.8945444,0.41509378,0.9608234,0.93189776,0.58714294,0.41432577,0.999833,0.4762318,0.48578802,0.9978103,0.7177499,0.4440087,0.9133427,0.5902943,0.49461812,0.17028181,0.7969277,0.4615407,0.93505955,0.62300575,0.47293276,0.24554698,0.797289,0.43518728,0.76422805,0.62313855,0.45444125,0.206801,0.8163071,0.52971625,0.9139339,0.68066174,0.5414254,0.59028316
12060_aug.jpg,0.52544546,0.11230427,0.9986726,0.5058517,0.10318303,0.99706775,0.5042691,0.103774965,0.9974159,0.5023837,0.10444078,0.9981889,0.5036652,0.10506499,0.998147,0.5008891,0.1070112,0.99840814,0.49782503,0.10901454,0.9984938,0.48671678,0.12634772,0.99624157,0.48322397,0.13144323,0.99704957,0.5313557,0.13133809,0.9983216,0.5276201,0.13507918,0.99819916,0.55901504,0.23437092,0.99685377,0.50353205,0.23217598,0.99907565,0.6990398,0.2606129,0.5927332,0.67078817,0.24263328,0.97260314,0.84626937,0.2961709,0.6501951,0.8423357,0.27137557,0.93790025,0.8661871,0.28269166,0.579353,0.8518208,0.24162704,0.919032,0.86992717,0.27688175,0.6043049,0.84566575,0.23194505,0.9052191,0.86459386,0.2839778,0.60407203,0.8697437,0.2552947,0.8504773,0.586261,0.47241765,0.98889077,0.56555325,0.47199312,0.99175876,0.61436355,0.67083263,0.24180059,0.6281917,0.6612862,0.96150875,0.6705168,0.8385296,0.57429206,0.68574536,0.8521778,0.9644301,0.6645392,0.8724791,0.6757883,0.6765724,0.8843299,0.9446488,0.7699009,0.8417888,0.74136376,0.79315096,0.8557795,0.93894356
12093_aug.jpg,0.61171633,0.14313176,0.9901328,0.5931417,0.120428085,0.98539704,0.59047943,0.12031776,0.98398685,0.5874332,0.12009221,0.98586303,0.5892839,0.120211124,0.9911321,0.5842081,0.120352685,0.991719,0.578648,0.12065321,0.99231064,0.5578242,0.12236583,0.97224075,0.5545572,0.12479347,0.9901243,0.6039389,0.16365996,0.99122673,0.5991279,0.16269258,0.99335164,0.50199544,0.21006337,0.99139774,0.5307995,0.23502538,0.99850756,0.65293425,0.3736924,0.21848631,0.68640226,0.42799357,0.9801332,0.7998431,0.39921325,0.303,0.8606479,0.60472566,0.89207315,0.8193574,0.37952182,0.31768683,0.910648,0.63416624,0.84506094,0.83360505,0.37872797,0.33109152,0.91663724,0.6285321,0.83148295,0.827274,0.3953693,0.3120625,0.89830804,0.62113345,0.77674496,0.45237854,0.5791978,0.99043626,0.45909485,0.5938114,0.9941788,0.37487307,0.7584675,0.25243348,0.3653858,0.76386046,0.7915539,0.2933517,0.89997756,0.5574795,0.29491436,0.9253119,0.8938106,0.24955018,0.93175244,0.69147545,0.25416562,0.9416646,0.89005727,0.3651539,0.9858723,0.63178486,0.37137008,0.99274564,0.80199087
12150_aug.jpg,0.6883558,0.8464497,0.99968743,0.6725837,0.86034375,0.9997317,0.6700287,0.8597684,0.99972266,0.6671263,0.8591595,0.9997546,0.67309976,0.86101127,0.99968815,0.6709255,0.86101604,0.9996846,0.66845983,0.8610933,0.9997696,0.6425366,0.8452935,0.9996902,0.6451119,0.84841466,0.9996315,0.6830611,0.82531303,0.99973637,0.6840715,0.82613087,0.9995764,0.6261015,0.7317256,0.9998697,0.62983763,0.7230661,0.999169,0.7691455,0.65989393,0.994111,0.76702845,0.65767485,0.2682419,0.89976114,0.61026156,0.9853043,0.88090444,0.6116548,0.33948258,0.9234556,0.63174033,0.9757052,0.89982784,0.63744456,0.36283103,0.92160654,0.6411498,0.97370726,0.9040643,0.63930917,0.37765014,0.9139966,0.6294969,0.9568407,0.8982717,0.62626964,0.40009037,0.60752916,0.45876673,0.99543506,0.6078711,0.46173668,0.98748535,0.6023892,0.2434011,0.874383,0.6047104,0.2486619,0.13410327,0.5846013,0.04553482,0.944848,0.58702815,0.06540665,0.3847184,0.5711401,0.017255396,0.9520253,0.57552314,0.027699053,0.6068681,0.6652851,0.03376007,0.9261634,0.66496986,0.04456806,0.6406036
12549.jpg,0.62962127,0.43117452,0.99999976,0.6411496,0.43262294,0.9999981,0.6414106,0.43362668,0.9999981,0.6421461,0.43550467,0.9999975,0.63931584,0.42774045,0.99999905,0.6384816,0.42630363,0.99999845,0.6369952,0.42133784,0.999998,0.63524425,0.4364009,0.99999845,0.6292,0.4236822,0.9999994,0.62013376,0.43997422,0.9999982,0.6176801,0.43208173,0.99999857,0.5943556,0.51808304,0.9999938,0.5400632,0.3638698,0.99999964,0.6500311,0.6770805,0.9901309,0.49032807,0.22450863,0.9369886,0.70180273,0.8338008,0.94821537,0.42375344,0.0676125,0.8401328,0.71170694,0.8676053,0.8780943,0.42879632,0.03515321,0.74493366,0.7148647,0.8751233,0.9013483,0.43113238,0.030142695,0.7739786,0.70820856,0.86372507,0.93548906,0.42415684,0.039165825,0.8250902,0.43519568,0.46487698,0.99996495,0.37921172,0.39967972,0.99999654,0.53796214,0.66746235,0.9300728,0.19833313,0.3307377,0.99764854,0.658715,0.8718046,0.9298513,0.038988322,0.2861979,0.9984127,0.65766704,0.89876294,0.9312989,0.025576144,0.28485733,0.99125063,0.72282076,0.9064201,0.9586878,-0.008348495,0.2678218,0.99672854
12655.jpg,0.34405845,0.77187055,0.9996971,0.3288152,0.7594416,0.999734,0.32870126,0.75645274,0.9997249,0.32844704,0.75351894,0.9997737,0.3283112,0.7623503,0.9996952,0.32783616,0.7611584,0.99973124,0.3271923,0.7597216,0.99983656,0.33630684,0.73085374,0.99958616,0.33279088,0.73880047,0.9997012,0.35930288,0.76318014,0.9994623,0.35849553,0.7664526,0.9992587,0.4137847,0.68964237,0.99974483,0.41894144,0.6942241,0.9991683,0.56700295,0.75885683,0.99641514,0.5635419,0.7484646,0.72003335,0.699297,0.82848597,0.99151295,0.68071187,0.8049329,0.7029288,0.7016978,0.8616681,0.9862518,0.67846054,0.8236122,0.63336605,0.6960071,0.8632207,0.9830247,0.6802033,0.8284585,0.6392811,0.69693315,0.8499563,0.97459567,0.68527603,0.8204932,0.6427629,0.53087103,0.52797323,0.9979906,0.5236468,0.5373161,0.99669397,0.7053467,0.4643613,0.9614566,0.69836104,0.4642682,0.2844795,0.8758728,0.40346617,0.98788935,0.85054815,0.39525235,0.6897307,0.8993106,0.3792553,0.98508817,0.8704512,0.3679347,0.73299456,0.92710507,0.4464181,0.98017305,0.8979237,0.43179855,0.79100853
12969_aug.jpg,0.30642393,0.7645624,0.9997857,0.2861138,0.7959636,0.9997881,0.28483447,0.79934686,0.9997774,0.28396192,0.80318964,0.9998549,0.29667628,0.7963878,0.99980634,0.30275258,0.80014896,0.99978226,0.30939898,0.8049327,0.9997583,0.32213822,0.83849907,0.99967754,0.35830685,0.8386178,0.99947876,0.33046615,0.7539402,0.999783,0.34058875,0.75447893,0.9997129,0.3869231,0.79824835,0.9993556,0.5680537,0.71453685,0.9934918,0.2545157,0.57251513,0.86678445,0.41182992,0.4332617,0.9811989,0.115260005,0.41050786,0.9851526,0.26111177,0.18827781,0.98575205,0.06120658,0.39837888,0.9688289,0.20994425,0.15705058,0.9773367,0.07060927,0.39027297,0.9721472,0.19048971,0.17663974,0.97862387,0.09708631,0.38978708,0.97279346,0.20567703,0.18380547,0.9673456,0.65337276,0.51821494,0.99599093,0.7232822,0.48771065,0.99710935,0.7260072,0.39259353,0.10537798,0.7568788,0.36438054,0.77809095,0.7956493,0.3122828,0.14770396,0.81984985,0.2583328,0.9030211,0.819026,0.3142479,0.15344118,0.8461682,0.2607643,0.7482197,0.7576346,0.23725995,0.682223,0.76646984,0.19814429,0.90581757
13020_aug.jpg,0.40679702,0.32449389,0.9994591,0.4052282,0.32108557,0.996911,0.40825158,0.32226625,0.9977043,0.41131794,0.3234355,0.99666876,0.39289838,0.32368422,0.9982868,0.38721514,0.32703692,0.99881136,0.3812223,0.3307272,0.9983272,0.40853256,0.34020457,0.9970799,0.37143326,0.35183266,0.99906284,0.4162821,0.33975178,0.9974578,0.39916098,0.34169498,0.9976667,0.492033,0.39772812,0.9994555,0.32061452,0.46402097,0.9978453,0.62991524,0.3173185,0.99945086,0.1971571,0.5427081,0.9814441,0.75333583,0.2186448,0.9987469,0.071342915,0.6013076,0.9505094,0.78386813,0.19177756,0.993672,0.034173697,0.6081701,0.89166325,0.78497523,0.18548694,0.9949787,0.030945987,0.6056603,0.9087427,0.7727299,0.19593486,0.99653924,0.042746305,0.60694885,0.9219464,0.46052206,0.66141284,0.99330246,0.361119,0.65884745,0.99124897,0.39793557,0.8451562,0.8133892,0.32783458,0.8439561,0.8197865,0.35592252,0.9848666,0.6958489,0.32622862,0.9786452,0.58199286,0.35214362,0.98483753,0.49983364,0.31397164,1.0099765,0.3739236,0.3472216,1.0277851,0.6793362,0.30393758,1.0590165,0.5754964
14335.jpg,0.8675386,0.3376584,0.99837935,0.877481,0.31382996,0.9975719,0.8764407,0.3095067,0.9969434,0.87537754,0.30529803,0.9981918,0.8773415,0.31813705,0.9984622,0.87620276,0.316851,0.99838305,0.8744499,0.31517833,0.9988587,0.86119694,0.28790674,0.99458635,0.8623652,0.30070406,0.99794286,0.84780264,0.33937192,0.9975133,0.8473443,0.33979994,0.9980236,0.7609819,0.3083526,0.9982216,0.73425305,0.32774603,0.9996057,0.66763043,0.5602078,0.4236937,0.6727672,0.5981346,0.9444662,0.6404725,0.81702554,0.39339915,0.6293589,0.86174846,0.93191785,0.65508395,0.8711368,0.33274505,0.64730513,0.9198605,0.90223634,0.663708,0.8550266,0.35633954,0.6582123,0.9184171,0.8876653,0.6511619,0.8718865,0.3483194,0.64773536,0.90039396,0.7964069,0.4608723,0.4769502,0.9951997,0.44219083,0.47576612,0.9969368,0.27316386,0.56643426,0.18459232,0.23709379,0.5439126,0.7265085,0.101783544,0.5851814,0.26228568,0.0608795,0.61617935,0.6429884,0.06595546,0.58010435,0.33183655,0.04296887,0.57985336,0.56434137,0.088866085,0.67971754,0.46175602,0.047676742,0.71883285,0.6175183
14450.jpg,0.7481421,0.70713246,0.9997421,0.7657372,0.698068,0.9994935,0.76656795,0.69602084,0.99940014,0.7675582,0.6936924,0.99968505,0.7659203,0.6953346,0.99967444,0.76670337,0.69132626,0.9996458,0.767604,0.68721455,0.9997807,0.7670908,0.6674082,0.9989176,0.76604396,0.66077554,0.9993937,0.7339902,0.70015955,0.99951875,0.7344466,0.69573504,0.99964607,0.6648029,0.64772695,0.99917513,0.6857593,0.61883813,0.99984753,0.55419403,0.7598352,0.49465787,0.56674653,0.76605046,0.9411004,0.4550524,0.9090061,0.40663475,0.48086873,0.9030912,0.9092665,0.4510077,0.9546108,0.3823871,0.4557878,0.95372206,0.8926158,0.45920372,0.9485074,0.40309885,0.46442485,0.9525398,0.87538874,0.45609257,0.94969565,0.41358447,0.46624693,0.9423227,0.7901256,0.46115053,0.5580599,0.99641514,0.47447026,0.55148387,0.9993556,0.33622387,0.47432125,0.2582541,0.29147792,0.62759215,0.9816144,0.2037096,0.375449,0.7539571,0.079413295,0.63511735,0.99384755,0.19192457,0.33760256,0.73302764,0.052241504,0.6198732,0.98277503,0.14810684,0.4283073,0.80299497,0.030288845,0.7343157,0.98646194
14746_aug.jpg,0.74832267,0.74342346,0.99996233,0.7596159,0.74358785,0.99996436,0.7602986,0.7401168,0.9999596,0.7608454,0.7366451,0.999966,0.75983405,0.7473387,0.9999676,0.7604495,0.74643576,0.99996567,0.76131755,0.7451974,0.99997115,0.76328,0.71604383,0.9999645,0.76398355,0.7272683,0.99997723,0.74153334,0.7238178,0.9999597,0.7413424,0.7276871,0.9999697,0.70474315,0.6182651,0.99947196,0.74153024,0.67336905,0.99998164,0.7199397,0.4301493,0.58094746,0.7531132,0.4890164,0.9582587,0.7260129,0.27354354,0.70880175,0.78748995,0.31980726,0.957074,0.7160488,0.2422387,0.66666657,0.8098452,0.28232056,0.9249908,0.7271248,0.2371049,0.66157615,0.7983241,0.27283674,0.9176405,0.7286069,0.24904421,0.6013776,0.786599,0.28303385,0.8956138,0.5514982,0.46213034,0.99929225,0.5539427,0.5000352,0.9994679,0.3944332,0.32506603,0.19644317,0.4160886,0.32296908,0.93103135,0.2825575,0.121417195,0.37294737,0.2864505,0.11778173,0.9214831,0.28371584,0.108471245,0.5663567,0.29391992,0.10157555,0.9207041,0.20794782,0.12329081,0.51785624,0.20194617,0.122309685,0.8782656
15730_aug.jpg,0.41895232,0.14805901,0.998461,0.43630037,0.13646144,0.9984067,0.43865252,0.13792798,0.9984617,0.4413923,0.13949805,0.9987571,0.4352606,0.13579085,0.9981352,0.43666986,0.13664025,0.9982998,0.43841335,0.13730884,0.9987369,0.4594288,0.15959248,0.996906,0.45670933,0.15341628,0.99764854,0.41924915,0.16840601,0.99756706,0.4171399,0.1676695,0.99608517,0.44883823,0.24200992,0.9981055,0.47061235,0.24988632,0.9900159,0.28228584,0.21147713,0.97537327,0.3055321,0.21856299,0.20139582,0.1382564,0.17404276,0.9517299,0.17919731,0.1894775,0.2075664,0.105264306,0.14728189,0.9346347,0.16805932,0.16023374,0.23173892,0.109577805,0.13779876,0.92371035,0.15671077,0.15691417,0.23526353,0.12054071,0.15010455,0.8904997,0.15999216,0.17035699,0.2625626,0.48932436,0.5117805,0.9981597,0.48534015,0.4932103,0.99645764,0.274539,0.5865172,0.969017,0.28017485,0.58061033,0.23630188,0.078917146,0.7074486,0.96808416,0.09091255,0.6946011,0.45384058,0.063260466,0.7425496,0.9447762,0.07662848,0.7381197,0.57244694,0.008977741,0.665026,0.94121903,0.03183782,0.6555959,0.5879452
16459_aug.jpg,-0.0062142015,0.65666914,0.9837339,-0.05265987,0.63396025,0.9774189,-0.057748556,0.6199936,0.97820574,-0.06272733,0.606037,0.9806058,-0.043724477,0.666322,0.97072506,-0.04245466,0.6776093,0.96315545,-0.041137874,0.68887025,0.96345645,-0.076918066,0.57137,0.9735121,-0.048241377,0.6869103,0.9606998,0.030743122,0.6038259,0.98858005,0.031541646,0.6453912,0.9857035,0.010502875,0.41206378,0.99861,0.07803172,0.74687034,0.9972607,0.23880172,0.3233233,0.82513,0.23641434,0.8566733,0.61211157,0.18682122,0.49634808,0.8135483,0.27452838,0.7912557,0.41626453,0.19666979,0.5291736,0.7684496,0.31851166,0.7412064,0.37373286,0.18257087,0.4964106,0.76617306,0.2417275,0.7277968,0.37659958,0.18520421,0.49716824,0.72238463,0.23919335,0.7256594,0.3871512,0.51899135,0.35089648,0.9930662,0.56265634,0.5447717,0.9941922,0.89052683,0.25041434,0.8536655,0.84000456,0.41039336,0.90861666,0.97930825,0.22219212,0.5442865,0.9330095,0.3140306,0.5955606,0.92992485,0.23842387,0.3658636,0.9416476,0.28212282,0.4250937,1.1132406,0.21889344,0.46242806,1.1051785,0.2614951,0.48807475
16874.jpg,0.4755692,0.91622055,0.99994993,0.49790946,0.92501175,0.999931,0.50059825,0.92442095,0.9999379,0.5035402,0.9234086,0.99995613,0.49617422,0.92320514,0.99996185,0.497276,0.9217197,0.9999708,0.49859843,0.9198998,0.99997497,0.5176066,0.90117574,0.99988294,0.5080719,0.90095466,0.999956,0.46927226,0.8980726,0.9998907,0.46765423,0.8958812,0.99992514,0.52691215,0.79307806,0.99950206,0.4324407,0.7951138,0.99998176,0.38533092,0.7116377,0.18676321,0.26983738,0.67449653,0.99424535,0.2786323,0.65110487,0.16228415,0.080489546,0.59100485,0.98120856,0.27186203,0.65503216,0.16711637,0.025568128,0.58550596,0.97350025,0.2703822,0.6555135,0.16559802,0.021813631,0.5945843,0.9671939,0.25624275,0.6479679,0.17090228,0.0475004,0.59359366,0.93704903,0.52308756,0.5804016,0.9984107,0.45821896,0.57167625,0.99978834,0.5040535,0.37879574,0.4414793,0.44099298,0.34686285,0.9922449,0.4984133,0.19800153,0.8047914,0.44173157,0.1280914,0.9947748,0.5110274,0.16884786,0.8074009,0.4578625,0.08836046,0.98496485,0.42212206,0.18647802,0.86401004,0.33457795,0.104881585,0.98564744
17693_aug.jpg,0.17663264,0.6067751,0.9996464,0.18193653,0.63261884,0.9995272,0.18347228,0.633168,0.99955124,0.18540618,0.6336616,0.9997292,0.1854387,0.6316441,0.99965715,0.18928465,0.6314799,0.999684,0.19371861,0.63119394,0.9997472,0.21548611,0.6310734,0.99960095,0.2231197,0.62824154,0.9994597,0.18891707,0.5861074,0.99967706,0.19287807,0.5863616,0.99952686,0.29194152,0.54615486,0.991667,0.2848123,0.5211075,0.9990007,0.2101771,0.39368695,0.6675103,0.18406117,0.35319194,0.9882031,0.092197835,0.40464234,0.5545698,0.06575334,0.39627153,0.9775188,0.059469193,0.4154281,0.43710938,0.03907898,0.40660596,0.96332496,0.0658896,0.42369285,0.43805456,0.051273286,0.42066687,0.9577246,0.077373505,0.42096433,0.46586895,0.060759008,0.41930273,0.9389257,0.5024331,0.459585,0.9970222,0.5004612,0.43724477,0.99825794,0.6720532,0.34080184,0.3752865,0.67584324,0.33727258,0.9857129,0.8180338,0.22046243,0.6598378,0.83498037,0.20306326,0.9835459,0.8526983,0.21649845,0.76398575,0.8778169,0.19988891,0.9753204,0.7989515,0.13383546,0.75254864,0.8200363,0.11747575,0.96368766
17809_aug.jpg,0.78557146,0.6426784,0.9872207,0.7974733,0.62646973,0.97848994,0.79715896,0.62414336,0.9802264,0.7968173,0.62152815,0.98628867,0.79611397,0.62510365,0.98536193,0.79480076,0.62180847,0.9868571,0.7933474,0.6180947,0.9875349,0.77763176,0.5961596,0.96989405,0.77381694,0.5962987,0.9827587,0.76290166,0.6440684,0.9831268,0.76113534,0.6416043,0.9833855,0.6688093,0.59684044,0.9946091,0.6591302,0.6186074,0.99828136,0.5972637,0.73786014,0.28136346,0.5922253,0.76892984,0.9714787,0.545748,0.8757999,0.32734844,0.5435756,0.90901065,0.9589971,0.55138373,0.9134288,0.31226617,0.54933816,0.94268584,0.9428646,0.5579916,0.92207885,0.3341786,0.55782276,0.9444396,0.9344196,0.55185354,0.910636,0.34093496,0.5534922,0.93474793,0.87642527,0.4213414,0.61255527,0.9777908,0.4164969,0.6263831,0.97079885,0.22850998,0.63140225,0.21108238,0.2082017,0.6232008,0.87900686,0.047276318,0.6441961,0.5155119,0.030273944,0.6423692,0.92996657,0.026617527,0.633552,0.6329285,0.014753997,0.6291679,0.90638804,0.012660354,0.68815374,0.6731863,-0.006519288,0.69441724,0.9022682
18069.jpg,0.7825792,0.39127058,0.99774337,0.78223366,0.3683861,0.99714535,0.7805896,0.36692384,0.99741995,0.77856976,0.36523426,0.998259,0.7797724,0.3671896,0.9977336,0.7764816,0.36497104,0.9980951,0.7728584,0.36259803,0.9983779,0.75219595,0.35782796,0.9971264,0.7485641,0.35748225,0.99832207,0.7681391,0.4049739,0.996436,0.7648871,0.401852,0.99612135,0.6769477,0.43161845,0.99012625,0.6741894,0.42867962,0.9977042,0.776254,0.564716,0.30565724,0.7786257,0.57264674,0.95281154,0.89507526,0.5124644,0.25149372,0.89573205,0.51678836,0.94199526,0.92998135,0.49788284,0.23227042,0.9357036,0.50152236,0.9271024,0.9289584,0.48857754,0.2386952,0.9323075,0.48859715,0.91649026,0.9154275,0.49184084,0.24901281,0.9170733,0.49226555,0.85705006,0.48353696,0.56122464,0.9973018,0.48438278,0.5640342,0.99734503,0.3423134,0.6983826,0.12711772,0.3480304,0.70098484,0.93595904,0.231594,0.8346958,0.3468056,0.22536263,0.8436837,0.949925,0.19931558,0.8498841,0.49664634,0.18961337,0.85654104,0.9398354,0.29327542,0.9073417,0.56595135,0.2900105,0.917976,0.91998416
18202.jpg,0.17768303,0.7824421,0.9969291,0.18109037,0.80463827,0.9951593,0.18318954,0.8060448,0.996296,0.1851651,0.8072846,0.99708945,0.18052037,0.8032145,0.99552464,0.1822602,0.8038216,0.9969177,0.18390977,0.8042518,0.99691975,0.2133578,0.8034531,0.9957853,0.21074556,0.8007302,0.9965538,0.19615316,0.7645109,0.99628973,0.19607958,0.7637881,0.9965005,0.3118731,0.7003781,0.998478,0.2828117,0.704648,0.99972636,0.22873685,0.51616937,0.36426482,0.20074354,0.49304673,0.96892333,0.12644628,0.32763642,0.32988444,0.095618725,0.27885526,0.9569489,0.097292155,0.32513908,0.28861973,0.054926723,0.27796543,0.9426099,0.08501381,0.3151689,0.29944256,0.050332814,0.28473794,0.92958844,0.096658945,0.3094391,0.29851174,0.0663155,0.28216484,0.87671304,0.47593057,0.5008732,0.99427235,0.4647409,0.489676,0.99448293,0.6174199,0.29909474,0.10502796,0.6149682,0.29385203,0.88725376,0.74063313,0.102960706,0.31931928,0.74892235,0.08224866,0.93950576,0.77644295,0.08819017,0.49154288,0.7868296,0.06545594,0.94302464,0.7001463,0.018829554,0.47629783,0.6960644,-0.0029898882,0.89659476
18308.jpg,0.24612874,0.5044161,0.99767,0.25499243,0.48887625,0.9977344,0.2569135,0.4884288,0.9977203,0.25887445,0.4881805,0.9981621,0.25467008,0.4883284,0.99647224,0.2562607,0.48754627,0.99645954,0.25796396,0.48681992,0.9978508,0.27551723,0.49071413,0.99738675,0.27514708,0.4880362,0.9961636,0.25594807,0.5180322,0.9973341,0.2551689,0.51754534,0.9968226,0.3341112,0.55036104,0.99919623,0.32531184,0.54296863,0.9981364,0.34183657,0.6932183,0.9791533,0.32937804,0.6641772,0.18912882,0.3296981,0.8354231,0.9531945,0.31086466,0.7844288,0.19049218,0.31650716,0.84806055,0.92224544,0.30514315,0.80619216,0.18407339,0.30784488,0.8455738,0.9177351,0.3106358,0.81854784,0.18646742,0.315773,0.84332556,0.8655124,0.31702346,0.8187741,0.1878821,0.46597338,0.6703924,0.99496174,0.4606837,0.6632871,0.99208367,0.5703345,0.7795271,0.7775172,0.5631332,0.7784835,0.16427532,0.67916626,0.86647063,0.83747494,0.678002,0.8656782,0.37949082,0.69757974,0.86898506,0.831706,0.70056677,0.8665614,0.49024364,0.6950943,0.9182426,0.8172175,0.69085443,0.90573627,0.537215
18504.jpg,0.63274133,0.6941886,0.9996755,0.62395775,0.70304835,0.9996364,0.6231375,0.7026577,0.9996939,0.6222237,0.7022532,0.9997036,0.623502,0.70257056,0.9994067,0.6223633,0.7019463,0.99943954,0.6211409,0.7013279,0.9995915,0.615146,0.68997353,0.9996735,0.61544317,0.6904019,0.9992866,0.63331187,0.6796887,0.9995442,0.63356084,0.6782041,0.9992926,0.6076832,0.61553574,0.9999354,0.60954434,0.6017934,0.9987373,0.7019176,0.5211147,0.996932,0.7012405,0.51469535,0.5014552,0.78874874,0.42872655,0.9936785,0.7780209,0.4366855,0.54060864,0.8135178,0.4269824,0.9882116,0.8011776,0.43462855,0.4853323,0.815776,0.43255588,0.9872557,0.804333,0.43564358,0.49561247,0.8062807,0.43036953,0.9748824,0.7970067,0.43244818,0.48412812,0.54674715,0.44881824,0.9977539,0.5533905,0.44997072,0.99566096,0.52508277,0.3120729,0.9666727,0.5299777,0.312787,0.2815656,0.48820922,0.1731511,0.98283076,0.49159247,0.17940816,0.7438331,0.46842825,0.15551016,0.96784735,0.47401243,0.16046688,0.76002055,0.54055727,0.12754554,0.9786925,0.54067796,0.13487026,0.8623498
19937_aug.jpg,0.20831737,0.5531367,0.99928963,0.20228162,0.5742185,0.9985905,0.2031838,0.5767994,0.9988661,0.20424977,0.57956713,0.9990351,0.2029855,0.574872,0.9989272,0.20430124,0.5775592,0.99928975,0.20584935,0.5803853,0.9993783,0.22384188,0.59588355,0.9983929,0.22397622,0.5928774,0.99920124,0.22652286,0.5506404,0.9988887,0.22758058,0.5517624,0.9993538,0.32405478,0.5673945,0.99815434,0.3083949,0.5487805,0.99985945,0.31600773,0.41198036,0.36003006,0.29481682,0.3775713,0.98814094,0.27981386,0.28048337,0.41862714,0.2493307,0.22263561,0.98512924,0.2581756,0.2805128,0.4046302,0.21338552,0.21218745,0.97710437,0.24872589,0.270568,0.41783965,0.20757222,0.22216025,0.97227997,0.2567399,0.26398373,0.40892455,0.22242984,0.22391753,0.9520215,0.50258523,0.43852624,0.9924069,0.51189226,0.427158,0.9970216,0.6216706,0.30173528,0.3319666,0.62671727,0.28484097,0.97357845,0.7740263,0.22532058,0.68714696,0.78719574,0.18560252,0.9813566,0.8106657,0.22217998,0.7675926,0.82004905,0.19041517,0.9724955,0.75051534,0.14819685,0.8092625,0.7530468,0.10316673,0.9639038
20323_aug.jpg,0.6042172,0.62670606,0.9993024,0.6011503,0.6503845,0.99959785,0.59890157,0.65180385,0.9996019,0.59682703,0.65334255,0.99956936,0.6027784,0.6499665,0.9993955,0.601535,0.650957,0.9993475,0.6002332,0.6520388,0.9993067,0.577367,0.65705746,0.9994035,0.57861716,0.6542707,0.9995223,0.5896646,0.6141826,0.99858415,0.59056956,0.6126832,0.99811375,0.5064733,0.6039889,0.99932754,0.5018678,0.5872352,0.9976604,0.52508503,0.76779866,0.98130316,0.5140453,0.7306614,0.16973472,0.5509928,0.9182711,0.94621867,0.5162809,0.8458506,0.3645585,0.53486735,0.92212796,0.93285954,0.5000973,0.86647034,0.40292367,0.5257196,0.91821027,0.9301636,0.50129473,0.8695473,0.40321225,0.5326922,0.9163736,0.9104181,0.507779,0.8650655,0.40540564,0.47500867,0.30230337,0.9979278,0.48714274,0.31067342,0.99640745,0.67855227,0.39093435,0.983895,0.6796396,0.3848946,0.24910207,0.919629,0.47105128,0.96234417,0.90384924,0.45865268,0.22802894,0.95032835,0.46858776,0.95030344,0.9325069,0.4604428,0.24054985,0.9122689,0.5679617,0.94825095,0.90288734,0.5586143,0.2593727
20593_aug.jpg,0.36855614,0.45255286,0.9999851,0.3458758,0.4642383,0.9999716,0.34175402,0.4624414,0.99996233,0.33788192,0.46115303,0.99997556,0.35892105,0.4759329,0.99997294,0.36454064,0.48306856,0.9999646,0.37078956,0.49138942,0.9999671,0.33777863,0.470313,0.9999354,0.3854571,0.5170843,0.9999293,0.37780195,0.4391718,0.99998164,0.3952326,0.45512173,0.99997425,0.3816517,0.4126434,0.9999838,0.49268824,0.5123645,0.9999058,0.47065234,0.2585975,0.98820543,0.59860474,0.36003223,0.9686655,0.5574301,0.10937816,0.9860773,0.7011959,0.2139657,0.95096457,0.5522467,0.07460523,0.95883995,0.7226869,0.18939719,0.89030033,0.5601922,0.0780406,0.9689539,0.7133812,0.17260067,0.89276665,0.5683779,0.09242928,0.9630695,0.705611,0.18121265,0.83942926,0.55671304,0.38124034,0.9994306,0.6339186,0.4215958,0.9995683,0.59203696,0.3459535,0.3782411,0.72160244,0.398958,0.86973655,0.676486,0.33093303,0.46744567,0.83065426,0.3767979,0.8935587,0.6764317,0.33429182,0.3860894,0.8274236,0.38890815,0.6644861,0.71420467,0.27620518,0.65304327,0.85490865,0.3277417,0.88236964
20725.jpg,0.9122921,0.46092165,0.9999515,0.93452847,0.465012,0.9998324,0.9370502,0.4718737,0.9998275,0.93953824,0.47794443,0.99984026,0.9230463,0.44137612,0.9998055,0.9187785,0.43351024,0.999788,0.9153459,0.4266144,0.9997608,0.9329557,0.49698046,0.99984264,0.8978984,0.42336282,0.99962854,0.8970007,0.48744753,0.99988437,0.883662,0.45726722,0.9998066,0.83255494,0.61887443,0.9998481,0.768848,0.40455532,0.9995192,0.83959424,0.7895683,0.9962676,0.7258866,0.22639453,0.9962457,0.8682601,0.9452575,0.9855317,0.7218869,0.06330401,0.9896576,0.8992347,0.95739937,0.96085024,0.7183736,0.0129336715,0.96725154,0.9056257,0.95899093,0.9674855,0.7260989,0.011818349,0.9724654,0.8907153,0.95557904,0.97074586,0.7271385,0.031618953,0.9767779,0.53175515,0.7200557,0.99389595,0.4694218,0.61755246,0.9950813,0.30559915,0.83511305,0.971738,0.26608664,0.7609485,0.9456709,0.10400814,0.93673635,0.95256907,0.08048472,0.8943133,0.9323287,0.07887581,0.9496532,0.7277829,0.059877425,0.9169147,0.7768416,0.04397577,0.9480765,0.93938893,0.017387033,0.9106146,0.93229926
20823_aug.jpg,0.5576279,0.091552645,0.9563507,0.5362557,0.07595128,0.9357939,0.5339809,0.07525912,0.9387425,0.5314048,0.07465726,0.95653576,0.53218687,0.07829103,0.9477751,0.5273845,0.07940155,0.95002043,0.52202517,0.08072385,0.95154536,0.4999403,0.08978954,0.9193489,0.4933833,0.096414655,0.93003565,0.55749357,0.11207992,0.95146775,0.550692,0.113268435,0.9400587,0.5373913,0.22051051,0.99235475,0.47803593,0.20567837,0.99016035,0.72746086,0.30986047,0.5882524,0.6737443,0.28318894,0.83102745,0.9063462,0.3784819,0.5323226,0.8454158,0.33256394,0.7082911,0.9505801,0.3731408,0.44109663,0.88474,0.3291717,0.68864197,0.96013224,0.36550486,0.47433516,0.8811196,0.29944706,0.6625751,0.94469315,0.37249607,0.47182187,0.88068926,0.31697246,0.5284503,0.5479461,0.46326286,0.9584374,0.50191313,0.44577217,0.9504644,0.534563,0.7041688,0.10809663,0.5275804,0.68517876,0.6534392,0.54062456,0.90924066,0.23582944,0.5474874,0.91465,0.7344366,0.51540285,0.94298434,0.276608,0.5144907,0.94618756,0.63436294,0.6516613,0.96386147,0.328889,0.66070724,0.96874917,0.6352909
20927_aug.jpg,0.02470082,0.31838366,0.9969188,0.008469164,0.29451168,0.99667966,0.011976421,0.2896981,0.99676883,0.015609145,0.284975,0.9968093,-0.0011022091,0.3024053,0.994693,-0.0049553514,0.30473095,0.99461836,-0.008778542,0.30691975,0.9957367,0.024174064,0.29363126,0.9958508,-0.0018844903,0.30611408,0.99500847,0.05278325,0.32176408,0.99724436,0.03988844,0.33527073,0.9971463,0.1341618,0.32351154,0.9994892,0.10257918,0.37389463,0.99874985,0.26371038,0.57979345,0.94878066,0.2588994,0.5989076,0.53300816,0.32821614,0.8090069,0.9010881,0.32325482,0.82767653,0.6029528,0.33949307,0.8564837,0.8639168,0.32085368,0.87970126,0.5611197,0.3262157,0.86855555,0.86852384,0.31701702,0.8891367,0.57826334,0.3310706,0.8486666,0.8372998,0.3253935,0.87113863,0.57154226,0.47980186,0.44495302,0.9969408,0.44610572,0.47465035,0.99385697,0.73217094,0.4842924,0.7141551,0.7025713,0.51784116,0.19502996,0.9305686,0.5310816,0.6146166,0.890763,0.52537465,0.2079463,0.95670545,0.5138761,0.6167021,0.9281433,0.50463986,0.25683457,0.9686528,0.5895329,0.62241507,0.9458564,0.5991823,0.27686056
22814.jpg,0.990036,0.732199,0.9989994,0.9922896,0.7547486,0.99943393,1.0009928,0.75889075,0.99951506,1.0009784,0.7608466,0.9995285,0.99212354,0.7573898,0.99898356,0.99006385,0.75999147,0.99900836,0.9884844,0.76274264,0.99909365,0.97473705,0.7702191,0.99936134,0.97302365,0.76906765,0.99904364,0.95228183,0.7412095,0.9981388,0.9510635,0.7423189,0.99821126,0.9546305,0.7363044,0.9995915,0.8403923,0.69594675,0.99607545,0.8653927,0.46794373,0.9353206,0.782834,0.43977392,0.28872415,0.743264,0.14363316,0.55800223,0.72275615,0.1436527,0.4669116,0.7526948,0.114807785,0.4694743,0.72669786,0.09940389,0.42777607,0.74801785,0.105597794,0.46120355,0.72189826,0.079803616,0.46192735,0.7415473,0.1175091,0.45533454,0.71778053,0.09876472,0.47904825,0.603192,0.67285734,0.9990392,0.5258109,0.65396404,0.9981388,0.3640683,0.5326245,0.94568104,0.2590037,0.48479083,0.49778554,0.015167922,0.3074166,0.7623856,0.0044983774,0.30375037,0.48479557,-0.05118306,0.26877826,0.7749509,-0.07931547,0.28042102,0.7189692,0.030603945,0.13195834,0.6759822,0.02352874,0.14526612,0.53401107
23328.jpg,0.15665948,0.44688013,0.9993923,0.14358112,0.4266723,0.9994848,0.14477232,0.42321038,0.99946564,0.14601555,0.41928774,0.9996424,0.14178282,0.42802334,0.9991302,0.14164755,0.42561728,0.9990318,0.1414316,0.42287576,0.9994487,0.16615885,0.39391217,0.99904543,0.1594336,0.39913908,0.99870765,0.17808646,0.4445945,0.9991198,0.17546982,0.44674265,0.99852943,0.26544362,0.4204289,0.99942744,0.25114352,0.42305785,0.99666363,0.26127675,0.6181986,0.99588674,0.25960353,0.5749824,0.42491233,0.24202558,0.8130733,0.99145424,0.23506677,0.7306687,0.4354806,0.21052921,0.83979344,0.9810848,0.2075282,0.73646855,0.39658004,0.20111084,0.82961893,0.9791474,0.20422429,0.74231577,0.39736402,0.21144658,0.8198503,0.9640759,0.21399966,0.7454597,0.42112538,0.5335469,0.47604302,0.99838245,0.4939893,0.4809903,0.99349976,0.68331945,0.5665695,0.9637415,0.65338475,0.5578451,0.27670357,0.8253421,0.63285166,0.97647196,0.7851043,0.6216955,0.62809527,0.8556469,0.6203337,0.968459,0.81913316,0.61580765,0.7057241,0.8243978,0.7224997,0.9550487,0.7830807,0.7012154,0.8208084
23444_aug.jpg,0.64493936,0.99441737,0.9734954,0.6213816,0.99957156,0.9271098,0.61285186,0.99975103,0.94852424,0.5793406,1.0353266,0.93072236,0.6458373,0.99658483,0.9318471,0.64751613,0.99551785,0.9426955,0.6485735,0.99527,0.9383302,0.57012755,1.0235119,0.9292206,0.6136814,1.0023708,0.95697474,0.60958356,0.9837544,0.9291354,0.6328683,0.9578469,0.94565964,0.4473964,1.0668817,0.99849737,0.6515161,0.89655155,0.9981357,0.48292673,1.0555439,0.7890167,0.74930865,0.66871303,0.54598033,0.56425476,1.1242507,0.7176602,0.9217706,0.46027964,0.77797824,0.57457715,1.1448894,0.66834426,0.98292744,0.41316742,0.7313447,0.59376097,1.1474504,0.65078133,0.9854483,0.40642875,0.7513013,0.5952619,1.1364465,0.6765087,0.9573207,0.41398668,0.7532871,0.4031591,0.7226583,0.9986076,0.51802665,0.6449274,0.9991435,0.31609327,0.38093767,0.80898696,0.4391482,0.31728923,0.8220243,0.2974456,0.044144124,0.55839145,0.32392767,0.03165868,0.70475435,0.29511124,0.028006852,0.4816204,0.30653974,0.019735128,0.61254334,0.26343971,-0.12239522,0.5670545,0.2900617,-0.1437822,0.72665936
2357_aug.jpg,0.5538271,0.18830436,0.99950004,0.57300454,0.18402156,0.9995609,0.5760832,0.18757579,0.9996693,0.57966757,0.19101068,0.99975413,0.5706171,0.1790179,0.9991202,0.5718835,0.17918155,0.99918133,0.57370865,0.1794731,0.9994481,0.5964843,0.21221384,0.9993832,0.59112996,0.1993397,0.99853075,0.55201364,0.20979774,0.9989135,0.54903716,0.20514514,0.998137,0.55335927,0.30128872,0.99970776,0.57334,0.24616176,0.99926084,0.39725107,0.27777448,0.99707437,0.45066988,0.24623476,0.7420635,0.2505767,0.2671642,0.99418855,0.32454288,0.23703094,0.845862,0.21891585,0.2460762,0.9878241,0.31611785,0.21787728,0.7903243,0.2264128,0.2342884,0.987076,0.31044224,0.21669376,0.807649,0.23892444,0.24486811,0.9707931,0.31055245,0.22430533,0.80759573,0.5560968,0.47624546,0.9993105,0.56784743,0.43658832,0.99808383,0.45394236,0.54830945,0.89201564,0.47047323,0.49538448,0.21608303,0.3533355,0.60987264,0.9682206,0.37186083,0.57579565,0.5727437,0.348272,0.6293556,0.94916457,0.3678839,0.5897757,0.7063653,0.28906074,0.5873313,0.9634168,0.30811056,0.56757706,0.8166898
25100.jpg,0.767352,0.66744524,0.9995579,0.77160895,0.6917605,0.99920636,0.76857644,0.6959162,0.9993144,0.7651214,0.70038277,0.99938154,0.77576506,0.6903813,0.9985562,0.7752631,0.6938433,0.9986527,0.7745069,0.6977148,0.9992816,0.740977,0.72808117,0.9987122,0.755726,0.72557336,0.99830663,0.7456406,0.66805756,0.99860734,0.75110465,0.66698843,0.9982357,0.62511516,0.684705,0.9996762,0.72129714,0.6842526,0.9994855,0.69743353,0.45980495,0.995867,0.76013845,0.48861867,0.7778977,0.7562112,0.25963825,0.9885296,0.8022658,0.29614887,0.86133367,0.7789408,0.23613805,0.9775254,0.831035,0.2726333,0.8556667,0.79976857,0.20989418,0.97715604,0.8346266,0.26692387,0.8594762,0.78851223,0.24783853,0.95542383,0.8193594,0.27128845,0.8388372,0.46206537,0.51808697,0.99886775,0.51588976,0.52869934,0.99328315,0.35721716,0.39637172,0.7694811,0.38754058,0.42381582,0.19854102,0.24493772,0.29793867,0.9149748,0.2700183,0.3179527,0.40889427,0.20736474,0.30241156,0.905513,0.23556271,0.31482664,0.53489876,0.2781798,0.1980106,0.8990838,0.29671293,0.25177678,0.66564864
2514.jpg,0.48578954,0.40474263,0.99461573,0.50157404,0.40936306,0.99423814,0.50248766,0.41145417,0.99445516,0.5035579,0.41353914,0.99551266,0.5014006,0.4087598,0.99203146,0.50215673,0.4105768,0.9927706,0.503116,0.41256914,0.9955195,0.5074887,0.435663,0.9897175,0.5068585,0.43425766,0.9903895,0.47655338,0.41508123,0.9914302,0.47613144,0.4144808,0.9875973,0.45323783,0.45571595,0.99916947,0.4368614,0.4742023,0.9960079,0.39582393,0.3302318,0.98051476,0.3826715,0.34876442,0.4466958,0.36330456,0.2158592,0.9726513,0.35312766,0.25141203,0.4977799,0.37838805,0.19130847,0.96000147,0.36732075,0.23533684,0.4833133,0.3845759,0.19500163,0.95267683,0.3693212,0.22803691,0.50401014,0.37826842,0.20308751,0.92512447,0.3621869,0.23026875,0.5160308,0.27574226,0.5133229,0.9865413,0.2731096,0.52412033,0.97124743,0.13445692,0.46201542,0.8475271,0.13517274,0.4632945,0.14481084,0.007520199,0.44716933,0.87411493,0.014378339,0.44970766,0.39814782,-0.04686144,0.45440304,0.8725612,0.0031956136,0.45383814,0.60627395,-0.0138053,0.38943276,0.8084342,-0.0012987554,0.40084597,0.55820954
25725.jpg,0.9479999,0.5047271,0.99839693,0.9589483,0.52878225,0.9991543,0.9570573,0.5309139,0.99926466,0.95496505,0.5334213,0.99944836,0.95833373,0.52952063,0.9984744,0.95620966,0.5321209,0.998355,0.9539092,0.5352711,0.9986979,0.9293219,0.5526896,0.99871063,0.9306434,0.555036,0.9979867,0.92400044,0.5007756,0.9981504,0.9227653,0.5011935,0.996933,0.82837796,0.5085867,0.9995053,0.81166637,0.53828144,0.99083203,0.77755034,0.25747776,0.99426174,0.75750554,0.33107102,0.2852897,0.75119007,0.08733535,0.9627754,0.7387205,0.15284336,0.30384818,0.7499862,0.047989577,0.9258225,0.74988246,0.10470283,0.28171012,0.7561259,0.04765147,0.91782063,0.75008225,0.09689325,0.2946679,0.75229406,0.056823015,0.8840251,0.74300516,0.107853204,0.32828853,0.5220634,0.50877,0.99776936,0.51918447,0.52325094,0.9939579,0.28814542,0.38162726,0.97512674,0.2880834,0.3931342,0.32521567,0.052961558,0.28063083,0.9624938,0.0663881,0.2994938,0.6077626,0.015497506,0.27467772,0.932069,0.029031038,0.30653808,0.63236684,0.0765169,0.14924163,0.934335,0.09039074,0.17948303,0.74085385
25898.jpg,0.8656193,0.21306649,0.99948525,0.8993254,0.2090351,0.99938095,0.9037924,0.21429092,0.9994628,0.9084782,0.21950871,0.99955875,0.89765537,0.20330182,0.9990233,0.9010315,0.204523,0.99908197,0.9049541,0.205508,0.99941945,0.93799186,0.26736784,0.9982048,0.9311063,0.24692291,0.9986248,0.8654916,0.24367312,0.99931383,0.862041,0.2395136,0.99869967,0.90493655,0.4156265,0.9981047,0.83383185,0.32905713,0.99735296,0.6259844,0.25417706,0.97973377,0.5786232,0.2225332,0.60390824,0.37887186,0.09463465,0.87282693,0.36435452,0.09036976,0.30063456,0.35581177,0.04719639,0.7836749,0.34957248,0.045795023,0.29321575,0.35905334,0.042090178,0.77960825,0.34425208,0.03873396,0.31156725,0.35999033,0.06233442,0.7185414,0.34473842,0.05875027,0.35946438,0.6803441,0.62737143,0.98602617,0.6543726,0.55954784,0.9643078,0.37992173,0.67146957,0.95041907,0.37486932,0.6602202,0.39361167,0.091837645,0.80185056,0.9716019,0.102580965,0.7961283,0.7676512,0.07660037,0.83671117,0.93869567,0.085831165,0.83863646,0.62273735,-0.007918298,0.7641569,0.93784344,0.006763339,0.7665045,0.7963273
26272.jpg,0.6896135,0.7543173,0.9778351,0.70532024,0.74562246,0.9639132,0.70616245,0.7434454,0.9656172,0.7071835,0.74091053,0.97641355,0.7046148,0.7436578,0.9775778,0.70475876,0.74029034,0.9792796,0.7050458,0.73664814,0.9813126,0.7034494,0.7090972,0.94732034,0.69901323,0.7093644,0.97305894,0.6713891,0.74444383,0.9695544,0.6704798,0.7411058,0.973317,0.6103281,0.65833116,0.9872251,0.58821094,0.6714713,0.99725395,0.483879,0.7538417,0.18867503,0.46177903,0.77688485,0.961898,0.36671364,0.8590424,0.24875991,0.3539483,0.8810414,0.95144534,0.35911936,0.89086306,0.25665522,0.34289336,0.9140421,0.93690675,0.3592764,0.90430284,0.27567005,0.34977075,0.9194976,0.92718005,0.35763544,0.8925153,0.28861842,0.3494587,0.90814054,0.86657006,0.37741747,0.5636079,0.94166625,0.36470723,0.5722753,0.9419778,0.20004483,0.49845755,0.215768,0.17730828,0.4721608,0.89550257,0.036284804,0.41902852,0.49624094,0.014838219,0.4078074,0.9382525,0.028202713,0.39443743,0.6202209,0.011950225,0.380484,0.9138381,-0.024297714,0.44002622,0.65461147,-0.059369653,0.43581522,0.8995558
26690_aug.jpg,0.49687198,0.19232991,0.9938169,0.47597507,0.18513408,0.9928202,0.47407,0.18609148,0.9929813,0.4719708,0.18731812,0.9952571,0.47435796,0.18706319,0.9947877,0.47154596,0.18921664,0.9950996,0.46857646,0.19173363,0.996097,0.45513165,0.21123403,0.9922162,0.45543718,0.21364883,0.9944711,0.50259143,0.20995635,0.9926508,0.49967498,0.21353248,0.9916504,0.48364967,0.31043142,0.98280704,0.5052771,0.3000118,0.99700963,0.63055664,0.26284534,0.1630737,0.671646,0.2538083,0.95919573,0.63515383,0.13656637,0.14011438,0.644186,0.118807375,0.8910599,0.6202373,0.10288054,0.15084758,0.6434392,0.076548904,0.8789169,0.61765814,0.09806931,0.156504,0.62963843,0.0771763,0.8623745,0.61881244,0.11389351,0.1735155,0.6287591,0.09062028,0.80406183,0.54375815,0.52915627,0.9954608,0.5606158,0.5297031,0.9968092,0.632319,0.70337033,0.160879,0.6406572,0.7066519,0.970021,0.723895,0.8587981,0.36637473,0.73195696,0.8800998,0.9668268,0.7297791,0.89683676,0.5092108,0.73193806,0.92062193,0.9617137,0.8155238,0.8283963,0.55675286,0.82798284,0.843247,0.94022703
2730.jpg,0.23913474,0.76119435,0.99690056,0.24210161,0.7826972,0.9955923,0.24337348,0.78330755,0.9960024,0.24474101,0.7840122,0.99708885,0.24460746,0.7839042,0.99698347,0.24758534,0.78518116,0.99746644,0.251,0.78671896,0.9977719,0.27294415,0.7835585,0.9939685,0.2776038,0.7849125,0.99762964,0.25230533,0.74511945,0.99672025,0.25636682,0.74638504,0.9971691,0.36818677,0.6794825,0.99634993,0.3446008,0.68642104,0.99960023,0.28766748,0.54771835,0.13088214,0.2630524,0.55411124,0.9747464,0.20998698,0.4431057,0.11722434,0.18377179,0.43329805,0.93793446,0.18423524,0.4595693,0.12320641,0.14853984,0.4417683,0.91287816,0.17448527,0.45863402,0.1314946,0.146002,0.45078,0.8945715,0.18675408,0.4461994,0.13741139,0.15945593,0.4441253,0.82270515,0.5098408,0.47588754,0.98903286,0.4972699,0.4786787,0.99030495,0.6200447,0.30723035,0.20689854,0.61681664,0.30701256,0.9494084,0.7244815,0.14701307,0.6091296,0.7344409,0.13480306,0.97974235,0.7572908,0.11977354,0.7545015,0.76590574,0.109779656,0.97679764,0.67375183,0.095731914,0.78121793,0.6815479,0.08440867,0.97069305
2732_aug.jpg,0.82655907,0.4783042,0.9994549,0.8373492,0.4645922,0.99889636,0.8374087,0.46252137,0.99899846,0.8374841,0.4601539,0.99924326,0.8369776,0.4630705,0.9993636,0.83685297,0.4602583,0.99957424,0.83669233,0.45718628,0.9996551,0.8257401,0.44005775,0.9978542,0.8259771,0.44065398,0.99951136,0.81096244,0.47375846,0.99874425,0.8100877,0.47115314,0.9991761,0.7260095,0.43318248,0.99871755,0.7444491,0.45427373,0.99995375,0.68837035,0.560369,0.24863303,0.7142774,0.6084502,0.99130416,0.6846014,0.69046354,0.2761975,0.69426066,0.7500346,0.9916127,0.704341,0.6961734,0.2658629,0.7166291,0.76901615,0.98664737,0.70719934,0.702422,0.2716825,0.72080654,0.76487243,0.9822123,0.696072,0.710634,0.2677725,0.710588,0.7597054,0.9601353,0.5373955,0.48855782,0.9838882,0.5467285,0.5096825,0.99264777,0.38059342,0.5450034,0.16398287,0.3802768,0.56266284,0.96465874,0.22200152,0.5925485,0.48976508,0.20478305,0.60976166,0.98755753,0.19105697,0.5848614,0.68405527,0.17227697,0.5968329,0.98779476,0.2177383,0.66292506,0.71847445,0.1925829,0.6858943,0.97662497
28983.jpg,0.93487537,0.49779093,0.9998822,0.9478768,0.4828396,0.9994153,0.94813514,0.48377487,0.9995735,0.94849527,0.4842977,0.9994943,0.94281423,0.47255588,0.9994313,0.9392338,0.46628022,0.9994616,0.9355607,0.4594495,0.99915016,0.92963004,0.46768835,0.9996152,0.9099835,0.43329135,0.999215,0.9111735,0.5072321,0.9997168,0.902524,0.49498072,0.99960417,0.83205307,0.59645504,0.9999391,0.75426894,0.37767282,0.9997638,0.84458077,0.78409183,0.9988261,0.6409764,0.22878,0.99679214,0.860733,0.9547706,0.99648947,0.537069,0.093732715,0.99250436,0.8934667,0.9677625,0.984951,0.5054783,0.05311793,0.980101,0.89831173,0.96722066,0.98815244,0.50596434,0.049824,0.98374695,0.88069654,0.9638046,0.98912674,0.51380324,0.066223085,0.98384494,0.56794894,0.67762345,0.9796269,0.4997798,0.5736431,0.9849551,0.3606516,0.8196311,0.93483424,0.31419253,0.77289695,0.8726907,0.1645832,0.9863688,0.88983935,0.09806439,0.95949566,0.89023495,0.14776126,0.9954101,0.74486625,0.08244035,0.97774756,0.7421854,0.09472579,1.0276525,0.9205524,0.045034975,0.9966649,0.8830824
29224_aug.jpg,0.5818668,0.533428,0.9970686,0.601648,0.53315985,0.99191576,0.6031325,0.53189,0.9916175,0.60460776,0.5304769,0.99350584,0.6012821,0.53037393,0.9962298,0.60256493,0.52713776,0.99701476,0.60390997,0.5236404,0.99637467,0.6119106,0.50555974,0.987374,0.6115694,0.49726477,0.995262,0.5711894,0.52046424,0.99134445,0.572055,0.5167309,0.99630934,0.5481067,0.4782094,0.9990551,0.53068435,0.43376502,0.9998845,0.4057505,0.5317692,0.1688624,0.38172925,0.52274925,0.9901382,0.2860116,0.6177325,0.12787949,0.25533563,0.62152183,0.9837765,0.26618382,0.64049554,0.13429672,0.21750635,0.64824045,0.97242063,0.2598239,0.64121646,0.14223161,0.22314325,0.6643746,0.972038,0.26605242,0.6335976,0.15838104,0.23877384,0.6510272,0.9502823,0.3061067,0.43804237,0.99972814,0.28709376,0.39194694,0.99963284,0.24050772,0.6030963,0.4076675,0.22382951,0.58712137,0.9732063,0.19234987,0.42494595,0.4212101,0.183263,0.42039028,0.9209425,0.20795141,0.41161433,0.5046907,0.20072699,0.40556267,0.90121555,0.14981578,0.3753438,0.47732648,0.14365083,0.3736135,0.90013504
2997_aug.jpg,0.24269298,0.5989092,0.99935144,0.23611905,0.61450255,0.99941504,0.23679923,0.61585367,0.9993383,0.237432,0.61707807,0.999493,0.23699707,0.61508334,0.9994253,0.238288,0.61684245,0.9994672,0.23945487,0.61849666,0.9995976,0.2552013,0.6299492,0.9989926,0.25478518,0.629338,0.99950886,0.25788075,0.5938816,0.9989396,0.25959873,0.59443355,0.99897027,0.34537596,0.6096724,0.999017,0.32350382,0.59808135,0.9997787,0.2749946,0.5232744,0.45026383,0.23665035,0.48691967,0.9800019,0.2036745,0.5575484,0.52693504,0.18756756,0.5440323,0.9710661,0.18372747,0.57225955,0.45793244,0.16613084,0.56234205,0.9591367,0.18769434,0.57578635,0.4609786,0.17812088,0.57215774,0.9568047,0.19631395,0.57114005,0.46322694,0.18832672,0.5667556,0.9384445,0.49593705,0.4662953,0.99906284,0.4847716,0.4589588,0.9990834,0.53583175,0.30747652,0.2111253,0.5251733,0.3027147,0.9762214,0.6174082,0.17000067,0.4705842,0.61303437,0.1591394,0.9830571,0.6435061,0.14804745,0.57715815,0.6392552,0.14135921,0.9729487,0.56365776,0.1251978,0.7229554,0.5557899,0.11266363,0.9820447
30243_aug.jpg,0.102532744,0.48947644,0.97309816,0.0892725,0.45954773,0.9711212,0.09025946,0.45515785,0.97398424,0.091032326,0.45058408,0.97922647,0.086333126,0.4609713,0.9439194,0.08543897,0.45761645,0.9430378,0.08429527,0.4541561,0.9607787,0.10918081,0.42245355,0.962023,0.100925565,0.4275589,0.91683227,0.12428093,0.48670968,0.97315705,0.12123725,0.48970574,0.9590204,0.22045791,0.41456097,0.9989906,0.18299285,0.43058503,0.995568,0.35333937,0.62579453,0.98942786,0.30107832,0.5818155,0.18473953,0.45528284,0.8358164,0.93391454,0.3417828,0.6937754,0.16738184,0.4586513,0.87789357,0.9034207,0.32620162,0.70566285,0.18139085,0.44236737,0.876651,0.9016488,0.3244213,0.7165581,0.18759897,0.44993532,0.86574966,0.83474374,0.33604938,0.71147597,0.191019,0.4616145,0.41478366,0.99322706,0.437648,0.4320696,0.98675585,0.6866857,0.43794915,0.7417053,0.6735453,0.45372325,0.147905,0.9161449,0.44869602,0.8295793,0.8957572,0.47015333,0.44177753,0.94052386,0.42724836,0.63748074,0.91754425,0.4787858,0.4505886,0.98179144,0.56808126,0.7607852,0.9421081,0.56781113,0.5894627
30275_aug.jpg,0.15404981,0.8229319,0.998252,0.15507287,0.85120463,0.99632037,0.15707317,0.85319847,0.99661344,0.159354,0.8557677,0.99744046,0.15971139,0.851619,0.99802446,0.16460219,0.8534814,0.9984603,0.16958982,0.8558544,0.9986914,0.20036969,0.86431575,0.99468553,0.20773965,0.8601856,0.9979418,0.17473584,0.8054687,0.99667716,0.18024525,0.8078511,0.9978759,0.30442387,0.78419554,0.9958216,0.3020699,0.7524359,0.99967563,0.2257317,0.5850221,0.4595427,0.2086134,0.5403657,0.99025035,0.1394149,0.41316342,0.5053421,0.11600107,0.33866602,0.98105466,0.1068266,0.40241784,0.4695405,0.071777165,0.31165376,0.97106487,0.09611139,0.39944017,0.49251142,0.060976267,0.32737902,0.96585923,0.10650596,0.3990856,0.4914771,0.076830894,0.3380499,0.93646663,0.5308531,0.5789922,0.9936015,0.53185177,0.56097597,0.9972045,0.6696071,0.3849135,0.35885575,0.67260635,0.37002203,0.986238,0.8209709,0.2057437,0.7794472,0.84163433,0.17811936,0.9924941,0.8538178,0.19137198,0.81848717,0.87393093,0.16701356,0.9839602,0.75281984,0.13857713,0.87527305,0.7803484,0.107893795,0.98286533
30844.jpg,0.1593461,0.48660126,0.94227207,0.14821902,0.5064235,0.93682015,0.14849713,0.50941,0.9410552,0.1488547,0.5131419,0.9589412,0.149901,0.50847965,0.9331623,0.15128312,0.5126917,0.93306637,0.1527321,0.5175574,0.93519044,0.16727331,0.5440735,0.9255111,0.16972092,0.54625064,0.90224206,0.17910936,0.48341832,0.9485827,0.18097049,0.48784593,0.94339097,0.28078935,0.491564,0.99499965,0.2721285,0.5822513,0.9920229,0.32965782,0.32045513,0.54284686,0.3374266,0.40807128,0.6729708,0.34457636,0.13399422,0.55031943,0.32564414,0.24617657,0.72944635,0.32463443,0.10215539,0.49506962,0.31720784,0.21150798,0.75796056,0.31956983,0.098247916,0.5221812,0.29665893,0.21665934,0.72236335,0.33086863,0.10839382,0.5118734,0.30314928,0.22927383,0.577625,0.5049522,0.4476874,0.9792773,0.52467555,0.50660723,0.97638196,0.6733029,0.36139044,0.12665588,0.67888093,0.36892048,0.72726417,0.8487457,0.26069272,0.3265814,0.86431265,0.25044382,0.87475723,0.88654774,0.25732696,0.4287393,0.89783466,0.25436074,0.8347126,0.86057234,0.15626296,0.46040016,0.87378025,0.14075908,0.8263113
30962.jpg,0.8139039,0.757696,0.99485564,0.83739567,0.7510739,0.99344057,0.83887243,0.74888974,0.9932134,0.8406254,0.7462081,0.99552804,0.8377472,0.74842775,0.992906,0.8392383,0.7447697,0.99381506,0.8409068,0.7406742,0.9941782,0.8464515,0.71162534,0.99084795,0.8442397,0.7085313,0.9943711,0.7939896,0.74542296,0.99630713,0.7961612,0.7411959,0.99578637,0.7295761,0.6698002,0.99858665,0.75904113,0.64011693,0.9984201,0.5702178,0.77694273,0.565031,0.5841879,0.7604269,0.9414841,0.41691244,0.8879807,0.5907032,0.41158214,0.8974006,0.9518008,0.3897586,0.9287524,0.5356835,0.37899292,0.9388118,0.93721235,0.38409817,0.93974066,0.55638987,0.38003945,0.95204484,0.9246653,0.38418,0.9244539,0.5346351,0.3867047,0.9332663,0.8626499,0.5066335,0.55006635,0.98112226,0.54287875,0.5184296,0.9811275,0.30984792,0.43570283,0.14109837,0.32876843,0.43060142,0.6981415,0.11816588,0.32201463,0.3614333,0.11760023,0.31573507,0.8707934,0.10602912,0.28672358,0.4688152,0.10709429,0.28019735,0.855979,0.034840047,0.38488778,0.49658173,0.0315243,0.38876832,0.82516193
31679_aug.jpg,0.7635648,0.2758106,0.99885356,0.7868397,0.27955547,0.99877256,0.78868765,0.28290796,0.99882025,0.79053766,0.28641444,0.9991714,0.78687686,0.27728668,0.99800354,0.78872234,0.27889895,0.9979336,0.79066473,0.28085655,0.9987753,0.79607546,0.31732288,0.998106,0.79650486,0.31050074,0.9966877,0.74829626,0.2941315,0.9980872,0.7481302,0.2915262,0.9962692,0.71290565,0.38403457,0.9993206,0.7130919,0.37034094,0.99614197,0.56834114,0.24803725,0.99519354,0.59038794,0.26871455,0.485405,0.43863744,0.10554677,0.9914261,0.49506915,0.15191466,0.48684376,0.44171983,0.063803315,0.9833445,0.50965124,0.119962424,0.45037678,0.45489463,0.06481993,0.9812959,0.5056411,0.11250281,0.45441145,0.4514715,0.081487626,0.96729124,0.4968298,0.119324476,0.47508553,0.502439,0.5357468,0.99517655,0.51568687,0.5104624,0.9854452,0.32950014,0.5906391,0.91720897,0.34403682,0.57867175,0.18747233,0.1775929,0.6610327,0.94692194,0.20113781,0.64026034,0.5389599,0.16172096,0.6944038,0.9502573,0.18676335,0.6675366,0.70212907,0.11136195,0.6034228,0.91668296,0.14999822,0.5825139,0.76765096
33401_aug.jpg,0.8622576,0.7187328,0.99731404,0.8831129,0.7373103,0.9974369,0.8842962,0.7432661,0.9976681,0.8854518,0.7502056,0.998336,0.8824309,0.734108,0.9951049,0.8830814,0.7376336,0.99443674,0.88394874,0.7421896,0.9968209,0.8774401,0.8037094,0.9949058,0.87992394,0.79024464,0.992882,0.845717,0.73373806,0.9978017,0.84458435,0.72925746,0.9948211,0.75157756,0.854922,0.9993148,0.80108243,0.7922564,0.99285066,0.7820146,0.5048335,0.98788095,0.7806119,0.48686877,0.31500804,0.82068145,0.20522308,0.91746336,0.8229443,0.21285933,0.24837504,0.8660898,0.1547051,0.84654003,0.88353914,0.24055788,0.26135397,0.88136864,0.16597146,0.84003997,0.87802005,0.17973256,0.26911122,0.86412984,0.17780674,0.7891781,0.8597915,0.18055272,0.29267758,0.44963303,0.70078605,0.98128396,0.47488242,0.657613,0.91834766,0.26805997,0.4399471,0.9501252,0.2868259,0.4266728,0.25309297,0.059751123,0.22036853,0.9649374,0.07086322,0.2474095,0.62105554,0.024135292,0.22091043,0.9197883,0.031952083,0.25681195,0.51021564,0.06391364,0.076037586,0.9178891,0.061427563,0.12203789,0.6884801
33944_aug.jpg,0.8928734,0.6276648,0.99949515,0.91291606,0.6422502,0.99842477,0.91232383,0.6483654,0.9981773,0.9118315,0.6554531,0.9983429,0.9121692,0.61652863,0.9985267,0.9112419,0.6060417,0.998389,0.91049314,0.59798,0.9985139,0.89687693,0.67000467,0.9983359,0.8937714,0.58725995,0.9982839,0.8687991,0.6449963,0.99923015,0.8683485,0.611288,0.9991493,0.76061225,0.7389393,0.99920696,0.78628975,0.51741356,0.99923384,0.7062658,0.8843617,0.9808288,0.814197,0.34184647,0.9971801,0.67172503,1.0138924,0.88147855,0.8784849,0.1837281,0.98456836,0.66202193,1.0468903,0.7533924,0.8973208,0.13178283,0.94817847,0.6754135,1.0521154,0.7882513,0.9078493,0.13506502,0.9566082,0.66991466,1.0313685,0.82250667,0.9008131,0.15447685,0.9621444,0.44850782,0.7155115,0.97754,0.43412575,0.60142064,0.98377913,0.18944454,0.73182756,0.9666786,0.18083641,0.65168655,0.95752746,-0.014587373,0.7619569,0.8973449,-0.021460503,0.6925696,0.84801924,-0.017468184,0.7584191,0.5805927,-0.020329624,0.6975642,0.54979897,-0.100174904,0.76469445,0.8052597,-0.120275736,0.7045649,0.7867254
35070.jpg,0.64232606,0.49778396,0.99998045,0.65841806,0.47999895,0.9999516,0.66238666,0.4810955,0.99994004,0.6659021,0.48212916,0.99996066,0.64393103,0.47163713,0.9999609,0.6364914,0.46620944,0.99995375,0.627768,0.45989877,0.9999552,0.66120374,0.47732303,0.9998832,0.604175,0.4424786,0.99989355,0.63649887,0.51461023,0.9999716,0.616859,0.5051632,0.99996865,0.6339682,0.55380785,0.9999647,0.5020502,0.4834343,0.9998883,0.58467114,0.72050077,0.97726214,0.4373967,0.6634446,0.9715062,0.5458776,0.88948536,0.97927517,0.3787609,0.849137,0.9638234,0.5572168,0.9196178,0.94234955,0.36878604,0.8783754,0.91089267,0.5496529,0.920351,0.95691395,0.38798854,0.8851247,0.9144071,0.5406133,0.90896493,0.9497511,0.39028603,0.87564075,0.8754499,0.47378027,0.6219098,0.9994166,0.3884668,0.6047208,0.9996731,0.4542469,0.68045765,0.46144456,0.3185462,0.65998363,0.8911833,0.37577796,0.7085527,0.5578923,0.21291667,0.7015848,0.9247798,0.34872273,0.7086936,0.44826597,0.21415345,0.6940162,0.683863,0.34046274,0.7757336,0.75593585,0.19229956,0.75841963,0.9227371
35549.jpg,0.3110198,0.29279515,0.986571,0.29927015,0.3032221,0.9777409,0.2988601,0.30445898,0.97680694,0.29843748,0.30594158,0.98550075,0.30040243,0.30605423,0.9860641,0.30090168,0.30917045,0.9869595,0.30142176,0.3125587,0.990193,0.30744708,0.32619688,0.9655636,0.31107533,0.33286476,0.98428196,0.32265085,0.2930668,0.9775663,0.32492152,0.2967136,0.987438,0.3797384,0.30835283,0.9888292,0.37585807,0.35231155,0.99802256,0.4115881,0.19860432,0.42105922,0.4201939,0.22560835,0.91861296,0.4352541,0.07507563,0.230076,0.4209447,0.111393794,0.8205832,0.42749035,0.06347543,0.2002358,0.41145536,0.08702339,0.7855845,0.43814176,0.08011295,0.21031038,0.39713383,0.090094626,0.7549101,0.42892033,0.05963865,0.21513261,0.40335435,0.09886265,0.6133733,0.5398188,0.30600196,0.9847787,0.54218644,0.34188575,0.99388206,0.6731488,0.2547784,0.19519679,0.6470752,0.25652978,0.9468282,0.7973088,0.21569987,0.43908277,0.81386924,0.19542277,0.96693236,0.8209899,0.22373769,0.431193,0.8371184,0.19854032,0.92787707,0.8068428,0.17631742,0.5436573,0.8421081,0.106958285,0.9480319
37034_aug.jpg,0.19690126,0.4290284,0.9997694,0.18934172,0.3895916,0.9997495,0.19724712,0.37945873,0.9997584,0.20542216,0.3697718,0.9997019,0.1705237,0.41110897,0.9996604,0.16494939,0.41532588,0.9997234,0.159616,0.41933018,0.999833,0.23055449,0.3388024,0.9995902,0.16402683,0.40809798,0.9998186,0.23442417,0.42809296,0.99958223,0.2087341,0.44995362,0.99983525,0.38961214,0.33070847,0.99440986,0.20852509,0.50833225,0.99922514,0.5512348,0.5922129,0.9861734,0.31770095,0.722314,0.90796804,0.6581055,0.8264685,0.9691237,0.41295326,0.9308008,0.91564935,0.6713278,0.8768647,0.88755196,0.41001597,0.9776858,0.85878396,0.6422593,0.88569236,0.89062274,0.421677,0.9705366,0.88422805,0.63448846,0.86970294,0.8439111,0.4299709,0.95288694,0.87760836,0.5707047,0.39597657,0.9998041,0.47449976,0.49824828,0.99683845,0.71863735,0.42300993,0.9049395,0.5959692,0.53369164,0.30791417,0.7678239,0.48024085,0.9358156,0.6440817,0.518842,0.2944482,0.7913855,0.43098676,0.7379322,0.6455414,0.5015986,0.18734558,0.82220185,0.5156404,0.8960181,0.715697,0.553041,0.545656
37375_aug.jpg,0.7831599,0.23058945,0.999311,0.8028359,0.25493404,0.99964106,0.80137694,0.2583277,0.99964046,0.79993033,0.26241177,0.9997383,0.8052056,0.2522956,0.99909484,0.8052945,0.2535699,0.998811,0.80545557,0.25522026,0.9992798,0.77766985,0.28662688,0.99902606,0.785099,0.27979776,0.99891603,0.7554144,0.23364154,0.99847835,0.75737673,0.22896788,0.99815035,0.6415241,0.29719043,0.9976604,0.65874255,0.29705867,0.9861282,0.55435455,0.08672592,0.98909724,0.58640087,0.1303163,0.41137743,0.67442137,0.036454737,0.98420864,0.6596627,0.053373843,0.36709538,0.70100534,0.028216511,0.97280383,0.68968564,0.042761445,0.3347304,0.7068374,0.04215914,0.97293615,0.70044076,0.053364396,0.34649143,0.6948385,0.046995223,0.9639639,0.68236446,0.05971825,0.3804339,0.34638175,0.38685772,0.9923922,0.37417674,0.38578433,0.9861877,0.14830309,0.4054706,0.9363217,0.17885518,0.40595484,0.30234143,-0.0038898587,0.4611843,0.8924182,0.029781073,0.45949262,0.3829603,-0.00805369,0.4837413,0.9004113,0.023886174,0.48837355,0.48193485,-0.050952256,0.42231414,0.81948036,-0.028746098,0.43821895,0.50440377
38756_aug.jpg,0.5694768,0.8606732,0.99762326,0.58749896,0.8696946,0.99599034,0.5888077,0.8689757,0.9961313,0.59046286,0.8680019,0.99736065,0.5900673,0.86787534,0.9976031,0.5931437,0.8658297,0.99800915,0.5964842,0.8634895,0.9983804,0.60850024,0.8442178,0.9941553,0.6103527,0.84218436,0.99816567,0.5625967,0.84107244,0.9971855,0.56596786,0.838176,0.9977258,0.574426,0.7100411,0.996469,0.5695753,0.73310816,0.99975544,0.4199949,0.6959733,0.15340678,0.41573608,0.7201683,0.9856205,0.2910897,0.70506155,0.12890446,0.26985994,0.7241704,0.9522062,0.29004216,0.73237395,0.13032967,0.2541238,0.7561107,0.92503595,0.28644687,0.7389686,0.13978343,0.26047462,0.7622268,0.90818465,0.2819292,0.7231318,0.1464002,0.2636749,0.747586,0.84099144,0.48530942,0.4782128,0.98715657,0.48209488,0.4909312,0.9906002,0.40677753,0.2884974,0.106963806,0.40052274,0.29321593,0.91887456,0.34193367,0.108647734,0.3871557,0.33567825,0.09976056,0.96257937,0.33927456,0.0666686,0.5998985,0.33354235,0.06015262,0.9653315,0.26519835,0.12208432,0.62302834,0.2584762,0.11620802,0.9483319
40578_aug.jpg,0.13724664,0.77948004,0.84805363,0.121620774,0.83165103,0.8052968,0.11818117,0.8297418,0.82652617,0.111034095,0.8278897,0.80372256,0.16240841,0.85102063,0.8013532,0.18248686,0.86140484,0.8138858,0.21051449,0.87466747,0.7722192,0.16870472,0.8519731,0.82782197,0.27848908,0.90102774,0.85683453,0.17644852,0.73332006,0.915435,0.21576208,0.751677,0.92916834,0.16056055,0.75508326,0.99717855,0.5919667,0.79889005,0.9778696,0.22201324,0.5143975,0.54197013,0.79684514,0.43355316,0.88816863,0.16476011,0.29639,0.7430606,0.8076165,0.21823855,0.7918902,0.10481024,0.24145947,0.69341356,0.8716147,0.15234758,0.76270384,0.120930016,0.25538033,0.7240017,0.8221477,0.18159254,0.7881138,0.15477872,0.27393037,0.72199184,0.80989677,0.1945449,0.774344,0.4441643,0.22242065,0.96228415,0.68308645,0.23031475,0.90864736,0.32526147,0.060508862,0.6360673,0.7971235,0.048238337,0.6695476,0.5362279,-0.11476216,0.26668876,0.79247725,-0.03569766,0.30415204,0.60043436,-0.11850431,0.26853204,0.82806695,0.06688891,0.2620336,0.50676835,-0.28915632,0.20108517,0.80478734,-0.039977506,0.232622
41171_aug.jpg,0.32089436,0.8811697,0.9998896,0.34193608,0.8964724,0.99980897,0.34536266,0.8965224,0.9998349,0.34924245,0.89666855,0.9998828,0.34016532,0.89416766,0.999895,0.3417462,0.8927036,0.9999167,0.34358844,0.8915167,0.9999198,0.37200052,0.87926614,0.9997676,0.35769615,0.87665284,0.9998568,0.32091963,0.860677,0.9998661,0.31947532,0.85889876,0.99990416,0.41701093,0.78588563,0.99884087,0.32027364,0.74610245,0.9999602,0.31680632,0.6440315,0.25320938,0.2162661,0.5699723,0.9958871,0.24430797,0.54517907,0.20780897,0.07674426,0.42395306,0.97438,0.22667602,0.54663205,0.20073666,0.048442036,0.4161627,0.95960677,0.22339782,0.5452441,0.2023048,0.045989424,0.4243631,0.9515947,0.21809697,0.5343442,0.20536047,0.05817592,0.42480993,0.9211086,0.49220678,0.58725184,0.99825484,0.4285279,0.55031127,0.9997267,0.55230683,0.3878447,0.42418432,0.5053237,0.32537386,0.99121606,0.6170789,0.22827205,0.85084856,0.5801155,0.12366435,0.9939958,0.6423665,0.20396632,0.8661768,0.6180512,0.09291464,0.9863153,0.55252594,0.18604606,0.8859047,0.49290183,0.06814152,0.9816601
41590.jpg,0.54398036,0.8363271,0.9999782,0.5551676,0.84299576,0.9999752,0.5578549,0.84063125,0.999969,0.56058496,0.83830166,0.9999747,0.55218345,0.84703714,0.99997854,0.55296564,0.8470764,0.99997675,0.55404663,0.84696215,0.9999831,0.5713826,0.82727045,0.999961,0.565812,0.83625054,0.9999838,0.54806894,0.8189393,0.9999614,0.544677,0.8238156,0.9999747,0.58296883,0.7210523,0.9995415,0.5812747,0.781083,0.9999913,0.705858,0.5880338,0.31694454,0.7125833,0.66171557,0.9676971,0.8105254,0.47019494,0.5630274,0.84705997,0.5382451,0.97621274,0.824279,0.43822402,0.568285,0.90308285,0.5160751,0.95081186,0.831486,0.44053638,0.5649955,0.88806003,0.49991804,0.9430291,0.82741606,0.45142347,0.4864459,0.87056506,0.5023075,0.92422813,0.5577092,0.5045149,0.99931264,0.53733253,0.5353276,0.999579,0.54134876,0.30372697,0.13735367,0.5495427,0.3138092,0.84524333,0.5718368,0.067806244,0.20893903,0.5762934,0.067350805,0.8703293,0.5790903,0.056133747,0.34206283,0.61582935,0.02485007,0.8449733,0.5177893,0.016410291,0.45187435,0.5128834,0.013626397,0.8627654
41933.jpg,0.6508982,0.73215896,0.99911445,0.6685713,0.7297799,0.99851555,0.6699686,0.7282104,0.9986798,0.6715695,0.7264147,0.99918526,0.6688467,0.7277586,0.9990011,0.67023295,0.72491497,0.99895597,0.6719497,0.72162163,0.9989857,0.6813628,0.6998198,0.99845994,0.67990065,0.6955867,0.9989121,0.64227384,0.718441,0.9984774,0.64328486,0.71519375,0.99883646,0.60819983,0.6477046,0.99880564,0.6181494,0.63074666,0.9991335,0.50942934,0.75407815,0.7247509,0.50824225,0.75023204,0.9051775,0.4139505,0.8693601,0.69281805,0.40712857,0.8812181,0.90943563,0.4230774,0.89732826,0.63586843,0.41224048,0.91239226,0.9037223,0.42526385,0.903543,0.63727874,0.42372423,0.9163012,0.88549095,0.4178782,0.8941231,0.61160576,0.41803205,0.9051259,0.79744726,0.45704308,0.5241216,0.99966586,0.48865277,0.48633298,0.9995401,0.27358,0.5475324,0.93808854,0.5351469,0.6426699,0.99409544,0.06661767,0.5197178,0.9913362,0.33477843,0.61185575,0.99488777,0.04510671,0.5037467,0.9689663,0.3131053,0.5979978,0.9875507,0.019761235,0.53600055,0.9914691,0.27534622,0.65567255,0.9941135
43196_aug.jpg,0.12438821,0.90428424,0.99706,0.08891656,0.9015945,0.9980621,0.08563934,0.89702207,0.9982816,0.07778467,0.893318,0.9986242,0.09206571,0.90491277,0.9976083,0.09216533,0.8998597,0.99762887,0.09105598,0.8968224,0.9978162,0.08190021,0.8587376,0.99767715,0.08937507,0.8693304,0.99714667,0.13590813,0.88030595,0.9963115,0.14638132,0.8800952,0.99542266,0.1219117,0.8030362,0.9980433,0.19663362,0.7405766,0.9879469,0.44227833,0.80276734,0.9866326,0.45991808,0.7518634,0.50829244,0.70743465,0.87756085,0.92515254,0.702402,0.82465374,0.69375765,0.7549082,0.9049926,0.8816162,0.73260146,0.8572561,0.6582923,0.75282,0.91898334,0.87173295,0.73932505,0.8740958,0.6825185,0.74102783,0.9030218,0.8521478,0.73992366,0.8565203,0.6955602,0.14004578,0.4503464,0.99830353,0.21317382,0.43814835,0.9976603,0.46337435,0.31029078,0.940216,0.4939087,0.28680116,0.69576037,0.7731026,0.09887867,0.8920126,0.8021008,0.060832024,0.8644737,0.8152887,0.080032915,0.8704531,0.8358828,0.048837483,0.9175498,1.003406,0.24640818,0.8770158,0.95045733,0.18779188,0.9155207
43291.jpg,0.1907846,0.73625326,0.99988484,0.17447048,0.7152789,0.99991167,0.1756376,0.71228796,0.99991596,0.17686,0.70885843,0.99992883,0.17238846,0.7166611,0.99983954,0.17218429,0.71487,0.9998229,0.1720072,0.7128727,0.99987817,0.20118153,0.6854368,0.99983215,0.19475058,0.69023436,0.99985707,0.21992284,0.7377098,0.99977213,0.21751276,0.73949724,0.99971133,0.34639296,0.6866107,0.9992879,0.31889045,0.67670006,0.99880743,0.40952855,0.9015979,0.9958961,0.3535222,0.84005857,0.67468405,0.2843165,0.9507996,0.9928757,0.2882084,0.9353243,0.5265906,0.25587517,0.963733,0.9891445,0.26261583,0.94682246,0.47191367,0.25008938,0.9479445,0.98915976,0.25917038,0.93687606,0.48024008,0.26060492,0.940576,0.98485917,0.27097002,0.9309609,0.50531983,0.6192771,0.6290164,0.9951443,0.59969234,0.6121578,0.99459416,0.8297839,0.6227687,0.9207938,0.8022553,0.61606324,0.2964425,0.990458,0.57906264,0.8338464,0.95784545,0.5766125,0.3105772,0.9963137,0.55778474,0.91120523,0.97164476,0.55171365,0.51104784,1.0376692,0.62625957,0.75829774,0.9868847,0.63006,0.4467516
4403.jpg,0.60796,0.42719153,0.9999945,0.6134962,0.42104962,0.99993384,0.6128541,0.42111215,0.9999459,0.6120794,0.42132348,0.99989045,0.6126594,0.4178505,0.99998367,0.6112875,0.41554168,0.99999106,0.6097669,0.4128593,0.99998724,0.6016188,0.41627786,0.99987805,0.59630346,0.40109748,0.99999285,0.5959242,0.42720106,0.9999062,0.5939939,0.4219458,0.9999716,0.5684159,0.46269152,0.9998318,0.51117045,0.3635698,0.9998678,0.6551628,0.53167397,0.99959296,0.4323327,0.29983348,0.9952024,0.72785556,0.6044578,0.99828964,0.35924792,0.21832676,0.9891599,0.75631595,0.62551194,0.9903137,0.3576087,0.19827215,0.96932554,0.76137424,0.6275072,0.9920644,0.35654137,0.19627212,0.97308457,0.74842656,0.6194423,0.99477625,0.35585243,0.20381834,0.9739214,0.41382784,0.46867204,0.9989907,0.40693817,0.4095509,0.99870837,0.30809146,0.45274022,0.96299434,0.29000446,0.4119532,0.9101139,0.19421832,0.44530407,0.9557244,0.18767503,0.42293873,0.953115,0.18585195,0.44376105,0.82967645,0.17648526,0.42634562,0.8362426,0.16330615,0.43624657,0.97113425,0.15783677,0.41740057,0.96591616
44159_aug.jpg,0.2545355,0.6079632,0.9998273,0.24350718,0.60722524,0.9998559,0.2434205,0.6067108,0.9998425,0.24349815,0.60641515,0.9998209,0.24126485,0.60543096,0.99980766,0.2399029,0.6036376,0.9998192,0.23809266,0.5992446,0.9998522,0.2381757,0.5864537,0.99981457,0.22946392,0.5783568,0.9997781,0.25991562,0.59407556,0.99978644,0.25684452,0.5925643,0.9997856,0.28908643,0.53344876,0.9999825,0.2876582,0.50488496,0.999913,0.41804922,0.57665277,0.94851524,0.40815073,0.53918004,0.113089226,0.51682925,0.648831,0.80790704,0.5085778,0.6342423,0.20029517,0.5499576,0.6677496,0.7515536,0.54488015,0.6366404,0.20062114,0.5463018,0.6791414,0.7389105,0.5376539,0.6648238,0.20180663,0.53349113,0.66936296,0.65207726,0.527198,0.65128255,0.2128185,0.48822963,0.41922018,0.99985254,0.4873864,0.40904987,0.99967265,0.65341437,0.3082381,0.9939995,0.6247537,0.33718204,0.71929383,0.82205856,0.20746922,0.99374217,0.75541586,0.3445778,0.8699376,0.84489655,0.18270737,0.958522,0.7833619,0.32663935,0.8514634,0.85333097,0.26957202,0.9877791,0.7930989,0.40172547,0.90199757
4433.jpg,0.22928724,0.76972306,0.9982204,0.23790708,0.7868259,0.9957903,0.2394616,0.7874946,0.9963018,0.2411919,0.78835225,0.9974285,0.24104929,0.7863749,0.9973961,0.24465908,0.78652364,0.99790645,0.24847794,0.7869245,0.99810106,0.26608762,0.78349996,0.99499077,0.27211702,0.7813136,0.996416,0.23612356,0.753237,0.9975629,0.24055527,0.75314236,0.9975799,0.29437298,0.67213213,0.9974929,0.31892675,0.69559866,0.99940336,0.19639942,0.5563866,0.5684259,0.19768827,0.5770546,0.9828767,0.1118896,0.42914528,0.6157414,0.09119269,0.44295666,0.96744317,0.09071526,0.42636985,0.53289837,0.052210778,0.43696424,0.95203817,0.08451575,0.42631316,0.5561971,0.049509466,0.44051313,0.9420641,0.09147248,0.4237784,0.54959506,0.06603521,0.43655336,0.89816165,0.420684,0.46912965,0.98979,0.42768452,0.4784853,0.9919493,0.5108718,0.2924192,0.20817861,0.50181174,0.29040694,0.9653104,0.5822309,0.123586714,0.5093279,0.5819848,0.10768676,0.9737028,0.61066616,0.10198277,0.63011825,0.6130258,0.086144,0.960667,0.50519776,0.06289947,0.7217856,0.5003187,0.04002583,0.95708925
44748.jpg,0.33603805,0.26367494,0.9856227,0.31838608,0.26681873,0.98581934,0.31724256,0.26797855,0.9869724,0.31591612,0.2693165,0.9897147,0.3176477,0.26966992,0.987649,0.31593505,0.27283555,0.9872335,0.31388435,0.27636737,0.98603237,0.30973387,0.29219747,0.98352414,0.30813885,0.29976898,0.9809949,0.34703326,0.27314612,0.98690736,0.3455669,0.27692217,0.9870402,0.39342052,0.31874543,0.99749255,0.34538597,0.37429193,0.9964694,0.5181681,0.23242663,0.8623492,0.45989877,0.34145463,0.5938123,0.65669125,0.11256969,0.8257132,0.47295943,0.26199412,0.35579273,0.66264945,0.07910153,0.71570045,0.51112497,0.2251337,0.3572763,0.66183174,0.073639244,0.74577993,0.5051393,0.22201638,0.34026992,0.6641739,0.08545393,0.74469525,0.495266,0.22299196,0.26335585,0.5459798,0.4367985,0.9874265,0.5112634,0.47605473,0.9972064,0.695758,0.48905784,0.24969651,0.65475655,0.46587482,0.95416725,0.8358168,0.54662406,0.47946316,0.8813993,0.53584695,0.9765347,0.86972123,0.6125302,0.4694656,0.9109641,0.5559977,0.9390203,0.91508806,0.5619945,0.51514244,0.9743103,0.48550087,0.96068287
44769.jpg,0.3119237,0.4689188,0.9999007,0.30054614,0.46956664,0.99947625,0.30185944,0.46760333,0.999587,0.30316338,0.46558887,0.99944836,0.29716277,0.48215026,0.999686,0.2965099,0.48936203,0.99976116,0.29590362,0.49700835,0.9996692,0.3128597,0.47685295,0.99940264,0.30269518,0.52191913,0.9997222,0.32878745,0.46993366,0.99936277,0.32428026,0.48439562,0.99941266,0.40972918,0.44431952,0.999818,0.37325293,0.6308661,0.99771154,0.41513795,0.2826258,0.9994536,0.36929083,0.77588665,0.97991896,0.3985287,0.12677562,0.9992231,0.3501832,0.9236897,0.95238227,0.3929862,0.08862752,0.9963103,0.33217803,0.95037496,0.89773756,0.38929057,0.08370131,0.9971085,0.32994112,0.9523854,0.91328514,0.3908431,0.09938681,0.99794704,0.33897865,0.9457879,0.925978,0.61448133,0.615141,0.998395,0.55779433,0.69805884,0.9961014,0.7339027,0.7573174,0.91284853,0.6915679,0.83345133,0.89781624,0.8469882,0.89020705,0.8969191,0.81876796,0.9130043,0.8516687,0.8530581,0.9042693,0.7197885,0.8261187,0.92127967,0.62195915,0.88602734,0.92352486,0.90319824,0.8606143,0.9382765,0.8715263
44879_aug.jpg,0.25917137,0.50181633,0.9945426,0.25081939,0.51872694,0.99008596,0.2515866,0.5204275,0.9912282,0.25234345,0.5225168,0.99445266,0.25186503,0.52089036,0.99284875,0.25355124,0.52404803,0.9942111,0.25542593,0.5275413,0.9948442,0.26970112,0.54023975,0.9856872,0.27372712,0.54392195,0.99132794,0.27619427,0.49697638,0.9861357,0.2790057,0.5004153,0.9891583,0.3424433,0.501476,0.99613094,0.3486226,0.51595503,0.99870896,0.32797548,0.36612242,0.33695608,0.34349746,0.3778882,0.9298168,0.32744768,0.22057158,0.46190152,0.33247596,0.24227807,0.9504041,0.30799836,0.20389184,0.44853044,0.31240827,0.22731787,0.948408,0.30247927,0.19531217,0.47583774,0.31721127,0.22213326,0.93696505,0.31400478,0.20089412,0.47217643,0.32663482,0.22410804,0.8703772,0.52108866,0.4143002,0.9733881,0.53115803,0.42188957,0.9798884,0.65877366,0.294645,0.1582185,0.6714692,0.29027155,0.9645422,0.77823114,0.19504482,0.45865184,0.7984734,0.1756782,0.98234326,0.81108,0.18133065,0.585783,0.8262317,0.16819835,0.96797705,0.74950445,0.12534082,0.66318226,0.76979023,0.10850766,0.9573709
45254.jpg,0.1334615,0.8263552,0.9527375,0.118822664,0.8448714,0.9373029,0.108628914,0.84674764,0.93546057,0.0985837,0.8482659,0.9469028,0.14277285,0.8394675,0.9627752,0.15146506,0.83750474,0.9629549,0.16002893,0.8356432,0.965024,0.072175905,0.837435,0.95116484,0.15530996,0.8223516,0.97356296,0.106467396,0.81247723,0.9794223,0.13878483,0.80674005,0.97968364,0.023335919,0.76280725,0.98908854,0.20655967,0.78606385,0.99755234,0.33188853,0.80819416,0.7437647,0.4659608,0.82750976,0.9701854,0.54356194,0.92161787,0.62318814,0.7162211,0.9230131,0.9842488,0.62634605,0.94150615,0.5439995,0.7843499,0.94113505,0.9776954,0.62293977,0.9646841,0.5627061,0.7824093,0.9447583,0.9807643,0.67145306,0.9358127,0.58453673,0.753319,0.93533146,0.98132527,0.18193693,0.50943696,0.99201256,0.2638615,0.5362539,0.99611366,0.5360153,0.40238953,0.5732557,0.639827,0.42633408,0.8062519,0.93982506,0.30457956,0.5521842,0.99017715,0.29439354,0.8401155,0.9241806,0.30553052,0.5232602,0.9982636,0.2806142,0.86365813,1.0366682,0.24612863,0.49466056,1.1302357,0.26308236,0.82930565
45463.jpg,0.45273066,0.32221705,0.9997875,0.46288753,0.30906242,0.9998661,0.4652887,0.3090955,0.99989986,0.46779382,0.3090323,0.99988246,0.4620054,0.30921045,0.999848,0.46368167,0.30939746,0.99985087,0.4654664,0.30943605,0.9998086,0.48844427,0.31667763,0.99991107,0.48428914,0.31546068,0.9998971,0.45981833,0.33946526,0.9992662,0.45867467,0.3406469,0.9987709,0.5343277,0.3855748,0.99981004,0.5088117,0.4101861,0.9991271,0.56145656,0.2537259,0.9553766,0.5306847,0.3208121,0.13997889,0.6108702,0.15803117,0.87536365,0.6062169,0.18578342,0.2924173,0.6306892,0.15101635,0.85036254,0.6304538,0.16836828,0.29876497,0.63249385,0.15180063,0.8426005,0.6288585,0.16729409,0.27688357,0.6225851,0.15548635,0.8365942,0.61920273,0.17129177,0.25619212,0.45679978,0.6897833,0.9998424,0.45756468,0.67923003,0.9997757,0.2901979,0.53789455,0.95234555,0.31093013,0.5533718,0.2360908,0.10594213,0.371113,0.9507026,0.11950469,0.39870673,0.19112164,0.06359148,0.36102542,0.9608965,0.07349211,0.3932883,0.2778103,0.12731785,0.27656457,0.9564992,0.14502275,0.2808803,0.2591192
45617.jpg,0.31955874,0.75708836,0.9993217,0.3232606,0.7750945,0.99837375,0.3243775,0.776447,0.9983854,0.3257235,0.77794886,0.99877363,0.3267581,0.77580845,0.999047,0.33000827,0.7773844,0.9992506,0.33360702,0.7790406,0.9993592,0.3491124,0.7806393,0.99634105,0.35840964,0.7800298,0.9992212,0.32976362,0.7447189,0.9984787,0.33426273,0.7445558,0.9990816,0.40252906,0.68812966,0.998372,0.38482034,0.69547975,0.9999324,0.29740918,0.6223626,0.25921428,0.26686645,0.62044966,0.9951042,0.18500113,0.5629251,0.3780733,0.1509758,0.55384827,0.9909394,0.16875237,0.5843532,0.38253686,0.12623098,0.5746506,0.9843204,0.16294515,0.58676744,0.3979051,0.13037178,0.58508813,0.98090625,0.1685471,0.57710713,0.40208802,0.13861278,0.57680464,0.96114874,0.4346058,0.4631799,0.98989314,0.41961664,0.46020883,0.99412125,0.4318331,0.27018142,0.22327073,0.42644346,0.263106,0.97080964,0.46630105,0.098781705,0.5863781,0.47225562,0.08195534,0.98721224,0.48699185,0.07409772,0.7404753,0.49404117,0.05217272,0.98201895,0.41051072,0.06738651,0.78923106,0.41154867,0.04782027,0.9787344
46082.jpg,0.7365116,0.7046946,0.9994764,0.73476243,0.72867215,0.9996686,0.732801,0.73001945,0.9996419,0.73066115,0.7314527,0.9997243,0.7350743,0.72900176,0.9993455,0.7333317,0.7307505,0.9992556,0.73133814,0.7326884,0.9995771,0.70553875,0.73423266,0.9996698,0.7046188,0.73661816,0.99939466,0.72402894,0.6912459,0.9995877,0.7245378,0.6897465,0.9992974,0.6629722,0.633222,0.9999449,0.61836314,0.6536827,0.9995628,0.7219733,0.45642862,0.99457115,0.6778826,0.47604117,0.13666117,0.77627134,0.30212528,0.9837583,0.7308727,0.33559173,0.16769248,0.79314244,0.27107877,0.974036,0.7530557,0.31162092,0.19104068,0.79769313,0.27121767,0.97264594,0.75837237,0.3072258,0.19244984,0.79071224,0.27626136,0.95198065,0.7501458,0.31301507,0.19758031,0.51559913,0.41324383,0.99970067,0.49732026,0.43130103,0.9989309,0.45688352,0.18031815,0.90920717,0.4535663,0.227644,0.16853122,0.26484215,0.15130204,0.9654519,0.27703893,0.17602757,0.4205952,0.23933065,0.18254003,0.96779555,0.24534786,0.1995039,0.64507955,0.22732341,0.0865601,0.95842916,0.30378008,0.13418919,0.60838103
46495.jpg,0.90040225,0.814178,0.997719,0.8801098,0.8383401,0.9982432,0.873552,0.8386941,0.9984086,0.86663055,0.8389813,0.9985135,0.8854027,0.83716786,0.99683493,0.882486,0.83696574,0.9969688,0.8788735,0.83697784,0.99797946,0.8238631,0.8288415,0.99726737,0.8379593,0.8304801,0.99642986,0.87746865,0.78287137,0.9960905,0.8854181,0.78211474,0.995387,0.7444171,0.7027794,0.99906987,0.7480933,0.6933391,0.9966498,0.79415154,0.42747694,0.9869451,0.7881737,0.4262584,0.65917736,0.8590366,0.16802873,0.9787911,0.8481569,0.19979225,0.70614177,0.9043553,0.146733,0.9636564,0.8881068,0.18118456,0.6113281,0.9100122,0.1553682,0.9614427,0.8985207,0.17733745,0.62517285,0.89193726,0.15641402,0.9369526,0.8821292,0.17679746,0.6359607,0.46460432,0.41210842,0.9930482,0.47698125,0.41801256,0.9890603,0.30995202,0.25538433,0.91939926,0.3266618,0.279369,0.15984343,0.15250504,0.097328305,0.7893188,0.1672883,0.1152139,0.23404934,0.11709553,0.09566167,0.79387194,0.12916473,0.10644248,0.37193197,0.17357467,-0.02312234,0.7244883,0.18535818,-0.0017615855,0.37062702
47468_aug.jpg,0.66447043,0.40579832,0.9567158,0.6678207,0.40529728,0.972023,0.6679327,0.4057223,0.9694892,0.66803855,0.40616116,0.97757393,0.66765016,0.4034639,0.95810324,0.66763234,0.40244848,0.9356339,0.6676134,0.40143308,0.9500532,0.6678256,0.4039684,0.97344786,0.66707885,0.39752254,0.95589393,0.6616689,0.40594342,0.98518246,0.66146576,0.4036581,0.98177904,0.6545559,0.40575254,0.99835455,0.6540578,0.3920334,0.9973627,0.6379436,0.4179144,0.21798086,0.6377777,0.38602442,0.77589977,0.62973154,0.43126094,0.2930205,0.62918466,0.3901368,0.64528173,0.62618715,0.43535417,0.32984686,0.62597734,0.39076877,0.60730284,0.62768275,0.43444458,0.33892417,0.6273207,0.39214468,0.61302876,0.62841666,0.43278915,0.3373123,0.62761533,0.39216074,0.5721994,0.60689795,0.41450363,0.9858592,0.6007456,0.40890002,0.972122,0.62545305,0.44312766,0.5289502,0.6123745,0.43548685,0.84918296,0.5858183,0.45183623,0.59049547,0.58363163,0.45290625,0.7589123,0.57878536,0.44887155,0.5995257,0.57914275,0.45048568,0.6484248,0.57958096,0.4664777,0.55198073,0.58006674,0.47000936,0.7053457
4827.jpg,0.58136094,0.48844004,0.9993075,0.59992343,0.48044303,0.9977214,0.60105497,0.47899264,0.9967589,0.6023047,0.4773259,0.99798787,0.59872353,0.47683397,0.99916697,0.5989107,0.47267616,0.9992017,0.59903586,0.468151,0.99924684,0.6011322,0.4533389,0.9954668,0.5957017,0.44423586,0.99876213,0.5676822,0.48281983,0.99815494,0.56581986,0.47703448,0.9993087,0.53133035,0.4565648,0.9992662,0.49346113,0.42284808,0.99992347,0.43935227,0.5550348,0.24239634,0.4097852,0.5566744,0.9983859,0.36020672,0.65776235,0.103393055,0.3378593,0.71083444,0.99536055,0.34782806,0.6814512,0.121943876,0.3159121,0.7456714,0.9911993,0.34887534,0.6854266,0.12763932,0.33239827,0.7557601,0.9907218,0.348682,0.6748663,0.14574283,0.3371204,0.7398892,0.97999567,0.31928784,0.51586163,0.9997842,0.27570197,0.48306513,0.9997236,0.3048997,0.70599675,0.6015514,0.26822847,0.6799185,0.9844289,0.19613299,0.5707064,0.4587321,0.18344152,0.56648797,0.95857066,0.20649144,0.545053,0.5501819,0.19176537,0.5412492,0.92601126,0.13566819,0.552526,0.50142944,0.12147851,0.55079854,0.9347384
50141_aug.jpg,0.17953335,0.26900062,0.99983394,0.1877057,0.24206853,0.99960274,0.19608231,0.23769987,0.9997352,0.20414908,0.23398885,0.9997379,0.163292,0.25486925,0.99934727,0.15502426,0.25919017,0.9993332,0.14718865,0.26362634,0.9988586,0.22206993,0.2352635,0.99980813,0.14122693,0.2763619,0.99860054,0.20783606,0.28112835,0.9994017,0.17684779,0.29648218,0.99831855,0.3317095,0.31792986,0.9995167,0.13438188,0.4269355,0.9698962,0.4958231,0.22579607,0.9993333,0.0077651143,0.50059354,0.82370967,0.63811886,0.105814636,0.9951939,-0.13492256,0.52489746,0.39316508,0.6884459,0.06728065,0.97851515,-0.1694746,0.53182805,0.292412,0.6944128,0.058045685,0.982631,-0.17621845,0.52982306,0.33373627,0.67538476,0.072565496,0.9856776,-0.1634711,0.5318238,0.4144524,0.40418452,0.6095718,0.9758779,0.27710348,0.6535615,0.9580278,0.42882925,0.8438827,0.61190355,0.35963884,0.9112402,0.61514074,0.46346143,1.0841686,0.31419688,0.39555448,1.1160948,0.26435995,0.4593781,1.1056185,0.22697885,0.40558943,1.1353251,0.19459051,0.47870865,1.1652148,0.34778595,0.41463885,1.1868954,0.23876692
50181_aug.jpg,0.6239751,0.74611586,0.9699111,0.6384574,0.73777366,0.969092,0.6389368,0.7366952,0.9724233,0.63945615,0.7354572,0.97737426,0.63828415,0.734774,0.9716033,0.6387234,0.73157185,0.97117114,0.6392153,0.727995,0.96526206,0.6344787,0.71498966,0.9737704,0.6344476,0.70596415,0.9587271,0.61158854,0.74221176,0.9764174,0.61108655,0.73772764,0.96933794,0.5551001,0.7205807,0.9967332,0.5827093,0.6673062,0.9945846,0.49338245,0.8287264,0.84585935,0.52524954,0.72446907,0.7868161,0.4400912,0.9488928,0.8219437,0.52018726,0.7841938,0.56460494,0.43800583,0.9771814,0.71550256,0.53621435,0.8179204,0.522193,0.44165972,0.98303056,0.74903613,0.54859126,0.8201202,0.5040646,0.4407081,0.97010314,0.7594684,0.5436826,0.8113148,0.417973,0.40395805,0.6754298,0.99051416,0.41911548,0.63957304,0.9922315,0.26437134,0.68683463,0.19760604,0.29669434,0.6889435,0.9304301,0.12376529,0.70025563,0.35187852,0.11375046,0.7098232,0.9424534,0.09231287,0.68847305,0.3935525,0.08653304,0.7000721,0.89369375,0.080345124,0.7637179,0.45921797,0.06685969,0.7877983,0.9149375
51762.jpg,0.8704445,0.6305869,0.99934584,0.8700236,0.6520158,0.9993869,0.86814076,0.6536451,0.99933016,0.86586916,0.6555445,0.9994311,0.8705071,0.65196335,0.9992855,0.8690349,0.65357196,0.99926347,0.86731756,0.6554375,0.99949145,0.83888817,0.66273147,0.9989342,0.84193134,0.6629857,0.9987165,0.85195154,0.61878973,0.9991912,0.85234755,0.6179622,0.99885666,0.74743086,0.58442414,0.99963236,0.7429374,0.57812285,0.99839276,0.8074666,0.43701595,0.9916289,0.80153537,0.4364389,0.28687212,0.87200856,0.31148276,0.9785008,0.8579488,0.3202348,0.31868428,0.9052749,0.3120495,0.9616858,0.8893181,0.3282324,0.30433524,0.9086181,0.3217281,0.9592755,0.89483386,0.3272292,0.3153509,0.89586604,0.3183527,0.93246096,0.8821337,0.3214546,0.33737415,0.5472788,0.38544232,0.98933595,0.54771096,0.39568344,0.9788735,0.3978263,0.23153488,0.87183326,0.40049383,0.24073039,0.17898932,0.25687537,0.085270405,0.95923334,0.26451704,0.10265851,0.54312974,0.2129254,0.06381929,0.97303754,0.23136786,0.08488554,0.7458632,0.31048578,0.0361636,0.9497476,0.3150155,0.052089304,0.76733094
557_aug.jpg,0.79436266,0.83190197,0.9657823,0.81997395,0.80032855,0.98243713,0.8210801,0.7981372,0.9774802,0.8220904,0.79570794,0.98509085,0.81549215,0.7926816,0.98771846,0.81328285,0.78566325,0.98519266,0.8105835,0.77828777,0.9869472,0.8009392,0.75843537,0.9794423,0.7856693,0.74321264,0.9890589,0.76929617,0.8340181,0.95239854,0.7648896,0.8244967,0.93836296,0.70346045,0.7225346,0.9513794,0.6589558,0.72688425,0.9767596,0.66336954,0.8429314,0.15054742,0.51879627,0.9626731,0.9377465,0.64318573,0.9516801,0.12800574,0.52469856,1.155036,0.6048433,0.66126484,0.96561694,0.11595498,0.5378009,1.2103525,0.5287844,0.66087043,0.97323513,0.119269386,0.5672188,1.2021558,0.51874,0.6483423,0.9677507,0.13716686,0.56251955,1.1792926,0.4660661,0.3574046,0.6208218,0.9867797,0.37839335,0.58381796,0.98854023,0.11171715,0.57613283,0.59565586,0.33852127,0.24402991,0.95799625,-0.00931108,0.52421683,0.7845499,0.3089914,-0.030186892,0.9262736,-0.021399885,0.502183,0.65458757,0.33091417,-0.055225313,0.78908366,-0.15768671,0.5494619,0.6189945,0.26350036,-0.13004965,0.782291
57720.jpg,0.021559775,0.66774946,0.9941302,0.0033679008,0.6451886,0.99594986,0.005753815,0.63819146,0.9973808,0.008592248,0.6300716,0.9963085,-0.0014559627,0.65325344,0.9907408,-0.0024400353,0.65215945,0.993164,-0.0031353235,0.6506952,0.99372166,0.028339416,0.58986086,0.998292,0.01991862,0.6165888,0.9978382,0.050743967,0.65591866,0.99842644,0.04454294,0.66610765,0.99643445,0.1836718,0.45473206,0.99930394,0.17064282,0.70511293,0.9975764,0.21414617,0.24463636,0.98830694,0.14717269,0.86201763,0.8976873,0.24180499,0.047558606,0.83485943,0.11032584,1.0122924,0.74284476,0.24878803,0.0061687827,0.6584263,0.10380465,1.0602624,0.64505005,0.23794886,-0.0043069124,0.67335856,0.097569436,1.0612519,0.6854631,0.24246076,0.021060705,0.6936315,0.115529746,1.028282,0.7499832,0.47954565,0.46486488,0.95043534,0.5102159,0.58547294,0.9651039,0.7369181,0.30719283,0.86749125,0.63585466,0.3972801,0.84482825,0.98767257,0.1890437,0.88985556,0.69251204,0.10448769,0.86071396,0.9963852,0.18071684,0.785561,0.6940714,0.07713625,0.86767304,1.0800503,0.16928044,0.78775036,0.7270652,0.042619884,0.87083226
58860.jpg,0.14500105,0.6826062,0.99867296,0.12505025,0.6640302,0.9990295,0.12551087,0.65997094,0.9988587,0.12579754,0.65522957,0.9992248,0.12233484,0.66707754,0.9987154,0.12102306,0.66536015,0.99824023,0.119680226,0.6633041,0.9988188,0.13561895,0.62896067,0.99920744,0.12894955,0.6368184,0.9981713,0.16879788,0.6766653,0.99912554,0.16575679,0.6810372,0.9987901,0.2468233,0.6112825,0.9999269,0.24633421,0.59828544,0.9985385,0.41312313,0.7262372,0.99438477,0.40556684,0.7068071,0.16704409,0.56915796,0.85233533,0.9907924,0.517093,0.8065356,0.28063938,0.58384025,0.89170647,0.986548,0.5279534,0.8344542,0.3105586,0.5744606,0.89590526,0.9855053,0.52937126,0.84099096,0.30801708,0.57107866,0.87951136,0.9726867,0.5311913,0.83131576,0.29678413,0.5177063,0.5486512,0.9986639,0.50126827,0.5399138,0.9895586,0.7365992,0.526591,0.8604638,0.69043326,0.52559364,0.13654774,0.9219547,0.46732903,0.9063016,0.8780576,0.48745364,0.26637498,0.9500565,0.4334837,0.9020996,0.89325905,0.4250181,0.3887464,0.96354216,0.53827006,0.846583,0.9096154,0.5572544,0.36337823
58962.jpg,0.23521107,0.1980387,0.99984646,0.24661995,0.17577747,0.9995284,0.25523058,0.1736823,0.9997092,0.26345676,0.1721144,0.9996879,0.22179909,0.1828734,0.99934965,0.21459565,0.18506053,0.9993753,0.20743355,0.18744794,0.9988675,0.27991575,0.18250257,0.9997937,0.20060533,0.20247284,0.9989839,0.2606309,0.21691802,0.9993955,0.22611746,0.22379255,0.99857605,0.37429824,0.28836563,0.99969876,0.15639566,0.34987825,0.9837928,0.5531808,0.23304835,0.9994375,0.008670211,0.39612126,0.87424684,0.71663463,0.14980167,0.9960865,-0.15223506,0.4100503,0.47989222,0.7688855,0.12497342,0.9825447,-0.17568302,0.40824473,0.35463497,0.7744076,0.11493415,0.98603594,-0.17830068,0.40349698,0.4000568,0.7528928,0.123553425,0.9888364,-0.1657055,0.40770167,0.4899923,0.37768346,0.5858068,0.9798708,0.24612999,0.60087913,0.94843006,0.3482806,0.8187896,0.6601108,0.26079592,0.8521926,0.54991686,0.3395708,1.0566974,0.44879046,0.2714164,1.0303535,0.3365172,0.33234882,1.0790526,0.30259928,0.28422582,1.088109,0.2531328,0.33347124,1.1363553,0.5092382,0.27539495,1.1425345,0.32522425
59321_aug.jpg,0.29025316,0.8138086,0.9996568,0.2660901,0.81462264,0.99965405,0.2635842,0.8112597,0.99966073,0.2607803,0.8076819,0.9997265,0.26769832,0.818071,0.99936134,0.2663805,0.8169534,0.99935716,0.264752,0.8157878,0.9995503,0.24965808,0.7732401,0.99928683,0.2514716,0.78258705,0.9985832,0.30003136,0.79463536,0.9994276,0.3021115,0.79756427,0.9987245,0.32704812,0.6974358,0.9998658,0.31944537,0.67544365,0.997867,0.5198142,0.76891375,0.99558914,0.50405896,0.7513741,0.25101548,0.7019744,0.8519268,0.9916175,0.6663392,0.8253416,0.28235975,0.7160067,0.88734615,0.98263675,0.6763448,0.85648215,0.2677347,0.70756054,0.8925749,0.98196006,0.6816053,0.8632592,0.26975864,0.70724237,0.8803322,0.9681162,0.6861308,0.85248876,0.2723207,0.5217792,0.5048156,0.99676055,0.52027243,0.51087135,0.99156404,0.7067288,0.36114022,0.89278483,0.70122945,0.377858,0.22068557,0.8951921,0.24432334,0.9533678,0.8517318,0.26185837,0.6050579,0.90778947,0.21548027,0.9578396,0.8662622,0.22633457,0.696204,0.96642566,0.2689535,0.9451495,0.93585646,0.28139687,0.8000526
59405_aug.jpg,0.8214065,0.5575621,0.9998006,0.8294897,0.579497,0.9996624,0.8276311,0.58408505,0.9997048,0.8253993,0.5897616,0.9997396,0.83356875,0.57716537,0.9994474,0.8344921,0.5802899,0.999521,0.83547884,0.58423007,0.9997522,0.8039307,0.6233368,0.9994116,0.81981707,0.6108039,0.99942183,0.79977566,0.56275225,0.99937326,0.80695003,0.5582246,0.9992588,0.6748016,0.61306405,0.99971515,0.77300525,0.57906526,0.99975795,0.6626279,0.38393617,0.99643964,0.72333765,0.3740704,0.84827447,0.65101475,0.19180769,0.99128586,0.7060385,0.20023003,0.90088636,0.65428317,0.1449318,0.98051786,0.723014,0.16799176,0.88483274,0.66817045,0.13764802,0.98041266,0.7251662,0.1602251,0.8891548,0.6631362,0.1535384,0.9604462,0.71322197,0.1701934,0.8745562,0.4721793,0.5318175,0.9989749,0.5320187,0.52757454,0.99477863,0.32504028,0.45993787,0.8247121,0.37612447,0.45416138,0.17603578,0.18821663,0.4105056,0.94225806,0.2241297,0.42015573,0.41282746,0.15854597,0.42303106,0.9101993,0.19013116,0.4246576,0.5137554,0.18744415,0.3105499,0.9244221,0.23446517,0.35032958,0.7088015
59965_aug.jpg,0.96623075,0.6357955,0.99702185,0.97806513,0.6651818,0.9930568,0.973698,0.6706667,0.9962627,0.9687327,0.67664737,0.9939925,0.98600626,0.65903497,0.9898078,0.98734677,0.6596382,0.9939334,0.9880501,0.6605427,0.9892657,0.93324804,0.69948,0.99583167,0.953879,0.6778015,0.9949811,0.9370923,0.63395715,0.9965533,0.9452106,0.6250031,0.9940274,0.71936023,0.73037755,0.999255,0.88507473,0.53038186,0.99905044,0.5700026,0.8760098,0.9979748,1.0039932,0.43549553,0.96756774,0.44357508,1.0184461,0.9776384,1.1901137,0.40636405,0.8010454,0.4280969,1.0608151,0.93184435,1.188534,0.40344197,0.6250218,0.4314368,1.0739065,0.9443868,1.1862069,0.41403043,0.66414636,0.43229488,1.052566,0.95389533,1.1708279,0.41428056,0.7430376,0.50075305,0.5333555,0.9942854,0.53867984,0.432092,0.99805117,0.21059056,0.51303,0.8237668,0.3624415,0.5271266,0.9791455,-0.06175244,0.5028936,0.8242563,0.095309526,0.68203646,0.96215445,-0.10137656,0.4835545,0.82859236,0.061516613,0.68807447,0.95104545,-0.14589927,0.5584386,0.7462984,0.04090318,0.72848797,0.94172305
61439.jpg,0.7359603,0.22875865,0.99979764,0.7522316,0.22663602,0.99977857,0.75338405,0.2277801,0.99972194,0.75462854,0.229145,0.9998004,0.7519657,0.2263958,0.99977666,0.75278085,0.22722514,0.9997477,0.753746,0.22829615,0.9998627,0.75922126,0.25192666,0.99953055,0.7598804,0.25196964,0.99966,0.727905,0.24272467,0.99952364,0.7258525,0.24412526,0.99942493,0.6740371,0.31639618,0.9995289,0.6763469,0.35419768,0.9989693,0.54862463,0.26985562,0.9769662,0.55278814,0.31415522,0.24814609,0.4653363,0.20754236,0.9415014,0.47720292,0.24763103,0.31561282,0.47817916,0.1776456,0.91542023,0.49435216,0.22624141,0.30072773,0.48655394,0.17954388,0.9091117,0.49562386,0.22046837,0.3062891,0.4820962,0.1895926,0.88483757,0.48623067,0.22986892,0.31925252,0.47129893,0.48105326,0.9963946,0.48151127,0.49387848,0.9941506,0.30991924,0.6046978,0.8495691,0.31939283,0.60719615,0.2288013,0.1425055,0.7190741,0.9292439,0.17347234,0.7056204,0.52154815,0.11338866,0.75205433,0.95075077,0.13717806,0.741799,0.7068746,0.112746984,0.6506145,0.92451817,0.13517115,0.6554421,0.73058724
61480_aug.jpg,0.22561668,0.57861394,0.97666025,0.22249764,0.5959028,0.9787699,0.22353359,0.597609,0.9796959,0.22471094,0.5995922,0.9858408,0.22447677,0.59736526,0.97890306,0.22683428,0.59993875,0.97729206,0.22928497,0.60266936,0.9770344,0.24511972,0.6139502,0.97430587,0.24955389,0.61618495,0.9664927,0.2400219,0.57071626,0.97871655,0.24275286,0.573132,0.9771822,0.29900822,0.5411999,0.99677485,0.336105,0.6044362,0.9950004,0.25165927,0.40055227,0.73035,0.29480952,0.49228027,0.60821736,0.18404368,0.23445755,0.7336796,0.2387289,0.39696193,0.54770744,0.15518269,0.21899107,0.6498036,0.23373982,0.3825105,0.56881166,0.14925548,0.21754324,0.673006,0.22789198,0.38569048,0.53062755,0.16058138,0.22014283,0.66235965,0.22904323,0.38663796,0.4020524,0.4604224,0.4318394,0.9849498,0.48240083,0.4783321,0.99306583,0.56006074,0.29697132,0.17739543,0.5347067,0.3177242,0.90455383,0.66560566,0.15620959,0.3883004,0.6623984,0.14265418,0.9572978,0.6975608,0.1443474,0.4375046,0.6909374,0.12653413,0.9212431,0.6568523,0.08872551,0.46795487,0.62824404,0.0372065,0.92515665
6202.jpg,0.43932673,0.06843194,0.99923456,0.4197845,0.05137056,0.99838245,0.41653654,0.05142051,0.9984847,0.41279215,0.051392138,0.9987866,0.41777948,0.051950067,0.99901295,0.41343385,0.05256173,0.99927384,0.40876,0.053174287,0.9993824,0.3777754,0.06680372,0.9971745,0.38025513,0.06772798,0.9991223,0.43281054,0.09129286,0.99875355,0.42941555,0.091463685,0.99910635,0.35038432,0.19149017,0.999196,0.40312076,0.1890212,0.99985945,0.52183926,0.26759493,0.47442284,0.59196913,0.2573534,0.9933153,0.69656265,0.31831548,0.53439003,0.771279,0.3351559,0.9877434,0.70734406,0.2979265,0.50013334,0.79838526,0.30324966,0.98057497,0.7156464,0.2950461,0.50729585,0.79115623,0.29467708,0.9769182,0.7118658,0.30452716,0.48931056,0.7815558,0.30645806,0.9591571,0.408649,0.44339946,0.9931859,0.44443837,0.44766995,0.99463177,0.43981594,0.6741866,0.32680857,0.4702422,0.68528867,0.92854875,0.4316575,0.8890227,0.6365032,0.45157433,0.91763896,0.96157354,0.4108279,0.925974,0.74782366,0.42825946,0.9520147,0.9558018,0.52818644,0.9226249,0.75370187,0.5523641,0.9457147,0.9378624
64070.jpg,0.10761607,0.65357137,0.99944645,0.08236113,0.63384116,0.99960595,0.08159515,0.6285854,0.9996332,0.08093119,0.6230698,0.99968326,0.08072564,0.63790154,0.9993235,0.07899535,0.6353513,0.9993362,0.0773747,0.6323537,0.99951017,0.08761796,0.5847578,0.9995827,0.08521485,0.5955008,0.9990246,0.13179982,0.6372389,0.9993813,0.12922063,0.6424798,0.99879825,0.1943788,0.540462,0.99973863,0.2504058,0.542968,0.99790144,0.41869715,0.71350455,0.98548746,0.42229897,0.67552245,0.15767159,0.5999319,0.8839592,0.9603772,0.6016815,0.8754166,0.17902525,0.6161617,0.93258643,0.93345195,0.6049071,0.9097795,0.17762446,0.6119643,0.94000566,0.92964673,0.60851014,0.918957,0.17843907,0.6141755,0.92140543,0.8876616,0.61882377,0.9091354,0.17864601,0.49012652,0.4826319,0.9984811,0.5088521,0.48881924,0.9959019,0.7221645,0.43793592,0.8479935,0.74117595,0.42282197,0.12300837,0.96134543,0.36217433,0.90675676,0.9479525,0.35999417,0.27948946,0.97580564,0.3336097,0.91503197,0.970368,0.3299816,0.44326016,1.0782475,0.40013075,0.891088,1.0127654,0.41000718,0.431518
65051.jpg,0.56487787,0.14155889,0.9989003,0.58459044,0.13802442,0.9987483,0.5864198,0.14031318,0.9988821,0.58853364,0.14273894,0.99898714,0.584501,0.13730073,0.9987495,0.5859871,0.13902691,0.99892235,0.5878681,0.14072856,0.9991634,0.5993435,0.16869617,0.9978671,0.59982705,0.16309088,0.99867934,0.5589055,0.16006824,0.9980088,0.55849874,0.1594125,0.99770206,0.558964,0.2403203,0.99786925,0.56965756,0.25028604,0.99591225,0.4203293,0.14672989,0.9799417,0.43197972,0.1613656,0.42300355,0.30281162,0.048015922,0.9640252,0.33681488,0.081314266,0.4365987,0.28829223,0.017406553,0.9523756,0.3340642,0.05327159,0.44992408,0.29766703,0.012373507,0.9439155,0.33240396,0.047639757,0.46348062,0.30086407,0.025948286,0.9162071,0.33111477,0.05731389,0.49053776,0.4830223,0.50481397,0.99607384,0.49319234,0.48857686,0.9960526,0.26626113,0.4801172,0.96952873,0.28040284,0.48031628,0.22035593,0.050964415,0.50052357,0.9638702,0.06416547,0.49443585,0.38908517,0.027148008,0.524066,0.9413984,0.039672464,0.51095665,0.48311055,0.017439038,0.4169687,0.93768626,0.03637138,0.41530704,0.5233296
65825.jpg,0.17422584,0.4241692,0.9996331,0.16123185,0.4339005,0.9991027,0.16140789,0.43532157,0.9991591,0.16159874,0.43705797,0.9993678,0.1612277,0.4365901,0.99953485,0.1614216,0.43954903,0.9996834,0.16171688,0.4428898,0.9997396,0.16985583,0.45937997,0.9983115,0.17015252,0.46147922,0.9996105,0.18994048,0.43007034,0.999064,0.18955964,0.4333635,0.9994301,0.26418144,0.4915707,0.99903154,0.2545175,0.4615612,0.9999534,0.33829656,0.37361163,0.39044175,0.3249036,0.32742226,0.9956618,0.38444126,0.24730328,0.41270325,0.38529804,0.19906199,0.99335974,0.36448592,0.23532079,0.3722818,0.3651591,0.17409104,0.9882434,0.3624371,0.22878887,0.3805754,0.36006722,0.17638284,0.98480636,0.37515038,0.22915931,0.37052888,0.36834478,0.1836425,0.96613055,0.45380566,0.49090105,0.9929547,0.4514025,0.46807393,0.9959306,0.62349415,0.4850005,0.27331322,0.62635875,0.4685089,0.983077,0.7856226,0.48593405,0.59790426,0.80650675,0.47488508,0.9913543,0.8137686,0.5027296,0.71622354,0.83564794,0.49513128,0.9871796,0.8269937,0.4294288,0.7823643,0.84624296,0.41745913,0.9830766
66336_aug.jpg,0.7324953,0.5393971,0.99973387,0.7314022,0.552384,0.9997162,0.7305479,0.55265534,0.9997569,0.7296711,0.5529821,0.99973387,0.7305206,0.55257165,0.9995951,0.7291455,0.552926,0.99966025,0.72782904,0.5532923,0.9997546,0.71607125,0.54670876,0.99972445,0.71566945,0.54862493,0.9996339,0.7236116,0.52751976,0.99960166,0.7224307,0.52724946,0.9994814,0.6582098,0.49390775,0.9998833,0.6473584,0.48898113,0.9988153,0.6550116,0.35397643,0.9946976,0.6508075,0.35884088,0.5028874,0.64513266,0.23145036,0.9873691,0.6426629,0.24777754,0.5420655,0.66318077,0.21388155,0.9784322,0.659474,0.23312902,0.4990593,0.6690991,0.21774694,0.9765801,0.6630429,0.23142345,0.51174074,0.66107035,0.22338055,0.95644283,0.65435326,0.23514757,0.5002557,0.4965405,0.42706683,0.998187,0.49948907,0.4289839,0.9964573,0.3844812,0.35013017,0.9821114,0.38257378,0.34838468,0.32425007,0.2564115,0.28682396,0.9921822,0.26093194,0.28899786,0.815462,0.22906753,0.2888379,0.9849317,0.23450455,0.28852397,0.8199947,0.2569304,0.21106611,0.9878092,0.26006898,0.2175566,0.894693
66456.jpg,0.77815413,0.6508718,0.9990108,0.7957399,0.64513737,0.99837756,0.7963923,0.64370143,0.9983303,0.7969359,0.6421042,0.9986835,0.7964648,0.6423821,0.9989761,0.79750544,0.63934803,0.99909496,0.7983217,0.63592863,0.9992507,0.7944678,0.61832833,0.99706143,0.7940825,0.612222,0.9992459,0.76211214,0.64174753,0.9984463,0.76288545,0.637059,0.9989366,0.6984842,0.57230884,0.9982691,0.7099459,0.59284294,0.9999013,0.6353259,0.6798966,0.19806252,0.6428673,0.7159453,0.9936992,0.5898688,0.8015734,0.2521483,0.59042835,0.83653843,0.98288417,0.6075108,0.81382287,0.26173103,0.60716754,0.8624299,0.97303885,0.61191404,0.8204126,0.27123785,0.61582136,0.8582716,0.9684326,0.60131127,0.81966335,0.28369722,0.6075191,0.84953314,0.94434756,0.46690157,0.5640911,0.99120075,0.46378988,0.57680565,0.9942339,0.2817247,0.58341515,0.2903026,0.27321035,0.5923032,0.97153574,0.10549039,0.5668094,0.6299413,0.082583725,0.5615927,0.98385715,0.081321895,0.5511809,0.76877385,0.051407933,0.5410311,0.979521,0.080206394,0.634224,0.7880499,0.05215019,0.6319495,0.9733663
66719.jpg,0.81743896,0.6205726,0.9997764,0.82733256,0.6002123,0.9996915,0.8265884,0.59838206,0.9997143,0.8253538,0.59628075,0.9998318,0.82321334,0.59906703,0.9997477,0.8198315,0.59649116,0.99976975,0.81613684,0.5936086,0.9998111,0.8009349,0.5777657,0.99975234,0.7913877,0.57641816,0.9995702,0.79786825,0.62748694,0.99978775,0.79426193,0.6248096,0.9996481,0.69341457,0.60060227,0.9943294,0.670388,0.6169669,0.9990393,0.65860116,0.764166,0.60952324,0.63980436,0.8113316,0.9834451,0.75335073,0.8342713,0.55544,0.7538137,0.8560273,0.9806871,0.78585654,0.8467831,0.4596415,0.7900188,0.8694911,0.9714434,0.78686523,0.8365291,0.46564725,0.78966665,0.84709275,0.96774954,0.77611107,0.830009,0.4935495,0.7784821,0.8403743,0.9524946,0.46868995,0.529145,0.99876463,0.45470384,0.54407835,0.9992487,0.27166685,0.5104319,0.3629484,0.2632053,0.51440036,0.98486483,0.08824003,0.5126497,0.68518764,0.059895903,0.51528007,0.9827435,0.0552274,0.49373665,0.7882652,0.03352675,0.49140868,0.9780256,0.051708877,0.59940845,0.7542746,0.024199605,0.60274374,0.9618927
66769.jpg,0.08542988,0.6271657,0.9997856,0.07610151,0.64869237,0.9991398,0.07602027,0.6491686,0.9993088,0.07593387,0.6500582,0.9992254,0.083097756,0.6548988,0.99915886,0.087996334,0.6596261,0.9991375,0.09345865,0.66506666,0.99855846,0.09981811,0.6630279,0.99946076,0.12721324,0.68422043,0.9989262,0.10636571,0.6158867,0.9996754,0.11692813,0.6221685,0.9995571,0.15076867,0.51137626,0.99995923,0.29123223,0.6890697,0.9996877,0.08131552,0.3342403,0.9991615,0.44332722,0.79501307,0.99620616,0.016095906,0.1676406,0.9983367,0.58059,0.89896727,0.9929403,-0.016836554,0.14245819,0.99281716,0.6249939,0.92678237,0.98538315,-0.023482114,0.14049073,0.99430966,0.6254047,0.92939484,0.9883939,-0.004273176,0.1473376,0.9948726,0.6131643,0.92012465,0.9885598,0.38130474,0.34330454,0.96334404,0.47890985,0.41568208,0.9688788,0.5274854,0.14481628,0.8599777,0.5870301,0.18168023,0.7675192,0.6079397,0.0027066767,0.5530479,0.6957444,-0.0013185143,0.71035874,0.6220845,-0.0023136437,0.5219939,0.702463,-0.016992599,0.5608129,0.6469382,-0.085294574,0.6203932,0.730393,-0.07586929,0.6465845
66813_aug.jpg,0.4244846,0.44711745,0.9980786,0.43611497,0.43694556,0.9982291,0.43743855,0.43743068,0.9979511,0.43871334,0.43771628,0.9985421,0.43661955,0.43743354,0.9977543,0.43838593,0.43833032,0.9976387,0.44015825,0.43904388,0.9987154,0.45427746,0.45098722,0.9957208,0.45445752,0.4524706,0.9962915,0.42522258,0.46171543,0.9953656,0.42551497,0.46249074,0.99412304,0.4385021,0.5046104,0.9990765,0.44314143,0.5333598,0.9976822,0.30356538,0.47535664,0.9873772,0.30512634,0.49754983,0.51402694,0.18583335,0.42479858,0.97580075,0.20372719,0.45388752,0.5969301,0.1786988,0.39655823,0.95662344,0.20119284,0.43013477,0.5295257,0.1846559,0.3942165,0.94827193,0.1984846,0.4246753,0.53506166,0.18622735,0.40383366,0.9250136,0.1968354,0.43276745,0.5503098,0.37953785,0.67653686,0.9961184,0.39060834,0.69322145,0.993779,0.24206889,0.75908405,0.9414502,0.24160516,0.76140386,0.3158966,0.13189255,0.8661858,0.92955476,0.11862537,0.89339834,0.61889035,0.114061296,0.8927704,0.91709775,0.11018172,0.91405165,0.71633196,0.08111784,0.86151475,0.89831495,0.087628126,0.880375,0.6991514
68067_aug.jpg,0.9034575,0.77454627,0.9898241,0.9031019,0.80017674,0.99067616,0.89902186,0.8028383,0.9909384,0.89544535,0.8053478,0.99182,0.9060774,0.8004862,0.9855993,0.9035078,0.8035321,0.9855547,0.90116405,0.806796,0.9897355,0.86349106,0.8264643,0.98928064,0.8688631,0.8262678,0.98309636,0.87575614,0.7746525,0.9885379,0.8792238,0.77262175,0.98301053,0.75455546,0.7810376,0.9989084,0.740777,0.7547674,0.99474204,0.77109313,0.48147604,0.9648619,0.76561654,0.50650364,0.12021236,0.8357924,0.25702792,0.84250724,0.7865919,0.3224203,0.10062607,0.8594023,0.21674293,0.79349846,0.80224645,0.31207186,0.11083179,0.87313837,0.23198253,0.7826599,0.8088901,0.30410337,0.111673065,0.861943,0.24193195,0.7240143,0.79929817,0.30552495,0.11597783,0.51619536,0.526695,0.99364376,0.5203296,0.51548976,0.98772323,0.3130427,0.31511378,0.71955675,0.34484583,0.3152297,0.10453409,0.080844074,0.10315856,0.7758015,0.10522121,0.11629343,0.3158151,0.044861555,0.09900671,0.79395616,0.054404557,0.100687176,0.46742192,0.09787336,0.0103122,0.7189137,0.12009433,0.023861587,0.42281884
68104_aug.jpg,0.36898383,0.8034493,0.9971095,0.34937993,0.8088937,0.9971615,0.34724814,0.80716896,0.9968837,0.34474283,0.80541456,0.9974936,0.3504323,0.8106308,0.99604285,0.34909308,0.81010306,0.9960681,0.3473941,0.8095337,0.9978296,0.33465517,0.7863753,0.9937959,0.3371582,0.7901144,0.9952282,0.37343347,0.7846318,0.99469805,0.3754494,0.7860462,0.992896,0.37075865,0.6966776,0.9986451,0.37986457,0.6878902,0.9956424,0.5089283,0.6967349,0.9749786,0.51111,0.6840074,0.43591046,0.63495725,0.7043335,0.93909556,0.6264839,0.69044685,0.39631626,0.6469188,0.73918676,0.9135979,0.6303521,0.71988237,0.3394651,0.6429684,0.7470095,0.90623266,0.63176084,0.7266278,0.34094915,0.6399771,0.7335236,0.874987,0.63156927,0.7159658,0.37405318,0.4674981,0.4567324,0.99117494,0.4664615,0.46569005,0.9805282,0.5491065,0.29172045,0.8704384,0.54503113,0.3029538,0.10282562,0.61850846,0.11879265,0.90671676,0.6040747,0.14789113,0.28334963,0.61045814,0.08990085,0.91995734,0.6020876,0.11686838,0.48925957,0.6860038,0.12252444,0.87322944,0.6729513,0.14277485,0.5368954
69129.jpg,0.33903572,0.2977622,0.99921453,0.3255568,0.3018523,0.9993771,0.3245293,0.30342662,0.9993998,0.32345665,0.30512932,0.9994592,0.32575542,0.30230325,0.99943966,0.32488814,0.30413717,0.9995859,0.3239829,0.306115,0.9995869,0.3225507,0.32221264,0.99926907,0.32404184,0.32163125,0.9998178,0.34875083,0.30759582,0.9995492,0.3483165,0.30885214,0.99954116,0.38582295,0.37701964,0.99789435,0.39024347,0.36485237,0.99973184,0.46037406,0.32360905,0.26226795,0.47186705,0.3095386,0.9795339,0.42160988,0.27156273,0.24097604,0.41554248,0.26074737,0.9632311,0.40750048,0.25193912,0.18708481,0.40283713,0.24272195,0.93011945,0.3996971,0.26053116,0.19079569,0.39415774,0.2509502,0.9195164,0.4029385,0.26939666,0.20830432,0.3969103,0.2597314,0.89191633,0.4998942,0.49368328,0.99859565,0.50311095,0.48620486,0.99828124,0.61052185,0.5693551,0.17304215,0.61257404,0.5672157,0.881618,0.7073143,0.6507447,0.37667462,0.7145798,0.65282637,0.93132454,0.72174835,0.6745503,0.55472517,0.72816676,0.6770076,0.9182064,0.7472638,0.61826295,0.60146224,0.7563019,0.6201396,0.91330653
69738_aug.jpg,0.18928364,0.3510186,0.9998443,0.18940532,0.3307039,0.9999075,0.19134375,0.32898235,0.9999057,0.1937517,0.32699984,0.99992335,0.18943754,0.33113205,0.99982136,0.19120282,0.32978255,0.99972373,0.19332457,0.32820138,0.9997814,0.21952507,0.32017934,0.9998203,0.21780396,0.32104594,0.9996854,0.20368975,0.35990784,0.9996674,0.20453808,0.36122474,0.9995591,0.2850622,0.37857118,0.99958485,0.2978006,0.38694578,0.99947935,0.1734958,0.4901264,0.95296633,0.2084001,0.47876126,0.18519536,0.08942425,0.42998326,0.92786354,0.12206915,0.4574415,0.18554185,0.062339813,0.4129672,0.90472454,0.105192274,0.41965455,0.19805443,0.06897837,0.4010348,0.8961213,0.106897056,0.41536158,0.19679159,0.08105132,0.40684935,0.8701341,0.11216384,0.4198634,0.18619902,0.465456,0.49178213,0.99966943,0.48980787,0.5215318,0.99989927,0.29165104,0.42725736,0.81766415,0.5444813,0.6817786,0.94287723,0.19978082,0.48123226,0.8696056,0.62276673,0.8428557,0.9780617,0.19938838,0.50772876,0.795703,0.6489654,0.8615364,0.9604031,0.111257106,0.44528383,0.8745091,0.55551684,0.8855343,0.9788017
71177_aug.jpg,0.586782,0.27791277,0.97244024,0.6022036,0.29474524,0.9726441,0.6016439,0.29862043,0.97293174,0.60107017,0.30269054,0.98004854,0.6049586,0.28972653,0.96746486,0.606243,0.29016438,0.96453696,0.60748684,0.29083762,0.9774384,0.5921463,0.31788933,0.9781742,0.59759676,0.30690232,0.973657,0.56734145,0.28259337,0.98509246,0.5696581,0.27401245,0.9819978,0.50111824,0.3445196,0.996394,0.49725482,0.29363444,0.99191296,0.3856885,0.21171135,0.97395194,0.3734973,0.22737879,0.15248735,0.26072064,0.09398815,0.9394082,0.26232186,0.15034194,0.18029052,0.250418,0.070111156,0.92369926,0.25898752,0.13868767,0.2043744,0.2623621,0.06452674,0.92056865,0.25347313,0.13807233,0.20674466,0.2623983,0.07134381,0.8825855,0.25212535,0.14589636,0.20409527,0.26628652,0.36553285,0.98662704,0.2596799,0.33066574,0.96898556,0.07175672,0.39907414,0.5893763,0.09161733,0.38017488,0.12515952,-0.060085714,0.4747046,0.3831629,-0.04135245,0.4624405,0.10641532,-0.06961244,0.49557912,0.52974087,-0.055793047,0.48204684,0.23003827,-0.120278716,0.45401686,0.33185816,-0.0913406,0.4473836,0.17144614
71681_aug.jpg,0.895776,0.6768107,0.99885046,0.9157273,0.6658201,0.99432313,0.91607153,0.6657622,0.9956541,0.9164403,0.66537297,0.9943193,0.9156027,0.6566869,0.99615896,0.9158005,0.6499932,0.9966723,0.91551805,0.6429945,0.9948291,0.9075867,0.63957524,0.99604684,0.90268874,0.6065175,0.9961584,0.8714826,0.673478,0.9974795,0.86913246,0.66201985,0.9976101,0.7671921,0.7156087,0.9996152,0.78021646,0.4911034,0.9995233,0.71046066,0.8929182,0.9937044,0.7344596,0.30690214,0.99605536,0.6641512,1.018222,0.9766466,0.69418633,0.13820899,0.99010664,0.6604975,1.0662264,0.9183791,0.68295157,0.08538377,0.9753562,0.6749133,1.0676522,0.9341441,0.6877044,0.083066285,0.9802643,0.6699551,1.0539472,0.94873935,0.68863803,0.10015035,0.98017484,0.49486887,0.68739665,0.9434436,0.4720693,0.5702759,0.9596048,0.25237995,0.73957646,0.8936033,0.230923,0.677049,0.84533113,0.06582749,0.79206467,0.7526474,0.022063524,0.7426802,0.8058543,0.056951612,0.79309976,0.6508461,0.017275155,0.75229645,0.62949485,-0.0018213093,0.8091265,0.8003187,-0.07580665,0.7665626,0.75486046
73548.jpg,0.04295072,0.54767066,0.99912304,0.026401877,0.5692446,0.99845934,0.026905656,0.57147,0.99863416,0.027439505,0.5741751,0.9990349,0.02886033,0.57375896,0.99881077,0.03102547,0.57902294,0.9990219,0.033162802,0.5848442,0.9991297,0.051251143,0.6083902,0.9981001,0.054892123,0.6125853,0.9987054,0.067249894,0.54391474,0.9987509,0.07049981,0.551204,0.99892837,0.18460858,0.6099017,0.9973712,0.18625319,0.5887637,0.9995403,0.23531976,0.40041965,0.41332468,0.23804787,0.35966414,0.9887553,0.26189727,0.2322171,0.48138997,0.2803878,0.14945486,0.9745729,0.23300672,0.21333337,0.45691437,0.2587478,0.10988417,0.962733,0.22662893,0.20488432,0.4800925,0.24367626,0.12096855,0.95583636,0.23826483,0.20587501,0.48370972,0.2501486,0.13769242,0.9268028,0.48664075,0.5908522,0.9957391,0.49416083,0.5698602,0.997184,0.71262026,0.5090717,0.24282058,0.7257042,0.49819025,0.9719372,0.9191451,0.45403424,0.63531464,0.95359117,0.44386566,0.9851901,0.95352,0.46414003,0.75080645,0.98066413,0.45993853,0.9823192,0.90706325,0.36391187,0.81170213,0.94064367,0.345306,0.9742802
74583_aug.jpg,1.0206771,0.42849642,0.99939644,1.0397954,0.46837175,0.9994199,1.0329696,0.4771977,0.9994393,1.0263442,0.48716825,0.9994167,1.0550835,0.45378506,0.9988998,1.0581478,0.45226756,0.99905413,1.0608208,0.45155197,0.99941444,0.99404955,0.51969457,0.9981589,1.028681,0.48286447,0.99896705,0.9777701,0.4370785,0.9989446,0.98909724,0.42310178,0.9991875,0.7826429,0.4562068,0.99865204,0.9049437,0.4658926,0.99761546,0.63750255,0.22414264,0.98546463,0.7116103,0.25543496,0.60608613,0.50810593,0.0358963,0.9562628,0.5915213,0.065011084,0.6446795,0.48623395,-0.015586197,0.906172,0.56933963,0.023505747,0.5558608,0.5011338,-0.028477967,0.9087289,0.5651623,0.0022072792,0.5840171,0.5053065,-0.0041462183,0.8656843,0.5648386,0.025736094,0.6269978,0.43513334,0.55276996,0.9944541,0.5010337,0.53350276,0.981023,0.22378594,0.5870078,0.93762183,0.29910064,0.5498432,0.13951859,0.02498731,0.60863906,0.9085781,0.09368497,0.56816095,0.27976897,0.01741615,0.6256199,0.80669296,0.07069796,0.58519554,0.35041097,-0.008609086,0.5153869,0.8512356,0.042865247,0.49877366,0.5119762
74936.jpg,0.79393506,0.9382758,0.999708,0.7599124,0.958886,0.9997695,0.7501971,0.9572217,0.99977463,0.7400834,0.95580345,0.9997739,0.77513003,0.9629134,0.99952924,0.77586406,0.9639694,0.9995621,0.7763313,0.96537787,0.99972004,0.69841766,0.9364336,0.99931324,0.7358203,0.95028526,0.9994893,0.7716251,0.9074913,0.9993506,0.7889956,0.9128266,0.9995253,0.66043484,0.7147511,0.9994462,0.693141,0.85348177,0.99936587,0.7876234,0.51078594,0.99243283,0.79321647,0.5973412,0.68230987,0.90814406,0.28444242,0.97683674,0.9123475,0.39774522,0.68424165,0.94391876,0.24779764,0.94233555,0.9493987,0.37624452,0.55230105,0.9544379,0.25918704,0.94555956,0.95486045,0.3641259,0.5808566,0.9391142,0.26895052,0.91295415,0.94200665,0.35977426,0.6124657,0.42613,0.4662894,0.9972627,0.45979494,0.5367107,0.9944555,0.3199939,0.30112454,0.9294331,0.35582986,0.35522377,0.16465469,0.19534649,0.13364041,0.88417417,0.21213576,0.19233696,0.31493974,0.16198556,0.12337291,0.84470963,0.21078885,0.16892464,0.36336803,0.25769347,0.05623296,0.89077574,0.27980232,0.101970255,0.5802126
74992_aug.jpg,0.13767806,0.5209821,0.99938595,0.12334955,0.5100845,0.9994468,0.123607874,0.5080315,0.9993149,0.12392214,0.50578594,0.9994636,0.12344411,0.5100669,0.99948055,0.123770535,0.50815946,0.999405,0.124082625,0.5060279,0.9996138,0.13813165,0.483872,0.99915457,0.13745084,0.48429397,0.9990742,0.15683064,0.5162158,0.99913067,0.15799153,0.51688814,0.9990388,0.2461045,0.49895903,0.9996898,0.27402472,0.47136387,0.9994462,0.30519366,0.62226254,0.9730708,0.3280944,0.5879035,0.17804769,0.31411412,0.7221801,0.9076787,0.33635813,0.6832437,0.27596638,0.28363007,0.7307891,0.8676827,0.3182584,0.69357294,0.2900217,0.27998447,0.7242447,0.86469996,0.3041551,0.68667984,0.303242,0.29041624,0.72136384,0.8111233,0.31776333,0.68764174,0.31013262,0.508994,0.5276095,0.996268,0.51200414,0.5132667,0.9949758,0.70683324,0.5568861,0.8636781,0.70302,0.5549299,0.23226656,0.90347767,0.59089196,0.96124136,0.88179135,0.5828965,0.6400491,0.9460517,0.590408,0.9696182,0.9298531,0.5854423,0.77264595,0.8877731,0.6536393,0.9611257,0.8735732,0.6496793,0.82140183
75244_aug.jpg,0.49857894,0.9340311,0.9993212,0.47092894,0.9435774,0.99922705,0.46701753,0.9411205,0.99921227,0.46242672,0.93886626,0.9993062,0.4733877,0.9462197,0.9990434,0.47143045,0.9455656,0.99913776,0.46904692,0.9449397,0.9994568,0.44116235,0.9134816,0.99860245,0.44734353,0.9204259,0.99883777,0.5008545,0.9084426,0.9988362,0.504101,0.9105311,0.9986174,0.47744456,0.7745714,0.9994326,0.49243757,0.7868327,0.998784,0.70570874,0.7007458,0.989447,0.69446856,0.7006256,0.5035417,0.9154391,0.635929,0.9778857,0.85609424,0.6549843,0.4339,0.9508102,0.651693,0.96237093,0.8926538,0.66709775,0.38125405,0.9463803,0.6641493,0.96016484,0.9058608,0.6700811,0.38417736,0.9342594,0.65474737,0.9340158,0.894862,0.66118157,0.3880361,0.50910586,0.47960275,0.98476046,0.52151096,0.49081457,0.9825143,0.5652723,0.23883061,0.88219327,0.5724549,0.24411207,0.1632124,0.6581933,0.022961944,0.9226503,0.65479404,0.039762378,0.5074619,0.6416222,-0.0055075884,0.93484485,0.6457696,0.0090537965,0.6345933,0.77289826,0.0018703043,0.90741825,0.7649956,0.019681305,0.7244444
75549.jpg,0.88416135,0.7033499,0.99991906,0.87935936,0.72930074,0.9999033,0.8763102,0.73091465,0.9999161,0.87314105,0.7325789,0.9999186,0.8809613,0.7283064,0.99988353,0.87895745,0.7294297,0.9999013,0.87682587,0.7306792,0.9999312,0.84234494,0.7362615,0.99989057,0.846695,0.73701656,0.9998692,0.86391604,0.6859749,0.9998678,0.8651411,0.6845799,0.9998235,0.7404448,0.6301869,0.99989927,0.7367356,0.6407381,0.9995529,0.77262855,0.38446698,0.99704784,0.76330245,0.40583807,0.41872928,0.8083378,0.17076981,0.99366766,0.79655844,0.22802565,0.4587769,0.84411436,0.15448508,0.98858297,0.82833534,0.21256992,0.4315131,0.8549797,0.1631153,0.9873405,0.8359055,0.2067461,0.4333744,0.8379319,0.16743127,0.9739745,0.82347083,0.20432723,0.41782138,0.4913297,0.4759932,0.9962322,0.4941789,0.48519105,0.9939659,0.29690963,0.32223257,0.95674664,0.30148092,0.3241133,0.34582973,0.14278883,0.15234143,0.9837155,0.15119362,0.15730703,0.7843901,0.093578905,0.14041874,0.9821004,0.109537214,0.14554402,0.82900876,0.17216599,0.040894896,0.9773588,0.17946965,0.0479728,0.89630616
78482_aug.jpg,0.73630035,0.39361665,0.99919146,0.7296569,0.41066748,0.9993474,0.72671485,0.41184756,0.99944574,0.7236347,0.41312292,0.99948525,0.7322561,0.41037285,0.9987301,0.73114645,0.41142198,0.9986891,0.7297932,0.41257524,0.9989737,0.704059,0.41468823,0.9986033,0.7106163,0.41441005,0.99730396,0.723692,0.38236207,0.9976046,0.72587407,0.38168713,0.99701655,0.6539487,0.36540923,0.9990891,0.66788447,0.36094552,0.9923809,0.67671484,0.24116015,0.9849967,0.6837412,0.25988382,0.23262876,0.74819034,0.22067332,0.9628134,0.7421119,0.21768735,0.22710659,0.7682034,0.22118929,0.9455324,0.7582841,0.22025412,0.22394541,0.7668798,0.23523721,0.9452223,0.7645241,0.22930226,0.24434096,0.75910187,0.23637855,0.9071246,0.7557268,0.22986086,0.254142,0.48816895,0.32882136,0.99905723,0.50033504,0.3115661,0.997528,0.38747612,0.26148117,0.98020935,0.39818457,0.2485806,0.33017948,0.28555286,0.18621385,0.9884779,0.30844265,0.18906035,0.7452812,0.2619733,0.18628488,0.9731414,0.28636816,0.18616983,0.7563112,0.29951838,0.11615676,0.9825984,0.31729105,0.12906764,0.86231625
78714_aug.jpg,0.76773286,0.18197954,0.99944025,0.7759914,0.18758065,0.9990395,0.778291,0.18964702,0.9991327,0.7809592,0.18997204,0.99870217,0.77035874,0.17970347,0.9985771,0.7679286,0.17734987,0.9981908,0.77389556,0.1640063,0.99729854,0.75237066,0.16080588,0.999091,0.7629509,0.15810412,0.99807715,0.75271505,0.20414191,0.99925226,0.7428463,0.19990587,0.9986369,0.6454853,0.2212283,0.99981457,0.66401637,0.22907281,0.9999664,0.34899747,0.21679401,0.86028606,0.4830008,0.19383335,0.70738524,0.17623071,0.16864109,0.63882744,0.2159935,0.18850535,0.8638545,0.15482748,0.14245558,0.56853503,0.18686233,0.14597273,0.844295,0.16346915,0.1389795,0.5597381,0.17861326,0.13831633,0.8456641,0.17459422,0.15667915,0.61530805,0.18890941,0.16105217,0.83913136,0.5286228,0.48568073,0.99928916,0.4649425,0.561092,0.99991715,0.68822575,0.19215673,0.5184782,0.2844568,0.64722276,0.9773492,0.90694296,0.12660402,0.6088621,0.14654931,0.8259237,0.9912374,0.9043634,0.12871176,0.7734898,0.1487437,0.8459042,0.9883555,0.9633365,0.055183172,0.7773454,0.043457508,0.8913862,0.9900892
78854_aug.jpg,0.31059444,0.07425618,0.9972675,0.32787305,0.05349952,0.9985441,0.33267805,0.05458951,0.99854255,0.3376559,0.055577874,0.99879825,0.3216875,0.050492942,0.99666494,0.32166678,0.04961151,0.9959518,0.32186943,0.047869563,0.99672276,0.36235535,0.06413412,0.99738604,0.3435321,0.05538833,0.99659795,0.32089257,0.099627554,0.9980274,0.31520516,0.09685093,0.9975193,0.36208397,0.1968643,0.9990627,0.38253397,0.15663075,0.9917699,0.17342645,0.35564864,0.98762184,0.2397292,0.30708173,0.3314827,0.01886803,0.47319266,0.9393923,0.115069896,0.39592096,0.37579903,-0.024323046,0.49530575,0.89883494,0.054324776,0.40742534,0.36545447,-0.026955247,0.48444223,0.8998756,0.041999847,0.41730398,0.38785896,-0.0033948123,0.48002982,0.8727737,0.069000006,0.4217213,0.41708836,0.48131916,0.55332094,0.9878491,0.4849223,0.51857805,0.9711897,0.48724002,0.82405335,0.91654325,0.4788045,0.778075,0.42965385,0.51969355,0.9893219,0.74675846,0.51462805,0.95918465,0.26951212,0.5346172,0.98961794,0.737749,0.5296798,0.9642421,0.39806497,0.4893214,1.0903282,0.66323924,0.47699803,1.004068,0.34937316
79254.jpg,0.63674974,0.33545506,0.9983157,0.6444514,0.3486713,0.9979551,0.64389706,0.35075808,0.99793637,0.6433591,0.35314736,0.9982333,0.6448224,0.3485422,0.9972429,0.644568,0.3504489,0.9974605,0.6443709,0.35266742,0.99827886,0.63216186,0.36875683,0.99718153,0.6339079,0.36803642,0.9957974,0.6245296,0.33638155,0.99769586,0.6248033,0.33624086,0.9968485,0.5680492,0.35875353,0.9998306,0.5592926,0.37122968,0.99846005,0.5262749,0.25646204,0.99440914,0.51695144,0.26862618,0.37143788,0.48429057,0.16588838,0.9833977,0.4790431,0.18278018,0.3168025,0.49382538,0.14340961,0.96844953,0.48730457,0.1673739,0.2907499,0.49909234,0.14450294,0.96414566,0.4893762,0.1636372,0.29568803,0.49309388,0.15180765,0.9375479,0.48355412,0.16766395,0.3142084,0.41001597,0.39965823,0.99388725,0.4178105,0.40443784,0.99123454,0.29211318,0.38025814,0.97073865,0.2842589,0.38314918,0.3227123,0.17129791,0.3520494,0.97859436,0.16897985,0.35378498,0.8175194,0.18665753,0.33589143,0.9660095,0.15003547,0.35543078,0.87048525,0.16091324,0.29381076,0.9652024,0.15524805,0.29638976,0.89304125
80329.jpg,0.25239167,0.39834052,0.9996977,0.23584574,0.40337428,0.99975365,0.23552746,0.4046402,0.9997081,0.2351371,0.40597668,0.9997774,0.23546702,0.4045779,0.9997658,0.2349348,0.4067095,0.99979,0.2343007,0.40883815,0.99985003,0.23869476,0.42573488,0.9995727,0.23719111,0.42586598,0.99982506,0.26598483,0.4053238,0.99945694,0.2651323,0.40712708,0.9995302,0.3183072,0.46747476,0.99911803,0.30235082,0.44443682,0.99987125,0.32023588,0.3498875,0.43569678,0.31331012,0.3090604,0.96796364,0.25077805,0.32784855,0.46456677,0.23562023,0.31609342,0.9505704,0.2195884,0.3242479,0.38039306,0.20846975,0.31364527,0.9335925,0.21797222,0.33504432,0.37974748,0.21099797,0.3313988,0.92771286,0.22779417,0.33852595,0.38535386,0.22105896,0.33551013,0.9059958,0.51353353,0.47604725,0.9993592,0.5098664,0.46052694,0.99939585,0.6503581,0.38372403,0.10472564,0.64877945,0.37662023,0.9531127,0.80830944,0.34213367,0.26311418,0.8171718,0.33067185,0.96542215,0.84200686,0.34549066,0.43371552,0.849133,0.33432806,0.9621143,0.7980616,0.2681728,0.549512,0.8018239,0.25744772,0.9637978
81505_aug.jpg,0.37800294,0.9401574,0.9995864,0.34609392,0.962412,0.9996438,0.33946264,0.9594472,0.9996562,0.3319518,0.9563298,0.99972814,0.35255334,0.9670201,0.99943405,0.3506316,0.9675267,0.999456,0.34837836,0.9682402,0.99968755,0.29611155,0.9273821,0.99922633,0.31728488,0.9493743,0.99946386,0.3706093,0.9080783,0.99943894,0.37700152,0.9131828,0.9993519,0.30539346,0.76548123,0.99937564,0.2962638,0.87563866,0.99897754,0.58602184,0.6772598,0.995359,0.51957625,0.76896083,0.69640386,0.8285376,0.57550055,0.990558,0.7233551,0.67094755,0.78375375,0.89964783,0.5931601,0.97719425,0.7640795,0.70391065,0.7225767,0.8906172,0.6154672,0.97557485,0.77512383,0.70322835,0.7338042,0.86466485,0.60628617,0.957788,0.7635195,0.6865351,0.75466996,0.2098075,0.45828933,0.9970446,0.21829495,0.5378657,0.994107,0.29869324,0.28994656,0.97199655,0.29982838,0.38967085,0.26094222,0.3814047,0.09702438,0.9667422,0.36535984,0.1626661,0.54799336,0.3675802,0.065977186,0.92330253,0.35893226,0.14790967,0.56325877,0.5065317,0.092647016,0.9445897,0.48979574,0.13806954,0.76981235
83090.jpg,0.22239903,0.77834916,0.9989612,0.19707239,0.77019346,0.99909735,0.19564489,0.76696765,0.9991523,0.194002,0.76341313,0.9993273,0.1965774,0.7712581,0.99858487,0.1948669,0.7688185,0.9983828,0.19296527,0.7661378,0.9988789,0.1910271,0.7321732,0.99932814,0.18911621,0.73529327,0.998049,0.23923758,0.7665907,0.99916935,0.23906094,0.7674998,0.99878234,0.29202825,0.6864596,0.9999591,0.28256342,0.6552653,0.9992176,0.47754198,0.74412036,0.9974764,0.47221985,0.7168307,0.15780321,0.6545312,0.8206876,0.9947354,0.6039819,0.7838059,0.24164774,0.68178827,0.8357779,0.98979014,0.6297158,0.8064847,0.25373706,0.684802,0.8588513,0.98902917,0.6315043,0.8121464,0.25375745,0.6753252,0.84291804,0.97657484,0.63031775,0.80486995,0.24798605,0.54495,0.5581286,0.9988726,0.5207335,0.5268868,0.9961516,0.7497035,0.4592741,0.93136716,0.7113488,0.4250738,0.29608142,0.9115469,0.30341336,0.98235416,0.8700034,0.30279672,0.6797343,0.9109838,0.27833197,0.97958195,0.8764963,0.27684823,0.789165,0.99378103,0.30823064,0.97717506,0.95032895,0.3064807,0.82427007
83302.jpg,1.0245298,0.43147227,0.9996203,1.0444238,0.46976992,0.9997168,1.0378526,0.47744322,0.9997352,1.0314554,0.48602152,0.9997155,1.0594084,0.4579175,0.999363,1.0625535,0.45727706,0.99943143,1.0654458,0.45729667,0.9996215,0.9988222,0.521309,0.9992293,1.0323727,0.4906384,0.9994703,0.98178566,0.43929487,0.9994623,0.99332714,0.42801523,0.9995454,0.7877641,0.46013397,0.9994785,0.9156562,0.48257315,0.99900657,0.6551723,0.24012038,0.9904613,0.73029757,0.2672641,0.67733073,0.53113997,0.048072994,0.97371507,0.6110557,0.07875979,0.72475314,0.5102829,0.0021534562,0.938079,0.6013173,0.03792578,0.6146308,0.5195897,-0.013935149,0.94111955,0.59268844,0.025815487,0.64763606,0.5242317,0.00896728,0.90968055,0.5874201,0.039178014,0.6796301,0.44457105,0.55303735,0.99592507,0.52205276,0.5352726,0.9900323,0.24648124,0.5693707,0.9444662,0.32864404,0.542567,0.20376569,0.02810651,0.6009393,0.8999875,0.13578092,0.5910443,0.31528816,0.017697603,0.6182202,0.7870259,0.11211395,0.5933595,0.3437669,0.021828264,0.5036495,0.8755067,0.072670996,0.50364226,0.5567998
84416.jpg,0.5499046,0.8262476,0.9994541,0.53781664,0.8402598,0.99951017,0.5355776,0.83986557,0.99948066,0.5329384,0.83941823,0.9995185,0.5384855,0.84070206,0.9993506,0.53687805,0.84066266,0.99937844,0.53494865,0.8406272,0.99961567,0.51484126,0.82809865,0.99927276,0.51762605,0.8292141,0.9993037,0.5455213,0.80825686,0.9991611,0.546448,0.80754685,0.99894696,0.5018782,0.7323772,0.9997092,0.49594554,0.7212001,0.99877185,0.61889505,0.6568351,0.9898426,0.6088228,0.6510696,0.4244446,0.72976404,0.6054848,0.97584414,0.7084899,0.5977105,0.44520888,0.7646526,0.62714976,0.9631414,0.7277845,0.6201244,0.40659815,0.76110625,0.63467634,0.9587504,0.73262644,0.62426215,0.41752082,0.7509591,0.6264014,0.93498343,0.7271721,0.6161768,0.44869012,0.45543432,0.48625216,0.9978021,0.45061556,0.4922339,0.99348176,0.43310943,0.30193067,0.8887759,0.431633,0.3114207,0.10160324,0.39430854,0.12184456,0.95505816,0.39592505,0.14768341,0.35972357,0.37140292,0.09014931,0.96068704,0.37457082,0.11285028,0.5723766,0.45391443,0.08356419,0.9423013,0.45352632,0.10502121,0.62606764
86005_aug.jpg,0.5467307,0.22838685,0.9994307,0.53265846,0.21455416,0.99923086,0.5312978,0.21429291,0.99923813,0.529633,0.21400845,0.9996055,0.52904266,0.21727869,0.99940145,0.5255367,0.2190449,0.99931026,0.5218347,0.22075951,0.999413,0.5084269,0.22696528,0.9992605,0.501779,0.23459786,0.99935645,0.54626757,0.24507761,0.999203,0.54145455,0.24798077,0.9992034,0.5368205,0.31564093,0.999446,0.49467587,0.3244819,0.9990796,0.6749883,0.31260073,0.80416703,0.6670244,0.32036775,0.908444,0.8290584,0.2965142,0.7933164,0.82863927,0.29724467,0.8997945,0.84550464,0.26750937,0.7231842,0.85597795,0.26989865,0.87962073,0.8458972,0.26173624,0.7306736,0.84921396,0.2576586,0.8599632,0.8439572,0.275269,0.70267147,0.8436671,0.27072603,0.7594422,0.54523826,0.51125705,0.9998338,0.4918529,0.51175517,0.9996433,0.7024166,0.623116,0.95032704,0.56925213,0.35806513,0.99204355,0.8252243,0.7981131,0.99124956,0.6944822,0.53593695,0.9889614,0.83187175,0.8234323,0.9583083,0.69783646,0.55928785,0.9732674,0.90080976,0.8046801,0.9902885,0.7559933,0.5561416,0.9874467
86992_aug.jpg,0.47534215,0.09615284,0.97918177,0.46609622,0.089143455,0.9729403,0.46560115,0.09006953,0.9741717,0.46524686,0.091018796,0.9761244,0.4637587,0.08899897,0.9838726,0.4617663,0.08994728,0.9854806,0.4598734,0.09096843,0.9839438,0.4567057,0.10259682,0.9659489,0.45359293,0.09919995,0.9780878,0.47825235,0.11140674,0.9908619,0.47412354,0.11329907,0.9901495,0.46166766,0.1963149,0.98846066,0.46899092,0.19080544,0.99791807,0.6428104,0.24286231,0.36316565,0.6723418,0.25081518,0.976775,0.82315737,0.26543817,0.47038874,0.88863957,0.29859418,0.846358,0.8740167,0.24438736,0.45300975,0.92752904,0.27394575,0.8073208,0.87951344,0.24094278,0.46734998,0.9218074,0.26122114,0.7993999,0.87191355,0.24651411,0.45738742,0.91213965,0.27045676,0.7675267,0.51929307,0.5039189,0.99579805,0.5215506,0.49713048,0.9962613,0.57481796,0.75169057,0.7439068,0.5857849,0.7326707,0.9605136,0.6650444,0.95578694,0.89759827,0.6865237,0.9583528,0.9688785,0.6477768,0.9800788,0.91170365,0.66818726,0.98007,0.9523357,0.75385743,0.96895784,0.9048354,0.7782796,0.97001004,0.9284098
87165.jpg,0.081757665,0.80615175,0.9909061,0.07896876,0.83439577,0.98770905,0.08000952,0.834581,0.9894048,0.08165622,0.8352661,0.99052495,0.08463955,0.8406687,0.9910125,0.08960283,0.8444795,0.991797,0.09503853,0.8486185,0.99064505,0.11546469,0.8462645,0.98310226,0.12824368,0.85619766,0.98571754,0.10494959,0.78624034,0.9934957,0.11215997,0.79159886,0.9918724,0.2024517,0.750479,0.99812347,0.24220029,0.79462224,0.9984799,0.20780498,0.45037395,0.79512376,0.19806182,0.46997997,0.96834934,0.13380873,0.18319741,0.9113356,0.13483655,0.18918678,0.9308475,0.09353918,0.14802065,0.8681301,0.09376955,0.12921053,0.9080618,0.07953149,0.1433754,0.8848136,0.05482763,0.15122935,0.9039401,0.09757316,0.1618627,0.87234354,0.101168334,0.17452145,0.8597566,0.52799225,0.52455574,0.99682546,0.54650307,0.56615645,0.9971615,0.7162672,0.36981976,0.36623877,0.7064664,0.39020887,0.9358675,0.8837594,0.18767211,0.7142385,0.90808,0.17724404,0.9557134,0.9240962,0.17837787,0.7429317,0.94912577,0.16599017,0.92993987,0.8259247,0.06278002,0.8125274,0.8464571,0.053652197,0.92475855
87292_aug.jpg,0.10436916,0.62795824,0.9997955,0.0863058,0.6021918,0.99987805,0.08807337,0.59697497,0.9998727,0.08984399,0.5912272,0.99989796,0.081364274,0.60794497,0.9996959,0.07978892,0.6069921,0.9996525,0.07796228,0.60584724,0.99974364,0.10435498,0.5671343,0.9997286,0.091415465,0.5853105,0.9995701,0.13021678,0.62524927,0.99977034,0.1259008,0.6305024,0.9996556,0.22649917,0.5653571,0.9998889,0.20922509,0.57891864,0.99809235,0.3872526,0.71202946,0.9962633,0.37260818,0.68038344,0.43114787,0.5277383,0.8796379,0.989441,0.47177896,0.8151722,0.3823819,0.54325205,0.924039,0.97655165,0.48828864,0.8586167,0.31668362,0.535687,0.933385,0.97694075,0.48272008,0.8612633,0.3265268,0.5326352,0.9159883,0.9662939,0.48027462,0.84622884,0.3459638,0.5138388,0.5513244,0.9978313,0.47279912,0.55616903,0.995243,0.7339807,0.55461377,0.93803,0.7003948,0.54835796,0.27736077,0.94181263,0.48894173,0.892776,0.9004167,0.47163886,0.43018666,0.9420949,0.45697492,0.861581,0.90696764,0.44015142,0.48669547,1.0372484,0.52962446,0.8815454,0.94616616,0.493814,0.55929625
87351.jpg,0.5286691,0.028979719,0.99886763,0.5554349,0.002504468,0.9992811,0.56223226,0.004510224,0.9993436,0.56970584,0.0060587525,0.99942434,0.5499504,-0.0026717782,0.99869376,0.55289316,-0.003827989,0.99871373,0.5562556,-0.005419731,0.99907637,0.6132765,0.028282166,0.99864525,0.59027004,0.008776844,0.998872,0.5450939,0.059880674,0.9989774,0.540503,0.057538033,0.9988532,0.6411624,0.1854169,0.9995629,0.6299304,0.09475595,0.9984951,0.3901147,0.33146453,0.99513113,0.40348786,0.22514445,0.69226027,0.13849717,0.4758957,0.99015665,0.22441196,0.3562002,0.8452581,0.07097238,0.4722541,0.9767513,0.17551649,0.297914,0.8109746,0.08099812,0.44378948,0.97549313,0.17658573,0.3202215,0.8292734,0.104671836,0.4433537,0.96049887,0.19059455,0.3448881,0.84221303,0.8022919,0.48266667,0.99731183,0.7735184,0.4030318,0.9945344,0.74471056,0.6902078,0.9473915,0.71859384,0.55343664,0.18443526,0.69012225,0.8765407,0.92423487,0.6906353,0.7956748,0.35743937,0.7138137,0.91170394,0.8561766,0.694746,0.82690936,0.4035903,0.5536803,0.90346223,0.8864328,0.5669597,0.8597503,0.58103454
87696.jpg,0.15721491,0.47059363,0.99993074,0.15111089,0.45197845,0.9999577,0.15237525,0.44930118,0.9999559,0.15374896,0.4462145,0.99996614,0.1510692,0.45242897,0.9999205,0.15223199,0.4502763,0.9998735,0.15340212,0.44778484,0.99989915,0.17517829,0.43108493,0.9999193,0.17349732,0.43214783,0.99984515,0.1734026,0.4728018,0.9998572,0.17472419,0.4737982,0.9997967,0.2540434,0.46324092,0.9997179,0.27442002,0.46319145,0.9997651,0.18831953,0.6059795,0.9592662,0.2235966,0.58239996,0.24636732,0.08768484,0.57795817,0.9425008,0.13707393,0.5783924,0.27078354,0.056721747,0.5685367,0.9275141,0.10755956,0.5571937,0.28487405,0.06053841,0.5557928,0.92044026,0.09604898,0.55512106,0.28245723,0.07503328,0.5591357,0.89831585,0.10183379,0.5689905,0.2712986,0.46439585,0.5051656,0.9997366,0.5005902,0.5239905,0.99993503,0.2829089,0.5062404,0.90720326,0.6075131,0.6556493,0.95597225,0.19068909,0.59984016,0.9583537,0.73753184,0.7754686,0.9890191,0.18293634,0.6380202,0.9209389,0.76587,0.78234774,0.97916406,0.081529886,0.56434155,0.95846236,0.69063187,0.84040236,0.98981714
88400.jpg,0.30786416,0.7411791,0.9995969,0.29027733,0.73713356,0.9996438,0.28881297,0.73379976,0.99970657,0.2871517,0.73033,0.99981016,0.29105505,0.7409692,0.9993876,0.2900718,0.7402264,0.99938464,0.28867182,0.739321,0.9996332,0.2823763,0.70522803,0.9995739,0.28172803,0.7168533,0.999047,0.31663495,0.724674,0.99934334,0.31740445,0.72948223,0.99876535,0.36559865,0.6566146,0.9998186,0.31847724,0.68556476,0.9994481,0.47976634,0.74032855,0.99751955,0.42517087,0.74819386,0.5634366,0.6191038,0.8272835,0.99672544,0.52651423,0.80239254,0.68765193,0.63498056,0.85499614,0.9934657,0.5282925,0.8247962,0.67120576,0.6219096,0.8592406,0.9926179,0.53294665,0.8289715,0.67542267,0.6143452,0.8490047,0.9831065,0.5354133,0.82160413,0.68799204,0.43547726,0.49517468,0.9995604,0.4059747,0.5191627,0.9982474,0.5531958,0.48396102,0.9530324,0.5165762,0.5267692,0.25896853,0.6818701,0.46526796,0.9868989,0.6267172,0.48459288,0.62148935,0.69366586,0.44342703,0.9746429,0.64135647,0.4728387,0.7350056,0.7239933,0.5165977,0.97921467,0.6749686,0.52448064,0.8436318
88566_aug.jpg,0.4708756,0.81690943,0.99952173,0.4518678,0.8114798,0.99959654,0.45051742,0.8087143,0.9995828,0.44903815,0.805565,0.99966407,0.45285916,0.8130083,0.99948347,0.45206392,0.8114454,0.9995023,0.45096064,0.8095913,0.9996669,0.44793293,0.77834505,0.99945325,0.44897497,0.7871484,0.99932086,0.48274702,0.80187255,0.99912375,0.48378944,0.8049594,0.9987224,0.5019623,0.71028626,0.9998363,0.5183202,0.70539933,0.9988304,0.670478,0.7051346,0.99651563,0.66627806,0.69256705,0.6605403,0.81562066,0.7118292,0.99045473,0.79636765,0.6958324,0.6954569,0.8355143,0.7408145,0.9846297,0.8034527,0.71427315,0.6358169,0.8324982,0.74469566,0.9811739,0.80872524,0.72001135,0.64532065,0.8265147,0.7321879,0.97185045,0.80901444,0.70901597,0.6453766,0.54770505,0.504904,0.9990403,0.55367666,0.5149661,0.9977189,0.677014,0.36934334,0.9525537,0.6741096,0.37345147,0.20158046,0.8213853,0.2216475,0.9883888,0.7824243,0.24195334,0.61936086,0.83600634,0.18957064,0.98664886,0.78282607,0.21326101,0.6974152,0.8730741,0.24908897,0.98214585,0.83636093,0.26487124,0.7377884
89692_aug.jpg,0.6070588,0.72760904,0.9975555,0.589558,0.72684824,0.99765056,0.58806694,0.7252563,0.99775106,0.58658403,0.7235122,0.99825317,0.5890114,0.7271606,0.9964954,0.5872028,0.72584385,0.996461,0.5852742,0.7243692,0.99775875,0.57877165,0.7066244,0.9974917,0.5764284,0.707795,0.9954542,0.61460626,0.7131547,0.997378,0.61437136,0.713856,0.9961932,0.61201984,0.6300547,0.9994875,0.6034967,0.63442403,0.9979862,0.7331259,0.57461745,0.9858542,0.7169045,0.5886697,0.17743537,0.86492145,0.53060794,0.96804273,0.83760977,0.54278326,0.17785619,0.88639253,0.53694195,0.9438165,0.85847884,0.5508057,0.17274605,0.8876411,0.5426647,0.9396404,0.86255026,0.5478357,0.17307597,0.88186485,0.5371299,0.8969663,0.86120063,0.5412589,0.17232712,0.67501473,0.46132416,0.9958637,0.6653537,0.46423408,0.99250716,0.72992224,0.31988817,0.75373775,0.73321974,0.32715034,0.16550075,0.77215487,0.19236328,0.8320121,0.7725108,0.19468346,0.3356668,0.76546097,0.17294589,0.8368011,0.76538986,0.17337844,0.4831995,0.81389344,0.16333964,0.8190474,0.80703115,0.17234746,0.5190926
91515_aug.jpg,0.3763594,0.23335204,0.9992144,0.38982236,0.22643067,0.99926776,0.39185348,0.22729011,0.9992493,0.3941356,0.22817943,0.9993654,0.3891259,0.22544838,0.9989766,0.39068252,0.22564799,0.99902594,0.39244527,0.22587727,0.99940395,0.4106875,0.24337783,0.99886453,0.40905797,0.2414499,0.99861014,0.3758411,0.24650636,0.9990932,0.37465307,0.24561335,0.9984458,0.3878453,0.30796123,0.99979216,0.3962122,0.3212852,0.9983718,0.2536919,0.31300962,0.9934735,0.2674345,0.32615024,0.34815776,0.1245507,0.31103992,0.98348397,0.16442917,0.32210487,0.39731207,0.10546103,0.28859928,0.97298753,0.15599671,0.30287033,0.38918865,0.11017257,0.2839225,0.9687848,0.15138957,0.29885668,0.3906095,0.11604482,0.29515398,0.9444149,0.14895724,0.30861843,0.39599836,0.32949674,0.4659348,0.9982541,0.33765614,0.46242356,0.9925143,0.24659057,0.572223,0.9399551,0.24762931,0.57342196,0.223881,0.17151019,0.70268196,0.98303336,0.18623823,0.6914138,0.6460501,0.16773626,0.7311104,0.9816452,0.18406376,0.71861595,0.75713795,0.101236776,0.6956042,0.96958107,0.12183528,0.68908036,0.7957432
92286_aug.jpg,0.56962156,0.17812917,0.99966407,0.55550814,0.16799188,0.9994729,0.5542188,0.1682451,0.99946564,0.55268484,0.16851512,0.9996854,0.5519127,0.16949815,0.9996723,0.54831696,0.17104536,0.9996543,0.54452544,0.17263564,0.99974364,0.53109664,0.18339178,0.9990196,0.52303356,0.18833762,0.99944466,0.5721734,0.19307452,0.99940777,0.5673533,0.19508839,0.9996057,0.58293974,0.28704822,0.9994861,0.51146066,0.2779562,0.9998728,0.7389839,0.33103144,0.8036017,0.7000681,0.3231711,0.87219185,0.912743,0.34103787,0.72886753,0.87214786,0.33658054,0.8058055,0.94972503,0.3259238,0.6650038,0.92234623,0.3296646,0.78643465,0.9523041,0.3196023,0.6933537,0.9172736,0.3230701,0.7613976,0.94085073,0.32724416,0.67841333,0.9082781,0.32873854,0.6267742,0.58188826,0.50582093,0.9979692,0.54705685,0.4932922,0.99987435,0.5544882,0.6593201,0.3193444,0.6826912,0.60113746,0.9887434,0.5195676,0.8142246,0.73883504,0.8097669,0.8110659,0.9954341,0.50034624,0.83535945,0.7025875,0.80748624,0.8470873,0.9822841,0.53384316,0.8638928,0.7592808,0.91920286,0.8269552,0.989837
92479_aug.jpg,0.067340165,0.50090176,0.9999708,0.05507347,0.5200307,0.9998361,0.0547792,0.5206917,0.999887,0.054386765,0.52174497,0.9998497,0.059827447,0.52799875,0.99985707,0.062796324,0.53378564,0.9998754,0.066518754,0.5410064,0.999772,0.07355654,0.54192597,0.9999145,0.09326658,0.5707711,0.9998363,0.0898751,0.49564105,0.99991953,0.09798515,0.5049449,0.9999002,0.16827542,0.409925,0.9999747,0.24552709,0.62241364,0.9998876,0.1443755,0.22087733,0.9992236,0.35979506,0.77130413,0.9962763,0.12627909,0.050277293,0.99797004,0.47056487,0.90564966,0.99476695,0.09345597,0.041639388,0.99179524,0.49949196,0.945909,0.98923814,0.08896583,0.040717304,0.993403,0.49880147,0.9477519,0.9912725,0.10698971,0.04223028,0.99373513,0.4916417,0.93456125,0.99126875,0.4215311,0.3248732,0.9870341,0.49637932,0.4219546,0.990245,0.62048423,0.17225291,0.9456475,0.6705684,0.21670766,0.82289433,0.8161675,-0.007272452,0.9127588,0.8912095,0.03520623,0.92804635,0.8444482,-0.015774995,0.8444616,0.9092661,0.013443708,0.8785632,0.8716919,-0.06538811,0.9531581,0.9380245,0.007101923,0.9193568
92959_aug.jpg,0.037935972,0.7235726,0.9992779,0.0018487573,0.7040299,0.99946445,0.0028018951,0.69593036,0.9994671,0.0034776926,0.6875706,0.99951077,-0.005593717,0.71755314,0.9987563,-0.009697795,0.71828866,0.998743,-0.014540136,0.71870184,0.9991061,0.009905517,0.64446414,0.9986046,-0.0101130605,0.67753386,0.9987489,0.06882465,0.697963,0.99926037,0.0641467,0.7141955,0.99928457,0.21563426,0.6110719,0.99962556,0.10569966,0.6286497,0.99933136,0.42248636,0.7638328,0.9854048,0.28304306,0.7616744,0.61808264,0.6108697,0.93411124,0.9646338,0.45876694,0.8961484,0.68796647,0.6412095,0.9697397,0.9353155,0.4855401,0.94019127,0.607864,0.6281474,0.9754572,0.9405752,0.5111613,0.9447112,0.6422351,0.619481,0.9591844,0.90689427,0.51209223,0.93060464,0.65640295,0.5415278,0.42846757,0.9966833,0.4690795,0.47075698,0.9932284,0.7301645,0.35788545,0.92975,0.67221445,0.42338416,0.32430393,0.928737,0.2621721,0.91309077,0.8367228,0.315942,0.39388853,0.934765,0.22439821,0.80018103,0.8468883,0.28768912,0.35133016,0.9741801,0.3407444,0.9264606,0.91869074,0.36342764,0.66373545
92988_aug.jpg,0.31487343,0.6034163,0.9954224,0.31099737,0.58840686,0.9952449,0.31210527,0.58666724,0.9949622,0.3133607,0.5846371,0.9959997,0.31079605,0.5886626,0.9935442,0.31166944,0.58721715,0.99366075,0.3126607,0.58550566,0.9959942,0.32679772,0.5743031,0.991947,0.32542813,0.57518256,0.9894638,0.32582057,0.60516256,0.9925574,0.32638693,0.60544556,0.9900345,0.382461,0.6024706,0.999498,0.393888,0.5958222,0.9955527,0.39302754,0.71355534,0.9939604,0.40385097,0.70314187,0.34466413,0.4031108,0.8129158,0.98229873,0.41625962,0.80381584,0.29876572,0.38902372,0.8317418,0.9649818,0.4039976,0.8135478,0.26153266,0.3840226,0.83066535,0.96064293,0.4002692,0.81728643,0.26813233,0.39188954,0.8250447,0.9305544,0.40682212,0.8146111,0.29473028,0.55505526,0.61001176,0.9929295,0.5489267,0.60709465,0.9873001,0.6656585,0.6767519,0.9593838,0.65535456,0.67781603,0.21390496,0.7711757,0.7513958,0.9797106,0.7633631,0.73884076,0.68808895,0.7897061,0.74816996,0.9746166,0.78344023,0.73936796,0.77715355,0.77194595,0.8087674,0.9671495,0.76104224,0.7997334,0.8211592
93021_aug.jpg,0.20288835,0.40514874,0.99954885,0.19111541,0.36173785,0.99969816,0.19466783,0.35609633,0.9997118,0.19711816,0.34935647,0.9996526,0.18223204,0.36271423,0.9992286,0.17543185,0.36141235,0.99912447,0.17258044,0.3561107,0.9991054,0.22213738,0.3160138,0.99963665,0.1844299,0.3244754,0.99936,0.2369661,0.41019887,0.9998374,0.22307204,0.4173435,0.9996946,0.5338283,0.3070891,0.9997106,0.24903193,0.33375025,0.99949586,0.6055864,0.5763657,0.9592553,0.22061706,0.5326339,0.5909495,0.5741329,0.76649874,0.8200644,0.12707333,0.7395028,0.74313235,0.5901563,0.80203617,0.739646,0.059508532,0.7872077,0.6939423,0.555583,0.78510314,0.7772239,0.07358247,0.7706156,0.73462194,0.5429305,0.76600677,0.7617102,0.089686304,0.77398896,0.73504406,0.613281,0.6815827,0.992272,0.49951008,0.6745488,0.9849379,0.84305555,0.83377534,0.6047221,0.66668344,0.8671757,0.22310184,0.91296864,0.8885173,0.47366655,0.83324873,0.8671905,0.16431968,0.9287824,0.87165755,0.50836384,0.86728364,0.9013462,0.23972279,0.9806335,1.0312109,0.51409465,0.80842113,0.94334877,0.2545519
93412_aug.jpg,0.7932669,0.38728312,0.99926263,0.81434524,0.40092194,0.9995333,0.81438446,0.40351528,0.9994985,0.8144072,0.4062811,0.9995833,0.81510186,0.40034086,0.9991277,0.8158015,0.40251243,0.9990753,0.8164917,0.404886,0.9994729,0.8042532,0.430319,0.9995309,0.80633026,0.42992765,0.99929285,0.7746229,0.39244062,0.99948186,0.77398676,0.3908021,0.99918526,0.69818366,0.42216048,0.99994695,0.6892579,0.46238488,0.99963796,0.57514715,0.28602648,0.99628335,0.5628084,0.32678384,0.17399108,0.46451846,0.16033852,0.98514265,0.4721718,0.20757401,0.22342548,0.4485026,0.13206992,0.97562134,0.45796946,0.1841188,0.25502834,0.4491183,0.12759817,0.974448,0.45655444,0.17825687,0.25810122,0.45013976,0.13663879,0.9535611,0.45852965,0.18694508,0.254131,0.42706168,0.4433666,0.99944896,0.4331682,0.46625677,0.99810696,0.19508135,0.38051644,0.8693849,0.22561395,0.40850815,0.12919395,0.06310326,0.5360382,0.96687675,0.09629509,0.5390982,0.3366931,0.070650935,0.5697993,0.96791136,0.102874815,0.57748806,0.6100327,-0.0026994944,0.49602592,0.95857906,0.03500271,0.51881737,0.56425196
93750.jpg,0.09051889,0.18530259,0.99612856,0.07451308,0.14720494,0.9889432,0.08528274,0.13731802,0.9894469,0.09762299,0.1271362,0.98818123,0.04886985,0.17573142,0.9927336,0.040770054,0.18606228,0.9923498,0.033940017,0.19663754,0.9933286,0.124347806,0.11908448,0.9814636,0.03543663,0.2231699,0.9943283,0.13579863,0.18670768,0.99302626,0.10589445,0.22066313,0.9969309,0.31022167,0.14441267,0.998865,0.07780135,0.37220013,0.9997731,0.5024947,0.104819894,0.915583,0.059684336,0.57151103,0.9795863,0.6853169,0.020730436,0.88169914,0.24759918,0.58667076,0.9311287,0.7284711,-0.019798338,0.8365937,0.29874352,0.5843046,0.85718316,0.7218671,-0.02019918,0.8509834,0.30751076,0.5640074,0.8632524,0.7000904,0.0117483735,0.85847324,0.29280353,0.5595819,0.8715942,0.5880117,0.41596362,0.99013644,0.48103,0.54975605,0.9937144,0.88584703,0.5480728,0.87714106,0.70910877,0.6441994,0.88597965,0.9695443,0.61531353,0.674961,0.92622757,0.7314191,0.5131923,1.0842687,0.6414804,0.4418386,0.939224,0.7236302,0.34353817,1.1992638,0.6779529,0.52722406,0.9930749,0.802887,0.35200226
94298_aug.jpg,0.40871873,0.8003173,0.9992187,0.4177289,0.8156615,0.9983205,0.4191734,0.8162195,0.9981968,0.42070553,0.8169788,0.9986621,0.42058575,0.8154049,0.9990075,0.4239048,0.81548226,0.9991339,0.42788768,0.8157004,0.9992889,0.44477296,0.81129897,0.9961798,0.45139033,0.8093436,0.9991549,0.41523764,0.7843745,0.9983931,0.4197658,0.78275925,0.9990073,0.46620777,0.71014315,0.9981968,0.45389983,0.72299886,0.999905,0.34821883,0.68204,0.21154335,0.32006052,0.6897317,0.9942094,0.22072786,0.65886366,0.32384482,0.18728252,0.661106,0.98622847,0.20932595,0.6797769,0.33818454,0.1670779,0.6819417,0.9769657,0.20157069,0.6851762,0.353748,0.17212689,0.6898657,0.9725021,0.20378235,0.67476046,0.36294085,0.17845218,0.6815611,0.94810456,0.42282143,0.48149016,0.9923052,0.41322872,0.48035702,0.9949008,0.3639996,0.3067716,0.23649974,0.3591818,0.29867852,0.97076863,0.34810907,0.13728127,0.59138024,0.35048512,0.11797151,0.986999,0.35995245,0.10918221,0.75256544,0.36217934,0.078062415,0.981341,0.2788523,0.12365964,0.79886824,0.274738,0.09957117,0.9792901
94422_aug.jpg,0.33554474,0.02253604,0.9961473,0.3000245,0.012757301,0.9947292,0.29659548,0.0131585,0.99555165,0.2927975,0.013681531,0.99642986,0.29861492,0.017659068,0.9961842,0.2944163,0.02125448,0.99684393,0.28953806,0.024935126,0.9967038,0.26911414,0.041726053,0.9954717,0.26862442,0.05224204,0.99633896,0.34818023,0.04745865,0.9965048,0.34363258,0.05283892,0.9965379,0.34334612,0.1601617,0.9952998,0.35873717,0.18035126,0.9979875,0.6241306,0.2127744,0.4357532,0.63528174,0.20559394,0.9719258,0.85767424,0.21734032,0.4307893,0.8861779,0.22077623,0.91113967,0.9088798,0.18875313,0.3837519,0.9361417,0.20233649,0.8850698,0.91872734,0.1735402,0.40377554,0.93570656,0.18351445,0.87074506,0.90246016,0.18298352,0.40603468,0.92220247,0.18932524,0.8039242,0.490816,0.47159165,0.99055594,0.49435592,0.49121436,0.99050176,0.62222624,0.73385704,0.19100161,0.6399612,0.73302436,0.85056967,0.7587564,0.9395443,0.43051314,0.78124875,0.96506786,0.8610655,0.74708354,0.96753657,0.5096888,0.7580371,0.98897064,0.84680414,0.8881905,0.9383683,0.49600223,0.91203266,0.95893574,0.759915
95622_aug.jpg,0.3528216,0.5190904,1.0,0.34436858,0.52650696,0.9999994,0.34477574,0.5271638,0.99999964,0.34514743,0.527711,0.99999917,0.34489083,0.53003085,0.99999976,0.34561706,0.5333075,0.99999976,0.34646732,0.5368548,0.9999995,0.35361278,0.53903884,0.9999995,0.35568923,0.55100566,0.9999999,0.3641299,0.5181632,0.9999993,0.3649339,0.5234449,0.99999964,0.40425605,0.47026733,0.9999976,0.43870357,0.6300881,0.9999999,0.36382937,0.30944696,0.9957867,0.48024872,0.77374744,0.97805494,0.33532774,0.14566815,0.98065156,0.53264004,0.93365,0.9228194,0.3242991,0.107821584,0.94647115,0.5260656,0.96529174,0.84943277,0.32126468,0.10458487,0.95546204,0.5241754,0.9706886,0.8588376,0.32764533,0.114085585,0.9669932,0.5302542,0.961655,0.89421445,0.5730966,0.54298455,0.999984,0.60694575,0.61186403,0.9999988,0.4805007,0.3278329,0.9741727,0.7750732,0.6903379,0.9990693,0.36829334,0.10714984,0.9825135,0.93868005,0.745863,0.99854636,0.37278366,0.06535053,0.981263,0.9534273,0.75146246,0.99284714,0.30732867,0.088863015,0.9902796,0.9821844,0.77400255,0.99765295
96325.jpg,0.5411619,0.78376395,0.9990314,0.5273296,0.7895586,0.99900717,0.5255259,0.7886671,0.9990075,0.52347875,0.78769857,0.99907875,0.52751136,0.7897443,0.9987091,0.52577245,0.78886086,0.9988003,0.5237106,0.78784263,0.9992655,0.5076842,0.768479,0.99847466,0.50819355,0.76925385,0.99847156,0.5435641,0.7703187,0.99870694,0.5439612,0.77007955,0.99826115,0.5432341,0.71478117,0.9998005,0.5295855,0.6916567,0.99869186,0.6768051,0.7509817,0.9942768,0.6577217,0.7260457,0.21774842,0.8030636,0.7927983,0.9800062,0.76055217,0.76407385,0.23858586,0.8107444,0.8189659,0.9657558,0.76274645,0.7811557,0.238787,0.80485636,0.82283795,0.9606359,0.76476187,0.7854446,0.23954667,0.80456054,0.8111415,0.9312406,0.7693831,0.77757514,0.24425703,0.6524633,0.58801645,0.99634725,0.637457,0.5827965,0.9892564,0.76364326,0.49729663,0.9132217,0.7616344,0.49253434,0.20813231,0.8747791,0.40169162,0.9630233,0.8630246,0.40337455,0.6197384,0.88652444,0.37688404,0.96493316,0.8730809,0.38003206,0.7414369,0.93591326,0.42993098,0.9443894,0.9147946,0.42476046,0.7613235
96700_aug.jpg,0.2984399,0.974697,0.81635654,0.30338082,0.9960661,0.74338555,0.30137393,0.9936544,0.76913846,0.30004376,0.9904592,0.75163174,0.31968245,1.0016396,0.7904621,0.32857904,1.0035777,0.80642915,0.33860713,1.0045079,0.75676537,0.32668155,0.9852226,0.69346726,0.3723311,1.0006652,0.7086675,0.3053742,0.9471781,0.86973023,0.32275403,0.9529557,0.82775974,0.3534423,0.85260075,0.9868968,0.44872093,0.91572934,0.98889774,0.23095864,0.615993,0.7366429,0.276595,0.6964677,0.73384714,0.024002492,0.40533313,0.78679127,0.09977868,0.60262036,0.5367802,-0.03039229,0.38884348,0.7309761,0.051175058,0.57308316,0.5404215,-0.044769347,0.38120285,0.75542724,0.041752934,0.5896653,0.54075855,-0.020642996,0.38675916,0.76773983,0.061712205,0.5962841,0.49859574,0.51813596,0.53677243,0.9609264,0.56499636,0.5619508,0.96437496,0.5834608,0.24702552,0.40551883,0.64731884,0.26151496,0.8137029,0.6851349,0.05018586,0.57751673,0.7138993,0.026859075,0.8142705,0.70746577,0.03408587,0.6226659,0.7400272,0.019976377,0.7208117,0.59058785,-0.043635964,0.5623547,0.67186755,-0.17808416,0.6500136
96805_aug.jpg,0.39454007,0.5807177,0.9999896,0.3930445,0.58902466,0.9998895,0.3941911,0.5895766,0.9999255,0.395366,0.59007883,0.99984646,0.39359176,0.5908277,0.9999665,0.3952759,0.5927229,0.9999813,0.3972393,0.59487194,0.9999684,0.409345,0.5963639,0.99986064,0.41437685,0.6052983,0.9999826,0.4065112,0.58003837,0.99983454,0.40812546,0.5831745,0.99992657,0.43153575,0.545551,0.99984574,0.50060236,0.63434696,0.9997155,0.32430983,0.48252812,0.9997764,0.59455884,0.6888262,0.992444,0.23263407,0.4213703,0.99937457,0.68013495,0.7581723,0.9901446,0.20689899,0.40747118,0.9963689,0.68835306,0.7778846,0.97493255,0.20330718,0.40729493,0.9970415,0.68774486,0.7787173,0.9783572,0.2133185,0.4128495,0.99795794,0.68675154,0.7715671,0.97926176,0.59970677,0.5140843,0.99856573,0.61360306,0.5657859,0.99844724,0.70090735,0.5151389,0.9527583,0.71825904,0.5448209,0.87230754,0.79985607,0.51573706,0.949508,0.8186175,0.5125751,0.94163966,0.80994856,0.51476175,0.87889594,0.8292732,0.5035283,0.88852537,0.84145594,0.5234905,0.9724523,0.8498158,0.5214022,0.96252316
97527.jpg,0.22252081,0.47505873,0.991351,0.205996,0.4644614,0.9904163,0.20624025,0.4636611,0.9907515,0.20682454,0.46307036,0.990965,0.20634654,0.46226346,0.989384,0.20671567,0.4598655,0.9898197,0.20728087,0.45615977,0.99186206,0.22002663,0.44854409,0.99138993,0.2203203,0.4378135,0.9904997,0.24243292,0.46957794,0.9934083,0.24285017,0.46629736,0.98991615,0.31118596,0.44519496,0.9995964,0.31771737,0.41061893,0.99800056,0.39957982,0.5484585,0.98962003,0.39488843,0.5200306,0.13759813,0.44119835,0.64561015,0.9793299,0.43452817,0.62767506,0.29122797,0.46358946,0.68421185,0.96451926,0.44540656,0.659147,0.27509135,0.4544565,0.6894343,0.96091396,0.44602528,0.6667584,0.2805249,0.44898447,0.6749348,0.9374185,0.44284815,0.6512917,0.30496097,0.5658681,0.41265544,0.99513227,0.55797243,0.39613175,0.9926524,0.7548462,0.4110378,0.7844643,0.7390009,0.41304183,0.17915347,0.9126203,0.4046285,0.85960793,0.90724313,0.40439337,0.28987768,0.9553304,0.37734085,0.88389194,0.913331,0.39018148,0.5076982,0.9115839,0.47228268,0.8342816,0.9067825,0.4666522,0.48182136
9754.jpg,0.28236204,0.6022827,0.99732274,0.28135213,0.6208315,0.9950376,0.28280842,0.622296,0.99558985,0.28455302,0.62424546,0.9970651,0.2833872,0.62229353,0.9967109,0.28638327,0.6246624,0.9974819,0.28971183,0.6273829,0.9979296,0.31059486,0.6337292,0.9925558,0.31462392,0.63477844,0.99705505,0.29582936,0.59084356,0.9939541,0.29978728,0.5926943,0.9957184,0.36824077,0.5705811,0.99767774,0.37037176,0.5651595,0.99957246,0.2917331,0.4496183,0.34819326,0.2995168,0.43786898,0.9544263,0.23131981,0.32769817,0.3544122,0.22897437,0.31322777,0.9557183,0.20851272,0.31877494,0.3374011,0.20365468,0.29962748,0.94773656,0.19958687,0.31562692,0.35565215,0.19552356,0.3065028,0.9350315,0.20921925,0.31467244,0.3559373,0.2066445,0.30770642,0.86916953,0.48718414,0.41754034,0.99138254,0.49317962,0.41328397,0.9939526,0.5686287,0.24899852,0.21658811,0.570238,0.23712784,0.9743798,0.63000953,0.11472225,0.61857235,0.63681245,0.08964661,0.9881097,0.6513904,0.0897392,0.6841236,0.65808934,0.066862345,0.9746388,0.5713243,0.063129336,0.7865754,0.57302433,0.04008785,0.97392875
99703_aug.jpg,0.60682863,0.72397804,0.99935395,0.6200988,0.7255211,0.99935764,0.6213203,0.7245445,0.9993499,0.62260103,0.7233892,0.999421,0.6201179,0.72513497,0.9995047,0.62133527,0.72404075,0.9996332,0.62259525,0.72280264,0.9996605,0.6278701,0.7063584,0.9992792,0.6259534,0.70772064,0.9998381,0.59927154,0.71376973,0.999532,0.59994495,0.71235865,0.999577,0.58170044,0.6424143,0.9983651,0.5708082,0.65653986,0.9997702,0.4952334,0.6761278,0.3093539,0.47445434,0.6884952,0.96974415,0.5185874,0.73463404,0.2247601,0.514847,0.7456284,0.93376255,0.52696687,0.7573904,0.15504625,0.524034,0.76501536,0.89046264,0.5388872,0.7498404,0.15766998,0.53522253,0.7551705,0.8769961,0.5387286,0.74124277,0.17543155,0.53551257,0.7469534,0.8480736,0.49500635,0.50220925,0.9979995,0.4883373,0.5081014,0.9978132,0.4046867,0.4007568,0.16739112,0.39965177,0.3995052,0.8526102,0.3301849,0.29984725,0.35920107,0.32291,0.29555148,0.9205278,0.32501262,0.27484393,0.54727143,0.3178312,0.26880008,0.91474366,0.28245512,0.31934375,0.58357906,0.27326038,0.31646204,0.9035371
99709_aug.jpg,0.8034185,0.593887,0.9985643,0.8204837,0.58483654,0.99667275,0.82063615,0.5829182,0.9966922,0.8207562,0.5809956,0.9973978,0.820402,0.5826963,0.99795085,0.82047015,0.57959574,0.9982993,0.82037467,0.5763791,0.9985196,0.81396735,0.55667764,0.9930688,0.8123768,0.5525785,0.99835545,0.7856722,0.5883348,0.99714077,0.7859431,0.58411545,0.99814665,0.7128885,0.5336299,0.99809307,0.7219626,0.5533229,0.9998938,0.67963856,0.6526352,0.22589244,0.6833161,0.6842113,0.99517447,0.65441453,0.7756144,0.3203944,0.65376246,0.81351876,0.98887604,0.6773919,0.7810552,0.33308187,0.6789105,0.8301729,0.98132426,0.6826002,0.7887315,0.3470203,0.68771815,0.8233201,0.9779113,0.671811,0.7893654,0.3536313,0.6770113,0.81840616,0.95734453,0.48373705,0.5726051,0.9909567,0.48070326,0.5875969,0.99396354,0.30250558,0.63040257,0.2532554,0.29314733,0.6362275,0.972843,0.13572922,0.6480658,0.60563344,0.109992,0.64484435,0.98615694,0.1047174,0.6348703,0.7498772,0.072687745,0.6318731,0.9786613,0.10981247,0.71049213,0.80341995,0.08185434,0.71472937,0.97797453
99886.jpg,0.7511868,0.58312666,0.9991398,0.7372236,0.59076434,0.99934894,0.7345405,0.58954453,0.9994413,0.73167133,0.5882678,0.99953496,0.7394271,0.5925194,0.9986904,0.7383457,0.5925995,0.99855965,0.7369312,0.5925901,0.9989208,0.71523637,0.5738167,0.9987696,0.72018313,0.5797638,0.99695945,0.7498298,0.5662713,0.9972289,0.75232685,0.56717724,0.99672145,0.70920485,0.50086,0.99916995,0.7185852,0.5134561,0.99421024,0.8121979,0.42364243,0.9911424,0.793284,0.45098677,0.13157083,0.876969,0.4695683,0.9745934,0.85444766,0.45402974,0.17738873,0.89007246,0.47969848,0.95899165,0.86320066,0.46108142,0.1863464,0.8796027,0.48755336,0.9588457,0.85758936,0.4699925,0.2064823,0.87305117,0.48502523,0.92950976,0.8559288,0.4711146,0.21797957,0.60578775,0.37203026,0.9989048,0.6263374,0.368543,0.9976693,0.57893693,0.25401476,0.96158797,0.60348696,0.2541214,0.339961,0.5520308,0.12165335,0.98128647,0.5725187,0.1405787,0.78718585,0.53180826,0.1051144,0.9510816,0.5508353,0.12271492,0.7839389,0.6072264,0.076633304,0.974718,0.61486447,0.09916842,0.89464283
