10087.jpg,0.4832303,0.7335609,0.99923396,0.47595426,0.74474525,0.9993017,0.4716866,0.74361646,0.99869823,0.46672675,0.7422778,0.9990941,0.48997435,0.7469585,0.9994462,0.49552935,0.74725676,0.99907386,0.501617,0.74764454,0.99933136,0.46405122,0.7322717,0.99889624,0.5148136,0.74127555,0.99906677,0.47778103,0.7167708,0.99794084,0.49642393,0.7183741,0.99867284,0.4388919,0.66137993,0.97593427,0.5704115,0.6691177,0.99622655,0.41069746,0.76856184,0.96331525,0.56281596,0.7889192,0.9888371,0.43097773,0.8944063,0.9244705,0.48989853,0.8887749,0.9451105,0.43054032,0.9257909,0.85273784,0.47084716,0.92532957,0.85785615,0.4362635,0.9282257,0.8313787,0.46981692,0.9244972,0.83395,0.43995205,0.9156452,0.832149,0.47193712,0.9085263,0.8311634,0.45997718,0.44083288,0.99737835,0.5519192,0.4274878,0.9989951,0.301562,0.35699034,0.94765127,0.56320137,0.26356623,0.9681903,0.47930935,0.33794984,0.6054953,0.5603705,0.10088375,0.9743662,0.5013167,0.35165107,0.6339889,0.5535403,0.07931343,0.88676405,0.5218157,0.26534992,0.52937126,0.59023184,0.03548476,0.91570175
11236.jpg,0.6882045,0.34930006,0.9996486,0.70856506,0.34797588,0.9995894,0.7131176,0.35287166,0.9995065,0.7168977,0.35760355,0.99963105,0.69481593,0.3325446,0.9993812,0.691178,0.32797194,0.9989248,0.68727624,0.32322165,0.9991217,0.7171589,0.36814594,0.99948525,0.6805906,0.32408231,0.9993944,0.6791187,0.3727072,0.99926275,0.66491145,0.35409662,0.99866414,0.6657887,0.42997265,0.99813443,0.6082124,0.36008525,0.98845917,0.77677786,0.37573397,0.9867801,0.69091356,0.26883662,0.92086136,0.83168113,0.27518088,0.95017093,0.79829085,0.24013132,0.8576229,0.85076183,0.25016034,0.89675176,0.8345933,0.23379824,0.7685211,0.8511049,0.24616635,0.8844404,0.8367686,0.23430395,0.74801517,0.84233856,0.25290105,0.8756563,0.8253114,0.23995721,0.7692546,0.43283933,0.56493616,0.99969137,0.3986576,0.5076304,0.9985636,0.27155125,0.6670189,0.9821868,0.27797556,0.5346326,0.94525385,0.11365923,0.77120847,0.99180835,0.30605775,0.6209944,0.5866322,0.11171472,0.76103723,0.92084914,0.32523754,0.62975186,0.57558453,0.070610255,0.79220617,0.97819525,0.26762024,0.664461,0.6434159
11369_aug.jpg,0.5914731,0.15796804,0.9999598,0.60076755,0.14471692,0.99994993,0.6050366,0.14594412,0.99994504,0.60891587,0.14704496,0.99995136,0.5867799,0.14194477,0.999931,0.58133847,0.14131498,0.999907,0.5762581,0.14067638,0.9999167,0.6126144,0.15657195,0.9998802,0.5673017,0.14638591,0.99991775,0.59690183,0.1770485,0.99995136,0.57912886,0.17160267,0.9999038,0.6266108,0.26230717,0.99953413,0.5149941,0.22738844,0.9984754,0.608898,0.38481975,0.9450345,0.46286386,0.35318863,0.9030381,0.56732243,0.2743494,0.9516843,0.55495036,0.28164655,0.89540386,0.5679463,0.24469742,0.91165185,0.5676668,0.25865066,0.83162695,0.57204443,0.23944828,0.9047744,0.5653151,0.24960962,0.8107515,0.5724906,0.24686596,0.86634797,0.5622641,0.25773758,0.75930053,0.52713525,0.49431026,0.9994973,0.47388923,0.48145744,0.9981651,0.46589097,0.67966783,0.96476483,0.36199668,0.5638142,0.9704029,0.41107622,0.86532575,0.9813751,0.4796197,0.58113277,0.35970095,0.40285417,0.87777734,0.87664443,0.49502736,0.5669117,0.45773005,0.3974731,0.9244742,0.976995,0.4828437,0.6600951,0.47730583
11452_aug.jpg,0.2359625,0.2265722,0.99996316,0.22943024,0.20936766,0.99997675,0.2327071,0.20514365,0.9999747,0.23509032,0.20214537,0.999972,0.21956237,0.22180381,0.999961,0.21611062,0.22624421,0.9999484,0.21349362,0.22990419,0.9999484,0.24649014,0.20133425,0.9999591,0.21676196,0.23790765,0.9999294,0.25512776,0.23012935,0.9999497,0.24305317,0.24533734,0.9998859,0.35443896,0.24535866,0.99899966,0.2806819,0.3233662,0.9966143,0.45967677,0.3225067,0.9565866,0.3741854,0.42174962,0.5761616,0.35373843,0.3145175,0.94865906,0.34508187,0.33599082,0.64674956,0.33034593,0.29601952,0.91103864,0.3245173,0.3091185,0.569406,0.32719213,0.28920418,0.9103694,0.3160001,0.30606866,0.54367644,0.33391795,0.29478776,0.879654,0.32411176,0.3136369,0.49708197,0.49620396,0.42644566,0.99942684,0.46651253,0.4603774,0.9986771,0.5285195,0.5518177,0.90469015,0.4921929,0.6115299,0.87316835,0.6348808,0.58390707,0.7786159,0.5397232,0.5148034,0.25598872,0.6521771,0.5793608,0.71062356,0.5338206,0.49304175,0.50761044,0.6666495,0.62018126,0.7606779,0.5898888,0.5365598,0.27150878
1161_aug.jpg,0.3365729,0.3272758,0.9994318,0.3373955,0.31232724,0.9995493,0.34219715,0.3095378,0.9992675,0.3465962,0.30701602,0.999466,0.32222986,0.3230622,0.99958485,0.3164991,0.32775342,0.999374,0.31146684,0.3319424,0.9995241,0.35795856,0.31127813,0.99929476,0.31009418,0.3459904,0.9994093,0.35734114,0.33460957,0.9990382,0.33677948,0.3479124,0.9994773,0.4465054,0.35087165,0.9928457,0.3311021,0.44660845,0.9990355,0.36332744,0.24227893,0.9818823,0.252636,0.33412907,0.9918324,0.26169118,0.17808953,0.9555888,0.22462007,0.20924196,0.9610742,0.23643452,0.15544006,0.9113131,0.21549639,0.17470145,0.90290076,0.23149675,0.15692344,0.8958171,0.21254593,0.17098737,0.88482547,0.23982045,0.16808975,0.8997574,0.22072709,0.18487093,0.88222885,0.5796953,0.5296111,0.99847025,0.5090311,0.60816354,0.99952483,0.7604871,0.4979354,0.83465844,0.6251734,0.7293272,0.9800292,0.6502879,0.5779627,0.23734221,0.7577015,0.8722592,0.97637033,0.6356436,0.58221835,0.33027333,0.7752998,0.8850385,0.88945043,0.6953001,0.64035267,0.23569565,0.79302734,0.92577565,0.9289955
11650_aug.jpg,0.4228677,0.7381003,0.99916327,0.42618164,0.748115,0.99914587,0.4307219,0.748358,0.99908257,0.4362755,0.74881816,0.998845,0.4139651,0.74534893,0.99874735,0.409767,0.74344426,0.99863714,0.40532085,0.74115586,0.9985984,0.44052464,0.7431164,0.99890983,0.3978725,0.7283701,0.9989247,0.43040666,0.72850734,0.997964,0.417335,0.7254885,0.99772245,0.51144594,0.6877264,0.9995797,0.36120456,0.6427288,0.9998969,0.5387978,0.78886247,0.98422295,0.26844358,0.7196959,0.97665787,0.4145236,0.812361,0.257634,0.3672924,0.79839444,0.8300634,0.399406,0.83349335,0.18063112,0.37732846,0.8259027,0.73621404,0.3983932,0.81713855,0.19299191,0.38428447,0.8172508,0.7351462,0.40269685,0.804934,0.23368898,0.38368887,0.8065746,0.7124058,0.5381781,0.48757905,0.9999498,0.4668048,0.44224408,0.99999297,0.72273993,0.46462598,0.79583734,0.525725,0.2937286,0.93599695,0.56841576,0.4035984,0.49176443,0.6023314,0.15162334,0.968731,0.5378382,0.41404843,0.5692369,0.6085388,0.13586843,0.9513327,0.56060976,0.3653131,0.4317483,0.6351374,0.10581803,0.8929989
12822.jpg,0.7556707,0.5500754,0.9990908,0.767148,0.54521143,0.9990766,0.770461,0.54814947,0.9984086,0.77328616,0.55083674,0.99896204,0.75785583,0.5373475,0.9990876,0.75421774,0.534111,0.9984754,0.75147504,0.53156364,0.99892825,0.77227044,0.5595939,0.999097,0.7433331,0.5347658,0.99835485,0.7547821,0.56382406,0.9988626,0.7431904,0.5531348,0.9989857,0.75172013,0.6138126,0.99756783,0.693061,0.5600004,0.9992986,0.82273954,0.54103255,0.9874378,0.7624525,0.4868966,0.98863643,0.85402,0.453912,0.9652124,0.84010947,0.4443895,0.9673543,0.865304,0.43539938,0.91717297,0.860585,0.43368357,0.92633986,0.8650389,0.43354496,0.9041868,0.8599076,0.43327963,0.91448337,0.8603686,0.43982947,0.9087756,0.8536502,0.4376442,0.914638,0.61823666,0.74800926,0.9994999,0.5722087,0.72172016,0.99973327,0.6269513,0.8751944,0.7744102,0.4899407,0.84342897,0.9320846,0.5721547,0.78689396,0.20742129,0.40884936,0.9439041,0.94191843,0.5682026,0.7654662,0.26937628,0.3992495,0.9618062,0.8410676,0.5168918,0.79030895,0.25607258,0.382209,0.9769754,0.8968468
13148_aug.jpg,0.56921244,0.23616856,0.99774843,0.5670446,0.22133645,0.9980496,0.5709279,0.2189838,0.9975435,0.5745581,0.21661724,0.99835724,0.55473673,0.2278311,0.99695945,0.54984325,0.22993673,0.9945122,0.5457792,0.23196717,0.99629635,0.5816207,0.21692902,0.9978179,0.5434445,0.23858385,0.99762493,0.5828834,0.24289307,0.99666315,0.56809807,0.25031158,0.9926872,0.62709415,0.25635153,0.99624556,0.5613022,0.2950036,0.98220694,0.5747623,0.16352946,0.96661323,0.50956637,0.19806355,0.8657288,0.50392777,0.099631906,0.8396827,0.48810756,0.10620308,0.7743164,0.4854021,0.080658615,0.7653056,0.48065287,0.08276382,0.6668043,0.48509598,0.079389006,0.7424239,0.48120242,0.08109051,0.6442653,0.49034703,0.08584377,0.746484,0.4844811,0.088675946,0.6716376,0.71618813,0.46973073,0.99944454,0.66992426,0.48686203,0.99689156,0.78262824,0.6254636,0.9705523,0.6304108,0.6082009,0.9481368,0.85171366,0.74384254,0.9836713,0.722388,0.55953133,0.5036623,0.8413741,0.7574729,0.86970514,0.7217017,0.5316123,0.65735495,0.8558092,0.79636043,0.95757216,0.7506268,0.5919197,0.5284849
15126.jpg,0.18255556,0.6645255,0.9995154,0.16118899,0.6673533,0.9992731,0.16053164,0.6644859,0.99923253,0.15987888,0.66150856,0.9992526,0.16186261,0.6751921,0.99937856,0.16192493,0.6778247,0.9992142,0.16211319,0.6805136,0.99911875,0.16620004,0.6571286,0.9991264,0.16970164,0.6839789,0.9986987,0.19835198,0.6533197,0.99976724,0.19809806,0.6640589,0.9998405,0.25128877,0.5887102,0.9987049,0.2802503,0.6856954,0.99972624,0.37054613,0.52522534,0.879947,0.42414966,0.6627147,0.8348897,0.34178194,0.59951645,0.7845054,0.352812,0.612303,0.6470383,0.32576758,0.61416614,0.6847757,0.33125666,0.60972834,0.535447,0.31662536,0.6132169,0.6696911,0.32534552,0.6145891,0.50612384,0.3198943,0.61026055,0.60654855,0.33190072,0.61493206,0.4511182,0.49070123,0.5223093,0.99565315,0.51601887,0.5742178,0.9990633,0.57992464,0.39151406,0.8938083,0.69803405,0.49269006,0.9780723,0.58905303,0.5150501,0.2657128,0.88818014,0.40706182,0.9561392,0.5786968,0.54565424,0.25405598,0.90647393,0.39812997,0.87795657,0.62492716,0.53060997,0.36435983,0.917671,0.35934514,0.9347055
15728_aug.jpg,0.2733299,0.48049292,0.9997162,0.2704124,0.47641557,0.99962234,0.2712005,0.47310337,0.99946314,0.27202034,0.46969026,0.9997143,0.2704295,0.4854765,0.9994947,0.27120137,0.48839873,0.9992982,0.27184314,0.4909829,0.99966943,0.2819729,0.46592936,0.9995702,0.28159058,0.4947726,0.9997615,0.2834462,0.47438806,0.99939096,0.28279665,0.48377454,0.99926776,0.33984974,0.442521,0.99801046,0.33297324,0.5305138,0.99630535,0.27431476,0.40427306,0.9920325,0.258199,0.54594135,0.9896884,0.21945047,0.45980626,0.9269004,0.21603963,0.48371023,0.9141602,0.20216805,0.46439546,0.8095527,0.19926775,0.4704368,0.7538128,0.20367089,0.46804163,0.7823699,0.20162374,0.4715734,0.71376836,0.21364608,0.46850634,0.768757,0.21119234,0.4746992,0.71043277,0.49797913,0.47366288,0.9994368,0.4825439,0.52904606,0.9992662,0.61028683,0.49929383,0.9653035,0.5367985,0.6392102,0.9890443,0.7024739,0.5332529,0.9772561,0.5991233,0.54240507,0.91628635,0.7121046,0.53640777,0.8547695,0.60389185,0.5252877,0.8053222,0.7319995,0.54066104,0.963698,0.6440425,0.5258894,0.90608513
16055.jpg,0.7218247,0.36550593,0.99843174,0.72062975,0.35425687,0.9985753,0.72066337,0.35347337,0.9980117,0.7207058,0.352755,0.99865,0.7180168,0.35556328,0.9986879,0.7163467,0.35571203,0.9981217,0.7147202,0.355896,0.99889046,0.71323156,0.3530199,0.9980794,0.70525813,0.35808837,0.99841034,0.7195874,0.372904,0.99560225,0.71742076,0.37435216,0.9950531,0.70666736,0.38069445,0.99754274,0.6877881,0.39037895,0.99667835,0.7151018,0.31367397,0.62526065,0.69783014,0.35601318,0.6823875,0.7159002,0.24064705,0.69721425,0.70428187,0.28199145,0.53580064,0.71720874,0.22487283,0.716685,0.69927096,0.27730066,0.5446553,0.72056806,0.22169417,0.70951176,0.7072564,0.25745544,0.53269243,0.7191893,0.22916946,0.6770364,0.69388145,0.2765343,0.4927737,0.6838683,0.54236174,0.9994754,0.66797113,0.54190236,0.999113,0.72607553,0.62352085,0.9411134,0.7073024,0.62228376,0.9500277,0.65591097,0.70454913,0.92373264,0.7034436,0.62912184,0.6095859,0.64077234,0.7126056,0.9318879,0.6954597,0.6223154,0.7598828,0.6543921,0.73664844,0.9194213,0.7213411,0.6504022,0.7673371
16109.jpg,0.7581172,0.35136467,0.9999819,0.7736321,0.3454486,0.9999763,0.77765083,0.34822872,0.99997234,0.7810187,0.35051098,0.99997306,0.76283526,0.3365444,0.9999739,0.7594225,0.33301795,0.9999676,0.75647086,0.329845,0.9999758,0.782127,0.35652268,0.99993455,0.74868673,0.32889307,0.9999763,0.7559637,0.36670834,0.9999764,0.74305445,0.35428596,0.9999633,0.75173634,0.4526556,0.9997464,0.66085654,0.3719164,0.99951005,0.6966706,0.5401956,0.9607034,0.5620322,0.4167348,0.9642682,0.6755061,0.4473162,0.9480364,0.6595321,0.44315016,0.9396318,0.6888815,0.4221027,0.89869624,0.68615186,0.43453273,0.87356836,0.6963807,0.41945583,0.89025146,0.6903815,0.42834496,0.8525783,0.6918887,0.4270611,0.84883,0.68266326,0.4314876,0.8052651,0.55548215,0.5847858,0.99967885,0.5150387,0.52896005,0.99903417,0.40280402,0.68764067,0.9804981,0.3688416,0.5239529,0.99056375,0.27611458,0.7853069,0.9888371,0.46412635,0.592619,0.42577177,0.25869548,0.7970361,0.90111333,0.48240447,0.59543383,0.51217514,0.2423921,0.81900454,0.9837494,0.4303365,0.6508783,0.47943676
16153.jpg,0.629198,0.23555624,0.9972473,0.6452586,0.2193658,0.9968817,0.6519894,0.22144133,0.99526453,0.6575737,0.22345656,0.99732816,0.62681705,0.214676,0.9963091,0.62029386,0.21342918,0.99347633,0.61463535,0.21279073,0.996627,0.66747004,0.23388472,0.995635,0.60672534,0.21838874,0.99766135,0.63660085,0.2598448,0.996833,0.61316705,0.25212508,0.99615085,0.6863682,0.32234892,0.9956626,0.55008215,0.28089204,0.99164575,0.7703238,0.20859718,0.9929289,0.5329139,0.14993417,0.9799223,0.6981612,0.120072395,0.9197621,0.6450149,0.110073775,0.7793633,0.6884277,0.0892109,0.78026205,0.66885877,0.08953169,0.55124366,0.6781876,0.09182912,0.7475814,0.66743314,0.0962266,0.51064795,0.67713356,0.10764858,0.7658621,0.6579574,0.10936043,0.5569196,0.5415341,0.5708043,0.99628615,0.46011344,0.52565,0.9953792,0.4678455,0.75225866,0.8998486,0.31314498,0.604451,0.9579477,0.41125458,0.8899089,0.9067341,0.4222049,0.6940297,0.6597814,0.3977291,0.91152847,0.703841,0.44451806,0.6962133,0.5817462,0.38104388,0.95466316,0.83268815,0.42319822,0.79295367,0.61886036
16334_aug.jpg,0.24888083,0.3273859,0.999954,0.23742837,0.31583843,0.9999348,0.23841277,0.31228173,0.99992466,0.23927763,0.30880484,0.99992883,0.23265684,0.3295561,0.99992645,0.23042405,0.33462435,0.999912,0.228661,0.33952686,0.9999368,0.24602845,0.30351207,0.9997962,0.2321114,0.34578162,0.99992216,0.26589906,0.32288128,0.9999393,0.2590349,0.33900934,0.999908,0.35135725,0.29162148,0.99968076,0.30906388,0.40940347,0.99929,0.450721,0.30133444,0.95715696,0.3977963,0.47802728,0.963248,0.38461852,0.36488035,0.9428011,0.3800856,0.3837318,0.94558924,0.35951382,0.36637956,0.88701826,0.36356336,0.36362046,0.88667715,0.35384125,0.36273763,0.87731206,0.355147,0.36218148,0.86791044,0.36146986,0.36247504,0.8316906,0.3606559,0.36757627,0.82158184,0.54658115,0.40891352,0.99951434,0.51537496,0.46905234,0.9981933,0.7069402,0.50108945,0.96956044,0.5794336,0.6037741,0.9827723,0.8530153,0.5756564,0.9869731,0.5975416,0.48690933,0.3632302,0.87201893,0.58712167,0.8763624,0.5896942,0.46681997,0.45469204,0.90107673,0.59236264,0.9805402,0.65941197,0.48958293,0.43162638
17332_aug.jpg,0.4082232,0.71054447,0.9978588,0.38954705,0.72671455,0.9986168,0.38156143,0.7252616,0.9978994,0.37375498,0.7235028,0.99883336,0.41544062,0.7323977,0.99825174,0.4256036,0.7350849,0.9972874,0.43432507,0.73733425,0.9986212,0.3649454,0.7134553,0.99899715,0.44565037,0.73486334,0.9993061,0.40220922,0.6887477,0.9982529,0.42929554,0.6937252,0.9980598,0.3470863,0.6313803,0.99463826,0.50465953,0.67402005,0.9959611,0.25035325,0.7326691,0.99471444,0.52370113,0.7915145,0.99244916,0.3351079,0.84803355,0.853752,0.39212748,0.86610043,0.7365182,0.35100532,0.86991143,0.58690494,0.36451912,0.88012135,0.4347167,0.35422963,0.87131,0.54844385,0.3647312,0.8746263,0.39176923,0.3519441,0.86630464,0.5713371,0.36997423,0.86935556,0.41149053,0.4682079,0.40801245,0.99640083,0.5568905,0.4583941,0.9973955,0.5224976,0.2559227,0.8435922,0.7318972,0.46637028,0.92356735,0.57091916,0.20671687,0.46807975,0.57861066,0.33029535,0.71729916,0.57082206,0.21018703,0.4250846,0.53411156,0.3097736,0.6423665,0.6027489,0.18399146,0.46827698,0.5300863,0.2701436,0.69622594
17989.jpg,0.71383667,0.4002059,0.99997985,0.7211673,0.38987845,0.99997234,0.71951103,0.38707155,0.99996746,0.71683365,0.382616,0.99996185,0.7257719,0.39893162,0.9999659,0.72668666,0.40174478,0.9999639,0.7273556,0.40494367,0.9999671,0.7140986,0.38323537,0.99995947,0.72489196,0.41406795,0.9999777,0.70544887,0.40133712,0.99995303,0.7096776,0.4097991,0.99996066,0.6325616,0.36602312,0.99956256,0.69390345,0.5051753,0.9999757,0.6877483,0.2749697,0.9987735,0.82366836,0.5205873,0.99561775,0.7907342,0.36278784,0.5545418,0.8040701,0.37751496,0.9072195,0.8142401,0.35409418,0.25119445,0.8208327,0.35814098,0.75296503,0.8033365,0.36262214,0.23781386,0.8101181,0.3625564,0.71456945,0.7915421,0.3689099,0.28688008,0.8005805,0.3685587,0.66595715,0.47009224,0.47765157,0.99961627,0.47006658,0.5479464,0.9999839,0.32978493,0.35836414,0.7738467,0.30088177,0.5487181,0.9614729,0.38397655,0.5129552,0.38265237,0.18842676,0.6505562,0.9572284,0.41639805,0.5303986,0.41813797,0.18251905,0.6671051,0.9030415,0.37108827,0.5358682,0.45340562,0.13084507,0.6834571,0.887848
18247_aug.jpg,0.2696797,0.5765156,0.9988273,0.2595332,0.58206975,0.99859005,0.25881067,0.5803815,0.9978672,0.25822043,0.57862675,0.99862254,0.26420996,0.5898527,0.9979232,0.26641864,0.59350216,0.9974267,0.2686614,0.59697074,0.9983859,0.27316427,0.5803885,0.9965766,0.28755778,0.6064645,0.99873704,0.2828111,0.56658125,0.99795616,0.2879149,0.5752569,0.99588203,0.32226497,0.52825314,0.9892085,0.35763958,0.5986813,0.9899783,0.21323535,0.55208564,0.7877918,0.24054334,0.61481243,0.9938746,0.12540227,0.61652344,0.80870396,0.12061602,0.6446974,0.9801855,0.10639459,0.63206536,0.7078809,0.09290174,0.65072477,0.94859624,0.104644984,0.63425225,0.6959152,0.090204924,0.6529317,0.9361636,0.11120349,0.6304115,0.7130873,0.096449286,0.651427,0.933743,0.5730243,0.44259068,0.9989728,0.58486986,0.51258296,0.9974745,0.7525368,0.42532063,0.8842206,0.7180453,0.5792994,0.9585304,0.90840256,0.39596814,0.9602767,0.64098024,0.4806175,0.35054058,0.9336078,0.40209162,0.9011101,0.61522865,0.47365284,0.5347968,0.94233334,0.3448507,0.93794054,0.6625847,0.4457578,0.35371873
19025_aug.jpg,0.7446398,0.36149433,0.99964297,0.7600517,0.36191297,0.9996376,0.7631712,0.36715484,0.99944943,0.76600945,0.37235266,0.9996799,0.74968505,0.3472001,0.99945635,0.74588954,0.34269425,0.9991196,0.74178934,0.33804435,0.999553,0.7605694,0.384888,0.99943215,0.7302481,0.337514,0.99967325,0.73794,0.3806954,0.9994899,0.725121,0.3640346,0.99886763,0.7234196,0.46471637,0.99719256,0.64089453,0.345397,0.99094725,0.84930706,0.42753142,0.986278,0.73231393,0.2546126,0.9872542,0.8847819,0.32670853,0.9106004,0.85527253,0.26622498,0.8923493,0.9005636,0.29730767,0.8155363,0.8912942,0.26299533,0.73870933,0.89826596,0.2915653,0.788576,0.8881722,0.26800126,0.6998728,0.889081,0.30096316,0.80298334,0.874041,0.27298614,0.72170234,0.48406717,0.57911944,0.9992174,0.44728273,0.48857254,0.99553704,0.3019334,0.64494437,0.9219697,0.26622945,0.3717913,0.9043211,0.1303423,0.7193389,0.9338951,0.3796531,0.52118915,0.22414911,0.111129135,0.7190431,0.73530245,0.39936924,0.5370456,0.34924513,0.06857309,0.7671009,0.88764477,0.33268172,0.577192,0.2502532
19190_aug.jpg,0.40783632,0.47276956,0.9997993,0.39823037,0.46669626,0.99971384,0.39906666,0.46317518,0.99948174,0.39989498,0.4599268,0.9996024,0.39632836,0.47893023,0.9996835,0.39590624,0.48375207,0.9995796,0.39562976,0.4884085,0.99975246,0.40586978,0.45672402,0.9994031,0.40145034,0.49578962,0.99977607,0.42175135,0.46819192,0.9993381,0.41970608,0.48262197,0.99933285,0.46536696,0.4409149,0.9968631,0.44979268,0.52312595,0.99845386,0.3799725,0.42273402,0.9738342,0.3530204,0.50129265,0.9974502,0.29262042,0.44298738,0.9255502,0.27679163,0.45881876,0.98750687,0.27117762,0.44678116,0.83609486,0.25826213,0.44905636,0.95524085,0.2680153,0.44750232,0.82250917,0.25690907,0.4489348,0.94952315,0.27513388,0.4473373,0.8227829,0.2642395,0.4510332,0.94904995,0.638815,0.47953933,0.99929786,0.6278035,0.5412898,0.9990344,0.7637819,0.5102857,0.9831714,0.70221996,0.64539856,0.9754809,0.87890476,0.53506136,0.9732438,0.77477837,0.6574692,0.94013536,0.8904834,0.5421685,0.7677124,0.781953,0.6548747,0.8377651,0.9238659,0.54076535,0.9407357,0.8087231,0.676669,0.90890455
19289_aug.jpg,0.72584695,0.35345903,0.9999293,0.7406305,0.35699224,0.99992955,0.74252146,0.36255702,0.9999106,0.7438954,0.3678334,0.9999362,0.732072,0.3393147,0.9998754,0.728364,0.33371037,0.9998369,0.7246976,0.32784626,0.9999064,0.733541,0.3755442,0.9999362,0.70960426,0.3259992,0.9999523,0.71330523,0.3724127,0.9996668,0.69941306,0.34793252,0.9994456,0.65115863,0.4609477,0.9973162,0.60658324,0.30835307,0.99403304,0.79740536,0.4767571,0.9958637,0.7048484,0.21152228,0.9912335,0.8263472,0.34156838,0.9205579,0.8118365,0.2980023,0.7339477,0.84553504,0.3145358,0.7635065,0.84422004,0.3031717,0.425082,0.842514,0.3097032,0.7446141,0.83698887,0.3047371,0.3777228,0.8318715,0.31706327,0.7482075,0.82416654,0.30542696,0.41615063,0.39568254,0.50665426,0.9995652,0.37417442,0.411674,0.999617,0.24898562,0.4123529,0.8591256,0.22889082,0.23861676,0.8437705,0.24006668,0.4885307,0.69956833,0.25566503,0.45654607,0.46608463,0.2531137,0.5151536,0.7521186,0.28284842,0.4828459,0.54725623,0.17534626,0.54621685,0.69703954,0.20092508,0.52105016,0.41144803
20979.jpg,0.6048828,0.54124236,0.998511,0.6101171,0.5536431,0.9981646,0.6074649,0.5579177,0.9972907,0.60474914,0.5619394,0.99791664,0.6193788,0.5410183,0.99797624,0.6228287,0.537676,0.99700063,0.62611294,0.534416,0.99756706,0.59858465,0.5638552,0.99804294,0.62602067,0.5275017,0.9971834,0.5893663,0.54159176,0.9981645,0.6011561,0.52728367,0.9983767,0.54107296,0.5541035,0.99768245,0.59842384,0.47939283,0.99922836,0.62215817,0.6229197,0.98565394,0.6854274,0.54386365,0.9927665,0.71865475,0.6540242,0.9644191,0.7402528,0.6388906,0.970292,0.7405503,0.66472316,0.92416656,0.7508023,0.66069305,0.9332563,0.7435778,0.66295266,0.9137039,0.7523198,0.661608,0.9225958,0.73633116,0.65822196,0.9157571,0.7465158,0.6541409,0.9231782,0.37259334,0.42958006,0.9993749,0.4039102,0.36620384,0.9996245,0.22891921,0.45046243,0.8365627,0.28619015,0.2897898,0.9421965,0.31079793,0.372754,0.33526084,0.18250683,0.22337523,0.9507679,0.33542114,0.36489865,0.41205698,0.1701685,0.21570994,0.85380906,0.29161644,0.31626934,0.39016223,0.13684714,0.21448646,0.90343803
21261_aug.jpg,0.380809,0.14886862,0.9999844,0.3837039,0.13324946,0.9999838,0.38837644,0.13108405,0.99998164,0.39243698,0.12929606,0.9999865,0.3704004,0.13889752,0.99997175,0.36661947,0.1404056,0.9999521,0.36311176,0.1420245,0.9999572,0.3992347,0.13119671,0.9999746,0.3609649,0.14667335,0.99996185,0.39405316,0.15894128,0.999985,0.37833053,0.16612928,0.9999596,0.45916077,0.20374724,0.9998951,0.37888694,0.23456083,0.9987031,0.4986453,0.3107635,0.8825831,0.40756613,0.3377039,0.25543937,0.45441204,0.28125194,0.88720334,0.40125215,0.3038065,0.30913848,0.4366988,0.2616288,0.86178,0.40305984,0.30111262,0.34533828,0.43368,0.24975893,0.8633342,0.41222876,0.2731809,0.34238982,0.43650866,0.25525337,0.7999807,0.41472137,0.27676928,0.3196493,0.506854,0.41133156,0.9994655,0.46126005,0.42509833,0.9981342,0.56350124,0.5815136,0.9762807,0.41425657,0.5614338,0.9887595,0.616235,0.73617995,0.9923063,0.5320819,0.5810425,0.7823053,0.62148863,0.74883246,0.9177552,0.5396106,0.56738484,0.69351983,0.6284838,0.7764976,0.9857708,0.5640345,0.6238909,0.77693826
21716.jpg,0.28094476,0.58677703,0.99985826,0.2660851,0.5878341,0.9998154,0.2630812,0.5844634,0.9997745,0.26062554,0.581339,0.99985135,0.2744072,0.5987374,0.99973804,0.27694932,0.60263526,0.9995691,0.27943245,0.6062426,0.9996803,0.26213464,0.5717743,0.99968886,0.2852249,0.60452807,0.99964654,0.28729743,0.5708093,0.99973804,0.29498112,0.5849146,0.9995659,0.30051875,0.5175456,0.99938965,0.34451,0.5841897,0.9952579,0.20248953,0.5497482,0.9950217,0.28050587,0.6709064,0.9484441,0.10818601,0.5887692,0.9845344,0.20214725,0.7412664,0.9566037,0.07725537,0.5964849,0.96418685,0.18538025,0.76310253,0.91213435,0.07779536,0.6026355,0.9610461,0.17927411,0.75945914,0.90643096,0.09031525,0.60149896,0.9603004,0.18325034,0.74888754,0.91684276,0.49637794,0.42612642,0.99947983,0.52280796,0.47109056,0.99732286,0.6436281,0.3525718,0.9592448,0.64463013,0.5125962,0.92257214,0.7764151,0.27295116,0.98751044,0.583012,0.41562155,0.6172934,0.7941344,0.2626213,0.9265663,0.56497204,0.40563345,0.6641233,0.81574994,0.25296658,0.9749024,0.61584973,0.36525726,0.66314846
2203.jpg,0.40972131,0.32055563,0.99994683,0.4092457,0.31010807,0.99984837,0.41184312,0.30904382,0.9998399,0.41430706,0.30810532,0.99984515,0.40117508,0.31410474,0.9998222,0.39810497,0.3158794,0.9998155,0.3952151,0.3176303,0.99981576,0.41907918,0.31218916,0.99970394,0.39398748,0.32526487,0.99966264,0.41931212,0.32811767,0.9999486,0.40841982,0.33309925,0.9999337,0.48094583,0.3729229,0.9998431,0.4092799,0.41181836,0.9998211,0.52444977,0.46073955,0.85799634,0.45326316,0.50332713,0.953698,0.5814105,0.5292859,0.81036824,0.4814424,0.59380233,0.9211534,0.6018187,0.5468896,0.72347206,0.4870138,0.6194259,0.8688752,0.5976783,0.55042034,0.74570686,0.4928036,0.6200451,0.878076,0.58967334,0.5454521,0.7243436,0.49157223,0.6099656,0.86539483,0.53984153,0.5349478,0.998628,0.50244945,0.55368364,0.9985267,0.5985854,0.65926737,0.87034726,0.58140886,0.67393535,0.7816598,0.6489587,0.7813113,0.86193657,0.64615655,0.79229915,0.8273269,0.65621334,0.78641206,0.56748563,0.6528014,0.80653656,0.54354525,0.67595977,0.8190125,0.8387319,0.6661571,0.8256649,0.83155626
22093_aug.jpg,0.43325454,0.7642925,0.9998185,0.4188857,0.7768166,0.9998821,0.4112216,0.7758968,0.9998319,0.40403455,0.77501124,0.99990284,0.43760478,0.77937484,0.9998221,0.44267654,0.7801628,0.9997316,0.44741753,0.78086686,0.9998605,0.39190063,0.7691846,0.9998902,0.44635358,0.77643865,0.99988186,0.41997755,0.74602413,0.9997806,0.44328976,0.75208706,0.9995177,0.35170606,0.6870367,0.99710315,0.5032188,0.72465086,0.9969717,0.28308517,0.79776144,0.98861885,0.5187457,0.840637,0.9951886,0.36047453,0.88773274,0.88923395,0.40161693,0.8997742,0.92854416,0.3684073,0.91299456,0.7474134,0.3803776,0.9178898,0.79257166,0.3746457,0.91078997,0.7170251,0.38173363,0.91398466,0.75624657,0.37549734,0.898209,0.7115152,0.38822502,0.90400034,0.7417432,0.4523054,0.4537215,0.99941254,0.551199,0.49119973,0.9973405,0.49352115,0.3508091,0.98301363,0.7903197,0.4915209,0.9787539,0.5582114,0.18450305,0.9782381,0.56765693,0.4215285,0.7932384,0.5742066,0.16577506,0.9389275,0.54236895,0.42146894,0.7703426,0.5715747,0.13676915,0.9758823,0.55266625,0.34654415,0.77438
22809.jpg,0.37724885,0.24641192,0.9986527,0.36640245,0.2376584,0.9987564,0.36718416,0.23437102,0.99838567,0.36832577,0.23020609,0.9989563,0.36238796,0.249309,0.99802846,0.36052054,0.25380057,0.99662846,0.35848373,0.25879377,0.9977932,0.37657773,0.22489598,0.9984092,0.36208206,0.26696807,0.99837875,0.39130232,0.24452916,0.9978411,0.38635573,0.2579152,0.9953804,0.43593025,0.2257339,0.99629265,0.4111228,0.30159855,0.98632544,0.3361575,0.19538888,0.9729906,0.31054342,0.26493084,0.92122334,0.24430111,0.19286802,0.88142896,0.23368257,0.21187797,0.8451633,0.21972212,0.18824905,0.8021645,0.2139765,0.19697548,0.7369087,0.21788916,0.19000907,0.783611,0.21318567,0.19635665,0.71230185,0.22586128,0.19212446,0.7896917,0.21976992,0.19988048,0.7371082,0.63558024,0.33156875,0.99932826,0.6134522,0.37712324,0.9967722,0.7863136,0.40513766,0.957655,0.674317,0.4967015,0.9473183,0.91662884,0.46306133,0.97831774,0.6954131,0.38772267,0.48578537,0.92850554,0.46860367,0.872342,0.6844794,0.37302145,0.63941604,0.94904304,0.48045948,0.95165527,0.74154556,0.395734,0.5103288
23088.jpg,0.60603625,0.5931418,0.99796754,0.6062892,0.60720605,0.998616,0.60230005,0.60954344,0.9981717,0.5981764,0.61159253,0.99881727,0.6158599,0.5993098,0.997063,0.61890876,0.5962583,0.99590427,0.6217239,0.59314114,0.99777764,0.58592665,0.6063495,0.9983581,0.6168737,0.58517414,0.99788123,0.58836436,0.58278364,0.9974617,0.6017242,0.5740036,0.993871,0.5141169,0.5792025,0.9900339,0.6198977,0.51274335,0.9825005,0.5808389,0.66057855,0.9673662,0.6731447,0.6018721,0.9679052,0.66568553,0.72172034,0.8823829,0.69254833,0.70291036,0.9505855,0.6863885,0.73873913,0.814035,0.6985728,0.72625136,0.90617657,0.686392,0.7376931,0.7947058,0.6988476,0.7267431,0.89571756,0.6809461,0.7313473,0.7907485,0.6947097,0.7196184,0.8952876,0.44722182,0.38681135,0.99876726,0.5100154,0.35135734,0.9946075,0.39350033,0.25809902,0.94426197,0.6350843,0.21144897,0.94383293,0.34207916,0.11088523,0.97688407,0.4737279,0.2953521,0.59418654,0.341308,0.08219522,0.90860605,0.465592,0.31636408,0.6436153,0.30705792,0.08362621,0.9581943,0.41489995,0.2746991,0.5414743
24717_aug.jpg,0.7197045,0.4526865,0.9999447,0.7373214,0.46220925,0.9999746,0.7377455,0.46917734,0.99994326,0.73781896,0.47489005,0.9999639,0.7348079,0.4396559,0.999985,0.73376024,0.43214813,0.9999738,0.7325959,0.4251936,0.9999831,0.7321805,0.48146057,0.9999348,0.7266307,0.41978803,0.9999789,0.70177066,0.4684396,0.9998852,0.69984114,0.4421388,0.99997234,0.65941596,0.5300823,0.99065936,0.65081203,0.38521153,0.99969697,0.8042282,0.5426969,0.98587346,0.77254504,0.36703992,0.98305213,0.90168345,0.46337146,0.94237417,0.8942515,0.4078036,0.97590894,0.9403049,0.44308293,0.88051784,0.93528664,0.41916588,0.94918215,0.94220036,0.4386698,0.85446006,0.93910253,0.41807094,0.9404614,0.9263455,0.44205064,0.8333632,0.9221865,0.41836452,0.91815585,0.44475478,0.5491879,0.9992761,0.41832793,0.4456173,0.9999291,0.38560537,0.79354376,0.96384114,0.33990854,0.4694354,0.9895029,0.3744958,0.5449639,0.34748715,0.10246587,0.5303161,0.95936996,0.38609082,0.5156437,0.35178378,0.07601434,0.53238255,0.8400793,0.32227522,0.5072604,0.39241242,0.047691613,0.55085945,0.9483295
25317.jpg,0.26021776,0.33807158,0.9988588,0.26293808,0.3394512,0.99895406,0.26246065,0.3429292,0.999092,0.26165408,0.34642166,0.9990889,0.26794448,0.3308838,0.9985551,0.27112103,0.32831696,0.99825567,0.2741875,0.32555073,0.99840206,0.2733712,0.35883477,0.9986744,0.2950377,0.32911143,0.9987186,0.26409712,0.35191637,0.99706167,0.27154243,0.338907,0.99683553,0.2872883,0.43729717,0.9989994,0.3508834,0.33100888,0.99787676,0.19979647,0.41793954,0.9501088,0.27397472,0.2983483,0.85451716,0.11916953,0.37655798,0.9442882,0.21074855,0.23923112,0.86434686,0.10232359,0.37592682,0.9398587,0.20886844,0.21618676,0.869719,0.11227703,0.3610948,0.9374419,0.20061323,0.23205541,0.86762214,0.11868811,0.3591303,0.91173285,0.20093557,0.24092053,0.84253305,0.49875936,0.51243764,0.9999063,0.531318,0.43611413,0.9998246,0.62014365,0.57564574,0.94428426,0.6565367,0.5082656,0.8130136,0.7553186,0.6265003,0.97518563,0.7787161,0.58731127,0.9313679,0.7726991,0.6248813,0.9877614,0.79296666,0.5911279,0.933788,0.781974,0.666862,0.9609319,0.8001392,0.61927384,0.90830636
26497_aug.jpg,0.38993585,0.6671171,0.99311674,0.3837139,0.6696128,0.9939824,0.3804986,0.6673492,0.99198407,0.37704757,0.6647712,0.99455726,0.39323932,0.6734352,0.9899155,0.39684948,0.6740906,0.98680335,0.4008874,0.67481935,0.99240875,0.3762666,0.652486,0.9905613,0.41173226,0.6678966,0.9908949,0.39000875,0.6508354,0.9885434,0.4039388,0.65755606,0.9760023,0.353078,0.58953285,0.9762599,0.47163513,0.6487648,0.96695733,0.31554872,0.6883846,0.94825137,0.41265595,0.73879135,0.95514035,0.28726315,0.80171484,0.83863455,0.32491702,0.8158901,0.9099722,0.28103206,0.82688016,0.74481255,0.30430865,0.82905805,0.8302422,0.28145185,0.82762,0.7228891,0.30184895,0.8312732,0.8149461,0.28447908,0.82037055,0.73751277,0.30661982,0.82616234,0.82946044,0.51041394,0.39708924,0.99535877,0.57429606,0.44010943,0.9905972,0.58968556,0.29066914,0.9369772,0.78455323,0.47829866,0.9419117,0.6893094,0.18039522,0.9415167,0.6152906,0.3869983,0.62195987,0.70309216,0.17056346,0.7350747,0.58384097,0.39371854,0.6182821,0.722163,0.138026,0.8755039,0.61285764,0.32791415,0.5487522
27125_aug.jpg,0.7344143,0.50823236,0.99871874,0.7500404,0.5247756,0.99895716,0.74956167,0.5322969,0.998632,0.74883944,0.53907764,0.9991567,0.75276566,0.50340134,0.99822,0.7543819,0.49688852,0.99716043,0.7556809,0.49065942,0.9983902,0.7381244,0.5498911,0.9985353,0.75050986,0.48831797,0.9986626,0.71584004,0.5204355,0.9980452,0.7215581,0.49469584,0.9959403,0.6560613,0.58570784,0.99426866,0.68818736,0.43911394,0.98833895,0.790106,0.628966,0.99158794,0.8231986,0.42693365,0.9720786,0.9031754,0.5608733,0.92715806,0.9077941,0.52316177,0.87032056,0.9346534,0.5489609,0.84383655,0.9359162,0.5411118,0.7354098,0.93514025,0.5462308,0.82058626,0.9340006,0.5405237,0.7084968,0.9245204,0.54655766,0.8262674,0.9225496,0.53613377,0.7392843,0.40910298,0.48315448,0.9963456,0.4414332,0.3927491,0.98950094,0.23388197,0.42129198,0.8867131,0.37677112,0.18799931,0.93709904,0.08686137,0.36535954,0.9202776,0.3717494,0.3787547,0.3709108,0.06754008,0.35426432,0.63854164,0.37434795,0.40696925,0.4593163,0.03926027,0.3482802,0.83597386,0.2936231,0.38873723,0.3353697
27851.jpg,0.6366836,0.30803666,0.9978567,0.6555574,0.30038616,0.99774617,0.66182745,0.30452788,0.99628544,0.6672133,0.30860844,0.99696916,0.6374413,0.28680342,0.99800664,0.63174623,0.28149724,0.9969318,0.6260662,0.27641106,0.9978403,0.66808486,0.31776756,0.99763536,0.61785376,0.27373096,0.9982029,0.63634264,0.3314585,0.9963742,0.61408305,0.31189787,0.99848926,0.6604436,0.40780455,0.9918731,0.5268582,0.2868263,0.99893385,0.7823198,0.35509127,0.9831799,0.5757102,0.15999717,0.9951916,0.77144694,0.2032547,0.93208164,0.7273631,0.16156176,0.96770644,0.78042835,0.16963032,0.8222842,0.76689994,0.15199926,0.89799005,0.77384835,0.16733083,0.78981054,0.7638767,0.15846601,0.88031536,0.76691747,0.17754102,0.7906613,0.7527554,0.16484037,0.87888294,0.4751624,0.5664821,0.9965048,0.37763724,0.51137805,0.9989039,0.58498365,0.7691486,0.8716135,0.27829933,0.6359158,0.93585443,0.42379934,0.62662286,0.27700317,0.19904605,0.79779744,0.92800087,0.409942,0.60061204,0.4309999,0.19262852,0.82774174,0.85587054,0.34460953,0.6238033,0.23511381,0.1466904,0.83967805,0.8342309
28380_aug.jpg,0.38352862,0.651791,0.9995834,0.37899238,0.6595223,0.99941957,0.37728226,0.65792805,0.9991424,0.37540984,0.656207,0.9993649,0.38693106,0.66428727,0.99921286,0.39085618,0.6661132,0.99903834,0.39466643,0.66777015,0.9994242,0.38359421,0.64992833,0.9986228,0.40922982,0.66637135,0.9995364,0.38711524,0.637993,0.9991874,0.3967865,0.64387584,0.99889475,0.3870795,0.5796771,0.9959054,0.48199317,0.63034797,0.99643624,0.32061708,0.6511513,0.9402221,0.43968785,0.71403396,0.9959455,0.32274145,0.7526581,0.9029448,0.35630548,0.7743819,0.97795504,0.32699892,0.78398937,0.80594605,0.34405708,0.7957145,0.93177676,0.33080956,0.7871131,0.7907707,0.34396774,0.79696864,0.91905475,0.33106852,0.7742835,0.7950288,0.3473888,0.78645396,0.9194562,0.5177965,0.40843704,0.99886924,0.57224524,0.4568833,0.997428,0.62742025,0.300219,0.9568567,0.6898634,0.3926182,0.9710061,0.74458015,0.19311729,0.981011,0.59350157,0.3781352,0.47323835,0.7647474,0.18055335,0.93082523,0.5769142,0.38534135,0.4799303,0.74132574,0.15049294,0.96338785,0.5949439,0.35217237,0.47008035
28645.jpg,0.40960833,0.6275704,0.99810886,0.4135036,0.6345149,0.9977664,0.41632918,0.63466644,0.99748886,0.41942605,0.6347844,0.9972894,0.4060432,0.6332383,0.9978854,0.40366855,0.6326796,0.9978677,0.40103662,0.6319869,0.9974485,0.424853,0.628988,0.99721414,0.39654368,0.623719,0.9983929,0.41333342,0.61928684,0.9978248,0.4051876,0.6176169,0.9971818,0.45361984,0.5915909,0.99918383,0.3727524,0.5865357,0.9991709,0.4400834,0.6673097,0.63799286,0.37784153,0.66047406,0.8419387,0.40949398,0.73870754,0.842599,0.3889529,0.73371863,0.94530123,0.4072174,0.75482315,0.84891975,0.3905754,0.7511399,0.9331074,0.4043112,0.7539861,0.84987706,0.3933328,0.75076455,0.9319464,0.40417612,0.74778044,0.85407484,0.39383116,0.7440278,0.9103575,0.4296251,0.4108492,0.99999094,0.3958704,0.41815406,0.99995744,0.42717534,0.28416255,0.99614114,0.2879567,0.38268235,0.99351776,0.42328754,0.158829,0.99570245,0.38122302,0.33721358,0.97787833,0.4206,0.14316961,0.99656516,0.3974128,0.3397697,0.97878265,0.4227425,0.13110477,0.9339002,0.3816086,0.28880492,0.86103475
28769_aug.jpg,0.5132892,0.50248563,0.99977404,0.5127597,0.49332124,0.9998487,0.5146585,0.49269378,0.9998294,0.5167267,0.4919614,0.9998803,0.50804716,0.49643958,0.99969125,0.50633156,0.49721652,0.99942386,0.50486636,0.4979738,0.99953914,0.5222955,0.4971466,0.99977094,0.5049046,0.50327706,0.99969125,0.52022976,0.50832224,0.9998412,0.5142762,0.5105745,0.99952626,0.5662532,0.53112453,0.99966216,0.5078199,0.55535805,0.996497,0.5544179,0.4682954,0.9893741,0.4628424,0.50831234,0.9063999,0.5217994,0.43555295,0.9794586,0.45642245,0.46094167,0.8756796,0.49748772,0.43368205,0.96334654,0.45531046,0.45214626,0.797704,0.49712533,0.43556398,0.95935094,0.45951924,0.45109776,0.78413045,0.5016724,0.44040096,0.95106584,0.46249825,0.45408818,0.8006093,0.6125437,0.6867567,0.9999541,0.5631746,0.69794846,0.99950135,0.6600193,0.7977121,0.99093455,0.51690704,0.8056477,0.95082694,0.72156847,0.899542,0.98152655,0.5550291,0.73222786,0.17285387,0.7257274,0.91382647,0.9153525,0.56177384,0.710929,0.28161252,0.73201656,0.9280453,0.9641208,0.568693,0.75297576,0.21659115
296.jpg,0.44384167,0.24475685,0.9982135,0.44436443,0.22479972,0.9978756,0.45003346,0.2220282,0.9970663,0.45535868,0.2193285,0.99816966,0.4270693,0.23438016,0.99701035,0.4218529,0.23767361,0.9953981,0.41657037,0.24125597,0.99747616,0.46429148,0.22405979,0.9965211,0.41527987,0.2502269,0.9979665,0.4618124,0.2554331,0.99587893,0.44078785,0.26478323,0.9937139,0.528087,0.27061313,0.9885328,0.41957873,0.32566622,0.9811002,0.5063805,0.15445644,0.9780372,0.3397209,0.24214071,0.96974117,0.39442623,0.111905426,0.8251164,0.36341178,0.12811887,0.83058363,0.37375385,0.09146097,0.6604752,0.36398414,0.091062546,0.65876895,0.37093866,0.09344375,0.6221558,0.3672554,0.095526874,0.6231277,0.37632152,0.10304475,0.6514483,0.3697896,0.109212965,0.6615378,0.5861461,0.5134817,0.9894064,0.5052672,0.5305584,0.97810024,0.6271486,0.674385,0.9202948,0.38027483,0.6496623,0.94328576,0.67217934,0.8328386,0.96416616,0.53568536,0.5894868,0.576266,0.6692366,0.85107505,0.8498818,0.5557794,0.5736038,0.6085733,0.6867672,0.89442134,0.9164988,0.59314406,0.62721133,0.5072932
30866_aug.jpg,0.6820444,0.25403288,0.9999223,0.69369936,0.26164064,0.999859,0.6964205,0.26975146,0.999803,0.6993309,0.27769834,0.9998889,0.68214697,0.24059588,0.99991107,0.6768496,0.23409364,0.99988985,0.6715089,0.22793156,0.9999299,0.68697035,0.30112922,0.9998789,0.6437372,0.2358756,0.9999459,0.66721606,0.28727245,0.99958307,0.6518185,0.25858882,0.99982053,0.6336715,0.4108777,0.9988186,0.5155104,0.23324558,0.9998716,0.8175441,0.33498928,0.9774015,0.6361987,0.090815544,0.98744595,0.8480371,0.15485752,0.80446476,0.8023951,0.114470184,0.8534746,0.8758236,0.11818808,0.64843404,0.85123956,0.1080035,0.72637194,0.8694527,0.11426562,0.6095255,0.84633684,0.11088055,0.6739285,0.85502005,0.12452561,0.6296254,0.82725704,0.11855298,0.6539436,0.36194992,0.59780097,0.99980074,0.26106617,0.49729395,0.9999511,0.47708994,0.8626379,0.9785532,0.18333441,0.53807557,0.99040574,0.3449003,0.6839862,0.44936076,0.10246608,0.6251558,0.8684237,0.32636726,0.6452066,0.44542253,0.06381509,0.67304295,0.7864484,0.2545925,0.6961849,0.3746793,0.009532213,0.73337394,0.81320745
31009_aug.jpg,0.60337895,0.5396522,0.99821174,0.6094634,0.5515124,0.99795085,0.60704845,0.55590576,0.9968092,0.6049442,0.5596288,0.9974546,0.6178295,0.5392958,0.9976903,0.62147695,0.5352138,0.9965144,0.62428886,0.53190166,0.9971769,0.598973,0.5619695,0.99783474,0.6240015,0.52448654,0.99709797,0.58789444,0.5401686,0.9980136,0.598495,0.525828,0.99839824,0.542088,0.553234,0.9973339,0.5955173,0.47756356,0.9990073,0.62751406,0.6191732,0.9856936,0.6863444,0.54128605,0.99180096,0.7281852,0.6479939,0.9698734,0.745947,0.6322291,0.97153497,0.7494066,0.6579076,0.9317093,0.75801396,0.652331,0.9362451,0.75238943,0.65708816,0.9216133,0.7596396,0.6541517,0.92589045,0.7454866,0.6528772,0.921631,0.75367796,0.6469467,0.9244826,0.3754957,0.43367648,0.99949527,0.40405008,0.36850888,0.9996815,0.22917064,0.45600906,0.8892894,0.27332485,0.2912901,0.9578441,0.29943588,0.37234843,0.40658548,0.1641931,0.23202275,0.96324635,0.32380003,0.36514607,0.48698157,0.15030128,0.2253573,0.8724454,0.26226735,0.31787086,0.42901102,0.121824,0.21975781,0.9190578
31672.jpg,0.46130687,0.723655,0.9998442,0.4492636,0.73630285,0.9999025,0.44329387,0.73463035,0.9998085,0.43773782,0.7330133,0.9998635,0.47068205,0.74168336,0.99994624,0.47902453,0.7435167,0.99991894,0.48662508,0.7449868,0.99994266,0.43597,0.72612846,0.9997267,0.49807367,0.7411493,0.99993396,0.4548639,0.70085084,0.9995906,0.4796079,0.7068143,0.9999056,0.41401023,0.6399789,0.99011713,0.5561296,0.6775885,0.99951315,0.35467204,0.7691047,0.98230916,0.52981013,0.80254984,0.98278147,0.3962501,0.8898467,0.9431836,0.45046288,0.9031286,0.9716455,0.4027291,0.9317265,0.88318217,0.4261974,0.93661815,0.9369596,0.4073089,0.936131,0.85791284,0.42702428,0.9414612,0.9276509,0.4099426,0.92005324,0.8447753,0.4321631,0.92507493,0.9092595,0.46425894,0.429303,0.9985656,0.572788,0.44162452,0.999863,0.2560585,0.29438975,0.9537291,0.57826966,0.36323732,0.9884322,0.49704993,0.36169192,0.35875854,0.5966805,0.12213549,0.9602643,0.5180771,0.3831206,0.3428968,0.6005815,0.0991157,0.8638699,0.54714924,0.32251883,0.3505402,0.591982,0.057796955,0.944477
32535_aug.jpg,0.26367548,0.48714545,0.9997358,0.250071,0.4842928,0.9996586,0.24929729,0.48049417,0.9995672,0.24876374,0.477235,0.99969363,0.2523786,0.49601328,0.99951077,0.2531443,0.50037336,0.999225,0.25395146,0.5044948,0.999388,0.2544745,0.47097448,0.999318,0.26127517,0.5082698,0.9994574,0.27455583,0.47644913,0.99947697,0.27540386,0.49033087,0.9991128,0.30814183,0.43597168,0.9989151,0.32533067,0.5149421,0.99386287,0.21095794,0.42915994,0.9836325,0.22703955,0.56686187,0.9683755,0.102065116,0.42423356,0.9736843,0.12592211,0.5994778,0.9647217,0.07342449,0.42095575,0.9473047,0.10213509,0.6157499,0.9220285,0.07126346,0.42355642,0.94501394,0.098668605,0.61167127,0.9165976,0.08019164,0.42627275,0.9460738,0.10638878,0.6037078,0.92701125,0.5299694,0.42943206,0.9992994,0.53279,0.4814201,0.9973901,0.69467455,0.42115355,0.95227754,0.62232625,0.5639324,0.9315708,0.85066533,0.4047165,0.9861988,0.61146975,0.45574948,0.6754681,0.87115693,0.40545142,0.9314653,0.6032821,0.44358546,0.72452193,0.88680583,0.399508,0.9720563,0.6580796,0.42348337,0.6972729
32577_aug.jpg,0.57661587,0.2793806,0.999368,0.5856668,0.27104208,0.9993493,0.5896764,0.27437577,0.9989518,0.5939934,0.27794492,0.99921954,0.57513624,0.26253116,0.9995216,0.5701828,0.25947914,0.999265,0.5655632,0.25688118,0.99938893,0.5943487,0.28980258,0.999173,0.5500144,0.26156002,0.99912626,0.57561374,0.2962642,0.9980153,0.56005096,0.28725687,0.9984181,0.5979825,0.3609079,0.9892965,0.47264674,0.31379634,0.9981483,0.659885,0.26448318,0.9803577,0.5138982,0.19972256,0.9912532,0.67432475,0.12912118,0.94353473,0.61049426,0.120113194,0.96505576,0.6801523,0.099636674,0.8710085,0.63382536,0.09202072,0.898484,0.6768632,0.09895879,0.85459733,0.6350442,0.09413841,0.881049,0.6712129,0.11055344,0.85985404,0.6298011,0.10600883,0.88040555,0.51709944,0.56918186,0.9981852,0.42017773,0.5587111,0.99940765,0.6478529,0.68911827,0.94040835,0.36581317,0.7067615,0.9741659,0.47654647,0.6547783,0.6241605,0.32380038,0.8592886,0.9775605,0.4564666,0.63095486,0.6182335,0.3279362,0.8820518,0.92620414,0.43003222,0.7032469,0.53942496,0.28197545,0.92106795,0.93282855
33173.jpg,0.5795027,0.29678035,0.9993463,0.5845689,0.29618287,0.99902344,0.587502,0.29746452,0.99859995,0.590683,0.29873294,0.9992275,0.57545394,0.2945525,0.9987526,0.57256335,0.29475436,0.99820817,0.5698541,0.29479963,0.9991316,0.59122443,0.3086464,0.99876404,0.5647856,0.301991,0.9993315,0.58325034,0.30623224,0.99887544,0.57374185,0.30338854,0.9985216,0.59967923,0.36554337,0.99728537,0.5211101,0.33082065,0.9964044,0.6555693,0.31265914,0.9925659,0.5255478,0.2584071,0.99194896,0.6202408,0.23984298,0.9458649,0.5998081,0.22987807,0.9588058,0.62040895,0.22159621,0.86588776,0.61654,0.21706316,0.8746812,0.61738,0.22139946,0.84707123,0.6156954,0.2173149,0.8537414,0.6143982,0.23047477,0.832673,0.61061096,0.22484612,0.84843993,0.5218412,0.5019348,0.9991455,0.47331983,0.4737131,0.99853563,0.46241105,0.60158026,0.976495,0.35266355,0.49427024,0.9887814,0.40442565,0.6834282,0.98378766,0.42889827,0.57872707,0.86441123,0.39827067,0.6935787,0.8598812,0.44542,0.58236283,0.7583708,0.38586554,0.70916665,0.96799904,0.43388432,0.6264529,0.8449204
33175_aug.jpg,0.84636015,0.3333491,0.9998159,0.8742138,0.33600366,0.9998759,0.8783493,0.3424763,0.99985933,0.88242793,0.34925783,0.99986076,0.86165774,0.31209654,0.99980575,0.85711217,0.30347642,0.99979144,0.8528106,0.2953513,0.99987626,0.8819872,0.36709684,0.9998087,0.84134066,0.29003468,0.99989164,0.83330905,0.35914886,0.999861,0.8186022,0.33112755,0.9997002,0.8093241,0.4981097,0.99986863,0.70490986,0.27015734,0.99941254,0.6796653,0.5995679,0.9597469,0.54133296,0.3099723,0.97062385,0.69803166,0.42825022,0.9025403,0.6953907,0.3800151,0.9295328,0.72547495,0.38942903,0.8145451,0.7365992,0.37285605,0.83023953,0.73667824,0.38719612,0.79160565,0.7467052,0.3651349,0.79591113,0.727195,0.39807403,0.7361749,0.73567575,0.3682009,0.7344885,0.49915645,0.5520583,0.99980634,0.45313853,0.42569962,0.99924386,0.31501603,0.5957893,0.9727495,0.21135914,0.33079046,0.988069,0.090849966,0.64415234,0.9812952,0.404453,0.51118,0.5856116,0.04815215,0.64444166,0.836916,0.44784805,0.5296817,0.6547079,0.033078194,0.6743935,0.96865404,0.3704371,0.6096144,0.61419374
33426.jpg,0.2938492,0.6309881,0.998103,0.28031465,0.63556254,0.9978421,0.27855334,0.6327263,0.9970921,0.2769727,0.6299649,0.9976731,0.28687483,0.64476883,0.9978581,0.2893644,0.6483105,0.9970277,0.2919248,0.6517792,0.99727017,0.2853992,0.6253768,0.9985582,0.3041308,0.6545071,0.99688894,0.3032875,0.6175394,0.99794954,0.3103617,0.62838906,0.9973545,0.33312052,0.57824117,0.99731535,0.3638109,0.6360159,0.99909306,0.23742622,0.6427638,0.84914523,0.26317403,0.6862857,0.9808399,0.15740049,0.7163305,0.85436,0.1537888,0.74060977,0.9651407,0.14033556,0.7382152,0.77857167,0.12843695,0.75417054,0.93517095,0.13767436,0.7399012,0.761915,0.12801278,0.75554264,0.9202562,0.14270732,0.7346801,0.7795384,0.13612956,0.750524,0.9150217,0.51075095,0.46606913,0.99892884,0.55413085,0.5017635,0.99964774,0.54413724,0.33406514,0.79997724,0.6938666,0.38737622,0.95462286,0.57606167,0.44911087,0.3707429,0.8245543,0.28044719,0.96308446,0.5717974,0.47049382,0.50008154,0.83632225,0.2719965,0.92710495,0.63210154,0.45110145,0.4384026,0.8663435,0.24725159,0.92747396
33735_aug.jpg,0.79367876,0.6788405,0.99997616,0.80236423,0.6980562,0.9999832,0.7983184,0.7054143,0.9999813,0.7941766,0.71291184,0.99998224,0.8145273,0.6772388,0.99997425,0.81857854,0.6698239,0.9999714,0.82216275,0.6632742,0.99998045,0.78035605,0.7210652,0.9999794,0.8251902,0.64546144,0.99998283,0.7677964,0.679596,0.9999918,0.7853478,0.65289396,0.9999769,0.6442166,0.7066065,0.999941,0.8035904,0.5264455,0.9997452,0.50789994,0.628674,0.98365515,0.72430474,0.37081838,0.98281485,0.6544841,0.5813349,0.92380697,0.69633913,0.53929335,0.9549146,0.6935588,0.5841747,0.82278407,0.70961094,0.5851559,0.8833238,0.7042267,0.59170794,0.798299,0.71842194,0.5899565,0.84896064,0.691635,0.58823913,0.75486135,0.7106852,0.5785432,0.7919308,0.50391644,0.46274602,0.99987876,0.6134973,0.3792854,0.99926263,0.4005658,0.31841052,0.9892203,0.6855621,0.08817443,0.98412055,0.2782618,0.18022175,0.97290117,0.5229427,0.3074219,0.63282293,0.27121478,0.1629853,0.78924173,0.52104837,0.35033974,0.50819325,0.22879314,0.13480675,0.94610494,0.4469754,0.25851494,0.56155956
33754.jpg,0.65506184,0.6641481,0.99893934,0.6557667,0.6804038,0.998965,0.6510194,0.68385684,0.99823403,0.64655733,0.6868309,0.99868244,0.67110777,0.66897285,0.9990037,0.6764776,0.6650779,0.9983882,0.68139327,0.66147935,0.99874145,0.6379646,0.6821325,0.99849856,0.683385,0.65054727,0.9985305,0.63607174,0.6582584,0.9978569,0.65667135,0.6442522,0.9986204,0.5602554,0.6520946,0.9899332,0.67119014,0.5578387,0.9979923,0.639409,0.74778116,0.9811726,0.74418795,0.66978437,0.98777896,0.7358769,0.81761885,0.9592304,0.7711166,0.781568,0.9589365,0.76376367,0.84093213,0.91195035,0.7806617,0.8170972,0.9000178,0.76693714,0.83928514,0.8968982,0.78144133,0.8187114,0.8849962,0.75901455,0.8287275,0.9011587,0.7754407,0.80637467,0.8852037,0.42058986,0.47387704,0.99833006,0.4868676,0.39195424,0.99937844,0.22194849,0.49785352,0.901662,0.36725602,0.25879642,0.9627894,0.33871064,0.42921737,0.27747303,0.24324983,0.1350387,0.95440346,0.35785794,0.41415527,0.3896005,0.22294259,0.121092945,0.83838516,0.2949745,0.35030735,0.24443975,0.21935344,0.08632144,0.8585967
34229_aug.jpg,0.40370557,0.6839267,0.99739146,0.39338368,0.6938698,0.99701166,0.3936872,0.6960641,0.9960322,0.3941496,0.6980839,0.9968528,0.39325064,0.68957394,0.9974757,0.3933468,0.6891339,0.9968919,0.3936108,0.6884075,0.99712116,0.40265352,0.70444864,0.996393,0.40276912,0.68990284,0.9977004,0.41452837,0.6844411,0.9973201,0.41454804,0.6806381,0.9969049,0.45773214,0.7043901,0.9940659,0.45445812,0.6852609,0.99744534,0.35974774,0.73149925,0.51477545,0.35984078,0.71212,0.9840147,0.27342466,0.7522456,0.7756735,0.26996064,0.7400575,0.9789892,0.25274652,0.7640355,0.75960934,0.24626827,0.7493095,0.9586614,0.25174704,0.76274294,0.7539383,0.24893671,0.7530991,0.9501346,0.2591045,0.7581615,0.7506592,0.25771317,0.7496929,0.9385686,0.660803,0.6376515,0.9998337,0.6552163,0.6260036,0.9993782,0.786518,0.5841449,0.8215028,0.72563654,0.55652577,0.91626906,0.90678525,0.56826174,0.88401234,0.7476541,0.5717545,0.553105,0.92839766,0.58472055,0.91089904,0.7464047,0.58170307,0.7701855,0.9441883,0.53325546,0.81336355,0.768883,0.5621661,0.49001575
34366_aug.jpg,0.3344615,0.19397455,0.9997003,0.33415192,0.16865212,0.9997464,0.34199107,0.16425958,0.99962676,0.34909272,0.16071379,0.9998122,0.31186038,0.1850873,0.99951816,0.3044687,0.19166762,0.99905056,0.29775563,0.19733098,0.99945825,0.36619094,0.16443354,0.99963844,0.2948563,0.21333855,0.99959487,0.36159092,0.20535159,0.99952114,0.33337396,0.22133717,0.99881184,0.46095398,0.2297839,0.99777657,0.3225534,0.3255816,0.9831986,0.39362052,0.10099083,0.97698826,0.22674221,0.2075769,0.87836814,0.3091575,0.02553022,0.8966588,0.15880367,0.0685935,0.6455933,0.2803788,0.005398214,0.82247066,0.14725024,0.046360284,0.5104183,0.27077973,0.008772731,0.7955157,0.15957418,0.044205487,0.47615007,0.27686855,0.02033168,0.8029607,0.16934055,0.054311037,0.55033255,0.61917526,0.5501623,0.99917895,0.51160944,0.6003346,0.9965576,0.7368916,0.8004921,0.92374796,0.39342937,0.83362913,0.92344594,0.82055676,0.9631573,0.92596453,0.59244674,0.70440656,0.2995762,0.8331171,1.002628,0.6659131,0.61103904,0.6674755,0.33884537,0.8672281,1.0410793,0.8344182,0.6817488,0.7761966,0.2731259
34722_aug.jpg,0.26553646,0.3720169,0.99882025,0.25441954,0.35879776,0.9986707,0.25617534,0.35266328,0.9982096,0.25765565,0.34729192,0.9989543,0.24930939,0.3774563,0.9981067,0.24792686,0.3832816,0.9970092,0.24706048,0.3881985,0.99832505,0.26653355,0.34008068,0.99820507,0.25362608,0.39355573,0.99874437,0.2856058,0.36438602,0.9978625,0.2814425,0.38662878,0.996214,0.34943077,0.32570082,0.9930356,0.31939512,0.44201168,0.9837685,0.2375764,0.26624334,0.987673,0.19705537,0.444882,0.971291,0.14243639,0.32823008,0.89762145,0.13141587,0.35834116,0.85963947,0.116365135,0.33315587,0.76967305,0.10735458,0.33655882,0.7099726,0.11496857,0.336259,0.73779535,0.11186266,0.33760184,0.6771248,0.12488717,0.33781195,0.7454044,0.12245986,0.34433177,0.70575017,0.5673661,0.4365061,0.9927746,0.529891,0.5112884,0.9815076,0.71552074,0.5134796,0.9198523,0.5379805,0.6816044,0.9397952,0.87233984,0.57964367,0.9640741,0.5939947,0.5256738,0.5349327,0.891142,0.5911858,0.81723905,0.5957876,0.49822983,0.58843315,0.9177991,0.6020973,0.91464657,0.6675111,0.50724936,0.49153873
35060_aug.jpg,0.41406253,0.75765735,0.9994925,0.40397248,0.7549306,0.9994092,0.3999421,0.75018585,0.9989774,0.39578056,0.74535495,0.99934584,0.41926992,0.76879793,0.99956673,0.4257055,0.7732531,0.99924207,0.43155935,0.7769068,0.9995091,0.39890677,0.72938883,0.99916124,0.4504458,0.77392805,0.99945146,0.41657135,0.73425496,0.9981439,0.43605945,0.75273025,0.99910897,0.41348737,0.654367,0.9813494,0.5341965,0.7519083,0.9980021,0.3196764,0.74113464,0.9827876,0.4647628,0.84646654,0.9880298,0.3029806,0.8510183,0.9303209,0.36181173,0.8764056,0.9554873,0.2894203,0.8792649,0.8442819,0.32703832,0.8859053,0.88715506,0.29458687,0.88086414,0.81913227,0.32631433,0.8849469,0.8699889,0.30271548,0.8726827,0.8194433,0.3374214,0.8778434,0.8666902,0.5790902,0.50285155,0.9977385,0.6583149,0.5705257,0.9995763,0.4914662,0.29477182,0.947324,0.7485106,0.42796478,0.978412,0.63522613,0.45295873,0.5272243,0.82953393,0.2741281,0.9614636,0.65050936,0.47332776,0.5522373,0.84002,0.25449663,0.8500159,0.7083264,0.4295572,0.43737492,0.8667302,0.24799758,0.90025127
36515.jpg,0.45432842,0.76297987,0.9991223,0.4445423,0.7696184,0.9993241,0.44278595,0.7687768,0.99931145,0.4408758,0.7677809,0.9993303,0.44500497,0.7696456,0.99889237,0.44371203,0.76893604,0.99863976,0.4421441,0.76809657,0.9987865,0.42830095,0.75257075,0.9991418,0.42844155,0.7530275,0.99868304,0.4513151,0.74919075,0.99796677,0.452402,0.7490356,0.9976548,0.42565143,0.7047078,0.99898607,0.42059484,0.6980386,0.9899907,0.45484817,0.7998126,0.99726677,0.45193985,0.79490316,0.2863962,0.47732115,0.9134414,0.9823225,0.47180775,0.8850763,0.45729187,0.47559735,0.93120325,0.9658925,0.47079265,0.90470487,0.5317495,0.4702959,0.93068874,0.9598892,0.46800783,0.90740156,0.52627796,0.47101927,0.9261989,0.9497297,0.46839443,0.9030808,0.5489588,0.3649066,0.49416983,0.9990031,0.3689506,0.49392945,0.9971691,0.32143492,0.33253598,0.98230517,0.32939288,0.34166288,0.45081425,0.27788454,0.19048092,0.9808687,0.28415728,0.20581159,0.5955592,0.26482588,0.1805006,0.9849258,0.27203086,0.19412303,0.68928444,0.27612093,0.1036697,0.9774853,0.27942377,0.13446921,0.71175927
3651_aug.jpg,0.3046994,0.1892637,0.99974006,0.3027608,0.16871276,0.99969864,0.30891013,0.16370931,0.99964607,0.31432745,0.15942544,0.9996536,0.2844008,0.18690708,0.9997414,0.27838668,0.19338828,0.9996772,0.27296004,0.19888356,0.9996635,0.33492643,0.16300532,0.99965703,0.27415943,0.21843415,0.99937445,0.33391213,0.19493422,0.99981767,0.3086797,0.21740124,0.9998963,0.46354994,0.20240289,0.9996973,0.32106885,0.3457557,0.9998072,0.5827275,0.2590097,0.9911739,0.31019405,0.4908781,0.9724658,0.4801195,0.3136461,0.9784073,0.3713727,0.42592078,0.9482298,0.4451554,0.32145464,0.9475356,0.38076812,0.40225673,0.9006296,0.43218237,0.31920367,0.9396981,0.38148296,0.3892104,0.89121336,0.44224584,0.32055128,0.9192702,0.38252246,0.3925246,0.8654538,0.6137442,0.42631236,0.9994868,0.541164,0.523255,0.999762,0.8369943,0.39743313,0.9415124,0.70343137,0.6284947,0.9608177,0.6901777,0.4777221,0.2732587,0.86549264,0.73936546,0.95849603,0.64143384,0.4761423,0.3067678,0.8992826,0.75021,0.8921404,0.6758773,0.5517128,0.30774578,0.86910164,0.81484723,0.92150706
3668.jpg,0.7238027,0.3932314,0.9974039,0.7386358,0.3916593,0.9973845,0.7425006,0.39643615,0.9959577,0.74654347,0.4014547,0.9974752,0.7271471,0.37767985,0.9965783,0.7234471,0.3727338,0.9944812,0.72004426,0.36860824,0.99677986,0.74507403,0.41539466,0.9946214,0.71039456,0.3681746,0.9973794,0.718777,0.41241825,0.99337125,0.70524794,0.39316624,0.9901606,0.7071144,0.48930988,0.9823042,0.6363846,0.37732393,0.98371536,0.82048726,0.43612286,0.97061825,0.734417,0.30497253,0.9706721,0.8731609,0.33316243,0.9007907,0.8489638,0.29658478,0.8926735,0.8885432,0.30859572,0.7884408,0.87800324,0.29210836,0.77652824,0.888554,0.30345646,0.76204526,0.8791269,0.29262316,0.7503707,0.881709,0.3103577,0.7594343,0.87054324,0.2967595,0.7756802,0.47286913,0.585093,0.99403703,0.43676633,0.49778935,0.9896097,0.3309335,0.6683515,0.8824286,0.28442067,0.37080657,0.96111876,0.17075959,0.7323787,0.94184726,0.33193308,0.54299694,0.59315246,0.12967509,0.73210347,0.76824605,0.35349017,0.5595642,0.5705055,0.13413551,0.7895311,0.8714075,0.28105533,0.58903587,0.48356596
36742_aug.jpg,0.5328102,0.24492294,0.99917597,0.5440469,0.22780538,0.9990571,0.5496913,0.22817415,0.9985166,0.5563946,0.22869411,0.9988613,0.5243779,0.22463775,0.9992488,0.5170853,0.22294438,0.99885154,0.5092305,0.22105226,0.99909544,0.5618732,0.23753762,0.9990163,0.49713436,0.22183669,0.99912566,0.540562,0.26227826,0.9980106,0.51853967,0.25761357,0.9988611,0.59592515,0.31988832,0.9942068,0.43191582,0.281978,0.9989994,0.67386806,0.20597726,0.9903351,0.4166864,0.14351872,0.9962037,0.5949899,0.07624754,0.9649011,0.54242885,0.06515235,0.9754007,0.5881528,0.048989177,0.9011193,0.56587875,0.040492475,0.91971326,0.58240646,0.04839611,0.8822458,0.5676498,0.04460156,0.9056923,0.5821543,0.06112069,0.87955713,0.561437,0.05719018,0.90315205,0.52071863,0.56166387,0.99784553,0.4099661,0.56040996,0.99922657,0.70049727,0.68689287,0.94749,0.3839063,0.7282181,0.97584426,0.48825446,0.64062285,0.6316665,0.38702887,0.912722,0.9771478,0.46636325,0.62202406,0.7012153,0.3996418,0.9451372,0.9383176,0.4183975,0.69398516,0.5944277,0.35822242,0.96173763,0.94122547
38853.jpg,0.62355065,0.2906632,0.99979657,0.6241553,0.27956647,0.99977034,0.61988056,0.27776584,0.9997516,0.6161317,0.27643204,0.9996669,0.6333227,0.28463167,0.99973303,0.63612664,0.2868845,0.9997309,0.639197,0.2897288,0.9997178,0.609416,0.278643,0.999699,0.6420626,0.3015015,0.9998454,0.6155535,0.2964185,0.99950147,0.6250945,0.30208808,0.99953496,0.5319127,0.3120373,0.9995814,0.66215175,0.3879395,0.9999347,0.52693456,0.20620498,0.9910953,0.77053785,0.33469146,0.9855942,0.6559311,0.20913205,0.32868272,0.6849647,0.225452,0.9104863,0.67294115,0.1900324,0.2225375,0.68583834,0.20305628,0.85426795,0.6712693,0.20531803,0.236903,0.6798009,0.2092458,0.8530275,0.6653365,0.21632594,0.27761284,0.6759547,0.21687612,0.8166309,0.4602034,0.49492472,0.99997187,0.51588446,0.5605782,0.9999969,0.28071642,0.4845452,0.9276312,0.42182297,0.68827724,0.9200041,0.41652912,0.5832132,0.7540882,0.33431315,0.79059744,0.9608818,0.4471026,0.56301975,0.764422,0.33780414,0.7921728,0.92029464,0.4114762,0.6213961,0.7095154,0.2894892,0.8394635,0.89389336
39380.jpg,0.59373635,0.22838652,0.9994456,0.58908033,0.21168318,0.9996798,0.58717173,0.21129847,0.9996762,0.58508956,0.21060663,0.99975365,0.5874255,0.20906991,0.9995153,0.58464915,0.2073591,0.9994288,0.5817991,0.2054458,0.99955374,0.5608105,0.20622614,0.9997216,0.56031406,0.20204195,0.99930584,0.5815368,0.24087197,0.99924266,0.5798927,0.23682371,0.99902105,0.5096732,0.25900966,0.9937556,0.52022654,0.23568285,0.99932134,0.585443,0.18056977,0.35202014,0.60171705,0.14408952,0.9898344,0.6772899,0.09398726,0.47076803,0.70412266,0.05771056,0.9804813,0.6793709,0.077441245,0.49008504,0.7078272,0.033472687,0.96531206,0.6813675,0.074285746,0.49803543,0.70237374,0.03405595,0.95678896,0.68306863,0.07851377,0.49278116,0.699034,0.04524046,0.94496965,0.31703544,0.46427402,0.99591655,0.32326305,0.45949852,0.99836606,0.4998719,0.6219579,0.22179277,0.5084694,0.6295004,0.99029213,0.6657164,0.7813728,0.24736896,0.6695596,0.7918403,0.9795981,0.68895316,0.8157989,0.308811,0.6894152,0.8259661,0.98302263,0.76080155,0.7815006,0.33290577,0.76718867,0.7953415,0.9680072
39905_aug.jpg,0.83728564,0.36789143,0.99997985,0.8544891,0.36992192,0.99997735,0.85697067,0.37516755,0.9999733,0.85838526,0.3785199,0.99997544,0.8467649,0.35352737,0.9999664,0.84399784,0.34751636,0.99995565,0.8417552,0.3427088,0.9999653,0.8547946,0.3888557,0.9999275,0.8309106,0.33956566,0.9999589,0.82731843,0.38516337,0.99997485,0.8177705,0.36408246,0.99995995,0.7737663,0.47559372,0.99977916,0.71698785,0.35389748,0.9990489,0.66944766,0.55029404,0.96071404,0.5952987,0.388924,0.93294835,0.70981914,0.45169315,0.9719215,0.69210464,0.43532532,0.9251008,0.73468167,0.43478507,0.94392055,0.7296195,0.43521997,0.86051834,0.74130845,0.43232927,0.9388805,0.7356467,0.43005872,0.8388429,0.73408717,0.43654358,0.91107774,0.72396994,0.42988294,0.78684133,0.53654224,0.54770523,0.99965334,0.5107635,0.47633272,0.99835336,0.3448607,0.6129711,0.9695469,0.35161054,0.43566564,0.9823532,0.18708038,0.67571604,0.98483825,0.43736398,0.52955234,0.37730464,0.16640761,0.68191296,0.86800593,0.4589237,0.5346866,0.43732706,0.12230703,0.70376986,0.9785911,0.38642406,0.5899245,0.46661642
4038.jpg,0.604905,0.15593198,0.99993455,0.6158419,0.13975278,0.999907,0.6204652,0.14000458,0.9998914,0.6245303,0.14014107,0.9998925,0.5987861,0.13805631,0.99989295,0.5922099,0.13730368,0.99987507,0.58662206,0.13658413,0.999902,0.6286669,0.14866951,0.99973863,0.5777911,0.14273706,0.99989426,0.6119103,0.17548087,0.9999236,0.5907081,0.17095184,0.9998877,0.64965713,0.2715206,0.9991793,0.5173795,0.23607884,0.9987122,0.64332044,0.39302567,0.8707475,0.46899906,0.35514396,0.90771085,0.5847222,0.31898478,0.8377603,0.5625406,0.3107206,0.8764331,0.5823796,0.2922401,0.762714,0.5848325,0.28681165,0.8054314,0.58289945,0.28409892,0.7509288,0.58632606,0.27787435,0.7805119,0.5833645,0.29253277,0.68324065,0.5792551,0.28624627,0.7094983,0.5539887,0.50183636,0.9993431,0.48598352,0.48230216,0.99862266,0.4956819,0.6966096,0.9804411,0.35409153,0.5825617,0.99301404,0.4430648,0.86405903,0.98879576,0.48023903,0.57746893,0.63630503,0.43507877,0.87878084,0.8917219,0.4991304,0.56152296,0.6109066,0.4261242,0.9150506,0.9834825,0.49628004,0.64850074,0.6689947
40900.jpg,0.26317206,0.44317636,0.99874485,0.25105813,0.4261424,0.99905497,0.2532818,0.4186238,0.9987618,0.25540408,0.4119233,0.999238,0.24516904,0.44742373,0.9984523,0.2429258,0.45370156,0.9975133,0.24103606,0.45919642,0.99855167,0.26792324,0.4025216,0.99878424,0.24737531,0.46492982,0.998934,0.28310814,0.434651,0.9983651,0.27449036,0.45819443,0.996833,0.35761726,0.38249913,0.99345016,0.30301857,0.52486575,0.9887876,0.23123863,0.3189513,0.9922839,0.16697776,0.51604223,0.97548044,0.1041297,0.36876506,0.9372089,0.09732959,0.4059315,0.8839887,0.07273838,0.37769654,0.8598759,0.0741964,0.38485777,0.75287324,0.07254484,0.38032392,0.83775103,0.0761092,0.38561386,0.72673255,0.08267319,0.38072717,0.84387,0.08597338,0.3912809,0.75634724,0.5810501,0.5283134,0.99607337,0.536155,0.61404353,0.9888164,0.7501491,0.61590666,0.8915456,0.5634156,0.82891476,0.9327242,0.8892635,0.69869804,0.878122,0.60285044,0.63224065,0.31756967,0.90588665,0.7136301,0.5943995,0.6039051,0.6056821,0.40228775,0.9312652,0.7188039,0.76278603,0.67976904,0.6346941,0.2804561
41316.jpg,0.64854014,0.8105425,0.9993988,0.6492031,0.83611214,0.99947494,0.64194906,0.83969843,0.99918765,0.6348706,0.84310555,0.9995876,0.6729287,0.82265306,0.9989961,0.68135405,0.81735516,0.9980842,0.68865985,0.8125328,0.9989785,0.618674,0.8370508,0.9992828,0.6917834,0.79525906,0.9992908,0.62032306,0.7929319,0.9990095,0.64767706,0.77671635,0.9976501,0.524652,0.76455116,0.9937955,0.67038554,0.6754421,0.9583399,0.5894257,0.8946088,0.948884,0.76024413,0.8035627,0.85081327,0.6721902,0.9701657,0.7430814,0.82086563,0.9235716,0.4204557,0.69854623,0.98737633,0.6356548,0.84270066,0.95987,0.31865895,0.7071125,0.9860817,0.59888935,0.8287393,0.95294845,0.2926443,0.7002014,0.9738405,0.6257645,0.836655,0.95169306,0.36478385,0.3793811,0.447742,0.99817073,0.49415338,0.40373412,0.9923321,0.2779171,0.20023766,0.8984277,0.6086472,0.16444638,0.9299484,0.1982477,0.040798664,0.9143502,0.4119659,0.28893173,0.32159048,0.20675704,0.031558007,0.6833468,0.3925267,0.3272186,0.34765908,0.1549975,-0.04244271,0.8227377,0.3210919,0.22238879,0.26175493
41329_aug.jpg,0.30817443,0.58471113,0.99925727,0.2925772,0.5807715,0.9993425,0.29166448,0.57551026,0.99894685,0.291034,0.5707151,0.9992163,0.29664788,0.597909,0.99943,0.29813927,0.60425675,0.999159,0.299462,0.6100421,0.99938035,0.2964452,0.56392473,0.99920136,0.30905655,0.61902213,0.99935836,0.32043403,0.5714757,0.9985145,0.32372734,0.5930928,0.99918145,0.35724756,0.50772464,0.98964757,0.38155594,0.644413,0.9992724,0.24483037,0.5315556,0.97511643,0.26010993,0.6615858,0.99237543,0.14545235,0.5986703,0.92350495,0.14631769,0.6369398,0.97334427,0.12181282,0.6152546,0.84951067,0.12219128,0.6306212,0.9265363,0.121748686,0.6184579,0.8250157,0.121712506,0.6307823,0.9136165,0.13041237,0.6150203,0.82939345,0.12970549,0.6309011,0.9091241,0.5664466,0.473837,0.99828655,0.60590804,0.55989134,0.9994586,0.58656925,0.28105378,0.821798,0.752332,0.50008833,0.93511355,0.62432325,0.4619253,0.2706912,0.89059913,0.4332611,0.92119896,0.61873037,0.4906807,0.36270612,0.909314,0.41321072,0.8156038,0.6927568,0.4833816,0.26045766,0.9356567,0.4250713,0.83387715
42151.jpg,0.6054882,0.28220016,0.99988914,0.6240469,0.27075508,0.9997354,0.63051736,0.27308965,0.9997441,0.6357976,0.27501503,0.9997403,0.6059886,0.26276538,0.99956053,0.60005,0.25965488,0.9994005,0.5948115,0.2569907,0.99941313,0.6433864,0.28443977,0.9997389,0.58801836,0.2570644,0.99936885,0.608525,0.30372697,0.9996057,0.5875792,0.29289487,0.99937207,0.6481329,0.36050028,0.99975616,0.5330884,0.3043409,0.9973877,0.7227471,0.32040244,0.9947148,0.5105878,0.21499375,0.9888144,0.8274354,0.2483739,0.99021506,0.51379234,0.08696082,0.9867704,0.8634461,0.23574013,0.9729278,0.5141855,0.055903405,0.95604247,0.8641616,0.22809431,0.9726423,0.52141076,0.051189423,0.9553267,0.85366493,0.22948381,0.97594756,0.5241595,0.060094923,0.96209353,0.48424974,0.58028805,0.99946827,0.4140747,0.5373051,0.99914694,0.40692002,0.7243954,0.97788984,0.28413114,0.6378829,0.9918222,0.3256051,0.8199395,0.944704,0.3041742,0.789115,0.95529175,0.3248918,0.8225481,0.7053003,0.3155555,0.7955812,0.8644552,0.28143895,0.8796178,0.91241276,0.26286924,0.8545983,0.9363766
42974.jpg,0.2081232,0.2912656,0.99994206,0.20028436,0.27929896,0.999941,0.20247963,0.27655938,0.99993646,0.20459527,0.27394572,0.9999418,0.19367492,0.28827536,0.99993,0.19132578,0.2920602,0.99990857,0.18925208,0.29590088,0.99992347,0.21292338,0.27436942,0.99985194,0.19238985,0.30365062,0.9998964,0.22606222,0.29372394,0.99989927,0.21632114,0.30638355,0.9998159,0.31962067,0.30108362,0.9991216,0.25310647,0.38125297,0.99686664,0.43214208,0.3558985,0.9433693,0.3501266,0.4757783,0.79194254,0.31871653,0.35831383,0.93526584,0.31777444,0.3727188,0.7953942,0.29400685,0.3473631,0.89257175,0.30333617,0.35372025,0.7102327,0.2896915,0.34215283,0.8865849,0.2931053,0.35199094,0.6784431,0.2974655,0.34594506,0.84641725,0.29829383,0.3569908,0.6007778,0.49767628,0.47601396,0.999027,0.47336143,0.5068661,0.99601585,0.62518114,0.60645425,0.97596145,0.51527476,0.65133226,0.95206505,0.80796146,0.70425856,0.9878444,0.5670801,0.5517897,0.46159202,0.8159262,0.71813613,0.9320294,0.5586002,0.5246836,0.6443025,0.79802954,0.7269383,0.98325145,0.6403581,0.5759618,0.52563816
43678.jpg,0.49388924,0.5033326,0.9996457,0.5029268,0.4973419,0.99973863,0.50439554,0.49866098,0.9996617,0.5058864,0.49986282,0.9997818,0.4992109,0.49335057,0.9994518,0.4981484,0.49213207,0.99900633,0.49699423,0.4908311,0.9993358,0.505956,0.5026126,0.99964714,0.4935533,0.49275792,0.9995739,0.49264252,0.51226795,0.99981004,0.48730063,0.5076317,0.99930847,0.49342644,0.5593096,0.9996189,0.45082638,0.5149678,0.9976476,0.5472315,0.5309324,0.9854872,0.48143303,0.4536355,0.9412259,0.53460926,0.47001696,0.9404615,0.5311377,0.4504995,0.82922214,0.53031933,0.45235384,0.8853017,0.5448969,0.44872096,0.71012795,0.52988863,0.45574847,0.8759131,0.54558676,0.45112807,0.68673015,0.52911234,0.4608075,0.86249614,0.5418149,0.45424256,0.7120346,0.35768765,0.6660675,0.9998988,0.32924622,0.62097514,0.9992267,0.26597258,0.7528919,0.99024266,0.21067655,0.61059874,0.9659723,0.18496564,0.83332324,0.9793483,0.30840603,0.61892766,0.18014729,0.17184395,0.84125257,0.8902678,0.3340456,0.61785275,0.32175574,0.16467059,0.8586346,0.9568958,0.2941364,0.641449,0.24086994
43720_aug.jpg,0.2661844,0.3478778,0.9944517,0.26150686,0.3396869,0.9946261,0.26350716,0.3374185,0.99085766,0.26559034,0.3351337,0.99386495,0.25754613,0.34668714,0.9950342,0.256856,0.34897447,0.992163,0.25635707,0.35117403,0.9942469,0.27668518,0.33921757,0.9941539,0.2642967,0.36077666,0.99240375,0.28163874,0.35204405,0.9921963,0.27760568,0.36007756,0.9922603,0.33598304,0.36179703,0.97641695,0.29301924,0.40784973,0.9957747,0.25782678,0.29297543,0.9172821,0.20516029,0.3594334,0.9716096,0.17065689,0.2567637,0.87211543,0.15442592,0.28728527,0.92766976,0.1518212,0.24288678,0.80291927,0.14024428,0.268218,0.86422426,0.14839733,0.24782604,0.78682655,0.14021909,0.2683236,0.84411085,0.15397704,0.25382915,0.7967573,0.14690143,0.27356023,0.8430022,0.49726042,0.5082258,0.9973449,0.47879708,0.5282524,0.998645,0.6038548,0.4690383,0.67744917,0.6080954,0.61751235,0.9241016,0.58629096,0.582954,0.4141118,0.7359461,0.6964071,0.94552714,0.54362303,0.5861672,0.4697676,0.7475606,0.70790637,0.8561471,0.6128199,0.636251,0.44637257,0.7894273,0.7111141,0.89296424
43879_aug.jpg,0.23481405,0.6032653,0.98022455,0.21071753,0.59589034,0.97373295,0.21028593,0.5936533,0.9764623,0.2099731,0.591538,0.9798157,0.20933193,0.595919,0.97535783,0.20805404,0.59382606,0.9795203,0.20692414,0.5919069,0.9831255,0.21389675,0.564527,0.9635371,0.21037185,0.5677748,0.9840866,0.25502622,0.58908224,0.98320955,0.2532633,0.5899586,0.9731276,0.290429,0.5137734,0.9977977,0.29019016,0.51087666,0.99757487,0.3517708,0.6574003,0.94527507,0.34258252,0.64037615,0.34815827,0.39900452,0.80844676,0.96271694,0.38075247,0.77862525,0.5670043,0.37197837,0.83198154,0.958454,0.34921184,0.79346704,0.56277645,0.35734713,0.8255562,0.954041,0.34676403,0.7985682,0.56435037,0.3699246,0.81903946,0.92943716,0.35983613,0.7959835,0.5749616,0.54611415,0.35815266,0.9911787,0.5275716,0.3721072,0.9905984,0.6224121,0.5770576,0.9540916,0.6103118,0.58001214,0.2495141,0.769725,0.7470688,0.9639727,0.7461239,0.7353667,0.27211505,0.807739,0.77135515,0.9354154,0.7781442,0.75546813,0.36608997,0.76586264,0.83202356,0.93817866,0.75758076,0.8138801,0.36361536
44017_aug.jpg,0.6994966,0.29003415,0.9997447,0.7159366,0.27209985,0.99985623,0.7194474,0.2717634,0.99983513,0.7231121,0.27147418,0.9998511,0.7126931,0.27348682,0.99979275,0.7136799,0.27405137,0.99969983,0.7146878,0.2744118,0.99973005,0.74392116,0.28397614,0.9997968,0.73284626,0.28498375,0.9996803,0.7038978,0.30588266,0.99956626,0.69988203,0.30574158,0.99929,0.7727616,0.3510635,0.9996598,0.71421045,0.35591522,0.99930096,0.7416079,0.2211271,0.9648413,0.6562936,0.25018126,0.17244986,0.7294486,0.11331305,0.9308988,0.6731892,0.18815714,0.19079551,0.7385152,0.08406815,0.9006959,0.68670094,0.16902483,0.22869799,0.745357,0.081502646,0.89431477,0.68932986,0.16906756,0.22951742,0.7435558,0.0871149,0.8676451,0.682787,0.17133456,0.23102494,0.6416391,0.55470556,0.99982005,0.5996878,0.57310253,0.99993014,0.61680466,0.32558912,0.96988726,0.4073304,0.5300579,0.9818939,0.46987987,0.19682479,0.9865014,0.22356638,0.5449322,0.9897484,0.42873472,0.18777597,0.9719539,0.20065215,0.5593362,0.9828993,0.50281966,0.1169647,0.9819162,0.17941302,0.507227,0.9907562
44067.jpg,0.36891413,0.510123,0.9999976,0.36270216,0.5060726,0.999997,0.36223042,0.5031906,0.99999464,0.36172462,0.49990547,0.9999943,0.36526325,0.5122877,0.9999974,0.3666042,0.51393354,0.99999607,0.367952,0.5157782,0.9999963,0.3704176,0.48893514,0.99998724,0.37991184,0.5155188,0.999997,0.37840945,0.50147873,0.9999863,0.3823663,0.51093435,0.9999876,0.41055578,0.42858982,0.99962485,0.45091987,0.53558064,0.99995244,0.32404777,0.4184957,0.9902203,0.38948393,0.59833086,0.9937378,0.23190272,0.42705667,0.9821978,0.31340668,0.6515651,0.9893277,0.20677301,0.4298459,0.95649886,0.29819515,0.6676611,0.9712659,0.20722094,0.43618837,0.95378906,0.2924037,0.6645286,0.9678832,0.21648154,0.43725374,0.95309377,0.29598004,0.65784794,0.9682675,0.6134809,0.39514792,0.9999286,0.63238835,0.44987005,0.9999689,0.60677737,0.27777725,0.99266475,0.7466879,0.5377387,0.99818784,0.668553,0.19206515,0.9874299,0.7986048,0.6466912,0.98518467,0.6842584,0.18817112,0.96270984,0.80079615,0.6462572,0.9120148,0.660299,0.13905933,0.9558724,0.82049024,0.68252885,0.9412219
45267.jpg,0.599045,0.3061298,0.99990463,0.61301404,0.30199018,0.9998604,0.6165619,0.30589718,0.9998203,0.61980486,0.30972296,0.99984217,0.60270345,0.29211834,0.9998789,0.5987811,0.28882068,0.9998234,0.5945574,0.28576303,0.999828,0.61959434,0.31868067,0.99985886,0.5847578,0.28618503,0.99968946,0.59606,0.3227285,0.99966884,0.5829778,0.3109233,0.9997354,0.6006012,0.38782212,0.99733883,0.51884246,0.30809465,0.9989575,0.69322175,0.36732447,0.9926439,0.55047613,0.22423002,0.9877301,0.7804452,0.31458467,0.9823829,0.59995836,0.13584685,0.98157173,0.8105099,0.30363524,0.9534917,0.6130083,0.11321163,0.95520514,0.8111427,0.29732606,0.9514234,0.6207864,0.112086326,0.9517776,0.79813766,0.3001008,0.95489496,0.6174363,0.121379524,0.9520035,0.46893355,0.4981386,0.999561,0.4087953,0.46474513,0.9998405,0.52605546,0.65999377,0.9222144,0.33463597,0.5845794,0.9633659,0.43395245,0.5392832,0.52445805,0.2615341,0.68503606,0.9647933,0.4223215,0.5173664,0.6833725,0.25508374,0.7023923,0.9183695,0.37770587,0.556015,0.5173078,0.23473999,0.7082695,0.92976713
46249.jpg,0.42721975,0.70749736,0.9989385,0.4178926,0.7179657,0.9990903,0.4136309,0.7175876,0.9987984,0.40869924,0.7167296,0.9992644,0.43179443,0.7202586,0.99843127,0.43571508,0.7209476,0.9971738,0.43927982,0.721285,0.99813193,0.40390995,0.7075939,0.99878544,0.44509885,0.71426296,0.9983949,0.42138967,0.6913278,0.99833566,0.43698558,0.69566095,0.99659216,0.3950585,0.6415429,0.9968845,0.47466016,0.6573002,0.9807264,0.36230338,0.75234675,0.97600377,0.45115095,0.7697613,0.87096065,0.3700096,0.86156905,0.899723,0.39561015,0.8596157,0.7765034,0.36874485,0.88961387,0.8158498,0.37977803,0.8847474,0.67029333,0.36916143,0.89135355,0.79830045,0.37947026,0.88552815,0.6417856,0.3708092,0.8834095,0.795553,0.38392386,0.8762932,0.6629451,0.49584594,0.42570105,0.999424,0.5431523,0.44797048,0.9971789,0.5710974,0.26240027,0.96446466,0.6666279,0.3996026,0.94742984,0.6337358,0.11506897,0.99190485,0.5559713,0.37124205,0.636601,0.64169955,0.104245275,0.94187087,0.5366492,0.37757942,0.6677582,0.6526324,0.06067905,0.9806779,0.5599083,0.29846826,0.64794147
46396_aug.jpg,0.54568803,0.27867752,0.998798,0.55005544,0.2772408,0.99833655,0.553823,0.27838752,0.99788696,0.5577221,0.27938265,0.9988165,0.5402227,0.27670902,0.9976538,0.5374364,0.2776605,0.9967104,0.5347267,0.27833414,0.9982168,0.562061,0.29129225,0.9983157,0.5308283,0.28969318,0.9984409,0.55261374,0.28901497,0.998055,0.5421686,0.28790253,0.9970432,0.5817115,0.34938198,0.99690455,0.49649954,0.32787704,0.99133074,0.6265198,0.28969765,0.99174666,0.48788178,0.25485837,0.98554265,0.57958096,0.22761327,0.92433816,0.554559,0.22154641,0.8971786,0.57808053,0.21102694,0.8088594,0.5712308,0.20864624,0.733555,0.5743046,0.21134365,0.78334314,0.56979805,0.21040538,0.6950173,0.5730504,0.2204183,0.768772,0.56418306,0.21747848,0.68920565,0.5197269,0.49940875,0.99822503,0.46592528,0.47765014,0.9971142,0.47637743,0.6053434,0.9786295,0.3540525,0.512346,0.9915559,0.43481594,0.69532865,0.9871043,0.4427466,0.59125257,0.9294485,0.42952353,0.7045858,0.85288125,0.45879683,0.5914265,0.82558113,0.41639626,0.7233565,0.9724717,0.44872886,0.648452,0.9150259
46418_aug.jpg,0.5987858,0.3588717,0.98543775,0.60962725,0.3534166,0.9873927,0.61257523,0.35548586,0.9826021,0.6155961,0.3576374,0.9876593,0.6032922,0.34848696,0.9838097,0.6018436,0.34699595,0.97773516,0.60038537,0.34555593,0.9848719,0.62005234,0.36656258,0.9769034,0.59818244,0.3513446,0.98635185,0.59954274,0.37306908,0.9663817,0.59124786,0.36619145,0.9496603,0.6237268,0.42977038,0.95797217,0.53667,0.3705789,0.973855,0.6789508,0.35584876,0.97734,0.58365107,0.29932934,0.97626114,0.6908051,0.26790157,0.89945155,0.66358155,0.25081158,0.92169034,0.6933723,0.24973708,0.78755164,0.67981625,0.24202031,0.81946665,0.6901422,0.24970871,0.7614953,0.6803355,0.24209833,0.7966683,0.68728447,0.25582474,0.7746807,0.67510444,0.2470541,0.8149948,0.48741674,0.5610497,0.9970591,0.44400874,0.50450116,0.99616027,0.4093095,0.6510839,0.93256533,0.32001647,0.4713555,0.9565258,0.331811,0.73817253,0.92083085,0.36357158,0.49467316,0.55730015,0.31746328,0.74165785,0.7510758,0.36954725,0.53182095,0.57249284,0.33608073,0.77448404,0.8226092,0.33258486,0.5026728,0.47932503
46482_aug.jpg,0.744084,0.37447697,0.99902153,0.75236183,0.38010854,0.9992168,0.75257576,0.38212764,0.9993074,0.7528484,0.38428408,0.9992638,0.7519616,0.3794294,0.99899834,0.7518,0.38087934,0.9988882,0.75164765,0.38252062,0.99890816,0.74651486,0.40339422,0.9992637,0.7454133,0.4031535,0.9987595,0.73657036,0.38324526,0.99781334,0.7354246,0.38235563,0.9976228,0.7108918,0.43074864,0.99916804,0.70649594,0.4403194,0.9889664,0.7769622,0.34764928,0.9983858,0.7709609,0.35925388,0.26037392,0.8448379,0.26754668,0.986942,0.8240466,0.2905512,0.4196262,0.8628186,0.25728208,0.9730266,0.83999187,0.2819402,0.5112237,0.86583304,0.26362544,0.9669135,0.84605265,0.28024718,0.506293,0.8607375,0.26536644,0.95693487,0.8421505,0.2813122,0.5303816,0.57403785,0.6101807,0.99845874,0.57711536,0.61160624,0.9955818,0.46570355,0.7358895,0.98920715,0.46921048,0.72512895,0.37339914,0.37554702,0.8592651,0.98073065,0.38026625,0.8508086,0.47700468,0.3721951,0.87729055,0.9851023,0.37774098,0.8685322,0.6329635,0.31132007,0.9068966,0.97598857,0.31600732,0.9013741,0.6098817
46577.jpg,0.272631,0.23558572,0.99974626,0.26843375,0.21769065,0.99972636,0.2720458,0.21428382,0.9997167,0.27588436,0.2111279,0.9997135,0.25585473,0.22850904,0.9996025,0.25172752,0.23214644,0.99951863,0.24740502,0.23628294,0.9995751,0.28526375,0.21338928,0.99926025,0.24914214,0.24582332,0.99936515,0.2939577,0.24418953,0.9997813,0.27828497,0.25733936,0.99955827,0.39111036,0.27696395,0.9989988,0.29930097,0.34792382,0.9958319,0.48530504,0.3565374,0.94036734,0.36192834,0.45797938,0.84587383,0.38303035,0.33912015,0.93294203,0.36179298,0.35900897,0.8116373,0.35719946,0.31817865,0.891579,0.34665364,0.33189836,0.71523094,0.3530973,0.31176475,0.88341486,0.33949772,0.32916874,0.6919299,0.35858268,0.3182183,0.8360208,0.34540433,0.336828,0.63978606,0.52938765,0.49136135,0.99924624,0.4761245,0.5301056,0.9954136,0.64296913,0.6527442,0.97686917,0.50483716,0.6905703,0.9563863,0.7477317,0.8030442,0.9853946,0.5329469,0.56635636,0.20878997,0.757439,0.8213004,0.87540066,0.5329019,0.54403234,0.33355787,0.7849667,0.84746313,0.97938764,0.5752994,0.58654255,0.31133714
471.jpg,0.27369076,0.6705192,0.99995923,0.2611391,0.67823684,0.9998559,0.2590775,0.67656136,0.99984527,0.25717404,0.67477167,0.9998549,0.26715955,0.6845983,0.9999026,0.26934865,0.6873999,0.9999027,0.2717625,0.69037217,0.99991834,0.26150453,0.6714139,0.99968517,0.28126985,0.6944164,0.9999198,0.2808187,0.65894,0.9997433,0.288816,0.6677913,0.9998692,0.28868437,0.6101333,0.9995425,0.35133517,0.6608965,0.99966705,0.20442611,0.6281481,0.9899671,0.41027266,0.70380235,0.95706,0.11445752,0.67318463,0.9932915,0.46337384,0.7476088,0.9121452,0.09077293,0.6885288,0.9829894,0.47011486,0.76518524,0.8720315,0.09055653,0.6940864,0.98199964,0.47065827,0.7670196,0.88596684,0.10025701,0.689917,0.98298866,0.47024316,0.75827533,0.8993585,0.4520345,0.49307227,0.99936444,0.47863233,0.5295596,0.9995648,0.57057714,0.39843,0.98010385,0.5133831,0.5195325,0.98927116,0.6952176,0.29067594,0.98423874,0.5927546,0.4232201,0.96931463,0.70588994,0.2833572,0.92479867,0.6040594,0.4177451,0.9222709,0.7204493,0.26761645,0.97698635,0.64845395,0.37673622,0.9690814
48480.jpg,0.70357287,0.4201718,0.99679846,0.7190064,0.42159355,0.9972036,0.721382,0.42518243,0.99644166,0.72378457,0.42933822,0.99777704,0.71194446,0.4093206,0.99555886,0.7101396,0.40593338,0.9923779,0.7082135,0.40268105,0.9947701,0.7208996,0.4406082,0.99600095,0.6995665,0.4032867,0.9948207,0.6947452,0.4349745,0.9954293,0.68871915,0.41973427,0.9917521,0.67939645,0.49016035,0.99520516,0.63930905,0.41404298,0.97701764,0.7870139,0.44551542,0.9741374,0.7467588,0.36393028,0.81469905,0.86632884,0.36902907,0.8945924,0.8514206,0.34834492,0.7735509,0.88948524,0.35249135,0.81645215,0.88117564,0.34405977,0.6869206,0.8899929,0.35021433,0.7953429,0.88096964,0.3443234,0.6615657,0.8819202,0.35449705,0.7931294,0.87095946,0.3468036,0.6854512,0.44277513,0.5459779,0.9988701,0.43018463,0.49257416,0.9962692,0.2669055,0.5925287,0.96597475,0.32055324,0.43212715,0.94333965,0.11698675,0.6309116,0.9908228,0.35751316,0.5375392,0.7519129,0.09939629,0.6367083,0.92720705,0.3729424,0.5464677,0.7584861,0.06834486,0.6421845,0.978437,0.29994613,0.5821067,0.75977486
48840_aug.jpg,0.41485476,0.6652312,0.9998418,0.4106843,0.68123627,0.9999274,0.40750116,0.67917895,0.99992895,0.40443832,0.6769632,0.9999176,0.42502552,0.68653387,0.999907,0.43312693,0.6886296,0.99990594,0.44235334,0.6911187,0.9999156,0.41947937,0.6685691,0.99987495,0.47385222,0.6890905,0.9999485,0.41851056,0.6420847,0.9997155,0.43820137,0.64866024,0.99982136,0.43617415,0.5769743,0.9982784,0.56122756,0.62151617,0.9995024,0.39089108,0.7228046,0.8590491,0.5280259,0.7542045,0.98893934,0.4238109,0.86906356,0.86255074,0.4546216,0.8775128,0.92226595,0.42377427,0.90693575,0.8177579,0.43559092,0.9120935,0.8532679,0.4225074,0.9120325,0.8157926,0.4337594,0.9134437,0.83964914,0.42361236,0.90183353,0.8019504,0.4372543,0.9038917,0.8423838,0.53799427,0.3546716,0.994412,0.6290047,0.35821858,0.99820554,0.41778144,0.2731413,0.6890936,0.5050565,0.34096754,0.99399525,0.36213064,0.0857507,0.81138897,0.30195,0.2698514,0.9814146,0.37061876,0.04366824,0.85175157,0.28920248,0.24525377,0.9713426,0.24477431,0.12223312,0.8081768,0.21205604,0.3037136,0.9689473
49759.jpg,0.6246656,0.27591437,0.9978515,0.642451,0.2656712,0.99877733,0.64966756,0.26994783,0.99847203,0.6548844,0.27315488,0.99900454,0.6206515,0.2547485,0.99749964,0.61330676,0.25194433,0.99637884,0.60596836,0.24933648,0.9977556,0.66048706,0.2904351,0.9977431,0.5935968,0.25720924,0.9980708,0.6270862,0.3045143,0.99683905,0.5998107,0.2922209,0.99116254,0.6655851,0.388206,0.98390305,0.5175752,0.32353202,0.9483142,0.730373,0.25501403,0.9783142,0.57942265,0.19268414,0.9539644,0.745502,0.10518098,0.9180288,0.67898214,0.08021921,0.8848227,0.7528825,0.06377751,0.8469183,0.7077319,0.05385804,0.79450446,0.75017476,0.05604583,0.8253345,0.7088851,0.050109744,0.7696076,0.74271876,0.0687598,0.84128815,0.7015805,0.061439216,0.8015862,0.5086943,0.6221909,0.9950878,0.4164447,0.5617362,0.9841537,0.3983485,0.7713721,0.7909151,0.19113085,0.61092466,0.87332827,0.28038263,0.9294585,0.8893567,0.40525562,0.65563405,0.20485215,0.24767339,0.9488654,0.5943318,0.44147366,0.64731014,0.25520253,0.27422893,0.96096075,0.7752366,0.42652228,0.7321856,0.16750248
49822_aug.jpg,0.33030552,0.1759809,0.9995301,0.32621717,0.15910897,0.9991417,0.32985696,0.15610787,0.99891996,0.3328073,0.15379903,0.99893886,0.31392002,0.16836065,0.999343,0.30863088,0.17201576,0.9991441,0.30408207,0.1751897,0.9992292,0.33912784,0.15459105,0.9986249,0.30204257,0.18327038,0.99852836,0.3479675,0.18237233,0.999629,0.33220088,0.19378349,0.99980384,0.4222511,0.21342625,0.99872965,0.34399682,0.27818233,0.9996221,0.5207644,0.2822913,0.91651773,0.39377815,0.39871675,0.8417921,0.4372543,0.29804218,0.84051704,0.4364853,0.31315997,0.7754233,0.41058674,0.2800155,0.72093105,0.42688084,0.28146282,0.68031883,0.4088003,0.2753919,0.69893354,0.41726738,0.2790581,0.6528232,0.41430783,0.27800316,0.6428179,0.42063785,0.28738508,0.58174336,0.5557048,0.41462877,0.9981231,0.5127692,0.45440614,0.9992329,0.71983695,0.4712553,0.8444578,0.65343386,0.60217535,0.95213974,0.6198102,0.51201576,0.29790387,0.7716141,0.72073185,0.9602173,0.592275,0.5062022,0.3776939,0.78905356,0.7390623,0.86705875,0.64519244,0.5738749,0.40826094,0.8155469,0.76985306,0.93442905
50183_aug.jpg,0.3903667,0.6988456,0.99988425,0.3802709,0.7006798,0.9998252,0.37665674,0.69766855,0.9996947,0.3734243,0.69477636,0.99980706,0.3921948,0.70766485,0.9998387,0.39632314,0.7092472,0.9997243,0.40016952,0.7105681,0.99983084,0.37383872,0.67925113,0.9999393,0.41002607,0.69959056,0.99991024,0.38842183,0.68207693,0.9998721,0.40382197,0.6902313,0.9999269,0.38329655,0.6060785,0.9977882,0.47280008,0.6567435,0.9996551,0.29832065,0.6785277,0.9964784,0.44094223,0.7556418,0.9947095,0.33666575,0.74984336,0.8653628,0.36263222,0.76155573,0.8150083,0.33792585,0.76539135,0.61718696,0.3415972,0.7680093,0.54757035,0.34214967,0.76551497,0.5751786,0.3438954,0.76440775,0.5144659,0.34398896,0.75816333,0.60530096,0.3520838,0.75746787,0.5558558,0.49374786,0.43007934,0.9992155,0.5636457,0.4510826,0.99983406,0.40497595,0.27764276,0.9899262,0.6482815,0.2899313,0.9942397,0.5255197,0.35106942,0.76501817,0.7089385,0.12428042,0.9949529,0.5350006,0.3756843,0.7090783,0.71165776,0.09877747,0.96728724,0.58968574,0.3329553,0.7209469,0.75153583,0.1029751,0.9852491
50554.jpg,0.24344695,0.60331404,0.9998229,0.22485995,0.59996617,0.9997106,0.22244048,0.59325963,0.9995722,0.22033197,0.58709,0.99974495,0.23276156,0.61907613,0.9997173,0.23581788,0.625489,0.9996113,0.23874268,0.6316215,0.99981886,0.22134939,0.57392347,0.99929464,0.24821359,0.6369241,0.9998677,0.25278232,0.58250034,0.9997155,0.26420242,0.6062014,0.9997781,0.27567762,0.4934126,0.9989285,0.3361624,0.65463865,0.9980557,0.16285911,0.42274892,0.9971963,0.30376765,0.7753215,0.99872774,0.14574727,0.57274103,0.9695851,0.18451214,0.6795203,0.96062666,0.13314718,0.6175918,0.8588723,0.14475551,0.65457237,0.80507255,0.13995382,0.62059593,0.8308567,0.14930278,0.64963907,0.76280683,0.1530467,0.6079669,0.81357384,0.16751051,0.6506736,0.75716007,0.5449829,0.4463374,0.9975333,0.5666858,0.550627,0.997343,0.72178817,0.39734888,0.97870797,0.7120621,0.6161674,0.979301,0.84315276,0.3645649,0.9753959,0.6807344,0.48522872,0.59485835,0.8699995,0.3667637,0.7765418,0.66431904,0.47115946,0.4553804,0.9367236,0.33437234,0.9500238,0.74569523,0.42589283,0.60438716
50854.jpg,0.2736438,0.2308994,0.9999654,0.27305213,0.20947084,0.9999782,0.27940494,0.2048038,0.9999757,0.28497022,0.20015183,0.99997735,0.2536514,0.22515437,0.99996424,0.24587835,0.23124638,0.999961,0.23937663,0.23695913,0.99997437,0.29921925,0.1985836,0.9999802,0.23219292,0.25281012,0.9999784,0.2966504,0.23913553,0.9999906,0.27279195,0.256343,0.9999684,0.4238436,0.25270817,0.9999677,0.2172887,0.37107095,0.99978095,0.52842796,0.3723598,0.98364556,0.24531423,0.54384893,0.98487294,0.36838508,0.37202322,0.94500667,0.31547368,0.39600265,0.9718189,0.33542633,0.36420518,0.8625107,0.31986475,0.36086443,0.9316348,0.32518768,0.35263723,0.8403998,0.31047073,0.34892875,0.90986776,0.33630484,0.3567413,0.80888236,0.3129176,0.35990942,0.87058175,0.48536667,0.52848864,0.9999324,0.35182357,0.58336437,0.9995721,0.5421704,0.6940891,0.9904784,0.19202264,0.82783246,0.98586166,0.6052567,0.8629306,0.96145695,0.4095798,0.6656663,0.5060539,0.61347944,0.90155995,0.7435547,0.42786792,0.6222721,0.40919468,0.6369323,0.95381683,0.92518896,0.48291034,0.726722,0.43982178
51284.jpg,0.23209773,0.42747027,0.9994294,0.22762936,0.4135086,0.9993261,0.23104629,0.40954426,0.99925286,0.23429853,0.40613127,0.9994838,0.21950735,0.42560053,0.9989385,0.21696141,0.430088,0.9983234,0.21475574,0.43411928,0.9987463,0.24789517,0.409761,0.9989918,0.22036442,0.4452222,0.9987399,0.2509673,0.43019053,0.9991535,0.23985471,0.44443196,0.99841404,0.330383,0.43560272,0.9990324,0.26598042,0.51401615,0.9897159,0.25646222,0.34871608,0.9882322,0.15783471,0.4583382,0.9504572,0.17350432,0.259798,0.9671027,0.054024816,0.37880123,0.95118004,0.15400296,0.23906678,0.9390952,0.028348893,0.36598298,0.9022796,0.14844152,0.24119446,0.9335994,0.032693565,0.35551733,0.89483964,0.15129659,0.24920836,0.935693,0.044210702,0.35671574,0.90960467,0.5017837,0.62634546,0.9993767,0.45489347,0.6730862,0.9964294,0.635071,0.74965703,0.958319,0.46367306,0.8147354,0.90756196,0.7681516,0.8882901,0.98893917,0.5377697,0.7156264,0.5935549,0.78596425,0.9098406,0.89575535,0.5437325,0.69664156,0.679242,0.7998198,0.93926233,0.9732387,0.60689557,0.73775095,0.63414854
516.jpg,0.60049164,0.30875587,0.9938101,0.61270773,0.30281875,0.9930265,0.6164388,0.30614522,0.9887404,0.61999685,0.30944562,0.99259186,0.6000488,0.29264975,0.9948572,0.5946182,0.28875366,0.9921693,0.5893519,0.285308,0.99447507,0.61897665,0.3183419,0.99227315,0.57478786,0.28666914,0.99368227,0.59847695,0.3280077,0.9878033,0.5823938,0.31481442,0.9931277,0.6060951,0.39890102,0.9770234,0.49913704,0.30799228,0.99802125,0.67778456,0.30450553,0.96902174,0.5777004,0.21974665,0.9868176,0.70849043,0.1930311,0.8900064,0.6811638,0.17085043,0.9535958,0.7194015,0.16582504,0.7939464,0.70898044,0.15463647,0.8767747,0.71667266,0.16556323,0.7659544,0.7082918,0.15659389,0.8550279,0.7106343,0.17486703,0.7866683,0.70066464,0.1639046,0.85018593,0.46158525,0.5550426,0.996223,0.38113964,0.51753503,0.9988782,0.5698778,0.72886485,0.7772871,0.296796,0.6538876,0.9270739,0.4276555,0.60140187,0.18631183,0.23178312,0.8029548,0.8979957,0.4124108,0.569293,0.25824887,0.23342952,0.8285556,0.7830767,0.3574417,0.6073295,0.1810053,0.20649853,0.8360096,0.80544806
52287.jpg,0.7395643,0.32318306,0.9995571,0.76195216,0.32586074,0.9994997,0.76567495,0.33264464,0.9991874,0.76883674,0.3385041,0.9994584,0.7494434,0.30359226,0.99960643,0.74494493,0.29557115,0.99930036,0.7411368,0.28780788,0.9995167,0.76708865,0.3506598,0.9995548,0.7324432,0.28382668,0.9994562,0.7281488,0.34312952,0.99920315,0.71446306,0.31775212,0.99958605,0.7265802,0.4298082,0.9959086,0.6372993,0.27324408,0.9987349,0.85503757,0.43260968,0.9937749,0.7147751,0.17093453,0.9962632,0.87725985,0.2748756,0.9695711,0.8557874,0.23547435,0.96255267,0.9028964,0.24053687,0.9017737,0.89682996,0.23294279,0.87591386,0.8970391,0.23648185,0.8772358,0.88927877,0.23590454,0.8490941,0.8808181,0.24709389,0.8794283,0.8714027,0.24152446,0.85195404,0.4767688,0.53533757,0.99521023,0.40408695,0.44519538,0.99793446,0.4699111,0.7600014,0.89454013,0.23655917,0.57105625,0.928903,0.37414977,0.55202687,0.3885348,0.093149394,0.69429445,0.8823564,0.3725283,0.5181805,0.48828572,0.073625326,0.7138789,0.75455695,0.28225908,0.54870814,0.38355568,0.041811973,0.72559345,0.76785904
52515.jpg,0.5856756,0.7102791,0.9984977,0.5852273,0.73071134,0.9984041,0.57936597,0.7341421,0.9975453,0.574217,0.7369677,0.99859565,0.6054497,0.71886516,0.99828124,0.6128439,0.71423686,0.99742573,0.61963487,0.70978934,0.9986467,0.5647271,0.7373662,0.9976761,0.62584734,0.7033307,0.99918693,0.56600726,0.70056057,0.9967235,0.5895591,0.6867316,0.99672544,0.4875856,0.6975336,0.9925741,0.6288605,0.61753684,0.992349,0.49127796,0.8423121,0.9919531,0.72426367,0.6898478,0.98990214,0.6346833,0.8541405,0.900999,0.6825278,0.8371713,0.90015525,0.6655377,0.8748369,0.7011331,0.6792947,0.8792091,0.71463823,0.6696562,0.8742703,0.65221107,0.67789376,0.8752799,0.66683453,0.6614016,0.8626504,0.6552788,0.6753273,0.85920346,0.6732537,0.40163192,0.44224104,0.99126035,0.50549394,0.41446888,0.9903319,0.3017785,0.2330548,0.7042551,0.6444136,0.29631576,0.85394245,0.25989646,0.14555395,0.5021449,0.4472304,0.32083255,0.30170757,0.25669903,0.13582176,0.34440443,0.4127139,0.35141963,0.37484586,0.24527429,0.11471805,0.377182,0.3668459,0.31615877,0.26180854
52545.jpg,0.68486476,0.6895347,0.99823356,0.68384266,0.70048714,0.9987562,0.6822237,0.7014494,0.9986731,0.6806496,0.7024531,0.9987865,0.68418634,0.7002544,0.9980475,0.68285686,0.70092994,0.99747026,0.6814975,0.70171076,0.9978637,0.6633548,0.70463496,0.99856144,0.66416436,0.7041935,0.9976673,0.6735727,0.6839481,0.99634176,0.6737263,0.68323725,0.99580693,0.6244989,0.6786835,0.99875176,0.6151063,0.6796876,0.9875536,0.71736336,0.71182567,0.9970535,0.709161,0.7113792,0.24135281,0.81674224,0.7544811,0.9796913,0.79672444,0.7441639,0.41856417,0.82857966,0.76558083,0.96106225,0.8131858,0.7565685,0.50170875,0.8268709,0.77019614,0.9544002,0.81432724,0.7613976,0.4973538,0.8242661,0.76744473,0.94364494,0.8116869,0.7590676,0.5239273,0.41695914,0.6020956,0.9987153,0.41760066,0.6002606,0.9962257,0.25584638,0.5421103,0.9709905,0.26946324,0.54063725,0.3072185,0.116816044,0.4911433,0.9615312,0.13295704,0.49627146,0.41734758,0.09987536,0.4954769,0.97515804,0.116568536,0.4991768,0.5800198,0.051308274,0.4442991,0.9536405,0.075265735,0.456573,0.5565549
52607_aug.jpg,0.7028838,0.5124848,0.9986443,0.70570725,0.5107652,0.99915934,0.7054101,0.5106327,0.9990283,0.70512617,0.5105406,0.99930346,0.70370704,0.511571,0.9979679,0.70198774,0.5114472,0.9973507,0.69998616,0.5114031,0.9983972,0.6943636,0.51001215,0.99921,0.68802845,0.5184775,0.9985905,0.690848,0.5150227,0.99894494,0.6880089,0.5134498,0.9965928,0.641834,0.54522735,0.9969505,0.63702637,0.49528047,0.985523,0.79335463,0.51765126,0.97855705,0.7572175,0.48032102,0.91961545,0.87077713,0.51646924,0.9040224,0.8644099,0.50631106,0.8758024,0.8977021,0.5157911,0.84352547,0.8881148,0.5123894,0.81188244,0.8978379,0.5156719,0.8320227,0.8912456,0.51039714,0.7977218,0.8884174,0.51644963,0.82660055,0.8832753,0.50942725,0.7897359,0.39579356,0.5385084,0.9985133,0.4068143,0.47623807,0.99428314,0.27924663,0.5138844,0.98362386,0.34045142,0.2601198,0.9467817,0.11991763,0.48465195,0.98557717,0.36691678,0.4402017,0.70273566,0.09677005,0.4744634,0.9188508,0.3945316,0.46351618,0.73747385,0.07848555,0.47967085,0.9740278,0.32042244,0.48638737,0.69909155
52960.jpg,0.6801573,0.83024895,0.999979,0.68147653,0.8493476,0.99998593,0.676983,0.85257465,0.99998665,0.6726241,0.8552763,0.9999889,0.69416153,0.84016585,0.99997497,0.6985084,0.83722085,0.9999641,0.7020986,0.8347795,0.9999629,0.66052437,0.85247475,0.9999831,0.6990925,0.8275002,0.9999639,0.6623121,0.8222803,0.99998415,0.6784341,0.8123251,0.9999474,0.5708212,0.7850063,0.99984574,0.6611569,0.72721463,0.99732745,0.49569967,0.6803457,0.93902487,0.599795,0.61041963,0.4067184,0.5908982,0.71896946,0.9226884,0.6045508,0.6903335,0.42342865,0.60908395,0.7442068,0.8840689,0.6135123,0.72176266,0.41911036,0.610988,0.75288624,0.8811194,0.62172365,0.73023784,0.3941234,0.6066524,0.7467726,0.8285712,0.6180585,0.7232016,0.34935692,0.4701897,0.55574983,0.9994885,0.51411754,0.53343946,0.9968106,0.37352744,0.39248282,0.9703912,0.538624,0.38605484,0.9574792,0.27388683,0.2250593,0.98885834,0.44805378,0.46766034,0.47097465,0.2663933,0.21115822,0.90681285,0.44783357,0.48942006,0.56100893,0.24992687,0.18092868,0.98389846,0.39484638,0.41745377,0.55958766
53135_aug.jpg,0.33650595,0.6888178,0.9999417,0.32975054,0.68246335,0.9998889,0.3291574,0.6779065,0.9998822,0.32851973,0.6728201,0.99990463,0.33298796,0.6934812,0.999877,0.3345647,0.6967483,0.9998659,0.33613762,0.6998875,0.99991345,0.336048,0.6614184,0.99977666,0.34676415,0.699141,0.9998511,0.3479503,0.6764972,0.999548,0.351443,0.6941306,0.99937075,0.38774595,0.6122047,0.9966271,0.40709433,0.712582,0.99519426,0.29472217,0.5747382,0.9915241,0.36152977,0.79324937,0.9929223,0.20863473,0.54254484,0.96154237,0.29619795,0.8692216,0.9790729,0.18442664,0.5319552,0.8958836,0.28464586,0.89440274,0.93659496,0.18305486,0.5304254,0.8995129,0.2791157,0.8941877,0.94169706,0.1929689,0.5345671,0.92057765,0.282377,0.88505685,0.9502786,0.54490554,0.6002693,0.99369675,0.5506715,0.668934,0.9866535,0.6485918,0.6057892,0.93976086,0.6341061,0.7949817,0.9394182,0.78013396,0.59523183,0.96666247,0.59197974,0.6508323,0.66087794,0.7959045,0.59866625,0.82660514,0.58349156,0.6384911,0.69366217,0.8158476,0.59254783,0.954889,0.62977135,0.615047,0.70362943
53513_aug.jpg,0.35458803,0.48748046,0.99801683,0.34601405,0.47874013,0.99847454,0.3474084,0.47467697,0.99796236,0.34892076,0.47072896,0.99869114,0.34360874,0.49109462,0.99747473,0.34317088,0.49517938,0.9962883,0.34277505,0.4989966,0.99793017,0.35995555,0.467656,0.997439,0.35053456,0.50365645,0.9978436,0.37266552,0.48314777,0.9952063,0.3681899,0.4986132,0.98973876,0.43529248,0.44354546,0.97548103,0.3991304,0.55981237,0.96988916,0.33505833,0.42282116,0.95601195,0.30229175,0.5217978,0.9584755,0.23136976,0.42729092,0.85136324,0.22481218,0.45768243,0.9192533,0.20636207,0.42687035,0.7649793,0.2048778,0.44109243,0.84374684,0.20491654,0.4284118,0.7451624,0.20402789,0.44165224,0.8251122,0.21207401,0.42969686,0.73352224,0.21161559,0.445979,0.82393044,0.6131578,0.5613307,0.9977749,0.57820964,0.62100124,0.9921976,0.7361026,0.62557423,0.9247739,0.5654996,0.8051543,0.9302908,0.8641096,0.7127536,0.97252715,0.6355974,0.6496082,0.5411174,0.8793417,0.73436725,0.89442307,0.6282517,0.62591267,0.6381334,0.9093763,0.7030299,0.9513671,0.68896145,0.6414465,0.5212159
54279.jpg,0.49795,0.1394001,0.9999105,0.50998837,0.12166378,0.9998547,0.51947856,0.120726615,0.9998286,0.5279593,0.12023771,0.9998265,0.48460844,0.1264528,0.9999168,0.47742045,0.12846118,0.9998907,0.47118837,0.13032371,0.9998864,0.54713225,0.12886536,0.99987423,0.4680724,0.1449931,0.9998815,0.52345127,0.15783176,0.9999485,0.48834786,0.1621638,0.99996865,0.64205265,0.23000106,0.9996159,0.43269622,0.27113947,0.9998789,0.70045555,0.3597294,0.99543047,0.3396658,0.3930118,0.9881715,0.5564762,0.3607673,0.96892345,0.4590885,0.371465,0.9622306,0.5159571,0.3413775,0.9128113,0.47542596,0.34450984,0.90418357,0.51105165,0.33301032,0.8981491,0.48215997,0.33549708,0.88137877,0.5214518,0.33941084,0.8553233,0.48192313,0.34299308,0.8355716,0.63545823,0.4921402,0.9993593,0.51033324,0.53047115,0.9997782,0.84645116,0.5982321,0.98919886,0.5857603,0.71129215,0.98284113,0.6225078,0.5753917,0.86835843,0.66576135,0.8992521,0.98573536,0.58913994,0.5632623,0.8556246,0.6899544,0.9253515,0.95858794,0.58476704,0.6570206,0.81984675,0.612506,0.95888627,0.96616834
54509.jpg,0.3841456,0.69164205,0.9997609,0.3728486,0.69223344,0.99968886,0.36920837,0.68858695,0.9994398,0.36578614,0.68523884,0.9996557,0.3829199,0.7001263,0.9997383,0.38608256,0.7017084,0.9995504,0.38891524,0.7032003,0.9997383,0.36567688,0.668991,0.9998461,0.39600697,0.69231796,0.9997793,0.3835232,0.67459404,0.99968636,0.3967111,0.6829613,0.99983525,0.3796999,0.5984901,0.9967579,0.4615917,0.6546963,0.99969137,0.29740494,0.67119133,0.99400675,0.4279766,0.75314975,0.9920997,0.32002866,0.7476009,0.91973555,0.3430983,0.755072,0.8746324,0.319032,0.7664868,0.78704345,0.3208874,0.7635145,0.6923049,0.32387745,0.76445556,0.75449985,0.32520536,0.75980157,0.6639515,0.32635862,0.75697815,0.77418983,0.33409175,0.7529043,0.68855834,0.49872375,0.431028,0.99951696,0.5676348,0.45544297,0.9998952,0.4170498,0.27694914,0.9849427,0.6637947,0.29803655,0.9913747,0.5440296,0.36347592,0.67060894,0.72798914,0.13998714,0.99232095,0.55478626,0.38591504,0.6053167,0.72933173,0.11479285,0.95382893,0.6082835,0.34414583,0.6564408,0.7787956,0.09404391,0.9809747
54785.jpg,0.25812697,0.2901379,0.99986374,0.2513719,0.26885378,0.9997186,0.2555247,0.26394862,0.9996113,0.25996637,0.25914848,0.9996308,0.23832694,0.28452578,0.999884,0.2332646,0.29044145,0.9998387,0.2289107,0.2958114,0.9998543,0.27299672,0.25806123,0.99966884,0.22618355,0.3110817,0.9998733,0.2804737,0.29392654,0.9999008,0.26547855,0.31300288,0.99996567,0.39962453,0.28254935,0.999215,0.25516796,0.4361402,0.9998259,0.5252274,0.2922526,0.99311864,0.25715113,0.58802927,0.9869871,0.41017887,0.4033596,0.95051205,0.3567244,0.46486345,0.9348327,0.37338588,0.39829028,0.8659168,0.35305974,0.42172652,0.83543974,0.3698439,0.39707485,0.8416029,0.35032284,0.41509694,0.80043143,0.380998,0.40257582,0.76697266,0.35645607,0.42626446,0.72701234,0.54318833,0.47112852,0.9971047,0.47086623,0.56872106,0.99929273,0.7699977,0.38020593,0.9897098,0.61689514,0.685278,0.9857159,0.5803265,0.5427707,0.8475918,0.77007776,0.7528882,0.98301953,0.5536771,0.5570512,0.7368137,0.7985489,0.75783294,0.9293802,0.6082057,0.6379158,0.7919578,0.79295385,0.8037094,0.9618343
54810.jpg,0.22970563,0.6919905,0.99948287,0.2170431,0.69331676,0.99932396,0.21493432,0.6904444,0.99911314,0.21299168,0.68768084,0.9992235,0.2242371,0.70365363,0.9994523,0.22692038,0.70783055,0.99923694,0.22963707,0.71179336,0.99934155,0.2158839,0.6809302,0.99910814,0.23806337,0.7141849,0.9988035,0.23657499,0.6786128,0.9996432,0.24499606,0.6920759,0.99980444,0.2773975,0.6029324,0.9976363,0.33211985,0.6823895,0.99946946,0.3671023,0.53476244,0.81826544,0.43856347,0.63538367,0.86685985,0.3555536,0.5893742,0.7745293,0.37260938,0.61454904,0.8626393,0.34700516,0.6100749,0.68159086,0.35277575,0.6159241,0.8031478,0.34012288,0.61621666,0.66889167,0.3460666,0.62432134,0.78618914,0.34120488,0.61261714,0.60886073,0.35069978,0.6230469,0.72573936,0.44722298,0.4962908,0.9967002,0.48787493,0.5392697,0.9987791,0.48130783,0.36466312,0.9325896,0.6296035,0.42069787,0.9521593,0.5234134,0.46755183,0.57722133,0.7504328,0.31087893,0.96470135,0.52200544,0.4929253,0.6203205,0.7624005,0.30096957,0.893568,0.57776403,0.44672957,0.64510167,0.79304135,0.28480121,0.9427169
55141_aug.jpg,0.7411175,0.5672856,0.9974657,0.7524277,0.5739535,0.9977544,0.7524259,0.5792597,0.99670225,0.7523562,0.58454716,0.9980952,0.75247157,0.55832595,0.9967429,0.752481,0.55313694,0.99487877,0.75263596,0.5480759,0.99709225,0.74209976,0.59470636,0.9967945,0.74567026,0.5391159,0.99789363,0.72629225,0.5776884,0.9949368,0.72632015,0.5586233,0.99170965,0.6670015,0.62970585,0.9860789,0.68199515,0.49608117,0.9767289,0.79168105,0.6585146,0.9739266,0.8056107,0.5012328,0.97581756,0.8948779,0.60963786,0.895047,0.89709663,0.57043886,0.9186048,0.92258203,0.60259986,0.7866157,0.9196912,0.5823027,0.8138629,0.92176926,0.5984564,0.75681394,0.92096287,0.5825881,0.7873564,0.9121904,0.59912074,0.76794875,0.9125845,0.58022076,0.806987,0.42929953,0.548693,0.99622464,0.4539621,0.46124312,0.9901361,0.26090807,0.5247877,0.84540474,0.41705802,0.26061574,0.92212296,0.09537622,0.46734375,0.9194537,0.34387794,0.43200642,0.4955029,0.07233757,0.4501553,0.6687072,0.34565464,0.46967372,0.5388887,0.03586012,0.46987468,0.82086384,0.27786365,0.43676183,0.43284497
56026.jpg,0.45915604,0.3136007,0.99977523,0.45801023,0.30442452,0.99961686,0.4607999,0.30412734,0.9994116,0.46370083,0.30385157,0.99955255,0.44805875,0.30733338,0.99949634,0.44392678,0.3090227,0.9993888,0.44018906,0.3106961,0.9996489,0.46378905,0.31343618,0.9988121,0.43108904,0.32156846,0.99967325,0.4681868,0.32658666,0.99940884,0.4555288,0.3293902,0.9993488,0.5126714,0.3597374,0.9969036,0.40985376,0.40067792,0.99760664,0.4995947,0.26238826,0.96022123,0.3723326,0.31693846,0.99543095,0.42698932,0.2005344,0.93809354,0.38549405,0.21223858,0.97910726,0.39871055,0.18019456,0.86518234,0.3777692,0.18726185,0.93512315,0.39509964,0.18175077,0.85127825,0.37809354,0.18634817,0.9230065,0.4049363,0.19266272,0.8467846,0.38417926,0.19784126,0.9220711,0.5509579,0.57453996,0.99926406,0.47605357,0.5840125,0.9986552,0.55549973,0.72973895,0.9721237,0.45597327,0.7046944,0.9799974,0.5635563,0.883518,0.98584104,0.5243402,0.64288765,0.56048596,0.5576829,0.904819,0.939339,0.5264351,0.6194243,0.51843005,0.5932778,0.90897256,0.9706755,0.5412609,0.6532379,0.57679385
5607.jpg,0.69714373,0.43253452,0.99904126,0.7007928,0.43582278,0.998767,0.70135784,0.43875405,0.9983796,0.70197874,0.44158798,0.998933,0.6977505,0.42774895,0.99808806,0.69621134,0.42492595,0.99749655,0.6948588,0.4228013,0.9985475,0.6952911,0.44516656,0.9981401,0.68664193,0.42336804,0.9986166,0.6906949,0.4413864,0.99820423,0.68830127,0.43201602,0.9971095,0.657135,0.48223835,0.9947923,0.63676643,0.4085748,0.9858569,0.7316521,0.48776773,0.98739827,0.6926827,0.36505884,0.98212874,0.7647244,0.4203279,0.92445123,0.76220775,0.40271714,0.9250847,0.7790552,0.40875617,0.8164968,0.7794539,0.40529984,0.81557465,0.7786889,0.4078485,0.78973866,0.7790797,0.40445513,0.78514904,0.77092564,0.41161048,0.7705402,0.77102697,0.40468347,0.7824765,0.51104754,0.5164483,0.99855536,0.497946,0.46564254,0.9965842,0.39994478,0.53721434,0.9739042,0.40939832,0.3860784,0.9872027,0.30511653,0.54829097,0.98731184,0.38957226,0.5017269,0.8873467,0.29209253,0.55034894,0.8970225,0.40117386,0.51178396,0.8001906,0.26892328,0.5499844,0.9749922,0.35189238,0.5299101,0.84430027
56204.jpg,0.38958645,0.64832747,0.9996182,0.3837282,0.6651201,0.99981016,0.3814541,0.6624441,0.99981755,0.37913087,0.6595859,0.9998406,0.39584213,0.67339385,0.99977726,0.4033993,0.6772944,0.9997881,0.41194856,0.68161714,0.9998265,0.39506128,0.6544719,0.99981374,0.44603288,0.6849712,0.9998528,0.3995453,0.6276525,0.99939406,0.41651112,0.6358296,0.9994968,0.42630693,0.56295633,0.9970553,0.5423589,0.64119565,0.99949265,0.3415126,0.7027919,0.8965632,0.48090544,0.7665839,0.9934024,0.36309603,0.8476708,0.7584366,0.3867154,0.8714472,0.8991924,0.36250472,0.8819359,0.66734356,0.36639974,0.90009534,0.7817264,0.36136618,0.8881635,0.6676917,0.36468735,0.9015878,0.760955,0.36381075,0.876021,0.6573463,0.3697037,0.8919739,0.77800643,0.5421891,0.355151,0.9751907,0.6382993,0.37402284,0.9896639,0.43199027,0.3074425,0.33262524,0.5535682,0.33260003,0.95557564,0.31095105,0.19372071,0.2561239,0.37001985,0.26673162,0.84849393,0.3097043,0.14669503,0.5527572,0.3688556,0.19580558,0.90759623,0.23455536,0.26154152,0.44267452,0.25230998,0.26416427,0.8576733
5661_aug.jpg,0.38145208,0.7461028,0.9989924,0.370858,0.7482537,0.9993024,0.3697765,0.7468929,0.9992261,0.368541,0.7455338,0.9992895,0.3711694,0.74861836,0.99873525,0.37044907,0.7476275,0.99827397,0.3695495,0.7466404,0.998609,0.3622608,0.7282573,0.99913603,0.36300656,0.72875357,0.99851483,0.38413146,0.7329223,0.9979559,0.38491297,0.73314214,0.9977865,0.37719935,0.6892239,0.9992269,0.37189403,0.6790813,0.99349046,0.3782755,0.7865589,0.99760866,0.37469465,0.777335,0.36073914,0.37563917,0.88774496,0.9868286,0.37515077,0.86407745,0.57601744,0.369215,0.9070966,0.97401065,0.36772028,0.88436556,0.6168229,0.36282676,0.9063486,0.9700435,0.36427233,0.88625515,0.61236346,0.36449414,0.9019798,0.96079975,0.36666644,0.8802556,0.6319211,0.37116104,0.4592746,0.9988444,0.371767,0.45887536,0.9970336,0.37161648,0.28734642,0.9688228,0.37577546,0.29931235,0.34401473,0.3657228,0.1367161,0.95895547,0.36892444,0.1501517,0.48325083,0.35478905,0.12302941,0.9762171,0.35720018,0.13501775,0.6554286,0.38076085,0.064113766,0.9523559,0.37955818,0.08600634,0.610912
57117.jpg,0.47328162,0.23221362,0.99910164,0.48532242,0.22760463,0.9990854,0.49096203,0.2302838,0.9984804,0.49611762,0.23292184,0.99902713,0.4647681,0.22156847,0.99936455,0.45686024,0.22016433,0.99895525,0.4492526,0.21890384,0.99927837,0.49964678,0.24726972,0.9985815,0.43335098,0.2283054,0.9991486,0.4795438,0.25307596,0.99775404,0.4539227,0.24538368,0.9989724,0.5169694,0.32344908,0.98492223,0.367464,0.28218853,0.99840754,0.5656422,0.2074579,0.977785,0.391736,0.16819608,0.9880243,0.54163706,0.09941888,0.925394,0.4773326,0.095502794,0.9401153,0.5388097,0.07212353,0.84940654,0.49793953,0.07862708,0.85549724,0.53347725,0.073637575,0.824366,0.49849337,0.08193666,0.83207554,0.5308758,0.083266735,0.8287258,0.49302006,0.09065226,0.8370122,0.4276632,0.5280627,0.9965113,0.3258154,0.5028518,0.9994454,0.5840564,0.68566513,0.845691,0.29487228,0.66135514,0.97500575,0.3983499,0.5898866,0.29362258,0.27720135,0.829684,0.9634144,0.38186422,0.573231,0.328065,0.27649915,0.8500717,0.87527686,0.33373785,0.6243559,0.25314963,0.26378375,0.87824756,0.9052296
59178.jpg,0.70717144,0.32592618,0.9999031,0.72574115,0.32139003,0.99994826,0.7312553,0.32639986,0.99992824,0.7367239,0.33160916,0.99995434,0.71268475,0.30953416,0.9999188,0.70925164,0.3061123,0.99989057,0.70597464,0.3028791,0.99993813,0.74425435,0.34473884,0.99995244,0.70480174,0.3054235,0.9999392,0.7067522,0.34887958,0.9999298,0.6915693,0.33183926,0.999813,0.7317075,0.4371996,0.9985421,0.6281022,0.3155518,0.99800366,0.85373217,0.38660306,0.99485356,0.6934504,0.20605221,0.9952187,0.84122694,0.2708939,0.9306928,0.80787444,0.23153943,0.94646037,0.8474715,0.24601635,0.822509,0.8405011,0.2337003,0.84901106,0.841542,0.24216667,0.7974993,0.83699054,0.23549333,0.8152391,0.83379525,0.25076595,0.78470546,0.82460284,0.23889202,0.80046314,0.5123568,0.5629107,0.9996294,0.45410928,0.47283092,0.9977689,0.41593248,0.614525,0.97895664,0.26250023,0.32587957,0.9616618,0.2607445,0.7122607,0.9807179,0.3932609,0.5328881,0.75069153,0.23876028,0.7200469,0.93219167,0.41502553,0.54739004,0.72636294,0.21845838,0.7393232,0.9768976,0.37814382,0.59529793,0.74880326
59369_aug.jpg,0.24665773,0.3839279,0.9997627,0.25164023,0.37418094,0.9997367,0.25677216,0.37086362,0.99953246,0.26167595,0.36764467,0.99969566,0.23720106,0.38695443,0.9997991,0.2323389,0.3926616,0.9996507,0.22778757,0.39837685,0.99976844,0.27814916,0.37173343,0.99962986,0.23154171,0.4187781,0.9997595,0.26896232,0.3886683,0.9992888,0.24774307,0.40581936,0.9996561,0.35386586,0.3965941,0.99034053,0.2415996,0.5023719,0.99885225,0.2813334,0.2910439,0.9837605,0.15612051,0.416723,0.9899205,0.1773396,0.2633882,0.9392499,0.13863051,0.31491867,0.95415854,0.14954045,0.24860373,0.864473,0.13496146,0.2835099,0.8862778,0.14700574,0.25359377,0.84081924,0.13562319,0.28135094,0.86786586,0.15403011,0.261394,0.8390933,0.14081413,0.29228938,0.86522436,0.4835366,0.5768807,0.9982784,0.40622982,0.6480363,0.99970824,0.702273,0.5189568,0.9422129,0.53469944,0.75468236,0.98563135,0.568509,0.6332929,0.44824976,0.6762835,0.8570841,0.97509325,0.53563154,0.6341157,0.49291176,0.69374466,0.86978,0.88805854,0.55334467,0.69568574,0.3764006,0.6956853,0.8903891,0.9281864
59440.jpg,0.4263104,0.7418824,0.99992716,0.41744924,0.7390889,0.9998578,0.41485816,0.7351266,0.99985945,0.41210127,0.73092407,0.99988294,0.42442128,0.7470263,0.9998305,0.42688152,0.7490033,0.9998265,0.42922902,0.7508161,0.99987996,0.4132837,0.7161879,0.99971765,0.4379648,0.7438779,0.99981564,0.43116665,0.72589403,0.9994081,0.44059825,0.7396169,0.99912685,0.43847847,0.64767784,0.99652904,0.500919,0.7324747,0.99322355,0.33617643,0.6470754,0.99380493,0.49101576,0.8246519,0.9914015,0.24600011,0.6519004,0.9691543,0.4611023,0.91906524,0.9744008,0.22162864,0.65343,0.9123835,0.4598998,0.9434813,0.9253149,0.21899685,0.6519874,0.91602343,0.4559104,0.9449583,0.93195623,0.22843426,0.65115255,0.93581945,0.4557138,0.93618715,0.9419789,0.58150625,0.57279587,0.9947988,0.61256146,0.6376862,0.9867443,0.67654586,0.5334241,0.9355135,0.72956586,0.713038,0.9461935,0.78902286,0.47953707,0.97196215,0.6424082,0.6024991,0.66181,0.8072251,0.47372177,0.8507351,0.6291069,0.59305185,0.65441144,0.820032,0.4570326,0.9623606,0.672978,0.5483053,0.7060926
61129.jpg,0.31542256,0.2824301,0.9994808,0.3054495,0.26614356,0.9989924,0.30759633,0.2615465,0.99902225,0.3078006,0.25662977,0.9984413,0.29877084,0.27345872,0.9986749,0.29380938,0.2766449,0.9987118,0.28858146,0.27828583,0.99819046,0.3068064,0.25202513,0.9989556,0.27894962,0.28264773,0.9993874,0.33085573,0.2902866,0.9995877,0.32168883,0.29808384,0.9993513,0.3676746,0.29036948,0.9999207,0.32855773,0.32968825,0.999411,0.45316297,0.3518398,0.9892699,0.39236116,0.41142887,0.9289727,0.41452545,0.37415853,0.8522306,0.40454578,0.3972458,0.5982111,0.40792674,0.3814692,0.7872276,0.39535898,0.39907643,0.5300762,0.3984556,0.3769901,0.7601395,0.39544138,0.38357633,0.47370315,0.39531553,0.37683898,0.6565088,0.395239,0.3806876,0.39858902,0.50140387,0.46135375,0.9998851,0.4705183,0.47392008,0.9995402,0.5370552,0.60793513,0.97469455,0.49662182,0.58052146,0.94411933,0.698483,0.67215484,0.969482,0.5495298,0.5371425,0.4038234,0.7070277,0.6887013,0.8974977,0.5514151,0.5174506,0.46630237,0.71171904,0.7012719,0.91688013,0.59030664,0.5638243,0.2796206
61408_aug.jpg,0.22370508,0.6059262,0.9969469,0.2035993,0.6076752,0.9973126,0.20025688,0.6019965,0.9961798,0.19708398,0.5963335,0.9978442,0.21420574,0.62473804,0.996476,0.21814808,0.6300722,0.99403113,0.2223236,0.63526803,0.9962942,0.20071423,0.5847263,0.9971432,0.23428535,0.6364869,0.99693847,0.23414826,0.58568275,0.9965438,0.24635345,0.60694534,0.99403137,0.24351445,0.5107036,0.99391717,0.3145097,0.63061416,0.9796539,0.10440898,0.53521657,0.99032485,0.23131898,0.73055434,0.97118604,0.098335296,0.6492733,0.8708971,0.123698264,0.6895379,0.6870182,0.083918005,0.6757864,0.6893773,0.09661803,0.68887204,0.44657683,0.09085706,0.67936844,0.6642335,0.10330841,0.6824064,0.41541743,0.10262415,0.67008495,0.699499,0.11759436,0.6792315,0.46296063,0.5167368,0.4144842,0.9961371,0.548153,0.50352275,0.9937505,0.68164736,0.3264299,0.8507565,0.70558596,0.54059666,0.9206389,0.7666157,0.32441097,0.49267265,0.6840794,0.40968844,0.5023325,0.7677051,0.3287683,0.3493416,0.66493726,0.39306226,0.46754023,0.82395923,0.307979,0.41365227,0.7497919,0.34627795,0.43767917
61902.jpg,0.7581878,0.24500678,0.99995816,0.7759669,0.23848121,0.9999472,0.7790616,0.2410353,0.9999362,0.78298825,0.24426495,0.99993837,0.76240194,0.22797352,0.99993455,0.75688744,0.22370261,0.99991703,0.7521477,0.22014838,0.99993765,0.7840549,0.25672233,0.9998179,0.74201274,0.22334805,0.9999293,0.7556152,0.26560748,0.99994385,0.7404926,0.25143185,0.99991345,0.74500185,0.36834106,0.99950385,0.6451855,0.27950966,0.998953,0.67806137,0.47812572,0.9363423,0.5476119,0.35701317,0.9352182,0.664173,0.37807977,0.9381071,0.6533285,0.3637983,0.9259743,0.67621505,0.35330945,0.89038515,0.68244445,0.3524838,0.86466676,0.68127465,0.34718215,0.88103944,0.6878424,0.3443734,0.8446792,0.6767662,0.35435697,0.83894855,0.6783039,0.34833157,0.79138917,0.5493713,0.527862,0.99949086,0.49983898,0.47543994,0.99803776,0.40507406,0.66166496,0.95803785,0.3370582,0.50174016,0.9821607,0.27771252,0.78536195,0.9800702,0.44920355,0.5512917,0.36503074,0.26133788,0.7985052,0.8482118,0.4736801,0.54937863,0.4537481,0.23679373,0.8303888,0.9730511,0.43003437,0.60887086,0.44842032
61954.jpg,0.41469353,0.42818063,0.99798775,0.4089794,0.4253147,0.9986634,0.40849173,0.42525268,0.99838674,0.4080569,0.4251947,0.998591,0.41068727,0.42477348,0.998762,0.41143253,0.42436826,0.99865913,0.41219246,0.42395216,0.99891686,0.41150856,0.42547575,0.9985519,0.41773653,0.42303228,0.9994373,0.42032766,0.43023682,0.9982078,0.42200667,0.43027824,0.99736565,0.43960428,0.43756005,0.99990606,0.45823324,0.43362075,0.9995969,0.48682228,0.43292812,0.19553787,0.50774246,0.44451103,0.6348186,0.49486244,0.41748184,0.34671918,0.5224687,0.4357938,0.32197928,0.49359435,0.40894115,0.35578534,0.5263953,0.42866242,0.25775376,0.4936885,0.4068705,0.34725764,0.519696,0.42890888,0.24307996,0.49600026,0.4105519,0.30739602,0.51797587,0.43191895,0.24954106,0.5054001,0.5106701,0.99970824,0.518689,0.50672066,0.9993098,0.52060664,0.61758673,0.7327378,0.5271041,0.6134029,0.7889183,0.54389054,0.68119586,0.7215973,0.5375133,0.697996,0.76532495,0.5487402,0.69213563,0.69177264,0.53846514,0.71009,0.7629289,0.5458402,0.695444,0.6640146,0.54235053,0.71945345,0.7009841
62482.jpg,0.71576893,0.591071,0.99790406,0.72591436,0.5945742,0.9982084,0.72778064,0.5929098,0.9979842,0.72938746,0.59087044,0.9978033,0.7181416,0.59723574,0.9981018,0.7150418,0.5976943,0.9979662,0.71174514,0.59814614,0.9976732,0.7244437,0.57886934,0.99834955,0.7007585,0.59107816,0.9988379,0.7103814,0.5803684,0.9990658,0.70177096,0.5823884,0.9985226,0.73082554,0.51835716,0.9983614,0.6612542,0.57099974,0.9979005,0.78490657,0.5946393,0.67747235,0.70860773,0.656624,0.88006806,0.8195433,0.6935438,0.8732286,0.7877788,0.7143526,0.9253603,0.82860804,0.70618826,0.878056,0.79694057,0.7271038,0.909242,0.8209998,0.70845896,0.8752197,0.8053724,0.72069496,0.9006175,0.8167936,0.702792,0.86501735,0.80344903,0.71392155,0.8851259,0.58824766,0.35146645,0.9999658,0.55337536,0.39584556,0.9997651,0.49428543,0.23447955,0.97333467,0.4938401,0.34094745,0.46387583,0.42213765,0.113264084,0.9254083,0.43615156,0.31427372,0.371613,0.4074765,0.09781313,0.9678322,0.4328292,0.3030683,0.71734184,0.4013369,0.07984683,0.50321084,0.40591466,0.32885337,0.123805486
64368_aug.jpg,0.4575211,0.7106483,0.99762887,0.44766536,0.72340596,0.99787426,0.44283134,0.7237897,0.9973183,0.4384262,0.7239994,0.99832433,0.4610099,0.7235589,0.9964097,0.4645121,0.7240304,0.9938607,0.4681678,0.7244559,0.9958496,0.43187124,0.7163481,0.99680424,0.47148487,0.718593,0.9959914,0.44987988,0.69516665,0.9969067,0.46490306,0.6982242,0.9941011,0.41200235,0.6575882,0.99715036,0.4931636,0.663207,0.985897,0.3963702,0.77149653,0.98138833,0.48353642,0.7783284,0.8689972,0.41544545,0.8770498,0.92238986,0.43925557,0.87819993,0.814996,0.41902715,0.9079468,0.8513504,0.4281748,0.90550005,0.7303677,0.41978708,0.9095485,0.8331497,0.42656475,0.90629876,0.70632476,0.42022353,0.8991136,0.8293341,0.4291451,0.89594156,0.7284225,0.48475888,0.42989218,0.9989724,0.5361136,0.4437162,0.99669373,0.537203,0.25754493,0.970303,0.6465391,0.38242385,0.9633833,0.5816564,0.10496381,0.9909027,0.53067553,0.36317748,0.67946994,0.5918272,0.08596748,0.9263908,0.5167717,0.3729207,0.67352945,0.59623706,0.058425933,0.97953343,0.5155586,0.29761666,0.69158477
65269.jpg,0.6709174,0.41257757,0.99139434,0.6834661,0.41371977,0.9933843,0.6861776,0.41872078,0.9913396,0.6888668,0.42396605,0.9938753,0.6754364,0.4007402,0.98800397,0.6722966,0.39614668,0.9850033,0.6692165,0.39160332,0.9910589,0.6856898,0.43588805,0.9908371,0.6603322,0.39103854,0.9907584,0.663468,0.42854264,0.989368,0.65350735,0.41253603,0.97566,0.6637581,0.50026923,0.9846086,0.59622985,0.38276657,0.97443277,0.7528434,0.44107524,0.93640256,0.69580984,0.3310128,0.96721363,0.8360667,0.34872568,0.82564527,0.8147001,0.31280774,0.9281298,0.85640645,0.33078152,0.73690164,0.84114075,0.31183988,0.8623525,0.85922456,0.32864368,0.71538454,0.8454475,0.3115382,0.84935343,0.851272,0.33350688,0.73679096,0.8368921,0.31414863,0.8601652,0.4309065,0.5875712,0.9958853,0.39629,0.5055878,0.9899188,0.30798137,0.6347077,0.93406653,0.24287523,0.36933607,0.9485532,0.16990426,0.6723569,0.94818825,0.33223373,0.5310595,0.6375232,0.15074053,0.67290175,0.7525383,0.3637492,0.54658806,0.5968144,0.12045592,0.6901699,0.8955953,0.30665916,0.58892375,0.574318
65354_aug.jpg,0.48454672,0.7178411,0.9983575,0.47625974,0.7319143,0.9983901,0.47184587,0.7331487,0.99798167,0.46698737,0.733933,0.9986572,0.4915008,0.72999835,0.9974597,0.4955022,0.729828,0.99563473,0.49956778,0.7292689,0.99684733,0.45897746,0.72642994,0.99714524,0.50317764,0.72177076,0.9970599,0.4741317,0.703718,0.99698216,0.49123433,0.7038969,0.9944312,0.4323233,0.6670499,0.9955325,0.51833683,0.6621643,0.9799492,0.4353916,0.7819351,0.9746875,0.52285856,0.775059,0.87824905,0.46682525,0.8850398,0.9098411,0.49350184,0.88009715,0.7980856,0.47191736,0.91461885,0.8275319,0.48511964,0.9074912,0.6926081,0.47297576,0.91539264,0.81063896,0.4834264,0.9083615,0.6658946,0.4728715,0.90558076,0.81061906,0.4850662,0.89868593,0.697144,0.47250766,0.4290335,0.9986015,0.5302605,0.43655688,0.99570906,0.50315,0.2512033,0.9688488,0.6302392,0.36148715,0.9578209,0.523116,0.09388667,0.99079037,0.51235104,0.3582226,0.6297285,0.52994144,0.07363957,0.9323568,0.49923173,0.371045,0.6574928,0.52986073,0.047522217,0.97844565,0.49520713,0.2983733,0.6293185
66449_aug.jpg,0.58199424,0.19963902,0.9910432,0.56744206,0.18641514,0.9854408,0.5664072,0.18703926,0.98132956,0.5653803,0.18755701,0.9880223,0.5644335,0.18653297,0.9889129,0.5612739,0.18734124,0.98837215,0.55802464,0.18795872,0.9907884,0.54873955,0.20649526,0.98615396,0.5402825,0.20672965,0.9858956,0.5812342,0.22186226,0.9884404,0.5766322,0.22296572,0.98269653,0.561308,0.29994088,0.97383004,0.53478795,0.29796988,0.9944718,0.61583626,0.19026262,0.23720632,0.61400014,0.18971077,0.98135597,0.56297624,0.1257847,0.18879254,0.58922106,0.07205832,0.9427258,0.53776276,0.10921848,0.16976093,0.5737387,0.056002796,0.9153726,0.53334844,0.11073306,0.17786007,0.55694383,0.06265545,0.9059819,0.54479325,0.1182605,0.19924772,0.5524345,0.067854166,0.87779146,0.5162837,0.567114,0.9979122,0.49413544,0.5571207,0.99744993,0.43527943,0.7280868,0.2128378,0.4292851,0.7227345,0.8833716,0.3722724,0.8964511,0.4807451,0.3684599,0.9063661,0.88990796,0.344636,0.9184445,0.6137412,0.3387525,0.93033564,0.89760077,0.42592692,0.9668891,0.58782953,0.4277872,0.97617906,0.8651064
66528_aug.jpg,0.68349636,0.33160663,0.99960655,0.6954839,0.32153443,0.9995714,0.7004383,0.324276,0.9994209,0.7044826,0.32676476,0.99969554,0.6795319,0.31536898,0.9993556,0.67369825,0.31390578,0.9988545,0.6684705,0.31297615,0.9993274,0.7055609,0.34058776,0.9993579,0.66047007,0.32240433,0.9994899,0.68629605,0.35312906,0.999332,0.6656083,0.34675944,0.9987902,0.7181872,0.43939123,0.9970745,0.59709066,0.3931341,0.9869921,0.78553915,0.34034643,0.98993474,0.5813343,0.268283,0.95670974,0.71874267,0.24260905,0.9092369,0.69020367,0.23324662,0.6372063,0.71887624,0.21450064,0.7739999,0.71688485,0.20860481,0.40733048,0.71606076,0.21567068,0.74303025,0.7150911,0.21517181,0.3639687,0.71265364,0.2272822,0.7405584,0.70584095,0.22705603,0.41144726,0.5873161,0.66200256,0.9986297,0.5074732,0.6141555,0.9964908,0.4994255,0.8379955,0.92742467,0.33340186,0.6449693,0.9605486,0.413871,0.9771286,0.9655474,0.48492074,0.7124326,0.43823808,0.39606458,0.9876985,0.83743864,0.51004356,0.70711404,0.45884863,0.39846343,1.0348828,0.9336294,0.4976188,0.803763,0.44344035
66604.jpg,0.2591007,0.7736423,0.9999703,0.24479757,0.7801341,0.9999714,0.24116598,0.77744246,0.9999709,0.23832318,0.77552533,0.99997795,0.25463247,0.7888009,0.9999409,0.2582815,0.79254186,0.99990106,0.2612606,0.79541254,0.9999025,0.23747377,0.7696855,0.9999591,0.26786876,0.7960829,0.99988806,0.26212415,0.7584303,0.99997616,0.27491143,0.7692129,0.9999225,0.26789045,0.6826368,0.99994373,0.33525702,0.7384112,0.99763846,0.3396069,0.5814499,0.94231135,0.41723245,0.6559199,0.30894256,0.34186018,0.65452933,0.95226955,0.37168396,0.6842856,0.3582556,0.33871305,0.67529804,0.9296581,0.3478496,0.6940813,0.3685755,0.32933116,0.68311465,0.92921054,0.34205937,0.7010819,0.35988924,0.33159524,0.6778141,0.88905036,0.3446082,0.6953149,0.33125815,0.42277518,0.53633946,0.9995183,0.4550451,0.5684273,0.99700433,0.54198885,0.3948117,0.9832192,0.59520257,0.53363883,0.97734773,0.64163166,0.2728186,0.9919608,0.55143464,0.42465425,0.6495621,0.65320015,0.26020703,0.90477455,0.5386588,0.42041224,0.5724744,0.67675686,0.23347163,0.98492754,0.57382274,0.37129074,0.6736656
66694_aug.jpg,0.23452824,0.3759039,0.9995065,0.22255018,0.3557846,0.9995266,0.22591588,0.348381,0.9992367,0.22924966,0.34111947,0.9994848,0.21155447,0.3754338,0.99967134,0.20725086,0.381953,0.9993887,0.20279697,0.38852456,0.9995516,0.23906979,0.33400753,0.9997042,0.19979581,0.39894828,0.9996537,0.2574513,0.3737359,0.9993668,0.24556223,0.3973478,0.9996468,0.3286035,0.33295995,0.9968713,0.2411502,0.49046022,0.998679,0.25975388,0.21398655,0.99343574,0.10300887,0.4679986,0.9951297,0.122560084,0.28181973,0.94271785,0.101646364,0.32760704,0.91047996,0.08546507,0.28098556,0.8222825,0.085678846,0.29428896,0.7356988,0.084252,0.28829008,0.7846499,0.093866676,0.30007952,0.6900748,0.10077754,0.2954232,0.79085565,0.10738161,0.31309417,0.7049637,0.5456834,0.4957282,0.9936625,0.5028235,0.6069148,0.99781644,0.74421245,0.38672352,0.90965605,0.69749945,0.69770205,0.9377885,0.6079604,0.5705223,0.38053674,0.8768182,0.74779433,0.86201006,0.5781797,0.5865863,0.45253253,0.9081924,0.751785,0.727548,0.64401996,0.672924,0.31627348,0.9231518,0.7918794,0.70086616
6735.jpg,0.698104,0.3944999,0.9998062,0.7017615,0.38538975,0.99972767,0.69925606,0.3819976,0.99969554,0.69645756,0.37864864,0.9996407,0.70792353,0.39578503,0.9996722,0.7097361,0.39952344,0.9996482,0.7115549,0.40375584,0.99967396,0.68683666,0.37773877,0.99973613,0.70840156,0.41448528,0.99977165,0.68706524,0.3953624,0.99931633,0.693397,0.40642416,0.99942845,0.6375229,0.3756968,0.9998042,0.6853796,0.46490037,0.9999442,0.69963545,0.33350438,0.81673217,0.7451069,0.41655663,0.85563415,0.7849716,0.3222984,0.8116678,0.7881489,0.34361333,0.90117836,0.8051256,0.30742013,0.7792531,0.8069937,0.32462466,0.89042175,0.80627245,0.31175482,0.7744861,0.80474645,0.32300597,0.8794862,0.79956126,0.3174756,0.7597747,0.796874,0.32967538,0.8581662,0.46543607,0.50801134,0.9999894,0.4959708,0.5661311,0.99999726,0.3221857,0.49927247,0.9137294,0.36501604,0.64156985,0.9392619,0.4281827,0.57527626,0.44143403,0.23191082,0.70585954,0.96480685,0.43959707,0.5717473,0.67940015,0.21067196,0.716793,0.96677154,0.42436782,0.6015877,0.341867,0.19627398,0.7222959,0.8722373
67469_aug.jpg,0.50682193,0.74189174,0.99857116,0.5037518,0.7553973,0.998434,0.5002004,0.7554836,0.99752134,0.4966894,0.75545967,0.9982311,0.5153411,0.7542082,0.99825543,0.5197476,0.7535516,0.99725074,0.52385384,0.7526916,0.99773115,0.49541196,0.74581176,0.99869835,0.53023267,0.74132776,0.9966106,0.4984365,0.7264806,0.9979907,0.51319623,0.7257435,0.99740535,0.48166534,0.682951,0.99657923,0.540119,0.6794652,0.9981279,0.48226228,0.79267704,0.894965,0.5290542,0.7866922,0.963407,0.5024912,0.8964244,0.8615574,0.51804984,0.9089478,0.9061195,0.5102557,0.9282739,0.76357514,0.5159817,0.93893754,0.83556634,0.51066834,0.9306326,0.7430623,0.5178341,0.9399806,0.8074238,0.5093009,0.9181117,0.7506023,0.5184705,0.93082666,0.80380535,0.47715205,0.46612924,0.9991609,0.5267674,0.4516099,0.9996018,0.38532877,0.36862338,0.6308654,0.501313,0.27592245,0.8922428,0.48492566,0.40958247,0.19544296,0.48832977,0.10124147,0.938556,0.49892697,0.4243013,0.31698358,0.4861623,0.083521694,0.896159,0.52349573,0.3639881,0.23021406,0.48573303,0.054917008,0.8782614
67682.jpg,0.648036,0.1352709,0.99986064,0.66638345,0.11903536,0.99989593,0.6729789,0.12111297,0.9998876,0.6799637,0.12348533,0.9999037,0.6432709,0.110583514,0.99982494,0.63501865,0.10722759,0.9998148,0.6270225,0.104061335,0.9998863,0.6869869,0.13757789,0.9998109,0.60650706,0.107745975,0.9998679,0.6541155,0.16118386,0.999863,0.62482834,0.14863524,0.999678,0.7242768,0.2854387,0.9997688,0.48785362,0.19227311,0.9985337,0.70246446,0.44576377,0.9591866,0.39995098,0.33563542,0.9546813,0.60028046,0.30331722,0.9191326,0.56647855,0.27540162,0.90804476,0.5948825,0.2612659,0.84653056,0.5856683,0.24724466,0.8038424,0.5992751,0.25176042,0.828492,0.588065,0.23632893,0.77143896,0.60193586,0.26574495,0.77608645,0.5848741,0.24626365,0.71135604,0.5333462,0.5435846,0.9997578,0.41125363,0.48166215,0.99894494,0.42773238,0.696736,0.97967213,0.17207184,0.5683942,0.98447096,0.30217454,0.8842701,0.98514163,0.43112075,0.5776927,0.6063482,0.2765785,0.9096392,0.87821245,0.4755921,0.5616108,0.61678666,0.27048337,0.9488188,0.97572076,0.47195888,0.6675329,0.6422585
6841.jpg,0.6498735,0.67358077,0.9995369,0.64711493,0.6900896,0.99960786,0.6413901,0.69321835,0.99938357,0.6369877,0.6953957,0.9995473,0.66486806,0.6787695,0.9995788,0.6707895,0.6744102,0.9992866,0.6763098,0.67032605,0.9994041,0.62631404,0.69017977,0.9995028,0.6779659,0.6579131,0.99931455,0.62871116,0.66374755,0.9990766,0.652679,0.65067047,0.99936455,0.5484981,0.6522617,0.9889802,0.66854393,0.56305027,0.9974911,0.62002766,0.75742424,0.98762125,0.7348342,0.67631525,0.9788142,0.712466,0.8276788,0.9544103,0.75361466,0.79411423,0.91807747,0.738407,0.85189366,0.8979834,0.7607757,0.82729506,0.830135,0.74334824,0.8511728,0.87912655,0.76164126,0.8296103,0.8059186,0.73547614,0.8387759,0.885666,0.7556673,0.8172684,0.81110835,0.4248807,0.46876675,0.9982998,0.49424955,0.39021453,0.9993148,0.21903105,0.485468,0.9018648,0.3808023,0.24926142,0.9631935,0.2982403,0.40758324,0.25971922,0.25664586,0.119424045,0.9395389,0.3326493,0.40852177,0.34027755,0.23995309,0.106239796,0.73500305,0.269964,0.34855625,0.21202937,0.223182,0.056651115,0.8113132
70273.jpg,0.42057103,0.38166574,0.998252,0.4215331,0.36939445,0.9985518,0.42416233,0.36859047,0.9980679,0.42701662,0.36802542,0.99869823,0.41466823,0.37297952,0.9973694,0.41206896,0.37451708,0.9963611,0.40943307,0.3763218,0.9980336,0.435282,0.37658134,0.9976712,0.41549382,0.38470417,0.99809474,0.43098262,0.3955824,0.9968941,0.42124116,0.39861342,0.99385685,0.49521947,0.41522408,0.99059653,0.39211792,0.4539141,0.98820436,0.45271903,0.3288738,0.9712729,0.35932016,0.35711244,0.96526015,0.39225104,0.24524254,0.8883156,0.3623545,0.25062063,0.9394134,0.37794152,0.22255829,0.8182896,0.36148828,0.22766733,0.8835698,0.37794292,0.22177407,0.8032692,0.36169302,0.22628987,0.8734551,0.38107955,0.23007724,0.80286837,0.36393574,0.23432854,0.87563884,0.51166177,0.63496274,0.99812096,0.4560642,0.6447325,0.9941011,0.5467939,0.76763767,0.96934915,0.2940104,0.74218845,0.95004743,0.55516064,0.9177345,0.9872055,0.46413592,0.6977603,0.6241131,0.54933697,0.94285446,0.9456089,0.4808351,0.67966115,0.6640949,0.59132,0.9455106,0.9778553,0.52136046,0.7240446,0.61656344
7045_aug.jpg,0.20855841,0.450799,0.99091446,0.1892705,0.43092614,0.9952057,0.19086179,0.42802143,0.99573624,0.19149888,0.4247223,0.9959753,0.1794385,0.43824095,0.99363977,0.17371225,0.44207096,0.9932777,0.16659793,0.4465437,0.9935823,0.16518846,0.42836064,0.9966619,0.1376752,0.45586115,0.9935387,0.21846575,0.4658108,0.9957616,0.2017743,0.4770798,0.9941936,0.18526581,0.50428075,0.99906975,0.12385082,0.58513606,0.99817145,0.30310944,0.47605652,0.22766039,0.32937345,0.59457064,0.6040998,0.30408135,0.44922823,0.32148677,0.37870136,0.46526098,0.22402455,0.3162698,0.44588518,0.39307797,0.40959415,0.43956107,0.21733335,0.27881852,0.44725162,0.4043386,0.37050086,0.42635268,0.23029605,0.27951473,0.4544387,0.39735776,0.36268026,0.44074076,0.22541562,0.44888464,0.80313563,0.994639,0.4332016,0.88776594,0.99090976,0.4304501,0.45325243,0.4156809,0.43970245,0.5023593,0.92392623,0.6966752,0.5932107,0.34158307,0.7379833,0.56442297,0.7723308,0.732306,0.6503293,0.38888136,0.76484513,0.6160755,0.74232984,0.77081984,0.53689295,0.3985321,0.85242486,0.43539488,0.7186876
70587.jpg,0.6771446,0.5785613,0.9987684,0.68516743,0.5907523,0.99929404,0.683314,0.59597546,0.9991061,0.68147314,0.6011253,0.99942976,0.6908967,0.5748701,0.99856263,0.69304967,0.5688982,0.9980453,0.6953443,0.56301516,0.9988896,0.67296237,0.61079305,0.9992637,0.69315624,0.5551301,0.99894255,0.6609491,0.5843865,0.99863017,0.6676053,0.5641712,0.9960245,0.6070073,0.63994426,0.9949944,0.65969753,0.49480155,0.98480624,0.71384436,0.66358054,0.96525496,0.75821257,0.54138964,0.9795436,0.8374878,0.6614218,0.87097794,0.8536342,0.6241444,0.9387921,0.86494696,0.664242,0.7907204,0.87252015,0.64242554,0.872791,0.8659476,0.66102874,0.7698283,0.87639534,0.6433505,0.8582132,0.8568721,0.6586093,0.7665777,0.86817205,0.6388883,0.8557538,0.38899606,0.5132925,0.9978807,0.4336834,0.42992646,0.99115103,0.28292352,0.44215113,0.9654565,0.4359828,0.22140995,0.9670816,0.14454165,0.3576256,0.9812959,0.37259963,0.4071499,0.7904098,0.12812144,0.3402415,0.8528836,0.37469235,0.43456373,0.7369372,0.107106626,0.33614045,0.9613406,0.30336463,0.41573742,0.7385883
70839.jpg,0.5458131,0.23463666,0.9994326,0.5587589,0.2271626,0.9994549,0.56390107,0.22981068,0.9992624,0.56981593,0.2328682,0.9995722,0.54172397,0.22045252,0.9991253,0.5355515,0.21890146,0.99882025,0.52870774,0.21728685,0.9992867,0.5736816,0.24946994,0.99957055,0.5170113,0.22864288,0.99967647,0.55090433,0.25640944,0.9990097,0.52897817,0.2499812,0.9981944,0.58636844,0.35432696,0.99106103,0.43898267,0.29496968,0.97734624,0.69080925,0.26984084,0.99390334,0.43931612,0.15161666,0.9887096,0.615142,0.1476818,0.9415234,0.5724493,0.1271978,0.81465244,0.6121319,0.11449528,0.8228954,0.59875345,0.106202394,0.57196563,0.60775614,0.11472121,0.803728,0.59831744,0.11086461,0.52650815,0.60458434,0.12776503,0.8058424,0.5907968,0.12256092,0.5473396,0.444532,0.5821617,0.9962281,0.34932008,0.5300439,0.9915173,0.34702015,0.7167377,0.7498331,0.12304029,0.50706106,0.9222851,0.26987553,0.84953594,0.69146174,0.30245224,0.6489377,0.5392725,0.26104218,0.8649238,0.66554385,0.33094376,0.64119273,0.58529407,0.25487912,0.89628613,0.62779456,0.29052612,0.74170285,0.4485694
71275_aug.jpg,0.87104535,0.4465727,0.9998394,0.8884367,0.45506632,0.9997527,0.88821596,0.45962644,0.99970573,0.88773143,0.46425584,0.9996855,0.8887772,0.44187775,0.999833,0.8888382,0.43743885,0.99980396,0.8887354,0.4331215,0.9997875,0.8787018,0.46944264,0.99958295,0.88081694,0.4258129,0.9996922,0.84910834,0.45503628,0.9999001,0.85335565,0.43806842,0.99995744,0.76503646,0.49856672,0.99801576,0.77054644,0.38611278,0.99979407,0.63119715,0.51709706,0.9125588,0.62697,0.36549693,0.9068436,0.69539064,0.44832212,0.8714583,0.6788014,0.4400736,0.8551065,0.72132003,0.43921468,0.8060767,0.6954255,0.4503289,0.77442676,0.7279682,0.44378993,0.7979693,0.70394564,0.44817173,0.75357074,0.72004604,0.44580746,0.7390784,0.6987805,0.44441637,0.69250345,0.5195894,0.47972107,0.99744356,0.51358825,0.4166748,0.9993266,0.38854927,0.5715003,0.89670134,0.33112937,0.43266708,0.9537451,0.41763702,0.457018,0.2179236,0.17682135,0.444347,0.9279754,0.43819523,0.43003035,0.2536332,0.1513806,0.44152665,0.74534804,0.3799302,0.43363065,0.33050993,0.11900222,0.48073152,0.893204
71301_aug.jpg,0.5122275,0.25923154,0.998757,0.52209616,0.24254489,0.99860066,0.52823853,0.24298152,0.99795866,0.53433,0.24355352,0.9982767,0.50147223,0.24102879,0.998882,0.49323013,0.24010941,0.9984291,0.4855789,0.23926264,0.9987349,0.53815776,0.25374484,0.9985678,0.47182214,0.24257219,0.9988444,0.5208184,0.2769106,0.9970981,0.4970854,0.27370575,0.9985857,0.581458,0.33625245,0.9949008,0.4056205,0.3070496,0.9989737,0.65367544,0.22207928,0.9928063,0.37454194,0.17564204,0.9970175,0.56185746,0.10085446,0.977191,0.49547583,0.09213346,0.9841337,0.5470946,0.07280791,0.9274665,0.5227441,0.06538141,0.9446358,0.5412339,0.073569,0.9130042,0.5239676,0.07059902,0.9336027,0.5416261,0.08569503,0.9088558,0.5167863,0.08330953,0.9307367,0.52103376,0.57074434,0.9968934,0.408802,0.5737024,0.9989899,0.7256266,0.6769986,0.9053353,0.39271075,0.7225759,0.96081096,0.5034083,0.6530058,0.4266784,0.41826823,0.9079871,0.9558061,0.47537836,0.63909733,0.53904474,0.43142724,0.9330803,0.8973522,0.43299723,0.7094525,0.39019617,0.39206156,0.9534078,0.8957381
71360.jpg,0.69114596,0.6906949,0.99990344,0.6845809,0.69909835,0.9998852,0.67855495,0.7005228,0.99980766,0.6728978,0.7017485,0.9998667,0.7026929,0.69199324,0.999907,0.70912236,0.6886219,0.9998165,0.7149222,0.6851342,0.99985826,0.65941674,0.69404924,0.9998621,0.7217279,0.6682508,0.9998814,0.6716363,0.6779651,0.99974424,0.6998842,0.6672417,0.9998634,0.5986645,0.6421188,0.9946519,0.73624086,0.5841022,0.9990772,0.6327095,0.7656216,0.9949262,0.79310066,0.68492603,0.9880975,0.7183422,0.8294432,0.96064705,0.7820889,0.7766795,0.94366306,0.73572135,0.833482,0.89182085,0.77679133,0.8006855,0.8755871,0.7416044,0.8288871,0.8739692,0.76951486,0.8045418,0.8536419,0.7380303,0.82574254,0.86449933,0.76843584,0.7966104,0.8533227,0.5388235,0.43261877,0.9979955,0.6378076,0.3904494,0.9997589,0.31570235,0.40697995,0.9670126,0.550818,0.24276574,0.9881741,0.5149424,0.3670224,0.55192566,0.45125258,0.09631544,0.9685338,0.51740247,0.3726845,0.54159874,0.43252325,0.075941026,0.8645895,0.51222384,0.3088158,0.43064243,0.4623258,0.057801783,0.9092509
72456_aug.jpg,0.7952584,0.6722641,0.9999374,0.8049644,0.68688786,0.9999279,0.80249465,0.69085324,0.99991524,0.80052996,0.6940653,0.99992025,0.81326926,0.67343235,0.99990916,0.8166314,0.66776997,0.999879,0.8193557,0.66288036,0.9998925,0.7903455,0.697874,0.99983644,0.81538016,0.6540061,0.99987006,0.7744819,0.6713085,0.9999423,0.7830226,0.65484524,0.9998838,0.6808051,0.67179394,0.99946076,0.7388378,0.5750199,0.99751794,0.5625842,0.62669086,0.93435746,0.64507985,0.4923793,0.8280188,0.66556084,0.60015297,0.9163419,0.67429537,0.58159614,0.8239888,0.6939112,0.60917073,0.85487664,0.70077634,0.6043478,0.74491185,0.6980262,0.61386466,0.8456352,0.71171784,0.6045761,0.7143247,0.6903614,0.6112561,0.79444563,0.70199525,0.5990387,0.65249306,0.473221,0.5151664,0.99931645,0.512033,0.46352825,0.99685174,0.31681615,0.40197864,0.92737454,0.43901655,0.32597393,0.9368264,0.16948536,0.2978713,0.9533146,0.43510526,0.45315063,0.1621107,0.15300575,0.28156728,0.8073787,0.44501522,0.47065073,0.31942773,0.14021268,0.27950966,0.9469035,0.37327206,0.43365222,0.24317975
7281_aug.jpg,0.5633643,0.70527077,0.9999703,0.5570078,0.7158521,0.9999566,0.55265063,0.7156997,0.99993944,0.5482916,0.71552086,0.99994624,0.5703964,0.7150276,0.9999651,0.5752439,0.7146007,0.99994814,0.57994676,0.71388316,0.99995255,0.5406564,0.70929176,0.9999343,0.5876255,0.7066803,0.99992,0.5542613,0.6928476,0.9998448,0.5711316,0.69228405,0.9999012,0.50105923,0.6500612,0.9954139,0.62098515,0.6425332,0.9992999,0.4590895,0.7253305,0.99081624,0.6643316,0.7243098,0.98820657,0.4312997,0.83161175,0.97203255,0.68649596,0.82821727,0.9843901,0.41936392,0.85912335,0.9367032,0.69412047,0.8494092,0.96605957,0.42458,0.8638662,0.93512356,0.6899421,0.85553545,0.9635433,0.43013713,0.85208637,0.94156724,0.6853345,0.8484845,0.96332055,0.5153576,0.47770846,0.99950755,0.5835335,0.45909545,0.9998621,0.36108655,0.4051224,0.94824344,0.55272955,0.32693192,0.9802507,0.5055358,0.42283487,0.6953327,0.5266454,0.20208699,0.9812227,0.52863777,0.43366686,0.8000949,0.5181788,0.18524313,0.94362795,0.53445935,0.36817762,0.67501867,0.5316406,0.16107082,0.9545748
73231_aug.jpg,0.77498865,0.39350703,0.99241334,0.7832351,0.38504642,0.9914494,0.78404284,0.38583222,0.98984337,0.78486496,0.38662496,0.99136424,0.77878857,0.3801847,0.99137574,0.77590823,0.3770216,0.98862785,0.77260685,0.37331998,0.9904123,0.77339995,0.37971053,0.9903026,0.75890666,0.36346874,0.98620194,0.76345485,0.40068698,0.9966434,0.7597593,0.39528263,0.9977393,0.72010785,0.43325862,0.99854636,0.67947763,0.36827537,0.997581,0.65816194,0.5191401,0.7405492,0.578147,0.3485793,0.87644035,0.6193905,0.4485135,0.5569898,0.60754454,0.4324904,0.63248354,0.62447244,0.43244997,0.4386157,0.6215316,0.43713287,0.5243686,0.6334619,0.42814434,0.42983666,0.62983143,0.43361166,0.49750388,0.6312787,0.43303832,0.36359304,0.62626976,0.43361267,0.40596783,0.5446049,0.4780172,0.99234176,0.53637856,0.4653638,0.98934084,0.50029147,0.5994163,0.89587116,0.40294304,0.53874683,0.8851899,0.3644332,0.5671706,0.78667057,0.28718904,0.5913881,0.9145364,0.38070962,0.5510255,0.72340715,0.27729335,0.5984831,0.7629152,0.3203367,0.59127295,0.7958195,0.25315407,0.6204233,0.8687812
73469_aug.jpg,0.3112987,0.67642665,0.9971137,0.29067278,0.6795155,0.99823964,0.28466284,0.67336303,0.99774617,0.28043848,0.6683273,0.9985228,0.3088963,0.69522107,0.9964477,0.31476873,0.6996714,0.9944693,0.32100135,0.70446837,0.9966608,0.28003216,0.6517274,0.9970503,0.3325009,0.7029309,0.99753076,0.31843507,0.64839256,0.9959117,0.3401067,0.6679591,0.98831046,0.30923113,0.557541,0.98460877,0.4260435,0.66232216,0.9549653,0.20041293,0.6733669,0.96685255,0.32174706,0.7666129,0.9256119,0.1406514,0.81726396,0.841044,0.19057724,0.83995044,0.78731805,0.13121837,0.83973897,0.74251646,0.1609239,0.852232,0.6768817,0.13550353,0.84261847,0.70754564,0.16307062,0.85039604,0.6428211,0.14022565,0.83650374,0.7345908,0.16781059,0.84668493,0.6904378,0.5279638,0.3753039,0.9981325,0.59577817,0.46125785,0.991202,0.6875778,0.25851598,0.79914993,0.83194304,0.48566914,0.85488963,0.85959435,0.135326,0.9037519,0.6407112,0.3798565,0.11838348,0.8912288,0.13097116,0.5981984,0.609438,0.3777609,0.18126309,0.9058534,0.06499201,0.8154031,0.64632094,0.29943293,0.11520803
74443_aug.jpg,0.31016594,0.62927616,0.99994826,0.30775785,0.63879645,0.99990904,0.31086007,0.6417604,0.9998971,0.3141807,0.64466935,0.9998733,0.29960176,0.6293537,0.99989235,0.2971057,0.62584156,0.99988437,0.2946902,0.6218416,0.99989223,0.32242864,0.64440894,0.99990094,0.29694772,0.6100693,0.9999232,0.32155156,0.62708855,0.9997626,0.31318414,0.61665225,0.99981827,0.37158078,0.6368641,0.9998098,0.317239,0.55797696,0.99994266,0.32024544,0.6871331,0.8937274,0.26097143,0.6091351,0.8860568,0.23577689,0.7041197,0.8358744,0.22821665,0.6848244,0.92963284,0.21722072,0.72045404,0.8086431,0.21354365,0.70479006,0.9239415,0.21652398,0.716532,0.80407417,0.21592554,0.7053642,0.91748136,0.22272256,0.7098093,0.79486066,0.22256538,0.69799155,0.90072936,0.52752626,0.48230255,0.9999912,0.49088636,0.4283308,0.99999785,0.67132217,0.47826904,0.9730355,0.6130888,0.34242415,0.92630124,0.587424,0.4123884,0.69847924,0.7344557,0.26073742,0.9644201,0.5633958,0.41189188,0.81391037,0.75220585,0.24621545,0.96478724,0.5901027,0.36925864,0.5828221,0.7647836,0.24211833,0.87598205
74791.jpg,0.65000045,0.82984334,0.9999858,0.64927435,0.8483823,0.99998665,0.6445277,0.8504971,0.9999851,0.6413823,0.8520804,0.9999851,0.6641234,0.84238714,0.99998295,0.6698661,0.84025466,0.99997795,0.67430073,0.8386792,0.99998164,0.63182354,0.8501172,0.999969,0.6755078,0.83114415,0.9999833,0.6330139,0.816855,0.999982,0.6503048,0.8085091,0.9999707,0.55400866,0.761906,0.9997911,0.6603969,0.7233614,0.999428,0.49674326,0.6722566,0.968653,0.6494669,0.61226976,0.9332036,0.5937001,0.7056593,0.9524172,0.591816,0.69236094,0.9072047,0.61292064,0.7276607,0.9094626,0.58979934,0.71863985,0.83187497,0.6122035,0.73568016,0.9013543,0.59692794,0.7244661,0.8097206,0.6072272,0.7299027,0.8663132,0.5967061,0.7161818,0.7562461,0.49813777,0.51380926,0.99963963,0.5509989,0.50126,0.9984604,0.4311252,0.32757288,0.91859704,0.58769584,0.36334628,0.95242196,0.38546595,0.19140932,0.96800786,0.49406862,0.43225533,0.3251893,0.3691947,0.16337511,0.8191845,0.487703,0.45833418,0.5339823,0.3813104,0.14874923,0.9603726,0.45853522,0.37955964,0.46564734
75215_aug.jpg,0.3445937,0.53669757,0.9984836,0.34287032,0.5445355,0.9981724,0.34469038,0.5461193,0.9979577,0.34671766,0.54785585,0.9978967,0.33863837,0.5399122,0.99828464,0.33732826,0.5383756,0.99825233,0.33584517,0.53662115,0.9979455,0.3543697,0.5471289,0.9980088,0.3380614,0.5286344,0.99866533,0.35196185,0.5323141,0.9980697,0.34808433,0.52725023,0.99737096,0.40280908,0.5363853,0.9987073,0.34952807,0.48752517,0.9989343,0.3452912,0.58684313,0.6206946,0.30956775,0.5497644,0.8712201,0.27417356,0.6216876,0.817358,0.26307607,0.60753345,0.9390663,0.26150483,0.63383836,0.8204549,0.2522384,0.6222298,0.9213672,0.2593959,0.630883,0.8212937,0.2538156,0.6227257,0.9191168,0.26361054,0.62567294,0.82271504,0.25850248,0.61770225,0.892965,0.49943537,0.3874329,0.999984,0.4774949,0.37616545,0.9999218,0.58354205,0.28807533,0.9968257,0.41994727,0.27879274,0.9957852,0.66506666,0.19092973,0.9950523,0.5152273,0.30141547,0.97484493,0.67562115,0.17747876,0.99583757,0.5225256,0.31629735,0.9755686,0.6788889,0.16925381,0.92916226,0.54940563,0.26828295,0.8468638
75989.jpg,0.6794671,0.66364527,0.9977812,0.6871125,0.6695386,0.9970319,0.6854738,0.67109966,0.9953897,0.6839797,0.67276,0.99698573,0.6928654,0.661345,0.9957178,0.6949816,0.6572834,0.9946431,0.69718003,0.6533464,0.9967475,0.67951435,0.66172194,0.9934796,0.69790536,0.63427967,0.9972505,0.66490847,0.65796936,0.99687177,0.6714404,0.6486026,0.99409133,0.6062465,0.64145976,0.9847685,0.6587068,0.5715146,0.9865978,0.68777275,0.72092533,0.77368224,0.7313564,0.66190743,0.99143386,0.78325033,0.769474,0.77920574,0.81328595,0.7619327,0.97333634,0.81104046,0.7844901,0.68163615,0.8308569,0.7828729,0.9385957,0.8126474,0.7845383,0.6660735,0.83433676,0.783882,0.9245311,0.80380064,0.777583,0.68402225,0.82879996,0.77768314,0.9226816,0.4169236,0.46012518,0.998835,0.47124603,0.4173653,0.99729,0.31300348,0.31902474,0.8635712,0.4659993,0.26633292,0.93629,0.21651988,0.19270548,0.9240955,0.40048084,0.37338758,0.29188538,0.20543933,0.164929,0.80395716,0.39979166,0.3907459,0.49869463,0.16143271,0.18577331,0.8922333,0.3528843,0.35844335,0.31114838
76075_aug.jpg,0.6033567,0.6570762,0.9986419,0.6091423,0.677405,0.99938726,0.6042774,0.68508935,0.9991122,0.59936446,0.69222295,0.9994295,0.6217224,0.656663,0.999148,0.6258187,0.64992696,0.9988907,0.629304,0.64365745,0.9994661,0.58392537,0.6980312,0.99935323,0.6228694,0.63734174,0.9995383,0.5802386,0.6604407,0.99841845,0.59639955,0.6367254,0.9969388,0.48944855,0.70243025,0.951945,0.59342617,0.55041975,0.98731416,0.5799789,0.7754902,0.955699,0.7044002,0.5862977,0.9918675,0.73041666,0.77600634,0.7256916,0.7621425,0.7326939,0.94489473,0.7639531,0.7839312,0.5247931,0.77784777,0.76817346,0.8415079,0.76556516,0.7827952,0.4921397,0.7763202,0.76748085,0.81259114,0.7554697,0.77706856,0.5247241,0.7679596,0.75726414,0.80832845,0.30985937,0.51358676,0.98616123,0.38700673,0.44588763,0.9787593,0.22895724,0.41087544,0.9274825,0.51244235,0.19094816,0.9249937,0.12817666,0.29978848,0.8611152,0.3632448,0.40856138,0.52528393,0.12048161,0.27429372,0.71765536,0.35050988,0.4362384,0.4748321,0.09710276,0.24382165,0.80778956,0.28757632,0.39368093,0.43429133
76140_aug.jpg,0.22276421,0.55099994,0.9999026,0.20842391,0.55028397,0.9996282,0.20807831,0.54773045,0.99961203,0.2080069,0.54503876,0.9996239,0.210525,0.557091,0.99975604,0.21168913,0.55932474,0.9997727,0.21297075,0.5615424,0.9998117,0.21532366,0.5414941,0.99929583,0.22073263,0.5649146,0.9998092,0.2353498,0.54298556,0.9994653,0.23792998,0.55295473,0.99969625,0.26181078,0.5017614,0.9988746,0.29400533,0.5678633,0.9991462,0.1775806,0.47746453,0.9831313,0.3255031,0.6333047,0.920058,0.07571986,0.4725689,0.98250705,0.3465866,0.69591945,0.8940389,0.04980138,0.47369635,0.96198124,0.34672022,0.71550775,0.8564833,0.04812172,0.47748226,0.9584951,0.34566274,0.71785814,0.87348706,0.055034697,0.47884533,0.96374243,0.34820765,0.71028787,0.89034265,0.46315786,0.47353852,0.99910766,0.4689778,0.5120794,0.9988839,0.6131471,0.44914407,0.9916781,0.49242005,0.5270158,0.97667867,0.77172434,0.40788037,0.9932934,0.6108582,0.47860345,0.959374,0.78504956,0.4023577,0.94810206,0.6187872,0.47665066,0.93396497,0.81037235,0.41035262,0.9869844,0.66029245,0.47575217,0.9666199
76691.jpg,0.28715456,0.49326998,0.9987626,0.27434164,0.48836058,0.9988433,0.27208656,0.48979712,0.9985373,0.26993233,0.49141878,0.99879897,0.27931026,0.48591837,0.99899656,0.28030083,0.4855914,0.9988134,0.28166634,0.48525998,0.99876523,0.26762998,0.5029368,0.99887127,0.28605,0.4928795,0.9990717,0.29179358,0.5038734,0.99896777,0.2967013,0.50178677,0.9986137,0.28835785,0.55604327,0.9978587,0.31627503,0.5364535,0.99854267,0.21788797,0.47918114,0.49790183,0.26516467,0.4511487,0.9742255,0.17209631,0.40449083,0.78910327,0.19245511,0.39420128,0.9802407,0.15351829,0.3881222,0.77664775,0.17492405,0.37669083,0.9648886,0.15604997,0.3854245,0.7732463,0.17280161,0.38041446,0.9585105,0.16392648,0.39188275,0.7759677,0.17882782,0.38727158,0.94484365,0.44136563,0.7104131,0.9999589,0.45332363,0.69403076,0.9997992,0.526446,0.805295,0.90366894,0.56212735,0.6880741,0.9505314,0.6046737,0.8947321,0.93295,0.5315269,0.7232517,0.65442157,0.60634506,0.9112386,0.9461079,0.50359976,0.7285426,0.82880604,0.65180993,0.92157054,0.8415209,0.5371392,0.7398729,0.57547593
76816_aug.jpg,0.5901415,0.17691323,0.9994516,0.5990378,0.16678229,0.99928683,0.60261595,0.16768125,0.99907506,0.6062657,0.16868582,0.999172,0.58653635,0.16370764,0.9994407,0.58175534,0.16263014,0.9992151,0.5770091,0.16163462,0.99932325,0.6083915,0.17751992,0.99893564,0.56887823,0.16739053,0.9988703,0.59360147,0.19192791,0.9996222,0.57876635,0.18707442,0.9998293,0.61237603,0.27795964,0.99738246,0.51603216,0.24560046,0.9996294,0.5775529,0.3864774,0.81981736,0.46078756,0.3505764,0.9073692,0.56445736,0.3233746,0.7525476,0.53323096,0.32707173,0.8579228,0.5509284,0.29201615,0.6607898,0.547652,0.31404638,0.7739536,0.55644035,0.28493237,0.6431786,0.54727525,0.30141157,0.7528302,0.55614346,0.29117933,0.5878378,0.5436198,0.30854726,0.68700135,0.5369382,0.46686876,0.99809366,0.4807775,0.4602935,0.9993217,0.59631264,0.5938967,0.9207774,0.4485998,0.63897115,0.9668192,0.4973874,0.5389437,0.49538594,0.4170057,0.8021468,0.97544825,0.48190445,0.5195031,0.5623585,0.4126412,0.82072234,0.9209106,0.46548834,0.5955405,0.57049453,0.39603484,0.8524615,0.95888084
77366_aug.jpg,0.5039402,0.25934696,0.9995326,0.51488346,0.24202204,0.99944407,0.52060145,0.24182746,0.99932337,0.52715975,0.24168622,0.9995128,0.49389368,0.2416915,0.9992843,0.48574278,0.2411457,0.9988016,0.47902957,0.24059159,0.9990318,0.5383798,0.2506806,0.9990404,0.4738351,0.24742788,0.99920505,0.51588714,0.27837723,0.998803,0.49370778,0.27560887,0.998133,0.5576358,0.3281526,0.9955379,0.45849892,0.32818967,0.98894846,0.58363855,0.20772514,0.9854489,0.44171286,0.20339319,0.9436599,0.5403048,0.087200254,0.92905164,0.4944371,0.09414926,0.8789678,0.5333786,0.059147567,0.85627127,0.5090989,0.065981686,0.7604576,0.52906233,0.05972901,0.8436543,0.51128644,0.067117244,0.73771167,0.5294507,0.070135534,0.83529407,0.50874656,0.07812002,0.75127894,0.5047853,0.59825885,0.9996388,0.4398775,0.5816183,0.99874336,0.48489967,0.770638,0.9765852,0.38408482,0.6886069,0.95412046,0.4642432,0.92388177,0.98753184,0.46310702,0.714747,0.6599138,0.45563886,0.94055223,0.92507297,0.47695893,0.7085649,0.636055,0.45474553,0.984522,0.9718542,0.46491888,0.7812995,0.6798107
77517_aug.jpg,0.63675106,0.5384862,0.97747165,0.63794416,0.54521286,0.9859908,0.63699466,0.54374117,0.98316747,0.6360431,0.5421904,0.9873261,0.6383597,0.55150056,0.96930635,0.63760066,0.5542551,0.9653153,0.6368052,0.55708027,0.97762644,0.62365603,0.5420365,0.9698824,0.6244431,0.5629109,0.9424396,0.62695193,0.53028136,0.96000576,0.6271086,0.5360292,0.94171935,0.5766697,0.49367273,0.9963362,0.5916495,0.5774275,0.99545777,0.54212034,0.43308505,0.6952338,0.6479105,0.6089968,0.57150465,0.55502564,0.42128772,0.28012618,0.70858836,0.65064406,0.729249,0.5562861,0.41075566,0.26439872,0.72037923,0.6645245,0.696527,0.55759674,0.4220295,0.2830281,0.71814394,0.664595,0.69365424,0.5569645,0.42710888,0.24937862,0.7144394,0.6561028,0.6420951,0.47487962,0.4043624,0.9998983,0.47740778,0.4386036,0.9995455,0.45748606,0.35309887,0.90891606,0.47352383,0.3590389,0.12759483,0.3464109,0.30410546,0.9381083,0.4193526,0.3203433,0.32915705,0.3251279,0.30140865,0.9360701,0.4019938,0.31896937,0.43999517,0.35204104,0.26088566,0.92315114,0.42532662,0.28918922,0.37541547
77529_aug.jpg,0.48232406,0.86205906,0.9999783,0.47280973,0.8770243,0.99997604,0.46736133,0.8771788,0.99997103,0.46408105,0.87741613,0.99997056,0.48970002,0.8780657,0.9999739,0.4954846,0.878711,0.9999652,0.50063753,0.87889963,0.9999722,0.45759833,0.87213576,0.99994373,0.50716263,0.8743065,0.9999764,0.47342739,0.84267545,0.999974,0.49335137,0.8431697,0.99996364,0.42950308,0.7616685,0.9994917,0.5454817,0.7709446,0.99941313,0.41705388,0.65110546,0.948424,0.58107924,0.6656801,0.9477282,0.4851621,0.7233931,0.92428935,0.50041664,0.717178,0.9262558,0.49297816,0.7498404,0.86957085,0.48921034,0.7423409,0.86184573,0.48949116,0.7572228,0.8598075,0.49288347,0.74892485,0.84610397,0.48688138,0.7505958,0.81494683,0.49471626,0.7414136,0.80185235,0.49083334,0.50739074,0.99948174,0.54513776,0.5188626,0.99789965,0.51687986,0.30700338,0.9076908,0.6453136,0.41598296,0.94143397,0.5450095,0.13315949,0.95569736,0.52442473,0.43886703,0.19275957,0.5509455,0.11364856,0.8535363,0.5084401,0.45884407,0.39722198,0.54650897,0.12714848,0.9552188,0.5133869,0.40038764,0.29086226
78287.jpg,0.26850063,0.65960854,0.99909127,0.2518511,0.6637213,0.99919695,0.24799156,0.65906376,0.99877864,0.24456826,0.65449077,0.9993055,0.2654068,0.67788076,0.9988655,0.27052766,0.68304986,0.9981487,0.27553123,0.6879627,0.99904436,0.24812603,0.64281315,0.9986349,0.28876454,0.6873462,0.999265,0.27359146,0.63902986,0.99868053,0.2885781,0.65667796,0.99729854,0.27721518,0.55945027,0.9947513,0.3679206,0.66935056,0.98552597,0.16499197,0.61637366,0.97165114,0.29128698,0.76774037,0.97769606,0.120808065,0.7221106,0.8557385,0.17156008,0.78011465,0.8574104,0.11006743,0.74668765,0.74305314,0.1437886,0.78574187,0.6948572,0.11554551,0.75031227,0.7122122,0.14251843,0.7825304,0.66098833,0.12352213,0.74465245,0.748718,0.14999944,0.77759665,0.7057738,0.4962943,0.419105,0.9973084,0.54608047,0.49972707,0.9901889,0.6579533,0.3356871,0.85863096,0.7313415,0.5867975,0.8390644,0.8311656,0.23169154,0.9157776,0.6163597,0.4580962,0.21088833,0.8548609,0.22811197,0.6693502,0.58049244,0.43915257,0.32010838,0.8835313,0.1797472,0.8324774,0.6574073,0.3914725,0.2131013
79263_aug.jpg,0.28897652,0.63847065,0.9989255,0.28474873,0.6483233,0.9992718,0.28666598,0.6503292,0.9992612,0.28853977,0.65236056,0.9990909,0.28001797,0.64243424,0.9988294,0.2787178,0.6399529,0.9988186,0.27759492,0.63747716,0.998696,0.2950286,0.650887,0.9994362,0.2815789,0.6286013,0.999281,0.29755205,0.63439274,0.99861205,0.29282644,0.62762344,0.99835485,0.3857893,0.64616895,0.99949074,0.3051918,0.53287727,0.9997366,0.3488846,0.75334483,0.9855541,0.1805031,0.54300344,0.9314589,0.23435703,0.6903776,0.21891391,0.21935108,0.6639254,0.5987714,0.21279502,0.70273453,0.14012061,0.20958993,0.6933244,0.49399057,0.22396106,0.69133836,0.14481357,0.22271949,0.6864364,0.49127585,0.23347595,0.68364275,0.16247845,0.2297228,0.67593753,0.467896,0.53454965,0.5095141,0.99997747,0.51715076,0.43866614,0.99998903,0.7158689,0.6161339,0.9646502,0.646038,0.36248344,0.87523925,0.5952855,0.46301824,0.29506612,0.69369483,0.3648845,0.5194042,0.56659883,0.44189772,0.28221735,0.6892874,0.36457646,0.46177232,0.5968037,0.4442186,0.1748267,0.7068505,0.35550016,0.29457656
79638.jpg,0.6693939,0.33252057,0.9997869,0.680659,0.32534876,0.99973685,0.6837253,0.32737643,0.99966586,0.686249,0.3292882,0.9997603,0.668631,0.3192744,0.9996532,0.66385424,0.31701022,0.9994985,0.6591227,0.31468946,0.99962187,0.68552905,0.3395434,0.9994336,0.6511908,0.31918252,0.9996131,0.6688044,0.34891045,0.99952567,0.65610474,0.3403839,0.99920326,0.67454034,0.40647888,0.9983053,0.60228515,0.36244878,0.99115795,0.75069946,0.33925706,0.9785921,0.6285228,0.2609027,0.96933156,0.8268242,0.26685038,0.951953,0.6759573,0.16278383,0.9622167,0.8464756,0.24961635,0.90476614,0.6842509,0.1340968,0.91549516,0.8464402,0.24469617,0.8997014,0.6898254,0.13269687,0.90907264,0.838662,0.24854827,0.9030862,0.6892794,0.14411715,0.91826725,0.52410233,0.5660229,0.9993851,0.48408198,0.5370004,0.9970702,0.4142785,0.69184947,0.974355,0.36212587,0.5432677,0.932596,0.3206888,0.8197285,0.9921599,0.4462382,0.60505706,0.7033593,0.309606,0.83350515,0.9396978,0.4657875,0.60781837,0.7348323,0.29297352,0.8468183,0.981244,0.43451977,0.66029984,0.74509573
8037_aug.jpg,0.15261203,0.63812995,0.99950933,0.1298168,0.63486755,0.99953413,0.12621653,0.62898695,0.9993839,0.12319949,0.6244927,0.9994404,0.1378864,0.654612,0.99922764,0.14057007,0.6617442,0.99893135,0.14291927,0.6669438,0.99905974,0.12465221,0.6164552,0.99938107,0.15040475,0.67180616,0.99938786,0.16645145,0.6199325,0.9997516,0.17700732,0.6425733,0.99931085,0.21529624,0.51756394,0.99902844,0.27706772,0.6828958,0.99218583,0.32442024,0.43789947,0.94681835,0.41204923,0.65570605,0.8817329,0.27261823,0.5703172,0.94968396,0.27948976,0.59924823,0.8412268,0.24315594,0.590043,0.8913875,0.23977767,0.6004196,0.7245515,0.2333104,0.59301704,0.8798541,0.23135382,0.6068799,0.6803807,0.24452542,0.5880461,0.8264773,0.2453943,0.60644114,0.614347,0.49677786,0.47847462,0.9994947,0.5137013,0.5808337,0.99783653,0.70569444,0.42529783,0.8954712,0.69209677,0.69670564,0.95724404,0.8999469,0.39291766,0.8758498,0.6219939,0.55638134,0.13690701,0.918292,0.40190795,0.768173,0.58009166,0.52649635,0.20738123,0.91079235,0.35688812,0.88024914,0.6518217,0.5149307,0.17171697
80642.jpg,0.25792688,0.6066557,0.9984415,0.23731029,0.60531384,0.9982583,0.23439291,0.59910226,0.9974171,0.23169926,0.5928605,0.99787056,0.24560586,0.6241635,0.998324,0.2482571,0.63093865,0.99733186,0.25097767,0.63774884,0.99795794,0.23725307,0.5826587,0.9980736,0.2590176,0.64449924,0.9977447,0.269415,0.5874614,0.9964772,0.27859768,0.6113179,0.9979153,0.29418895,0.50133485,0.9911226,0.35128647,0.66768587,0.9979032,0.14763755,0.4980932,0.9879133,0.23796892,0.75846696,0.99499124,0.075972974,0.6380471,0.9557061,0.09526068,0.6887166,0.9716508,0.041733444,0.66461796,0.8760661,0.054105937,0.6840527,0.91245294,0.045907557,0.67121154,0.8523427,0.05939448,0.6827189,0.8972212,0.062935054,0.66489613,0.8511359,0.07441622,0.68094826,0.8974676,0.54475987,0.4476891,0.9945967,0.6000894,0.5448942,0.99734735,0.558552,0.22245571,0.8682792,0.7573182,0.48030794,0.9115914,0.6400633,0.4263723,0.42401922,0.9091841,0.37436673,0.9043849,0.6380958,0.4566456,0.562671,0.9319537,0.35110274,0.8407638,0.7146459,0.45378727,0.37466195,0.97009104,0.36622694,0.7776854
81380_aug.jpg,0.4326161,0.7755644,0.99838996,0.4324733,0.775875,0.99846613,0.4359637,0.7753264,0.99881977,0.4396187,0.7750056,0.9986247,0.42336503,0.7739558,0.99786144,0.42022973,0.77179766,0.99783045,0.41671172,0.76954126,0.9975339,0.4472112,0.7607845,0.99808216,0.4100484,0.74873304,0.9978271,0.44437596,0.76604915,0.9954,0.4322775,0.763842,0.9947686,0.51144284,0.71898943,0.99879336,0.39127514,0.6938443,0.997922,0.5185356,0.80506206,0.8974279,0.38637877,0.77134097,0.81748426,0.5076623,0.9017049,0.935616,0.35005385,0.85640407,0.87395096,0.51768416,0.91580397,0.9388443,0.33015198,0.8657351,0.888487,0.5023378,0.91327465,0.937494,0.3450963,0.8691248,0.88556826,0.49536744,0.90840244,0.90478265,0.3535303,0.8653751,0.8518663,0.50942177,0.48710808,0.9999175,0.42668107,0.4809533,0.99980897,0.52789104,0.3536485,0.98703873,0.4589395,0.34018645,0.94244653,0.53297675,0.21215943,0.9911267,0.48983943,0.19940516,0.97014576,0.52740574,0.19395301,0.99500614,0.48842874,0.1849137,0.96730685,0.5590992,0.17230064,0.973011,0.5163912,0.17436564,0.920029
81889.jpg,0.38063538,0.48767096,0.9817903,0.36697438,0.48524973,0.9894204,0.364397,0.4801246,0.98662126,0.36210817,0.47442973,0.99157023,0.37412176,0.49887353,0.98173714,0.3761267,0.50329804,0.97026867,0.37817952,0.50749195,0.98225236,0.3605075,0.46599442,0.98427564,0.38039568,0.5131329,0.98786,0.3859577,0.47361213,0.9822411,0.39377987,0.48972934,0.96335334,0.39880043,0.41251078,0.9789788,0.43563187,0.527614,0.9716394,0.3044163,0.4430555,0.96305746,0.33885968,0.57047194,0.9615557,0.21921605,0.51761526,0.8286168,0.22961473,0.5569573,0.8997261,0.19974512,0.53219664,0.74006194,0.19943231,0.55609363,0.8064942,0.1994395,0.535977,0.70075834,0.20092267,0.55672836,0.7850605,0.20790353,0.5325189,0.7215948,0.21186483,0.55390775,0.8080349,0.62174636,0.3604524,0.9963438,0.6439286,0.4480208,0.98742723,0.7854494,0.32543638,0.92114687,0.7742701,0.5589198,0.95484495,0.92838633,0.3124411,0.9237143,0.70475507,0.41977578,0.2338642,0.94180024,0.32128072,0.6137508,0.6696179,0.40662625,0.31472698,0.97521436,0.30058098,0.82395196,0.74931526,0.38280898,0.19289431
81896.jpg,0.5634451,0.55282706,0.99919575,0.56879854,0.562611,0.99901557,0.5666154,0.5655768,0.9985032,0.56429076,0.56863177,0.99882716,0.57572365,0.5545294,0.99884015,0.57826793,0.55212826,0.9985411,0.58062434,0.5495577,0.99894387,0.5565274,0.570732,0.9980294,0.57851267,0.5413798,0.99871564,0.55096537,0.5525257,0.9975399,0.55928177,0.54226816,0.9971807,0.49970707,0.5635788,0.9969043,0.5495077,0.49961567,0.9964014,0.57584536,0.6197352,0.9804028,0.6303092,0.560381,0.9925438,0.6633665,0.6477858,0.9500119,0.67902035,0.63496804,0.9730646,0.6833141,0.6554818,0.88494617,0.6925477,0.6521274,0.9247773,0.6849467,0.6555723,0.87380743,0.692845,0.65264046,0.9164141,0.67828345,0.65247357,0.8720162,0.6875324,0.64811444,0.91968966,0.36004952,0.44722024,0.99937636,0.39644563,0.3979544,0.9991279,0.25843525,0.3671883,0.98366576,0.37335935,0.26374,0.9684058,0.1742046,0.29022667,0.9705065,0.3269428,0.18660459,0.9484351,0.16790806,0.27930665,0.81325614,0.32054567,0.18086457,0.8426616,0.13202408,0.26359558,0.9320517,0.3086967,0.1526779,0.9141604
82066.jpg,0.714791,0.57860744,0.99850166,0.7246833,0.59051484,0.99855155,0.7228006,0.59472215,0.9977691,0.7211385,0.5980015,0.9983677,0.7294042,0.5786792,0.99837744,0.7314232,0.57373554,0.9974927,0.7334135,0.56884,0.9980003,0.7097811,0.5983541,0.9987231,0.72686076,0.55977666,0.99712294,0.69809204,0.58102554,0.9981762,0.7060477,0.56579655,0.99795246,0.6439823,0.59088457,0.99603844,0.6840327,0.5152843,0.9982894,0.75667286,0.65132767,0.97707975,0.78258455,0.57163215,0.9853456,0.8706311,0.6763843,0.94102675,0.8790077,0.647027,0.95877564,0.9002553,0.68531346,0.8658926,0.9035629,0.66898406,0.9106934,0.9032177,0.6834387,0.84750485,0.90505993,0.66975075,0.8957144,0.8929801,0.6787519,0.85044956,0.8949231,0.66352785,0.89009863,0.45299664,0.4812475,0.9993507,0.4662112,0.42250046,0.99958247,0.33064577,0.5392297,0.79480016,0.2939946,0.36345577,0.93416256,0.3913318,0.43589613,0.37976032,0.12875298,0.2919259,0.95519084,0.41652888,0.42499974,0.4878197,0.105287224,0.2817095,0.8896138,0.36989588,0.3746616,0.43132293,0.075812906,0.25915933,0.9019968
82628.jpg,0.26057568,0.3316068,0.99598974,0.24951656,0.3246012,0.99368393,0.25038025,0.32208604,0.9925027,0.2512232,0.31973606,0.99267286,0.24565199,0.335208,0.99511033,0.24389094,0.34033167,0.9942483,0.24215464,0.345823,0.9953401,0.25378758,0.32549852,0.99193937,0.241491,0.35895205,0.99127465,0.27366173,0.33438098,0.99718446,0.27115738,0.34804398,0.99845207,0.33481503,0.34079528,0.9974412,0.28799176,0.42115337,0.9982358,0.4405374,0.34436882,0.9218525,0.33215514,0.51902956,0.9650404,0.39311972,0.4171592,0.7653316,0.3791491,0.44007778,0.8520616,0.3705455,0.41673908,0.6058857,0.37388843,0.42189193,0.72361887,0.36240023,0.412667,0.58794534,0.36596692,0.419011,0.69645905,0.36994198,0.4140563,0.4939381,0.36891666,0.42403245,0.5959024,0.46311268,0.4527553,0.99535686,0.44266623,0.49443597,0.99598974,0.58318985,0.44111776,0.9859891,0.58324564,0.5594866,0.9703884,0.61513066,0.554487,0.915374,0.6893718,0.62494385,0.972551,0.60508937,0.56219304,0.7928839,0.701913,0.6285242,0.82874274,0.6663986,0.6009654,0.8991321,0.7072056,0.64899313,0.9450284
83290_aug.jpg,0.36021438,0.65657914,0.9986363,0.34463298,0.6605665,0.99857163,0.34170246,0.6568534,0.9977564,0.33911926,0.6532384,0.9983708,0.35452622,0.6731066,0.99872416,0.35820204,0.6778636,0.9979557,0.36197817,0.6822909,0.99848,0.34035885,0.64424443,0.9983943,0.37258953,0.684534,0.9984043,0.36585194,0.6384752,0.99737144,0.37814093,0.655166,0.9982844,0.36760408,0.57020026,0.9849074,0.4506306,0.6804112,0.9986197,0.27886015,0.6396335,0.9836156,0.35471973,0.74626184,0.9930021,0.21829349,0.74417645,0.9564728,0.23658833,0.76881313,0.9789219,0.20519346,0.7678604,0.90423006,0.21083632,0.7753347,0.9404924,0.20508349,0.7699577,0.88766646,0.21007791,0.77574766,0.929319,0.21080276,0.76320064,0.88661784,0.21741924,0.77228034,0.92612183,0.5416261,0.45454857,0.9979449,0.61302084,0.5165687,0.9994236,0.48476315,0.26812202,0.9025236,0.73206943,0.39391065,0.9506131,0.60763645,0.42519498,0.53894687,0.83010054,0.2711131,0.9515966,0.61464745,0.45359567,0.6167862,0.8365481,0.24854451,0.8710608,0.68209434,0.4193315,0.49479628,0.865888,0.24146998,0.88607645
84390.jpg,0.32865587,0.17834456,0.9995803,0.32428986,0.16134779,0.999206,0.32794738,0.15860006,0.99895203,0.3311283,0.15649578,0.9989747,0.31183603,0.170445,0.99940777,0.30672938,0.17397577,0.9992428,0.30224067,0.17724396,0.99937075,0.33903384,0.15736285,0.99855226,0.3005314,0.18540962,0.9988248,0.34656072,0.18451521,0.9996494,0.33061743,0.19636698,0.9998367,0.4197867,0.21312258,0.9985789,0.34189874,0.27693495,0.9996904,0.5185781,0.28161785,0.89875597,0.3915791,0.39689213,0.87426585,0.437582,0.30486462,0.797288,0.44007838,0.3179686,0.8042863,0.41142267,0.28669503,0.66962737,0.43611264,0.28860548,0.71249807,0.40937242,0.28177226,0.647146,0.42529243,0.2846064,0.6882976,0.4146562,0.2843005,0.5955402,0.4268651,0.2920345,0.61915785,0.5572224,0.41781375,0.9974324,0.5161829,0.45254132,0.99884975,0.7186226,0.470745,0.75393677,0.65710497,0.5931014,0.9478637,0.6161926,0.5188332,0.24257801,0.77462757,0.71938944,0.9485767,0.5922833,0.5111556,0.31794295,0.78774035,0.7347541,0.85868084,0.6433127,0.58298147,0.34610975,0.8171793,0.7606681,0.9177181
85010.jpg,0.18178758,0.36382222,0.98815244,0.16788948,0.34620577,0.9937437,0.16766742,0.34016263,0.9956232,0.16695562,0.33226913,0.99501616,0.15796575,0.3602907,0.9889957,0.15517944,0.36437428,0.99022573,0.15180162,0.36762357,0.98863214,0.1621221,0.32357186,0.9966325,0.13784355,0.37545943,0.9897082,0.19222322,0.36876845,0.9938844,0.18576115,0.386127,0.9911212,0.26196405,0.33713388,0.99908686,0.016112924,0.4711172,0.99852306,0.36273608,0.3481838,0.41828606,0.030943692,0.54592055,0.47601312,0.3106997,0.40227568,0.48363385,0.15251729,0.42280447,0.32258394,0.32005003,0.42847925,0.49158472,0.19961241,0.4094621,0.32947543,0.28790197,0.4309479,0.4872043,0.18785599,0.38442057,0.33652702,0.285372,0.43108636,0.4842152,0.17740145,0.39686072,0.3223803,0.4356111,0.75269055,0.99848855,0.3157777,0.8389666,0.99573994,0.46512717,0.3850891,0.87715036,0.26716357,0.44567716,0.9490203,0.7514249,0.58705115,0.7283935,0.6491424,0.55058986,0.7050607,0.76912373,0.70629275,0.7785445,0.68879175,0.60953087,0.74623394,0.8392571,0.58399963,0.69522804,0.84066546,0.437621,0.68977934
85454_aug.jpg,0.7395989,0.49025562,0.9999733,0.758677,0.5002566,0.99994385,0.7594795,0.5061324,0.99994123,0.76000494,0.51282084,0.9999355,0.7564713,0.480458,0.9999113,0.7562709,0.4730481,0.9998846,0.7557782,0.46570545,0.9998838,0.75479317,0.52257407,0.9999354,0.7522638,0.45650226,0.99986947,0.72219133,0.5013966,0.99990153,0.721032,0.48019594,0.99984264,0.69281316,0.5614878,0.99985325,0.68905395,0.42909282,0.99820197,0.7663819,0.6104301,0.9941432,0.755621,0.36428392,0.99257493,0.8752278,0.6627834,0.9914281,0.8658297,0.31046095,0.98985565,0.90278625,0.687727,0.9758901,0.8968673,0.29455283,0.96628386,0.9079137,0.68596065,0.97550076,0.9075491,0.29863682,0.96504086,0.89995587,0.67607033,0.9764193,0.900281,0.30520546,0.9682948,0.42412087,0.52989393,0.99966896,0.4296627,0.4445271,0.999305,0.2686614,0.52249885,0.9903471,0.27394968,0.38866466,0.9936144,0.12787944,0.50811636,0.97929,0.14396796,0.46770018,0.9718748,0.11681038,0.5109129,0.81045365,0.1374065,0.48355308,0.8806025,0.056557268,0.49644113,0.96565586,0.06830683,0.46586174,0.9596837
85796_aug.jpg,0.40446624,0.23675701,0.99997747,0.40242982,0.22460951,0.9999759,0.4058308,0.22136413,0.99997556,0.4100528,0.21687369,0.9999615,0.39006317,0.23152404,0.999946,0.38555372,0.23305905,0.9999461,0.37872025,0.23440666,0.9999281,0.41872215,0.20966026,0.99997807,0.36841038,0.23455803,0.9999658,0.41859692,0.2486551,0.99999154,0.4050123,0.2553931,0.9999695,0.5117259,0.22859205,0.9999856,0.3524404,0.3219738,0.9996456,0.61587214,0.31366283,0.9959967,0.3448221,0.43587056,0.96954054,0.48602593,0.35069692,0.9740234,0.41938472,0.37560016,0.82851154,0.46243244,0.35545897,0.9428642,0.43638614,0.37049863,0.7528548,0.455135,0.35086584,0.93110436,0.43779433,0.3608685,0.6999046,0.45910525,0.35279277,0.8788681,0.43708658,0.36037916,0.60716814,0.53070647,0.4492117,0.9999695,0.4523752,0.48169547,0.99971646,0.57666594,0.58557916,0.97705007,0.31647372,0.6443555,0.9878591,0.6249646,0.73550606,0.98174584,0.48497188,0.5505075,0.54877436,0.6283899,0.7544167,0.9375407,0.5055411,0.51654935,0.6073963,0.6393516,0.76657945,0.96811587,0.5399652,0.572528,0.49868774
85812_aug.jpg,0.5094523,0.26129472,0.9998043,0.5137309,0.24761236,0.99973863,0.5181761,0.24654463,0.99969065,0.5226727,0.24585152,0.9997732,0.50202644,0.24980852,0.9996805,0.49806997,0.2500732,0.9994772,0.49460497,0.25053778,0.9995889,0.53103435,0.25171676,0.9996093,0.49380577,0.25775737,0.99960476,0.52040875,0.27512792,0.9995746,0.50587475,0.27551562,0.9994029,0.56453216,0.31174415,0.9993299,0.4894765,0.32360804,0.99569327,0.5765919,0.20894638,0.99432844,0.43900484,0.22452128,0.9157618,0.584765,0.10649988,0.98369783,0.41189513,0.12545681,0.93239814,0.5890406,0.07504502,0.9655815,0.40023762,0.10286766,0.88011277,0.5858662,0.07301059,0.96238005,0.4062322,0.09958023,0.8747993,0.5828068,0.08405429,0.9625647,0.41308933,0.10833451,0.8930221,0.5626986,0.53340083,0.9993781,0.5134003,0.53530407,0.9973896,0.5680397,0.69706225,0.97538054,0.4281364,0.61973834,0.93292046,0.57845384,0.8483174,0.9875595,0.5372951,0.6058582,0.628127,0.5767694,0.8682644,0.9377369,0.549389,0.5998654,0.70573336,0.5791686,0.890391,0.97645843,0.5655177,0.6684778,0.66716814
86192_aug.jpg,0.23588187,0.40681577,0.9995572,0.22310862,0.39482528,0.9991093,0.22480327,0.38913018,0.9987534,0.22690427,0.38276196,0.9992649,0.21732497,0.4133293,0.99902785,0.21538669,0.4201491,0.9986613,0.21382928,0.42677996,0.9993279,0.2358681,0.37464884,0.9979887,0.2164644,0.44139123,0.9995152,0.25653592,0.40194958,0.9989573,0.25149748,0.42312914,0.99919814,0.3293447,0.35122204,0.998133,0.27761853,0.51213723,0.99329513,0.2971503,0.22996551,0.9968923,0.17444801,0.5837908,0.9969988,0.19281793,0.31757736,0.95973974,0.13985994,0.43780285,0.89991796,0.154506,0.34428447,0.81241703,0.12288126,0.39640808,0.60728407,0.15588766,0.35196477,0.77208287,0.1297121,0.39535704,0.5456318,0.17120194,0.35176232,0.76332796,0.14205492,0.4060669,0.560248,0.56011885,0.48419115,0.9960995,0.5157053,0.5762949,0.99404716,0.72284997,0.569457,0.96065867,0.57973605,0.7265316,0.97403187,0.8587347,0.6223743,0.9726952,0.65676016,0.60414934,0.709611,0.8733467,0.6400042,0.7488638,0.64857787,0.5816331,0.551088,0.9297719,0.6451247,0.9476563,0.74131286,0.5967691,0.69924724
86372_aug.jpg,0.62099713,0.5580073,0.9983998,0.62559116,0.5727044,0.99908984,0.6224167,0.5766577,0.9988471,0.61896473,0.58046603,0.9992539,0.63339454,0.5621904,0.9978517,0.6358863,0.55893046,0.9968136,0.63810307,0.5557331,0.9981652,0.608436,0.5821738,0.9989832,0.6330139,0.55248344,0.99832636,0.6031064,0.5544433,0.99835336,0.61397856,0.543585,0.9949587,0.53502345,0.5783783,0.994672,0.6223324,0.48621175,0.98374015,0.61377954,0.6349605,0.96054536,0.69365513,0.556355,0.9654965,0.7136177,0.6799013,0.89233184,0.73893756,0.6492148,0.94957596,0.73671067,0.6908811,0.8336301,0.7480898,0.6709975,0.9074269,0.73703694,0.6898092,0.8164429,0.74746585,0.67187154,0.8981745,0.73120916,0.6853845,0.806449,0.7428566,0.6667056,0.897287,0.42182183,0.40174225,0.9991547,0.4775591,0.3533588,0.9952223,0.3413419,0.29297054,0.9505495,0.5618294,0.1890543,0.93887997,0.25493145,0.15534467,0.9823821,0.4321694,0.30783826,0.5695467,0.2470541,0.12750652,0.91756475,0.42610028,0.33089513,0.6250535,0.21514893,0.14069827,0.9657407,0.36496606,0.30155483,0.52472013
87705_aug.jpg,0.54741037,0.86043745,0.99995935,0.5428526,0.87687004,0.9999536,0.5378716,0.8781749,0.9999485,0.5343341,0.8793032,0.9999484,0.5602549,0.87260747,0.99994266,0.566545,0.8708631,0.9999316,0.571805,0.86923695,0.99994445,0.5261188,0.872633,0.99987316,0.5757236,0.8590057,0.99994063,0.5318366,0.8450035,0.9999585,0.5532083,0.8386166,0.9999316,0.45672378,0.77056926,0.9995733,0.5897164,0.7454767,0.9989723,0.4094807,0.6529446,0.9276774,0.5849188,0.6189271,0.9325134,0.49466288,0.7018147,0.91736573,0.51848143,0.69600093,0.90458065,0.5068633,0.72613835,0.8668816,0.50825006,0.72569805,0.8381782,0.51076114,0.73323655,0.85869575,0.5128958,0.734464,0.81601244,0.5063524,0.72491664,0.81004626,0.5149898,0.72466844,0.75443506,0.4458014,0.51994693,0.9996232,0.5141457,0.5099464,0.99884367,0.41899085,0.31803536,0.98330414,0.589203,0.36602676,0.99187416,0.39688674,0.13996965,0.9903714,0.4836092,0.4192322,0.5586942,0.39768368,0.1225175,0.9006161,0.47202703,0.44247237,0.5772004,0.38891658,0.0912908,0.9858235,0.4430743,0.36703652,0.6099855
88672.jpg,0.69020915,0.33919647,0.9996946,0.70257497,0.33122537,0.9996643,0.7071421,0.33423656,0.99951756,0.71078914,0.33672217,0.99976426,0.6864083,0.32344645,0.9994992,0.67966324,0.3212685,0.9990953,0.67387295,0.31965676,0.99951375,0.71276397,0.35049853,0.9994331,0.6657154,0.3281707,0.99959046,0.6934689,0.35964197,0.99949,0.6729163,0.35145536,0.99918777,0.7205885,0.44874433,0.9976846,0.601978,0.39924815,0.9877851,0.7954066,0.35490412,0.9898314,0.5921513,0.27279678,0.96745133,0.7359537,0.26303992,0.90992945,0.69966716,0.24334586,0.6872118,0.7334027,0.22886047,0.76667905,0.7248405,0.22274193,0.44719684,0.7297472,0.23045918,0.7329837,0.72365916,0.2287134,0.40212455,0.7265713,0.24454504,0.73324466,0.71519536,0.240096,0.45445094,0.5811287,0.6689268,0.9981712,0.5027441,0.6179426,0.9949066,0.48255306,0.84087986,0.91610223,0.33021894,0.6367233,0.94440514,0.39251208,0.9809507,0.9641962,0.4803347,0.71550703,0.43797716,0.37518597,0.9898484,0.8341817,0.5077562,0.7132931,0.46535695,0.37076014,1.0399573,0.9342072,0.48803905,0.8098333,0.45970935
8890.jpg,0.22645894,0.38669428,0.9997694,0.20471573,0.37841293,0.99984777,0.20330083,0.3754131,0.99983764,0.20190099,0.37249836,0.9998437,0.20598385,0.38050646,0.9997743,0.20566756,0.37921157,0.99970454,0.20530584,0.3781072,0.99974126,0.20540068,0.3476891,0.99975055,0.20954838,0.35383055,0.9997464,0.23983917,0.37688026,0.9995685,0.23978904,0.37955612,0.99934155,0.2612522,0.2976915,0.9995782,0.28761053,0.34241617,0.99950206,0.15357679,0.37475878,0.9478106,0.21848643,0.4250641,0.17838085,0.04538575,0.43871582,0.89669865,0.13940534,0.44994414,0.18049331,0.020173818,0.4271998,0.8679142,0.12576193,0.43983394,0.21460065,0.019456565,0.42122152,0.8589545,0.118420154,0.44050097,0.21385531,0.02910173,0.4254657,0.8318552,0.124149024,0.44693035,0.21395671,0.49952993,0.3489034,0.9998136,0.52590096,0.37772045,0.9999306,0.28752512,0.45459425,0.9764396,0.55925626,0.5691284,0.9774654,0.22811928,0.6397588,0.9848083,0.64741087,0.7322515,0.9878997,0.23307261,0.67607796,0.9707782,0.6739387,0.752249,0.97850674,0.14377338,0.6392365,0.9786943,0.6242952,0.78411543,0.9887177
88934.jpg,0.199792,0.48826867,0.99947125,0.19638103,0.47254288,0.9994715,0.20068988,0.46496302,0.9992908,0.20452675,0.45750692,0.99955326,0.18671164,0.497614,0.9995604,0.18513629,0.5067689,0.9993579,0.183801,0.5159163,0.9995078,0.22794318,0.45620286,0.99967575,0.19828624,0.534106,0.9997198,0.23292375,0.4814546,0.9991559,0.21850759,0.5143536,0.9994387,0.34778047,0.43832153,0.99819595,0.27581716,0.63422626,0.9994997,0.17759535,0.32986096,0.9934315,0.08296043,0.6142992,0.9957366,0.027084112,0.41111517,0.9397628,0.00851357,0.46208102,0.9610247,-0.0066354275,0.42161185,0.84781104,-0.017262459,0.4337223,0.8761405,-0.0066360235,0.42923087,0.8293817,-0.015702963,0.43322855,0.8573416,0.008541524,0.42882544,0.84277445,0.0020233393,0.43995708,0.8661619,0.6491244,0.55237114,0.99949586,0.63274974,0.698734,0.99970263,0.8115608,0.3035244,0.966289,0.8617686,0.75742984,0.9727098,0.7278264,0.5732603,0.33341092,0.8340115,0.7394955,0.40178084,0.6970989,0.5860836,0.24079362,0.86182284,0.76554954,0.2912933,0.7726009,0.6744243,0.23416503,0.9501365,0.7644253,0.31663546
89913.jpg,0.30525336,0.52070206,0.9996793,0.28316632,0.5161666,0.99989426,0.2785011,0.50838387,0.9998493,0.27466854,0.5009142,0.9998965,0.29834855,0.5370759,0.9998319,0.30375895,0.54404616,0.9997608,0.30876574,0.55003464,0.99987626,0.27978528,0.48139197,0.999856,0.31945294,0.54878664,0.99989533,0.31400695,0.496072,0.99978596,0.32862428,0.5230499,0.99942386,0.3234048,0.39193413,0.99034846,0.40976587,0.5631538,0.99576277,0.21197826,0.43529004,0.9663884,0.30800188,0.6414955,0.9946312,0.14470136,0.5692833,0.7349339,0.16040313,0.6177714,0.9466178,0.12140584,0.59906614,0.5273614,0.12411225,0.6160364,0.85265464,0.12267822,0.60304606,0.47690102,0.12453586,0.61515874,0.8172982,0.13293925,0.59617585,0.49268556,0.13791654,0.6124493,0.8094488,0.5825828,0.32329962,0.99859804,0.60742295,0.44349664,0.99555594,0.68039703,0.31167048,0.9635029,0.7582281,0.6601816,0.9387761,0.855613,0.2642539,0.9411209,0.6943915,0.43610525,0.35902354,0.890792,0.2679352,0.84273213,0.6409645,0.41225287,0.32679412,0.89983046,0.23745137,0.9243804,0.68719774,0.36672536,0.3343045
91621.jpg,0.43460143,0.73866045,0.99504155,0.42170596,0.74414325,0.99612194,0.41885084,0.7415807,0.99473464,0.41610926,0.7389859,0.9967526,0.42914212,0.75128615,0.9938769,0.43172947,0.7540244,0.988588,0.43424636,0.75667346,0.9924189,0.44624364,0.71534854,0.9937953,0.455576,0.73161656,0.9907527,0.43792984,0.72572386,0.9918356,0.4473347,0.7348856,0.9864514,0.4433192,0.6920922,0.99549145,0.48237383,0.7202493,0.9714813,0.45885757,0.68308187,0.7504019,0.48989958,0.71598816,0.26635578,0.43145356,0.7202568,0.6754627,0.43416363,0.7408935,0.26120847,0.42208034,0.7282726,0.66253275,0.41873032,0.74525,0.25248075,0.41865203,0.7306058,0.646709,0.41945463,0.7525675,0.2408533,0.42491198,0.7281848,0.6203187,0.42576075,0.74934316,0.24660914,0.5993123,0.55716956,0.9986066,0.61149925,0.5839184,0.9933868,0.70803565,0.46662927,0.82188874,0.67909575,0.5767446,0.3911333,0.79590774,0.35992023,0.8407864,0.66936934,0.50219953,0.104583286,0.7994976,0.3489982,0.8535317,0.66080016,0.4911248,0.25690532,0.81476724,0.32930169,0.7724304,0.6942833,0.48461965,0.12928236
91681_aug.jpg,0.6301502,0.72832686,0.9990872,0.639802,0.7351924,0.99910307,0.63964146,0.7391092,0.9984546,0.6393106,0.74233514,0.99895895,0.6404447,0.72305596,0.99916434,0.6407129,0.71861947,0.99853444,0.6408541,0.71403927,0.99888617,0.6325415,0.7486049,0.9989028,0.6332563,0.7091504,0.9980027,0.61758864,0.73682714,0.9984609,0.61918324,0.7220231,0.9987262,0.5730008,0.7661486,0.9927672,0.5740545,0.6848006,0.99830854,0.67433447,0.77526814,0.9834373,0.67841125,0.68934965,0.9721604,0.76393276,0.7438097,0.95171326,0.7640195,0.71879536,0.9156978,0.78859067,0.7383893,0.8929126,0.78677136,0.72548103,0.8363781,0.78987354,0.7375267,0.8773041,0.7885001,0.7257962,0.81446,0.78071237,0.7381816,0.8856236,0.78037345,0.7246256,0.82661074,0.37968457,0.7499224,0.9985514,0.37276018,0.6940924,0.9994803,0.2915327,0.84257424,0.6098145,0.22180858,0.72055393,0.9132192,0.3298436,0.74610174,0.10647106,0.077183515,0.7276265,0.92997974,0.33987236,0.7314997,0.17592326,0.06577715,0.729399,0.84016246,0.29453787,0.7145494,0.13667156,0.0452621,0.7279375,0.84925705
91757_aug.jpg,0.7253279,0.6508632,0.99925417,0.71871656,0.661137,0.9992105,0.712873,0.6635306,0.9986903,0.707049,0.66590333,0.9991178,0.7353189,0.6519866,0.99935824,0.74076194,0.64802676,0.99877816,0.7457124,0.64399445,0.9990901,0.6924485,0.66149604,0.9990609,0.74652505,0.6268871,0.9991479,0.7032912,0.6386832,0.9983884,0.7283873,0.62748,0.9991055,0.6241185,0.62125266,0.9889191,0.74783576,0.5441227,0.9981243,0.6736979,0.74232066,0.99270093,0.8204948,0.63002074,0.9852128,0.7787755,0.792012,0.9638759,0.8251979,0.7284142,0.94975686,0.80222034,0.7998728,0.9061951,0.8251573,0.75803375,0.88318837,0.80285954,0.7947166,0.89092624,0.8182226,0.7626793,0.8669501,0.7977009,0.7890165,0.88397545,0.81496716,0.7534121,0.87086254,0.52909714,0.42512342,0.9970408,0.6158684,0.36607543,0.99956864,0.30331272,0.44323212,0.93577904,0.5034541,0.23803979,0.9708685,0.4973979,0.36470127,0.43642116,0.38251075,0.108572036,0.944987,0.5085591,0.3722074,0.48712158,0.36017454,0.09249917,0.82640105,0.5023834,0.30226475,0.35024354,0.38206437,0.07062811,0.869994
93771_aug.jpg,0.264713,0.51004523,0.99883574,0.2531436,0.50145453,0.99879324,0.25325978,0.49650782,0.9984043,0.2536484,0.49155638,0.9986909,0.25215995,0.5149132,0.9985796,0.25153208,0.51986986,0.997957,0.25124925,0.5241265,0.99806446,0.26245955,0.4846157,0.9991597,0.2602765,0.52844584,0.99690753,0.28004736,0.50044817,0.9982394,0.2781344,0.5185382,0.9977837,0.3303485,0.46751878,0.9974438,0.32076806,0.553334,0.9983662,0.2058011,0.45165104,0.9836602,0.21127492,0.542298,0.98761195,0.09323755,0.46898448,0.95090604,0.09495953,0.5088397,0.96368235,0.06497681,0.47111395,0.88172793,0.06734094,0.49630278,0.92154765,0.06377593,0.4746404,0.86461955,0.06495687,0.4955073,0.9095584,0.0734238,0.47536954,0.87062705,0.07436365,0.49767298,0.9081093,0.5517178,0.49381167,0.9997069,0.56233424,0.5568203,0.99979705,0.6353946,0.39831874,0.90906537,0.74319696,0.55099595,0.95816314,0.62355715,0.5140048,0.5417921,0.91813666,0.5532654,0.9746516,0.59777784,0.5314507,0.6407075,0.9387418,0.5491721,0.9350743,0.6716895,0.5539181,0.6134511,0.97161186,0.5660344,0.94970495
94296.jpg,0.37245265,0.25766623,0.9993705,0.38283512,0.24994755,0.99935406,0.38954636,0.24990529,0.998889,0.39550918,0.25007647,0.9993185,0.3625867,0.25234857,0.9995302,0.3553176,0.25400972,0.99917454,0.34889305,0.25559357,0.9994697,0.40598446,0.2624029,0.99915195,0.3418511,0.2692152,0.99936694,0.3883847,0.27450493,0.9981211,0.36068454,0.27673763,0.99903166,0.45494676,0.3254496,0.9872673,0.29916787,0.34592083,0.9984536,0.4598828,0.20022565,0.9765173,0.28110626,0.23474461,0.9823263,0.39203143,0.10918933,0.93062025,0.33106723,0.13518003,0.9372761,0.38184077,0.08214396,0.85927045,0.3453205,0.109609365,0.842953,0.3786387,0.084674865,0.83423823,0.34790367,0.1108492,0.8199187,0.37885502,0.0979279,0.8337638,0.34561902,0.12175411,0.81975704,0.4407165,0.55016786,0.9987903,0.33661804,0.56173545,0.9997758,0.64682335,0.6422257,0.91674626,0.36672056,0.7244592,0.9721629,0.44531965,0.61183393,0.30946517,0.4086254,0.8812057,0.95554674,0.4248597,0.60340834,0.38766712,0.42094538,0.90319866,0.8547243,0.40267238,0.6664321,0.24719143,0.40607366,0.9317602,0.8928378
94525_aug.jpg,0.2250709,0.49289787,0.99964154,0.21723515,0.48055533,0.9996362,0.21929926,0.47592735,0.9995431,0.22134808,0.47194856,0.99970883,0.21182364,0.49454176,0.9993705,0.21003649,0.49948937,0.9989122,0.20853642,0.50391495,0.9992711,0.2341148,0.47143498,0.9994867,0.21568891,0.5118539,0.99939656,0.24385594,0.49022967,0.9995448,0.23605473,0.5076268,0.9990941,0.31701952,0.4758495,0.99935025,0.27397987,0.5666068,0.99361414,0.22467116,0.4101806,0.9911239,0.15515286,0.53687215,0.96632415,0.12875563,0.34751686,0.9775817,0.03819254,0.48270968,0.9580621,0.10138914,0.33113816,0.955475,0.0066305697,0.47628188,0.91240305,0.09713149,0.33540955,0.95000553,0.008792102,0.46532136,0.90411943,0.10433623,0.343098,0.95000213,0.021362185,0.4641229,0.9191334,0.530385,0.61767775,0.9996743,0.49478975,0.6710695,0.9981773,0.6953956,0.7147966,0.97152877,0.5414457,0.81372595,0.95336056,0.8523526,0.8146413,0.9906232,0.5755812,0.6978974,0.542299,0.8637217,0.8240428,0.8999149,0.5732545,0.67690825,0.62627155,0.892655,0.84445155,0.97360283,0.63439035,0.6972399,0.5573911
9527_aug.jpg,0.3302706,0.2331639,0.99985623,0.32961702,0.2114738,0.99968636,0.335006,0.2072306,0.999577,0.33985656,0.2034603,0.9995728,0.31192794,0.22422037,0.99987876,0.30585778,0.22811079,0.9998429,0.2999406,0.23202744,0.9998505,0.3499179,0.20510879,0.99959224,0.29388237,0.24577537,0.9999008,0.3522566,0.24209219,0.9999291,0.33152932,0.2560611,0.99997985,0.4676962,0.2638371,0.9995757,0.28671667,0.37358993,0.99988747,0.58597654,0.31008393,0.9956605,0.24358518,0.5177566,0.9905732,0.4482486,0.38458186,0.9713797,0.37479863,0.42287713,0.9469745,0.41257048,0.37178135,0.91320837,0.38487947,0.38263708,0.856703,0.40818983,0.37012428,0.89372313,0.38398266,0.37777334,0.81812286,0.41698247,0.37682348,0.8214335,0.38404965,0.3870719,0.71458375,0.5496063,0.48241374,0.99639964,0.4513599,0.56067395,0.99953496,0.7892374,0.45628026,0.98078096,0.5364305,0.67834145,0.9891361,0.5673327,0.5581477,0.69379413,0.68348557,0.8145261,0.9786128,0.53620833,0.56353784,0.51478994,0.7076232,0.8303522,0.8942579,0.56346524,0.6558043,0.590905,0.70284855,0.86940193,0.958576
9528.jpg,0.43094647,0.69816256,0.9981687,0.41788864,0.70744944,0.9982174,0.41333795,0.7046191,0.99702364,0.40902677,0.7016783,0.9979296,0.4341038,0.7158006,0.9984957,0.44004032,0.71874595,0.9975762,0.44539922,0.7215426,0.9982217,0.4074011,0.69249743,0.9981865,0.4575873,0.7197538,0.9985367,0.42887107,0.6793723,0.99694186,0.44752806,0.6910215,0.9982449,0.40602648,0.6115781,0.9868051,0.5262788,0.6815556,0.9990139,0.34941489,0.71532524,0.98158157,0.46092284,0.7820492,0.9904987,0.33691454,0.83205724,0.937234,0.3649879,0.8511764,0.9632474,0.331663,0.85949194,0.86487645,0.3414505,0.86691207,0.89636827,0.33350825,0.8617771,0.84205174,0.3414046,0.8675222,0.8781085,0.33698535,0.85329443,0.8470994,0.34702224,0.86076844,0.874712,0.52331394,0.43889564,0.9982058,0.6130972,0.46634609,0.99955255,0.39196765,0.28370774,0.86663693,0.6785921,0.30628687,0.95054334,0.56235707,0.38348064,0.26502594,0.71788865,0.15132102,0.9183484,0.5769249,0.4108991,0.3407624,0.71520245,0.13145095,0.791336,0.6216931,0.37774318,0.23711084,0.7417444,0.10568458,0.8343333
96168_aug.jpg,0.4138928,0.401302,0.99999404,0.4150687,0.3943087,0.9999913,0.41728157,0.39240193,0.99998987,0.41966295,0.39028654,0.9999914,0.4113338,0.39909738,0.99998736,0.4106143,0.40084368,0.9999845,0.40973115,0.40259022,0.9999876,0.43505955,0.39171845,0.9999814,0.41772595,0.40994626,0.99998474,0.42456028,0.4050812,0.99998224,0.41903433,0.41183597,0.99997544,0.4993334,0.39069933,0.99917006,0.4380591,0.4811023,0.9993512,0.46127862,0.31636256,0.9954482,0.3629904,0.4646929,0.99375015,0.40980375,0.23889041,0.98771995,0.27608636,0.43220517,0.9791045,0.39465374,0.21814194,0.9643262,0.2484676,0.42549345,0.9387936,0.38786736,0.22088295,0.96324956,0.24635443,0.4185912,0.93711174,0.39242613,0.23083687,0.96510416,0.25643435,0.4204799,0.9478134,0.63912386,0.52470404,0.9990734,0.61118954,0.57175076,0.9990005,0.7299732,0.5975758,0.95992905,0.64571327,0.60866594,0.9805921,0.794427,0.670924,0.976214,0.72532946,0.54818994,0.9267974,0.7950933,0.6750245,0.9419154,0.72980255,0.5341535,0.8476121,0.83498544,0.6902499,0.9489332,0.7737517,0.54393196,0.86117417
963_aug.jpg,0.6282598,0.340751,0.99998045,0.63920677,0.33730447,0.9999528,0.64137846,0.3398739,0.9999486,0.64391667,0.34292832,0.9999459,0.6310869,0.3297212,0.9999304,0.62775254,0.32731372,0.9999207,0.6242116,0.32483053,0.99991643,0.6437028,0.35310608,0.99992263,0.61729586,0.3281529,0.9998312,0.62555945,0.3551457,0.99997795,0.61494404,0.34550732,0.9999678,0.6064796,0.43700942,0.9998603,0.54360753,0.3841835,0.9997149,0.5424309,0.51056176,0.88344157,0.47645092,0.45887515,0.8895373,0.49752522,0.5877737,0.81177634,0.40328062,0.5183768,0.8167792,0.48955065,0.6118144,0.71410495,0.3807802,0.53219515,0.74108946,0.48372352,0.6100545,0.7328068,0.38146242,0.5373105,0.7630848,0.48603278,0.5997615,0.7149903,0.38992882,0.5323782,0.7625228,0.47737506,0.553671,0.9993755,0.44217172,0.52258795,0.9991848,0.38395387,0.65951645,0.8786004,0.35910758,0.6414776,0.7963777,0.29726475,0.75369453,0.8440471,0.2836643,0.7492894,0.84663683,0.2892625,0.7598924,0.59503525,0.27553177,0.76054156,0.57451546,0.27508816,0.78361857,0.83376664,0.25958845,0.7743021,0.8434006
96748_aug.jpg,0.7305914,0.53378,0.99916124,0.73982704,0.5450376,0.99927527,0.7379757,0.5494881,0.998703,0.7361848,0.5543346,0.9990426,0.74495494,0.5277091,0.99939275,0.7463888,0.520611,0.9990392,0.74772465,0.51357454,0.9993161,0.7255202,0.55617607,0.99880934,0.7404938,0.49864057,0.9991498,0.71105707,0.5404879,0.9978388,0.7184367,0.51736027,0.9989373,0.63647175,0.5797497,0.9876621,0.66542435,0.43406412,0.99878687,0.76240337,0.609499,0.9837841,0.78967506,0.4686037,0.9895047,0.88275665,0.59734625,0.9485946,0.8870902,0.54464,0.9460231,0.9184197,0.6006608,0.88291854,0.91352504,0.56513613,0.853086,0.9197038,0.5959089,0.86252415,0.91472626,0.5657678,0.83259386,0.9065305,0.5912751,0.8692608,0.9029657,0.5602967,0.8371487,0.4182548,0.52854407,0.9979982,0.4253568,0.42293635,0.9995679,0.28986818,0.6693365,0.8521807,0.25572413,0.3938602,0.973585,0.3224167,0.55926144,0.18639183,0.067643255,0.37701616,0.9699005,0.33871123,0.53096575,0.25880995,0.040507704,0.38339373,0.8693431,0.24983793,0.5248913,0.16325247,0.020353407,0.33906236,0.9098125
96963.jpg,0.25411254,0.65281045,0.96715707,0.23015502,0.6491323,0.9607052,0.22947747,0.6468503,0.9656074,0.22881821,0.64459956,0.97113246,0.2287972,0.65025675,0.95948637,0.22728837,0.6489154,0.96640533,0.22588527,0.64781547,0.9715598,0.22942877,0.617627,0.9511014,0.22638497,0.62444377,0.9718321,0.2730538,0.6352602,0.97481626,0.2719091,0.6378741,0.960293,0.3037484,0.5587696,0.9963123,0.29791528,0.5515211,0.9962035,0.3932437,0.69727224,0.9324349,0.37231323,0.6691175,0.25725853,0.4610464,0.8254423,0.9466218,0.4289647,0.798389,0.42581603,0.4398424,0.8482603,0.9443289,0.40563372,0.81394637,0.45420527,0.42202765,0.8429301,0.93860596,0.4030958,0.81864434,0.45376027,0.43294102,0.8372513,0.90919375,0.41283193,0.8157836,0.4641217,0.51988405,0.35022265,0.9888965,0.49982554,0.36750528,0.98703164,0.63829947,0.55524963,0.9465391,0.6218145,0.55653167,0.21781927,0.808385,0.68837345,0.96300006,0.7815694,0.6790901,0.25685945,0.8619106,0.6817743,0.93628293,0.80895877,0.693498,0.34204334,0.8151374,0.773642,0.9379915,0.7972153,0.75011325,0.34386802
97356.jpg,0.5244793,0.50019956,0.9916033,0.526409,0.5094221,0.98817015,0.5238586,0.51133573,0.9872126,0.52140486,0.5128888,0.9877949,0.5306817,0.502957,0.98695314,0.5311426,0.5005992,0.9870144,0.5315722,0.49837908,0.9891867,0.5109874,0.51421326,0.99038446,0.5270444,0.49730408,0.9843975,0.51295227,0.4994123,0.99428326,0.5180201,0.49290106,0.9920844,0.45241922,0.4983143,0.9979475,0.48620093,0.45976657,0.9980513,0.39753842,0.44992214,0.32104027,0.4412464,0.4124279,0.31181383,0.3698341,0.40008894,0.21955726,0.42678675,0.3685001,0.3871294,0.3579561,0.38463676,0.22478661,0.42184964,0.3503366,0.42724115,0.36129582,0.38687032,0.222527,0.42393228,0.35259733,0.43171948,0.3673095,0.39239287,0.19242871,0.42529353,0.36175814,0.3993204,0.34835485,0.42529786,0.99778026,0.37075654,0.38275182,0.99811965,0.25409922,0.36220604,0.9818547,0.2766938,0.3200231,0.9526333,0.1694163,0.28858513,0.9705054,0.17640504,0.2788706,0.9554529,0.16345555,0.28196457,0.8129954,0.16726185,0.27668333,0.7817824,0.13246344,0.2614165,0.9492411,0.13961487,0.25174254,0.9250598
97955.jpg,0.35187075,0.6798382,0.99996734,0.3399902,0.68646944,0.9999527,0.33708066,0.6843324,0.9999517,0.3344503,0.68217516,0.99996245,0.34816954,0.6931,0.99994004,0.35113066,0.69577897,0.9999155,0.35371518,0.6979456,0.999923,0.33314842,0.67514825,0.99993277,0.3573456,0.69511425,0.99989104,0.35320458,0.66391003,0.99996305,0.36353612,0.6727779,0.9999006,0.3529804,0.59897476,0.99991715,0.413838,0.64187473,0.99858034,0.37502456,0.53243,0.98434746,0.48004788,0.60457814,0.82058495,0.42766836,0.57681733,0.9596845,0.4224493,0.5882007,0.80309534,0.43870288,0.57416415,0.91560537,0.40605155,0.5967428,0.72334194,0.43167448,0.5953659,0.91210234,0.40395343,0.5997576,0.703387,0.4293316,0.5911035,0.87308204,0.40857926,0.59737474,0.65107566,0.5097685,0.4505274,0.9994529,0.53752023,0.4845652,0.99783945,0.5985612,0.34690517,0.9669968,0.6496693,0.47021434,0.9620784,0.688302,0.23863298,0.98649293,0.6034403,0.37208262,0.60086966,0.70142716,0.22529832,0.9178784,0.57301885,0.36600208,0.67083424,0.71571547,0.21887204,0.97993624,0.6272215,0.3387397,0.65477335
98381_aug.jpg,0.6689246,0.33262324,0.99999213,0.6809417,0.32656407,0.9999876,0.68351626,0.32866108,0.999987,0.68612576,0.3308035,0.9999882,0.67305434,0.31969237,0.99998546,0.67047215,0.31751773,0.9999801,0.6680328,0.31556773,0.99997985,0.6855194,0.33731437,0.9999821,0.6614045,0.3174591,0.99998116,0.6644846,0.34657055,0.99999344,0.65587974,0.33794978,0.9999845,0.65699494,0.41513056,0.99996054,0.5939306,0.36290318,0.99955267,0.6259122,0.4816954,0.98841584,0.51972896,0.39232293,0.92262834,0.57918465,0.4294486,0.9768792,0.58054817,0.41428995,0.91673815,0.57599986,0.41488206,0.94822776,0.5987082,0.40891004,0.8675149,0.58109653,0.41066444,0.9458655,0.6024396,0.4054307,0.8534766,0.58191735,0.41476142,0.9182435,0.5963575,0.40865928,0.80755144,0.48184666,0.5389201,0.9998541,0.45714137,0.50630087,0.99942255,0.3750081,0.6404481,0.97987944,0.34531486,0.50725704,0.98206425,0.27459827,0.7420132,0.9872493,0.37296706,0.5947097,0.50147414,0.25655618,0.7522313,0.93285865,0.38817102,0.60165775,0.57266015,0.258456,0.7583281,0.97981024,0.3566565,0.6249652,0.55191666
99787.jpg,0.49086532,0.12050423,0.9999409,0.5004457,0.0999881,0.9999237,0.50645393,0.099340856,0.9999119,0.5113128,0.09868479,0.99992,0.48067164,0.10100648,0.99988794,0.47386104,0.10132766,0.9998524,0.46738905,0.101753324,0.99987924,0.5185575,0.10371089,0.99986434,0.46116695,0.109026134,0.99988294,0.5035672,0.13693297,0.9999424,0.48057258,0.13717526,0.99984705,0.5832568,0.22043854,0.99977213,0.40599713,0.22185221,0.998264,0.61145043,0.35563987,0.96833235,0.38321644,0.3621665,0.9070874,0.51337063,0.27119738,0.96723044,0.47432607,0.26318577,0.8867416,0.5002974,0.24032983,0.9268753,0.48886657,0.23106423,0.80161977,0.49985012,0.22851127,0.92002416,0.48511705,0.2204569,0.7673151,0.50207335,0.23698278,0.8833593,0.4804962,0.23142895,0.70537925,0.5118391,0.5010657,0.9996136,0.41720417,0.48223162,0.9986512,0.49094993,0.7130122,0.97213846,0.24846022,0.60754174,0.99231684,0.45240062,0.9073883,0.9804751,0.4270353,0.6079184,0.46217686,0.43931246,0.9293524,0.8791534,0.46503225,0.58454514,0.4800925,0.47111434,0.96894526,0.97345936,0.47897115,0.67210865,0.46408135
