10170_aug.jpg,0.49460122,0.27432683,0.9999733,0.51120245,0.26725984,0.9999839,0.5130378,0.26881915,0.99999106,0.5150346,0.27091312,0.99998784,0.51110816,0.26685342,0.9999732,0.51256293,0.2677814,0.999979,0.5141656,0.269038,0.99997497,0.52513874,0.29235095,0.99998045,0.5247369,0.29031676,0.9999809,0.4951173,0.29137856,0.99990904,0.49375436,0.28982934,0.9998946,0.5067628,0.35905033,0.9998888,0.5144544,0.36280355,0.99931574,0.5024015,0.22305694,0.9980623,0.5101079,0.25097817,0.4821979,0.53364724,0.10528892,0.9824615,0.5359286,0.13085058,0.6517538,0.5403795,0.077991664,0.9742905,0.544078,0.10749912,0.7172708,0.5516292,0.08429587,0.96795326,0.55381674,0.10967049,0.7132588,0.5505927,0.09541285,0.9575635,0.55144644,0.11920589,0.718169,0.4529662,0.60429233,0.9994894,0.48881918,0.608912,0.9990233,0.27895355,0.69558275,0.9991786,0.5663594,0.7686995,0.91962934,0.22305226,0.8904212,0.9979982,0.6651118,0.9106536,0.8855321,0.23506469,0.9162306,0.99743444,0.69147086,0.93290854,0.92170835,0.16510454,0.91661716,0.99631363,0.6362097,0.9363016,0.90242857
10486_aug.jpg,0.5578207,0.53222543,0.9997067,0.56688297,0.5319319,0.99951017,0.5670718,0.5312588,0.9993886,0.56725097,0.5306196,0.99954045,0.56671494,0.53099215,0.99954635,0.56690615,0.5295499,0.999479,0.5671447,0.5280716,0.9993882,0.56521183,0.5178462,0.9992656,0.5648598,0.5147311,0.9993648,0.5494733,0.5249076,0.99912375,0.5493615,0.5231677,0.9987288,0.53183794,0.4964519,0.9990332,0.5329232,0.48222625,0.999393,0.5587081,0.56391543,0.31863365,0.5652039,0.5555751,0.9809124,0.5994183,0.60686994,0.5407605,0.6066164,0.60884434,0.96624446,0.6098949,0.61457384,0.51489204,0.6182275,0.6204119,0.9501053,0.61357325,0.6153716,0.5228175,0.6215131,0.61859506,0.93926334,0.60976535,0.61148095,0.554558,0.6177318,0.6140324,0.91146964,0.43966457,0.37825304,0.9999336,0.4520839,0.3621336,0.9998894,0.34007412,0.3573631,0.92223203,0.44954258,0.26430935,0.9981042,0.30833262,0.30851793,0.94123393,0.4889018,0.19956097,0.9909957,0.30154097,0.2992766,0.88725346,0.4987601,0.19198391,0.961722,0.28163874,0.2976506,0.92443573,0.4763113,0.17345485,0.9739852
11196_aug.jpg,0.31409094,0.5245689,0.99977,0.30641866,0.51149404,0.9998375,0.3075618,0.5099585,0.9998087,0.3088047,0.5083622,0.9998398,0.30647007,0.5110299,0.99973506,0.30752802,0.5091992,0.99957865,0.30852497,0.50731546,0.9996581,0.32717285,0.4951874,0.9998011,0.32611772,0.49401438,0.999569,0.3295841,0.52467984,0.9985598,0.32885554,0.52430856,0.9977584,0.3845842,0.50155187,0.9990765,0.38641173,0.4972089,0.9918568,0.2624198,0.5198334,0.998097,0.27112424,0.5095824,0.23269299,0.1578013,0.5073118,0.9903301,0.17038363,0.5045218,0.53288275,0.1344789,0.5035824,0.9780944,0.1404947,0.4992759,0.5246576,0.13619536,0.4937684,0.9736245,0.141772,0.4921147,0.5123934,0.14369267,0.49442735,0.96808875,0.15292817,0.49334803,0.559932,0.6145708,0.4931947,0.99941206,0.6091057,0.5231477,0.9996239,0.74540067,0.36812365,0.9975667,0.66324437,0.6887187,0.97937644,0.84119964,0.24013203,0.9939021,0.8425485,0.68855417,0.9705394,0.85499585,0.20656002,0.96377754,0.8686181,0.6723208,0.97117597,0.8884537,0.2802986,0.9851989,0.88032204,0.77014613,0.9346852
11268_aug.jpg,0.43874702,0.5669513,0.9999702,0.4450692,0.58188,0.9999765,0.4462638,0.58196545,0.9999765,0.44749463,0.58202195,0.9999846,0.44633946,0.5816219,0.9999819,0.44838467,0.5815588,0.99998283,0.45057768,0.5815536,0.999985,0.4654687,0.57315266,0.9999752,0.46722367,0.5747415,0.99997723,0.44570664,0.5542422,0.9998834,0.44646302,0.55289274,0.9998423,0.50432885,0.504133,0.99863297,0.4867237,0.5145899,0.9997104,0.469278,0.59256244,0.14531608,0.43978658,0.6072496,0.98386234,0.4414526,0.6876162,0.37980694,0.42553106,0.71547675,0.9798324,0.44381383,0.7159888,0.4315775,0.42319167,0.7446513,0.97762793,0.4441247,0.71846354,0.41651377,0.4310143,0.747211,0.97073245,0.44322413,0.7093358,0.44844407,0.43231985,0.7386012,0.9571682,0.5259258,0.2910905,0.9997813,0.4746142,0.2997787,0.99989307,0.6476793,0.1878015,0.9940154,0.27007657,0.26099372,0.9981699,0.77637345,0.08318685,0.984869,0.23958153,0.07769632,0.99605113,0.8185301,0.05964163,0.9852998,0.25736374,0.048039317,0.9949485,0.77282935,0.04302025,0.97101,0.14479676,0.024763048,0.9889404
11287.jpg,0.22541586,0.47949052,0.99891865,0.22108355,0.4728834,0.9981501,0.21929845,0.4722267,0.99824786,0.21733487,0.47150326,0.9974395,0.226924,0.47374928,0.99862206,0.22921427,0.4730567,0.9987502,0.23073535,0.4730833,0.9979759,0.21653515,0.46954244,0.9985703,0.23419154,0.47228163,0.9984755,0.22566283,0.47968966,0.99710506,0.23284331,0.48176277,0.996507,0.21640426,0.47131217,0.99998546,0.29622397,0.4609802,0.99991333,0.13747406,0.48971763,0.9513985,0.3542662,0.46759963,0.2660994,0.064584404,0.5103958,0.9815182,0.39774975,0.49179086,0.19079493,0.035211176,0.51623404,0.974345,0.41035298,0.48790318,0.2707225,0.03290811,0.51246226,0.971762,0.40745842,0.5001316,0.2412671,0.043551534,0.5122467,0.9618062,0.40137395,0.5045221,0.21749122,0.32430166,0.5251163,0.9999988,0.33535197,0.5145398,0.9999893,0.45118618,0.45156756,0.9950525,0.28886926,0.6668497,0.98514706,0.56649137,0.39263815,0.9955819,0.2505282,0.7693722,0.987387,0.5872696,0.39212325,0.9954399,0.25431982,0.78347576,0.9918429,0.59101367,0.3639411,0.9901191,0.20402339,0.7898565,0.97015125
11356_aug.jpg,0.6150948,0.58531266,0.9997038,0.6339615,0.58271897,0.9998685,0.63601655,0.5804851,0.9998047,0.63826656,0.57827747,0.999821,0.633035,0.5832107,0.9998367,0.63422656,0.58121336,0.9997744,0.63557124,0.5790627,0.9997602,0.64322895,0.5557374,0.99973124,0.637571,0.5579222,0.9997602,0.6072525,0.5727611,0.99935573,0.6071958,0.5715862,0.9992422,0.60302174,0.4940151,0.9981377,0.5833031,0.5108069,0.9993856,0.717881,0.5454339,0.2851899,0.6800933,0.60243165,0.9561375,0.81237996,0.5977666,0.7221504,0.7988869,0.6414981,0.9826684,0.8451729,0.5958433,0.7635435,0.8284553,0.65757203,0.9807757,0.84677505,0.6026303,0.76183224,0.83721024,0.64798903,0.9778175,0.8354975,0.602749,0.76940995,0.82431495,0.639282,0.96130514,0.37759998,0.4373523,0.9997433,0.37644705,0.39681378,0.9998468,0.29270086,0.5843692,0.9885572,0.3429705,0.20103636,0.9995598,0.15673256,0.53265077,0.98571104,0.3526712,0.022384793,0.99864453,0.14096928,0.50420433,0.9525838,0.3683296,0.021073014,0.98440707,0.09502259,0.5784254,0.96419626,0.33085546,-0.0007645786,0.9931292
12632.jpg,0.5173724,0.32744762,0.99968445,0.52952135,0.33172458,0.99975175,0.52995586,0.3334035,0.9997408,0.53033876,0.33522114,0.99977046,0.5299109,0.3316503,0.9996101,0.5305973,0.33324283,0.99945647,0.5313171,0.33501527,0.9995035,0.5283198,0.3518199,0.999775,0.52980584,0.35130593,0.9993237,0.5090813,0.33526832,0.9986487,0.50890493,0.3349269,0.9979798,0.47503138,0.3863169,0.9990514,0.47502688,0.389313,0.98787713,0.55397487,0.32501704,0.9976496,0.54645073,0.33393034,0.15019129,0.6346896,0.2845791,0.9880877,0.6118966,0.29485324,0.4931734,0.6565293,0.2787904,0.97783923,0.6353392,0.28206095,0.501877,0.65598714,0.28554323,0.97499686,0.6368967,0.28263465,0.4983519,0.64610046,0.28896466,0.9645725,0.6361863,0.2816722,0.5139838,0.3030632,0.5140365,0.99977225,0.28737158,0.4927633,0.9995896,0.2518061,0.67338437,0.9991997,0.2034875,0.42006966,0.9838913,0.2292108,0.8249682,0.9988789,0.067154855,0.50028485,0.980976,0.23099045,0.8499533,0.9801477,0.05561936,0.5236624,0.9698102,0.17360985,0.8350154,0.99550545,0.012493461,0.46594816,0.95982814
12791_aug.jpg,0.4833342,0.35034046,0.9995449,0.49573243,0.34805763,0.9996289,0.497344,0.35005066,0.9995989,0.49909863,0.35196972,0.9996257,0.49465415,0.34596395,0.9995478,0.49533704,0.34671375,0.9993407,0.4962476,0.3473917,0.9994247,0.50702673,0.3713819,0.9996692,0.5044309,0.36213154,0.99937856,0.48160875,0.36426264,0.9980484,0.479626,0.3623417,0.9978125,0.4921779,0.4344576,0.999238,0.47416684,0.4219754,0.996024,0.5601775,0.32469743,0.9991008,0.5159937,0.31539482,0.16857727,0.6409799,0.22629231,0.9925874,0.59157926,0.2518229,0.3538335,0.6621367,0.20797497,0.98093444,0.6021816,0.25162178,0.33796844,0.6664028,0.20699295,0.97759664,0.6189271,0.24106365,0.3353885,0.6601743,0.21290624,0.9724357,0.61155957,0.24307317,0.3746397,0.39657667,0.63698405,0.99985886,0.3757467,0.62017304,0.9999168,0.4387138,0.78405523,0.9990243,0.24824513,0.596588,0.98367137,0.47234195,0.921861,0.99832267,0.18292901,0.74205923,0.98920715,0.4792603,0.94162405,0.9839197,0.18452466,0.7731349,0.9861269,0.44192278,0.9489052,0.99503964,0.11975551,0.75501716,0.98201925
13867_aug.jpg,0.6069851,0.6353785,0.9998004,0.58926594,0.6416862,0.99983156,0.58833075,0.64061284,0.9998572,0.5879182,0.63915575,0.99983895,0.5922685,0.6423988,0.99985087,0.59278107,0.64154243,0.9998338,0.59391814,0.6406094,0.9998423,0.59108216,0.6183299,0.9998784,0.6013771,0.62285864,0.99988306,0.60956717,0.62282884,0.9995266,0.6136405,0.6231984,0.99959236,0.6122861,0.56389254,0.99982977,0.647868,0.5737125,0.998992,0.61498654,0.6541631,0.99631137,0.67264473,0.63712335,0.8035043,0.6105125,0.7221895,0.93326336,0.64283705,0.7202077,0.7684452,0.6129555,0.74519897,0.8535967,0.63737047,0.7437835,0.5691602,0.61210454,0.74457383,0.8400195,0.6371262,0.7416811,0.5575416,0.6084675,0.73291504,0.84301347,0.6369957,0.7349647,0.57654977,0.55292016,0.3544618,0.9999838,0.56227845,0.3658576,0.99986446,0.6508684,0.2728209,0.99898905,0.5417511,0.31646654,0.41376206,0.5752097,0.114615574,0.996807,0.4557385,0.28600886,0.5870584,0.5497168,0.09729068,0.9910075,0.43806374,0.28807262,0.7648579,0.62101585,0.036611736,0.99121255,0.45781833,0.2581478,0.6530215
1416_aug.jpg,0.7689717,0.41745085,0.97877574,0.76865804,0.39615104,0.99289167,0.7672013,0.39305687,0.9902034,0.76604867,0.39091134,0.9921131,0.7652259,0.39357227,0.9916809,0.7620024,0.3901962,0.98881894,0.7587259,0.38669592,0.98785734,0.73631203,0.3712578,0.9934564,0.7286829,0.36906508,0.9938891,0.7495381,0.42184308,0.9770244,0.7465503,0.41849658,0.9595207,0.66752315,0.4191749,0.9864346,0.62231886,0.37116313,0.97844076,0.81500363,0.46953982,0.26536763,0.78531075,0.47302264,0.92165154,0.9159961,0.3750785,0.31295937,0.9086522,0.38394648,0.88810027,0.9489112,0.345173,0.27637687,0.9407394,0.3581732,0.85989946,0.9347621,0.32295287,0.2648276,0.929332,0.33581984,0.8417506,0.9212867,0.3298241,0.30053055,0.915828,0.34106556,0.797981,0.36333558,0.5500962,0.9977436,0.33915734,0.43822438,0.99631196,0.31675488,0.8268539,0.9824776,0.13977233,0.24183246,0.9965783,0.18523276,0.9303142,0.9567921,0.034034908,0.11290231,0.98659676,0.14402112,0.91950953,0.90636015,-0.020219266,0.10548738,0.93697625,0.17368111,1.0592556,0.87563336,-0.06576139,0.047503144,0.9452919
15100.jpg,0.40965354,0.548961,0.9999901,0.4048374,0.5670276,0.99999666,0.406199,0.56878674,0.99999547,0.40796742,0.5707212,0.99999785,0.40555048,0.566749,0.99999666,0.40710682,0.56818676,0.99999595,0.4089039,0.56975144,0.99999654,0.42745048,0.58407515,0.99999654,0.42739302,0.5820611,0.9999976,0.42596322,0.5454875,0.99995184,0.42668024,0.54604226,0.9999404,0.49495792,0.5688717,0.9998192,0.4843759,0.560096,0.9997894,0.41870564,0.49697578,0.47295296,0.40753925,0.48458707,0.9588655,0.3307924,0.45504436,0.74962807,0.3184847,0.45040032,0.9519471,0.311857,0.44606322,0.7349882,0.29150298,0.4385683,0.9567636,0.3056618,0.45526513,0.7336359,0.28812808,0.4511841,0.94229186,0.31356713,0.46041366,0.7365544,0.29811904,0.45670164,0.9058934,0.6826963,0.64626384,0.9999932,0.6688697,0.6602867,0.99996006,0.81134695,0.48389074,0.992424,0.6668285,0.83937526,0.9995765,0.94936275,0.56195694,0.99381655,0.66003275,0.9913168,0.9964445,0.9694066,0.598938,0.9912068,0.6462509,1.0110313,0.9876024,1.005031,0.5216327,0.9872643,0.67983913,1.0640076,0.9900635
15710_aug.jpg,0.34008497,0.5283289,0.99990654,0.3336152,0.5400691,0.9999503,0.33109313,0.53984046,0.9999621,0.3280148,0.53954625,0.99995565,0.33556694,0.54084957,0.9999125,0.33457547,0.5411414,0.9998933,0.33319256,0.54138637,0.99991846,0.3084707,0.5320373,0.99993694,0.31651315,0.53390974,0.9999329,0.33290958,0.51679915,0.99919945,0.3348593,0.51727545,0.9993099,0.29832333,0.4792133,0.9995685,0.30691126,0.48012123,0.9992756,0.3054867,0.5687146,0.99567175,0.32928574,0.5647409,0.2497721,0.30334845,0.66326344,0.967844,0.31230685,0.65025306,0.4571571,0.30155748,0.68560994,0.9434607,0.30713373,0.6716927,0.48371235,0.2979441,0.6866448,0.9326392,0.30427635,0.6780864,0.47279286,0.29867324,0.6792407,0.9209456,0.3061876,0.67094684,0.49956825,0.2827679,0.31404343,0.9996706,0.25495136,0.31154308,0.99987626,0.39024934,0.2304659,0.9950958,0.14338987,0.21530059,0.9703532,0.37480068,0.09120874,0.9834304,0.020763665,0.16118418,0.96908563,0.3594953,0.07534447,0.9795777,0.00018304586,0.14727189,0.9684516,0.42498487,0.05682066,0.9634111,-0.018726438,0.115018845,0.93278277
15730.jpg,0.4385795,0.30007565,0.9997687,0.42268527,0.31842214,0.9997992,0.42293996,0.32117727,0.99980146,0.42307228,0.32411557,0.9999342,0.42285255,0.3197227,0.99991333,0.4235959,0.32296908,0.9999043,0.42439064,0.32624972,0.9999089,0.43700963,0.35174826,0.99987555,0.4403689,0.35010636,0.99991226,0.45654523,0.30320343,0.99952495,0.45702833,0.3067007,0.9991123,0.51824605,0.38988242,0.9922571,0.5391687,0.37256598,0.9962049,0.539118,0.24143896,0.21157706,0.56622094,0.2237482,0.9735348,0.5267373,0.108119726,0.24725288,0.53381455,0.0896551,0.9269806,0.5083226,0.07137269,0.2853379,0.5213154,0.05154866,0.9274123,0.5054406,0.07148886,0.2761826,0.5118066,0.058174133,0.91842556,0.5111948,0.07911593,0.3116072,0.51463664,0.06722951,0.86450636,0.6062769,0.6417067,0.99979204,0.6437211,0.6336971,0.99987483,0.44373727,0.8283738,0.9982135,0.8933001,0.70115745,0.9999479,0.14635688,0.8725371,0.9961747,0.8982124,0.91839314,0.99723333,0.160721,0.8691238,0.9889425,0.87337846,0.96022844,0.9912641,0.104488194,0.863617,0.9843252,1.005752,0.9473029,0.98211414
15860.jpg,0.26049173,0.6364907,0.99925965,0.27623323,0.6524294,0.99969876,0.28010452,0.6531038,0.99952126,0.28427908,0.6535366,0.99959236,0.2748047,0.6509515,0.9995565,0.27745464,0.6508109,0.9993432,0.280514,0.6505046,0.9993899,0.3141142,0.6436742,0.99959844,0.31012118,0.639248,0.99965036,0.26743448,0.6194226,0.9989631,0.26732624,0.6190443,0.99867046,0.35059944,0.55049384,0.9986089,0.31747454,0.56649613,0.9994832,0.3589029,0.6830237,0.15183847,0.3261763,0.7290835,0.95686436,0.36692318,0.81154287,0.49928606,0.3497067,0.8791499,0.9793266,0.3856511,0.82573533,0.5910029,0.3567128,0.92023516,0.9759906,0.38309938,0.8284867,0.58045304,0.36379972,0.9194617,0.9705129,0.37595558,0.82545835,0.61419886,0.3619685,0.9045323,0.95573354,0.40091324,0.2647482,0.999603,0.41609517,0.26383644,0.9995617,0.17030245,0.2018,0.9602478,0.68704814,0.18467812,0.99875236,0.2346124,0.046386927,0.9528797,0.943439,0.18922698,0.99622464,0.25919315,0.036390185,0.9060107,0.97363406,0.21180661,0.9863669,0.21078,-0.012667745,0.87302953,0.9887383,0.15327798,0.9842353
15928.jpg,0.5238464,0.7002183,0.9996158,0.53248036,0.712536,0.9995752,0.53295815,0.7126342,0.999371,0.533731,0.7127056,0.9993625,0.537238,0.71109706,0.9995529,0.54093766,0.7102176,0.99944466,0.5449007,0.709379,0.9994236,0.5550164,0.70060045,0.99879396,0.56676453,0.69904935,0.99955016,0.52364105,0.685693,0.9961479,0.53031075,0.6845522,0.99682766,0.54608095,0.62833834,0.98857427,0.60102624,0.61999744,0.9986896,0.56229013,0.73738015,0.20861447,0.61678874,0.75416696,0.9953762,0.5776137,0.815125,0.4706043,0.65821576,0.8881,0.9941924,0.58191043,0.83640647,0.43747437,0.6693609,0.9327208,0.9875186,0.584352,0.83930004,0.43340844,0.66850686,0.9352099,0.9847615,0.5866195,0.8327787,0.46372494,0.663589,0.91785765,0.97724414,0.44793257,0.38556573,0.99919933,0.51709443,0.36259437,0.99926215,0.2673875,0.36776853,0.98535246,0.5964918,0.19746195,0.99806935,0.1887157,0.1959789,0.97892225,0.7083038,0.052888453,0.9958567,0.19825265,0.16314195,0.94574505,0.73912865,0.02878651,0.9405414,0.09418079,0.16304757,0.95672315,0.6570941,0.009175509,0.97834307
16874_aug.jpg,0.49675816,0.6831085,0.9996288,0.47438157,0.69795203,0.9997348,0.47023198,0.6962359,0.99963284,0.46566653,0.6940778,0.99968874,0.47717392,0.7004771,0.9996778,0.47497618,0.7008033,0.9993783,0.47241032,0.7008476,0.9995003,0.43031424,0.67046297,0.9995468,0.44276747,0.67798495,0.9994998,0.49183258,0.6615598,0.99801517,0.49698296,0.6645605,0.99763095,0.40691108,0.5708041,0.9904358,0.47812054,0.61039233,0.9984126,0.40840784,0.735368,0.9942643,0.46431386,0.75291026,0.48337084,0.3696708,0.8893163,0.98285323,0.40841118,0.8926909,0.70793736,0.3655796,0.9245781,0.9697955,0.40390426,0.9275607,0.67680216,0.3562703,0.92613137,0.96403116,0.39557183,0.9293982,0.6636432,0.3561502,0.9163792,0.9566734,0.39459562,0.91810787,0.70571095,0.49280477,0.29596055,0.9961281,0.57893723,0.32993844,0.99924576,0.3314036,0.17225902,0.991152,0.8105643,0.3395946,0.99622166,0.17389914,0.0654577,0.98596525,0.9182034,0.1683502,0.99341315,0.15332788,0.058214813,0.9645447,0.9083341,0.1283556,0.9917032,0.13504586,0.037776828,0.95914114,1.000848,0.16480874,0.9722135
17128_aug.jpg,0.31406602,0.6584924,0.9999944,0.3007227,0.65355384,0.9999982,0.30174473,0.65363646,0.9999988,0.3027762,0.6535938,0.99999845,0.29960936,0.6492864,0.99999714,0.30072963,0.6460887,0.99999774,0.3013034,0.64280736,0.99999774,0.31510186,0.6459248,0.9999987,0.31389287,0.6320896,0.99999726,0.3301545,0.6576198,0.9999659,0.3302033,0.65222037,0.9999454,0.35227567,0.6492693,0.9999907,0.36944342,0.60159266,0.9994173,0.23149124,0.6179843,0.9879886,0.25606585,0.60201067,0.21124521,0.11878589,0.5723152,0.9457804,0.1525465,0.5777749,0.22943364,0.09309435,0.5673106,0.91087383,0.114929914,0.56546587,0.21079837,0.09006733,0.5622157,0.9093144,0.11147404,0.5690738,0.20538281,0.10038665,0.56321514,0.90240985,0.12412301,0.57185465,0.20404357,0.5889119,0.51288533,0.9999957,0.56372094,0.46603084,0.9999814,0.76607084,0.58032376,0.99992573,0.56032366,0.27246344,0.97125614,0.9236241,0.45304918,0.9988938,0.5255182,0.10718915,0.98336464,0.93740886,0.41411665,0.99718934,0.52105635,0.08443388,0.9855231,0.99773717,0.498675,0.9963954,0.53775406,0.07288954,0.9791734
18476.jpg,0.5579677,0.21158165,0.9999702,0.5353211,0.20373717,0.99997497,0.53237766,0.20504221,0.9999814,0.52928925,0.20638555,0.99998474,0.5344949,0.20469266,0.9999819,0.5309661,0.20666286,0.99998534,0.5271038,0.208686,0.9999833,0.508011,0.23133078,0.99998224,0.50827664,0.23355666,0.9999796,0.5596473,0.23293546,0.99988616,0.55696326,0.23388737,0.9998472,0.5083516,0.3260407,0.997633,0.51387453,0.32545644,0.99905175,0.52118117,0.19446978,0.16458571,0.522052,0.18717551,0.97694355,0.47337794,0.08824766,0.23336948,0.47254744,0.06147945,0.8797081,0.4486741,0.06272465,0.28766745,0.45092154,0.031748056,0.8796832,0.43995744,0.06415123,0.27968755,0.437535,0.040964484,0.85735506,0.4471681,0.074310005,0.29640913,0.44305795,0.053214967,0.8367269,0.515255,0.6430655,0.99981374,0.5663462,0.6407764,0.9999045,0.3188425,0.8096396,0.99615556,0.8459303,0.697376,0.99932516,0.08872831,0.9358643,0.99298567,0.8917763,0.9308127,0.9973998,0.032722414,0.9648056,0.98973817,0.8689394,0.97112477,0.9952785,0.15247309,0.9780885,0.9883652,0.99983823,0.96117973,0.99275184
18650.jpg,0.40759575,0.3089795,0.9995573,0.39133945,0.31321266,0.9997378,0.39097118,0.31475168,0.9996567,0.39054084,0.3160371,0.99979895,0.39127105,0.3133274,0.9997366,0.3907213,0.31509134,0.9996749,0.3901257,0.3167117,0.99965465,0.39637285,0.33387506,0.99973327,0.39640254,0.33625522,0.99982446,0.4227097,0.32016224,0.9991721,0.4205035,0.32093444,0.9986999,0.4636568,0.3763907,0.99810374,0.4521047,0.38651836,0.99897265,0.40012485,0.26099643,0.25797468,0.39439875,0.25809398,0.9855215,0.34213713,0.157877,0.55375415,0.32807606,0.13515508,0.9832024,0.31961474,0.1315743,0.60516334,0.31125712,0.11268431,0.98092055,0.31094822,0.13061133,0.61760265,0.30117244,0.116494656,0.9749358,0.318272,0.1392684,0.63328797,0.30679286,0.123760074,0.9559009,0.59581023,0.5964883,0.9999304,0.5774346,0.6198036,0.99986744,0.7726444,0.51723367,0.9886246,0.4635014,0.7745492,0.9997615,0.86055696,0.6854932,0.9895929,0.32934678,0.9237933,0.99870074,0.85138476,0.7216619,0.9767587,0.30660886,0.9399374,0.9935296,0.9418508,0.680828,0.98049104,0.3542717,0.96573496,0.9952409
19876.jpg,0.51417977,0.7476946,0.99984086,0.4949238,0.7496072,0.9998487,0.4929377,0.74746025,0.9998116,0.49046028,0.74498796,0.99983907,0.49457783,0.7492014,0.9998318,0.49246725,0.7469838,0.99975234,0.4898906,0.7446643,0.99979514,0.47348088,0.71646005,0.99980015,0.4731228,0.7192626,0.99974877,0.5202812,0.7312658,0.99900526,0.5201223,0.73090595,0.9987889,0.50185275,0.6358181,0.9992065,0.50850856,0.64025545,0.9963504,0.38468486,0.74641633,0.9958548,0.39502585,0.73582923,0.309076,0.2691953,0.83161104,0.981992,0.2827881,0.82057154,0.5060429,0.23276612,0.85494065,0.9641769,0.24626696,0.8392583,0.49921677,0.22618231,0.8514208,0.95837224,0.2394779,0.8408663,0.48810786,0.23666844,0.8443104,0.9515224,0.24946263,0.83603776,0.51002735,0.6060544,0.35934892,0.9996221,0.641631,0.37553966,0.99971324,0.46946406,0.16028255,0.99883336,0.85632205,0.449136,0.9832932,0.29527658,0.0104365945,0.9971973,0.9659672,0.24599089,0.98245734,0.25991184,0.009431094,0.98598576,0.95570123,0.20868738,0.9804695,0.2848703,-0.061741173,0.9908438,1.0608358,0.21224737,0.9580118
20031.jpg,0.60583216,0.6507795,0.9979723,0.59466934,0.66705894,0.9988199,0.5912401,0.66696846,0.9991849,0.587547,0.6670649,0.99897516,0.59552383,0.6683531,0.9981223,0.5931705,0.66884845,0.99841666,0.59061956,0.6693808,0.99840087,0.5571995,0.6589079,0.9986247,0.5612221,0.6597086,0.9991541,0.5935403,0.6335086,0.9940602,0.5943599,0.6336758,0.99448794,0.5191633,0.5861129,0.9978855,0.5191769,0.5848353,0.9872242,0.5988836,0.7183255,0.9962835,0.59385675,0.7117369,0.16287936,0.6387589,0.88146186,0.96803063,0.63100696,0.8578409,0.2526546,0.6408916,0.9231465,0.9441983,0.6313906,0.89487123,0.29863396,0.63540554,0.92954504,0.93626285,0.6294066,0.9049262,0.3104284,0.63391644,0.916664,0.9316191,0.62839305,0.89265823,0.32692114,0.29804894,0.3712213,0.99666,0.29900482,0.37790567,0.9951066,0.45920616,0.21977131,0.97477347,0.3939938,0.25814375,0.40856835,0.2811774,0.26645058,0.6206879,0.23968242,0.30652604,0.23013984,0.23515211,0.31178537,0.71289337,0.23429927,0.33602995,0.30431873,0.22884701,0.26210725,0.59626526,0.18062288,0.3438767,0.28034702
20288.jpg,0.69291234,0.5887152,0.99887353,0.70261776,0.5700989,0.9994579,0.70181715,0.568465,0.9993432,0.7010765,0.56665224,0.99948716,0.7015023,0.5697944,0.9994031,0.7001463,0.5680673,0.99917185,0.6988955,0.56620955,0.99895895,0.68055856,0.54766566,0.9996164,0.67748696,0.5491636,0.999226,0.67221934,0.59059286,0.998787,0.6723268,0.58867586,0.9977996,0.5909369,0.5444375,0.99612755,0.5909355,0.546628,0.99830186,0.71632737,0.63818717,0.37270087,0.72586286,0.6735541,0.95904845,0.820648,0.6899049,0.6244002,0.8606863,0.7374811,0.95515776,0.8386985,0.68234366,0.66956997,0.89576215,0.7534644,0.95276165,0.843965,0.6765324,0.677283,0.8944253,0.7345411,0.9479453,0.8377095,0.6778848,0.6772464,0.8827287,0.7261203,0.9258798,0.33188927,0.43360195,0.9993524,0.3366623,0.4041565,0.9991818,0.15595335,0.6762871,0.9886796,0.33772153,0.17138676,0.999019,0.007781714,0.6182338,0.97993326,0.35866874,-0.042069376,0.9977271,-0.0012021959,0.58921903,0.9543862,0.36905208,-0.06188181,0.9855855,-0.05220422,0.64382946,0.9374247,0.36168993,-0.10494363,0.98607373
20438_aug.jpg,0.2590181,0.5874466,0.99996924,0.24420738,0.575119,0.99998915,0.2445564,0.5727868,0.9999914,0.24514017,0.57072467,0.9999907,0.24323118,0.57412004,0.9999783,0.24276486,0.5709933,0.9999771,0.24243182,0.5679288,0.999982,0.2541312,0.55326235,0.9999893,0.25114754,0.547132,0.99998546,0.27075163,0.5782208,0.9998399,0.26993656,0.5784288,0.99982774,0.30195415,0.5472797,0.9999653,0.30631056,0.51983416,0.99972504,0.17150265,0.6159931,0.9933698,0.22097865,0.57691133,0.49178725,0.12713403,0.5396572,0.9499449,0.1571207,0.5394869,0.47009614,0.10968879,0.51283455,0.92029566,0.13785097,0.5053425,0.43001038,0.11579251,0.5041285,0.91005534,0.14116305,0.50204664,0.437808,0.12557518,0.51260483,0.9090383,0.15426445,0.5138703,0.4449189,0.54840475,0.41947657,0.99985456,0.52806383,0.38667038,0.9997155,0.7181127,0.47638205,0.9982315,0.6188563,0.24300037,0.93844837,0.87923884,0.38527048,0.9942932,0.6042399,0.08023584,0.955753,0.8876494,0.3551885,0.9885703,0.58919114,0.05762145,0.9684959,0.95494163,0.42690197,0.9891796,0.6355145,0.027784884,0.9642339
20708_aug.jpg,0.36366397,0.25357163,0.9994791,0.34343633,0.2639002,0.9997079,0.34286076,0.2665639,0.99965274,0.34232998,0.26928455,0.9996847,0.34205046,0.2647335,0.99955016,0.34046662,0.26786172,0.99938047,0.33886188,0.27111617,0.9993717,0.34471202,0.30182856,0.99983966,0.34330556,0.30075243,0.99974304,0.3791233,0.2647459,0.9990274,0.3754046,0.26679787,0.9987606,0.41269982,0.35900646,0.99569476,0.39913073,0.3644189,0.999086,0.2678737,0.32070947,0.23039767,0.2549903,0.31337565,0.970803,0.12232196,0.3124116,0.4059903,0.093167305,0.30370355,0.94996125,0.08559853,0.31564224,0.39580005,0.056082428,0.3011554,0.9356011,0.081303,0.31507218,0.3881289,0.053693175,0.30365834,0.92508346,0.09216303,0.31452453,0.4353448,0.06508583,0.30440593,0.91457397,0.67184734,0.5306553,0.99738044,0.6533138,0.5610157,0.9985972,0.8416255,0.32578,0.87785274,0.6650372,0.81502813,0.9982217,0.8854732,0.45869458,0.58673364,0.6285385,0.97646743,0.9667888,0.8825506,0.48483387,0.5015193,0.5930908,1.0234058,0.91655177,0.9340699,0.45053345,0.4048718,0.65293145,1.007531,0.8532816
20836_aug.jpg,0.45828924,0.33019623,0.9953367,0.4613925,0.3266868,0.9970433,0.46165988,0.32684314,0.9962478,0.46149284,0.32693824,0.9963894,0.46294987,0.3254834,0.9946379,0.46398848,0.32491547,0.9926704,0.46465808,0.32424727,0.9932823,0.46729133,0.32837814,0.9951296,0.47097397,0.32516772,0.98574764,0.4621814,0.33485964,0.9916352,0.4629186,0.3339526,0.98823977,0.47252876,0.35379013,0.9964759,0.49213165,0.34119844,0.99389654,0.44592696,0.30522317,0.97468865,0.46861947,0.281149,0.38228038,0.4290264,0.25933388,0.95361316,0.44238907,0.23354201,0.77542657,0.42731997,0.24914403,0.92087436,0.44061616,0.2231174,0.77932405,0.43109924,0.24864651,0.9148369,0.43734962,0.2198176,0.77214825,0.43152213,0.25254226,0.8838466,0.43680474,0.22347464,0.76161575,0.49700913,0.47909182,0.99937844,0.49720466,0.47936946,0.99943846,0.54181105,0.5384787,0.986777,0.48879915,0.53644234,0.9284468,0.59686726,0.58827364,0.9886981,0.49187192,0.6195777,0.9609096,0.6235673,0.60964817,0.9825591,0.4625651,0.63688725,0.9631663,0.61027837,0.61792105,0.9822004,0.48064068,0.64633214,0.9404141
21602_aug.jpg,0.5573901,0.3177181,0.99704593,0.54770947,0.3028788,0.99680966,0.5461376,0.30247307,0.99626654,0.5441768,0.3019831,0.99681693,0.5446873,0.30342188,0.99726224,0.54102945,0.30350032,0.9969488,0.5368421,0.30357787,0.99634284,0.5180074,0.31016806,0.99529356,0.5127892,0.31385204,0.9963322,0.5532594,0.33142394,0.9915576,0.5483557,0.33044642,0.99085087,0.5153596,0.37300748,0.9916706,0.48415464,0.39164102,0.9950288,0.5579493,0.27140754,0.3460618,0.53330696,0.2846331,0.98156893,0.6031748,0.16890162,0.58729917,0.588764,0.17194146,0.96829635,0.6167223,0.13679439,0.543779,0.6053517,0.13670605,0.9429844,0.6164417,0.13091817,0.544902,0.6013956,0.12668791,0.93085814,0.6097247,0.14350486,0.59918916,0.59526193,0.1402295,0.890533,0.52411854,0.60556316,0.9994814,0.47308,0.61511433,0.9990994,0.6528113,0.6993697,0.9790743,0.3694225,0.73184085,0.9973176,0.63407135,0.8606365,0.9830791,0.26185486,0.8478739,0.9977435,0.61056054,0.8889973,0.9661864,0.24303612,0.8637344,0.9786088,0.71658146,0.8893402,0.97378075,0.2586233,0.9104619,0.9900698
2178_aug.jpg,0.683885,0.5720167,0.9988612,0.70019823,0.5701603,0.9990646,0.70040005,0.5698283,0.9985781,0.70069456,0.5693785,0.9986714,0.70138174,0.56542116,0.99883825,0.7024129,0.56177104,0.9985598,0.70370007,0.55764663,0.99855036,0.7000529,0.5451054,0.99724823,0.7058983,0.53319454,0.9989485,0.6706406,0.56396973,0.9912908,0.6728826,0.5573837,0.9918371,0.6307895,0.51359195,0.98816246,0.6480243,0.46277353,0.9975681,0.73906136,0.5505897,0.14787759,0.7710533,0.5200054,0.988977,0.82501924,0.5743364,0.35044608,0.9182966,0.542561,0.98626155,0.84272355,0.58010674,0.33007804,0.9627817,0.55408806,0.97516847,0.8472587,0.57867974,0.32415062,0.97001797,0.5539167,0.9701563,0.84707665,0.57489514,0.3570447,0.9536555,0.55028737,0.95591336,0.3716657,0.4898764,0.9991423,0.38125545,0.42054984,0.99912804,0.2725251,0.6379261,0.98764056,0.28513575,0.26822472,0.99898714,0.08520678,0.6175119,0.989272,0.19827566,0.08441979,0.99873143,0.060398966,0.59325254,0.96270376,0.19202325,0.04570973,0.9732039,0.018790036,0.68570596,0.9748052,0.13820857,0.084659934,0.99290884
23698.jpg,0.3337993,0.29768032,0.9985336,0.3268315,0.27653223,0.9989882,0.32839486,0.27478433,0.99898666,0.3298586,0.27282932,0.9990048,0.3266014,0.27614647,0.9981939,0.32805634,0.27433175,0.99716765,0.32946897,0.27221903,0.9969688,0.3514971,0.26070562,0.9987722,0.34970373,0.26037318,0.99590355,0.3501677,0.30104068,0.9964276,0.3494854,0.30144536,0.992759,0.42916954,0.29212648,0.9982685,0.42877802,0.29686975,0.98492116,0.29325765,0.24292517,0.998516,0.30657902,0.24000329,0.11899106,0.1865918,0.1362966,0.9935341,0.21436414,0.15583378,0.453507,0.1665684,0.10865182,0.98647994,0.1959511,0.1272738,0.5097955,0.16771296,0.09849164,0.98480123,0.19232714,0.11790457,0.5098411,0.17508212,0.10744101,0.9775718,0.19823888,0.12732199,0.5450251,0.6066765,0.52013695,0.9996145,0.59196854,0.5300797,0.9992186,0.7770174,0.6045044,0.99672,0.5565495,0.7223827,0.9539628,0.96224856,0.63242126,0.99771345,0.6688695,0.8739773,0.96765655,0.9990913,0.62910485,0.98356485,0.7054783,0.89068437,0.94868654,0.96702,0.7235669,0.9929369,0.6365768,0.9504769,0.9459417
25258_aug.jpg,0.61815524,0.5608149,0.9998517,0.6194003,0.56846535,0.999936,0.61882305,0.569357,0.9999443,0.6182174,0.5700877,0.9999366,0.61901015,0.5682616,0.99989974,0.6182275,0.56896496,0.9998778,0.6173789,0.5696162,0.99987113,0.60946465,0.57164156,0.99992776,0.60883087,0.5712102,0.99986434,0.6101979,0.5599086,0.9997181,0.61000365,0.55942744,0.99965453,0.5843093,0.55384463,0.9998272,0.57991934,0.5512545,0.9994129,0.60281456,0.6057333,0.99762934,0.5989284,0.59647834,0.2690889,0.61613435,0.65862983,0.9898739,0.5999009,0.634763,0.5786536,0.6227588,0.6703439,0.9836255,0.59711117,0.64587533,0.64047086,0.6222866,0.6695718,0.9801871,0.6053715,0.6443492,0.63947135,0.61935973,0.6643104,0.9689456,0.6064589,0.64333814,0.64435846,0.5397003,0.44561723,0.9997845,0.53645366,0.44563875,0.99969995,0.54951656,0.3943439,0.9958507,0.5072213,0.4040156,0.9466255,0.51554024,0.34675723,0.9935855,0.46564025,0.34834778,0.92339176,0.50256425,0.33985385,0.99342406,0.453474,0.3422987,0.9535001,0.5291697,0.3319978,0.99045765,0.46938276,0.32367504,0.92007905
25496_aug.jpg,0.5923528,0.525074,0.9995913,0.5891793,0.53591144,0.9997404,0.58734685,0.53605866,0.9996911,0.58527637,0.53640574,0.9997142,0.58895326,0.53683466,0.9995555,0.5872968,0.5375632,0.9993038,0.5853265,0.53869134,0.99941015,0.5693687,0.53422266,0.9996536,0.5677428,0.5391019,0.9991636,0.5824589,0.51663816,0.9978611,0.5834305,0.5169214,0.9971963,0.5439545,0.4877962,0.9994388,0.52672005,0.50869954,0.9937271,0.6388452,0.48038593,0.99291575,0.62021,0.498674,0.114831455,0.71844006,0.5155095,0.97868747,0.7071438,0.52290875,0.31848964,0.7372428,0.5217197,0.9596669,0.7243612,0.5335757,0.35624883,0.7334591,0.5317821,0.9536804,0.7237395,0.5421224,0.3505011,0.7269255,0.5301856,0.9412665,0.71491337,0.5378425,0.38565502,0.36868283,0.45822626,0.99983597,0.36657712,0.4443469,0.99982685,0.24583244,0.5656348,0.9992642,0.40536553,0.3139218,0.9725347,0.16841981,0.65639275,0.9983576,0.29019737,0.2833897,0.9800316,0.16460422,0.6835946,0.99317193,0.269881,0.28650752,0.98469573,0.12700392,0.6622154,0.99546236,0.27850547,0.23517737,0.959556
2585_aug.jpg,0.25712672,0.5858821,0.9996737,0.2354443,0.5812223,0.99978,0.2337021,0.57883126,0.99976796,0.23213336,0.57646555,0.9997763,0.23532769,0.5812505,0.99958616,0.23345989,0.5789747,0.99937755,0.23153898,0.5766016,0.99933475,0.22919324,0.55032,0.9996327,0.22938696,0.5513094,0.9990356,0.26380047,0.5707907,0.99914634,0.26396826,0.57175195,0.99830794,0.28556722,0.48395327,0.999238,0.28596157,0.4911546,0.9914575,0.1867714,0.592204,0.9984628,0.18887958,0.5842419,0.17433727,0.0552724,0.65963876,0.99364203,0.078534245,0.64534765,0.5486535,0.022333384,0.6696183,0.9865601,0.050086975,0.6523297,0.62199,0.013601482,0.6630758,0.98451704,0.03925234,0.65014744,0.62305343,0.026395619,0.6602139,0.9794978,0.051406205,0.6481679,0.6644831,0.562263,0.39728218,0.999653,0.5660827,0.4244934,0.9994184,0.7074856,0.25276494,0.9971962,0.7243758,0.5200937,0.95172435,0.80717456,0.09854296,0.99757,0.908587,0.46261412,0.95137227,0.81339335,0.059718788,0.9851089,0.93919957,0.43714267,0.9421787,0.8978559,0.11327043,0.9938175,0.9635105,0.5357294,0.9258972
26490.jpg,0.5737118,0.5849026,0.9998925,0.56390756,0.5963018,0.9999647,0.56186146,0.5958979,0.9999777,0.55964184,0.5955616,0.9999708,0.5632545,0.5969875,0.999933,0.56099963,0.59715724,0.9999441,0.5585343,0.5976084,0.9999459,0.5421978,0.58649033,0.99995863,0.5399263,0.5910872,0.9999459,0.5682137,0.56907195,0.9994856,0.567875,0.5705625,0.9995054,0.5321746,0.52594244,0.999729,0.49714732,0.5443338,0.9982693,0.6244338,0.56559795,0.9969121,0.58682346,0.57778484,0.25478855,0.6877991,0.6250922,0.98811394,0.6305343,0.61985713,0.6062638,0.7092347,0.6396284,0.97618335,0.5937535,0.6523342,0.62178856,0.7032737,0.6463188,0.97273344,0.62645805,0.629769,0.6257078,0.69432175,0.6413863,0.9628975,0.6308862,0.62806284,0.61602515,0.4022709,0.37384424,0.9997539,0.36581904,0.4097734,0.9998714,0.44098666,0.21759555,0.99956805,0.21233164,0.40163153,0.99198556,0.38794133,0.12695435,0.99336904,0.08036551,0.45776162,0.9839954,0.3645984,0.11861032,0.9921246,0.082984835,0.4604303,0.98379874,0.4033927,0.09417859,0.98638654,0.033436596,0.46302882,0.9827481
27029_aug.jpg,0.730126,0.5607162,0.9996635,0.7314193,0.57992715,0.9997868,0.7294048,0.581602,0.9997751,0.72698075,0.5834283,0.9998072,0.731364,0.5792698,0.99956685,0.72968876,0.58023083,0.99932516,0.72775906,0.5813471,0.9994106,0.70446306,0.58847296,0.9997744,0.7073719,0.584792,0.9993724,0.71575654,0.55534434,0.9984706,0.7155572,0.5535941,0.9973015,0.6450895,0.5626104,0.9986998,0.63770854,0.53350866,0.9840843,0.7824882,0.53511,0.9976776,0.75704646,0.5281191,0.15095647,0.9170327,0.5497656,0.9888465,0.8863113,0.5435829,0.33424482,0.9497725,0.5589654,0.97632456,0.9082005,0.55088246,0.3339756,0.94619256,0.56792927,0.97269386,0.91623604,0.55847853,0.3361519,0.9331673,0.56329304,0.9659606,0.9018102,0.5529633,0.39716306,0.38622385,0.48421982,0.9987783,0.3988974,0.42944106,0.9991335,0.18741862,0.5367911,0.9960906,0.34130773,0.25651094,0.9677778,0.014372379,0.603464,0.9890751,0.14142564,0.18238539,0.95195043,0.009440631,0.63172317,0.88196933,0.106392324,0.20120767,0.9422693,-0.015630305,0.568316,0.9683793,0.14002433,0.10169849,0.88781303
28498.jpg,0.5710132,0.27929953,0.99973434,0.5579498,0.26518083,0.9996804,0.5544861,0.26530784,0.9997124,0.55079246,0.2653587,0.9997181,0.55929315,0.2663322,0.9997676,0.5570043,0.2673515,0.9998246,0.5545057,0.26835006,0.9998041,0.5264575,0.2789406,0.99969304,0.5367236,0.28095952,0.9997845,0.56068605,0.29964337,0.99912673,0.56216687,0.30067036,0.9991596,0.4779241,0.36163673,0.99834573,0.53131825,0.34957284,0.9997913,0.49956295,0.22386244,0.24929266,0.56519145,0.20114228,0.98470634,0.49603528,0.10069424,0.5357676,0.54696524,0.058649182,0.98583394,0.47590032,0.065110266,0.601963,0.55039036,0.036899924,0.9833202,0.4817862,0.05641806,0.5925159,0.5219626,0.024133384,0.98023075,0.48880863,0.068870425,0.60264504,0.5225808,0.040424526,0.9720905,0.49458307,0.64736027,0.99974805,0.5557399,0.65078425,0.99986625,0.35452878,0.79115236,0.9956695,0.7857983,0.6739994,0.99814975,0.18166322,0.8880927,0.9845042,0.7713636,0.89671695,0.9948939,0.13020825,0.89997053,0.9862096,0.74380624,0.93404424,0.9926892,0.22244054,0.9349731,0.9439211,0.8751396,0.919455,0.98007524
28927_aug.jpg,0.41885433,0.32883725,0.9996184,0.405548,0.31974715,0.9997415,0.40417022,0.31995788,0.99975663,0.40288392,0.32037798,0.99978215,0.4047982,0.32152325,0.99973553,0.40281057,0.32284003,0.9997708,0.40091157,0.32436472,0.9997547,0.39073533,0.33657172,0.9997991,0.39184052,0.34062195,0.9997167,0.42125207,0.3438175,0.9994023,0.41992402,0.34607318,0.9991794,0.38334057,0.402392,0.9972204,0.4060126,0.40657246,0.9982838,0.40115273,0.27239177,0.3884022,0.41324425,0.2721127,0.95871353,0.38337427,0.13916275,0.48546478,0.38595304,0.124385,0.9210182,0.36597413,0.109033406,0.4988206,0.37298727,0.09226036,0.89950585,0.36198965,0.10494739,0.48849162,0.36295468,0.08916938,0.87755996,0.3676143,0.11544502,0.4848914,0.36824805,0.10106808,0.84306794,0.44212303,0.64395565,0.99926454,0.4670839,0.6564026,0.9994411,0.39113253,0.74808514,0.6094641,0.61675507,0.68450034,0.98657775,0.28751493,0.8576296,0.6703266,0.63778067,0.84273165,0.9764638,0.2782057,0.87195134,0.73874927,0.6174803,0.88796437,0.9704437,0.29574347,0.8892654,0.7253101,0.72557414,0.855452,0.95567364
29392.jpg,0.6099559,0.6203137,0.99997246,0.6165503,0.6377546,0.9999895,0.6147528,0.64070714,0.99999344,0.6127871,0.6439957,0.99999034,0.61882055,0.6361351,0.9999763,0.61875576,0.6378468,0.99997807,0.6185443,0.63966626,0.99997497,0.5945877,0.66549087,0.99998605,0.6012376,0.6569507,0.9999826,0.59209913,0.62297803,0.9999263,0.5946301,0.6206255,0.99987817,0.5133334,0.66677564,0.9998995,0.5339392,0.64128226,0.9997085,0.6468818,0.70377934,0.99888104,0.6678302,0.6655492,0.64274114,0.78157544,0.7690853,0.9940949,0.79889035,0.71136737,0.8910458,0.8177699,0.78280264,0.9902512,0.83345187,0.7250827,0.88477796,0.8223046,0.7815837,0.9886007,0.8363613,0.73318213,0.8790538,0.8102495,0.77475876,0.9841021,0.82176876,0.7306537,0.8819363,0.2737148,0.5534405,0.9998826,0.2630818,0.5831041,0.9997186,0.2840042,0.3513644,0.99973685,0.10955398,0.67766446,0.98467904,0.097898036,0.2567893,0.99835145,0.012563854,0.786543,0.9818584,0.06372219,0.26164544,0.9965423,0.014654517,0.8088418,0.9835058,0.09119433,0.1842089,0.9957158,-0.006356865,0.79644465,0.9766198
3007_aug.jpg,0.5197202,0.33023494,0.9999535,0.5290973,0.31374654,0.99998295,0.5321021,0.3133794,0.99999094,0.5354467,0.3130711,0.99998534,0.5273584,0.3124176,0.9999659,0.5289277,0.31100798,0.9999752,0.5307787,0.30967093,0.99996793,0.5611922,0.3161255,0.9999721,0.5532082,0.31374297,0.9999697,0.53249216,0.3420738,0.9998266,0.53001726,0.341473,0.99973994,0.6036477,0.37954524,0.999742,0.58843803,0.37152392,0.9991054,0.55403465,0.2461513,0.99861884,0.52022356,0.25629792,0.55861616,0.5129358,0.09811276,0.9922646,0.4762641,0.12687486,0.83152664,0.5024048,0.06928998,0.98831195,0.46798825,0.09576553,0.85202926,0.50229573,0.0679875,0.9858555,0.47152495,0.09086716,0.85037714,0.50488305,0.076782405,0.9787521,0.47706228,0.10079956,0.84655756,0.6883023,0.642915,0.99978775,0.7247095,0.62893784,0.9994636,0.5185297,0.7659059,0.99960023,0.8581853,0.7017945,0.97266984,0.56566465,0.9614813,0.99808985,0.9735926,0.68250847,0.95899945,0.5956185,0.97519124,0.9973002,0.96781945,0.6731384,0.97435975,0.50274324,0.9856355,0.99661887,0.9960289,0.6989432,0.9573191
30486.jpg,0.25531694,0.35697204,0.99300486,0.23489702,0.38042265,0.99594915,0.23478407,0.38273224,0.99535,0.23481649,0.38424936,0.9959109,0.23618671,0.3815714,0.99457586,0.23505351,0.38626295,0.9935087,0.23499134,0.38956082,0.9938599,0.24739766,0.41208315,0.9962042,0.24832857,0.41996142,0.99537474,0.2799157,0.36037433,0.9835713,0.2778325,0.3621969,0.9694359,0.35189897,0.42915162,0.97912127,0.30307576,0.44727212,0.9965591,0.30787477,0.34029317,0.2234082,0.2726881,0.2587313,0.821499,0.1769141,0.27170098,0.44102663,0.11568099,0.21834332,0.8085991,0.111369014,0.25672323,0.38264427,0.0789904,0.21509522,0.7722704,0.10209602,0.2648216,0.37262955,0.073717475,0.23599571,0.7444549,0.11509323,0.26803935,0.38798758,0.08563769,0.23951232,0.70935994,0.6193274,0.6440501,0.9927233,0.5768448,0.6974673,0.9943256,0.8659542,0.44658044,0.79365134,0.5537528,0.9672316,0.9860561,1.0869085,0.45788988,0.5316029,0.53522813,1.0829767,0.823012,1.1226892,0.49031743,0.53806,0.52680486,1.1425551,0.6643327,1.1810585,0.37903163,0.3510256,0.6192717,1.1325362,0.52425617
30497.jpg,0.66346,0.409384,0.99978036,0.67428374,0.41826004,0.9998323,0.6737016,0.41981706,0.9998079,0.67290807,0.4215408,0.9998311,0.6748251,0.41878173,0.99972993,0.6747862,0.42060137,0.9995759,0.6746357,0.42251843,0.99964285,0.6604299,0.43953466,0.99977046,0.66259575,0.44038197,0.9995067,0.6503122,0.41399676,0.99856204,0.65189916,0.41386947,0.9977277,0.60660094,0.45281425,0.999201,0.6017083,0.46196064,0.9918446,0.7072351,0.38559556,0.9977386,0.6984736,0.398717,0.21934617,0.80314803,0.35559633,0.98911744,0.7896266,0.36324164,0.50360304,0.8299589,0.34840187,0.97654074,0.81872094,0.35634053,0.5088287,0.8296691,0.35830534,0.9719607,0.82072294,0.36421227,0.5004163,0.81957006,0.3621353,0.9660822,0.80971146,0.36813027,0.5474643,0.39433965,0.5435333,0.99957246,0.38681886,0.51583034,0.99969304,0.31699097,0.7130873,0.9980411,0.2737394,0.38407376,0.9760635,0.28289872,0.87454724,0.9961851,0.109375596,0.4558884,0.97353566,0.28221506,0.91014564,0.97312194,0.083603084,0.48583734,0.971187,0.21995959,0.8569248,0.9905916,0.050533623,0.3930351,0.94423264
30623_aug.jpg,0.26511598,0.5929701,0.9997305,0.2670031,0.60556024,0.99963343,0.2687013,0.60619235,0.99953866,0.27027994,0.6067699,0.99970007,0.26690972,0.60558164,0.9996791,0.26853737,0.6062557,0.9996263,0.27000836,0.6068037,0.99961793,0.2890516,0.60556835,0.99964416,0.28754577,0.60402817,0.9996228,0.27637073,0.58535737,0.9994199,0.2766709,0.586345,0.9992312,0.34148896,0.56303006,0.9962353,0.32918096,0.5676083,0.9991621,0.23316887,0.6043719,0.21800399,0.22227609,0.6068384,0.9881243,0.15898147,0.63610035,0.4635907,0.1281875,0.65157944,0.9705676,0.13958445,0.6479608,0.5244487,0.10763636,0.6631891,0.9600228,0.13992697,0.6503249,0.5463839,0.106843114,0.6695365,0.95254356,0.14477125,0.64839256,0.5679558,0.11423099,0.6664044,0.93060166,0.5420147,0.4604936,0.9997886,0.54475456,0.46768847,0.9997546,0.5337099,0.31480765,0.8695327,0.69205296,0.48394746,0.998254,0.65869504,0.24665008,0.94580466,0.83697426,0.5679241,0.99843067,0.6927279,0.24880171,0.9244777,0.85980713,0.5797321,0.99044865,0.6733024,0.18572688,0.9379054,0.8519833,0.49666265,0.993328
32166_aug.jpg,0.45317093,0.73998034,0.9915514,0.4713087,0.74847245,0.9973296,0.47320455,0.74717915,0.99664825,0.4751376,0.7461434,0.997591,0.47232062,0.7486644,0.99653447,0.47478527,0.74743193,0.99561846,0.47742176,0.74641263,0.99461704,0.49305815,0.7261672,0.9983937,0.49674943,0.7264751,0.9963535,0.4524436,0.7179247,0.9949845,0.4542997,0.71960187,0.990051,0.48110533,0.6397097,0.9886524,0.49624112,0.65320975,0.9680444,0.3718208,0.75907654,0.35171807,0.37158597,0.7641835,0.91874284,0.29955077,0.88656926,0.4254546,0.29501623,0.9074094,0.89968634,0.2920679,0.9232687,0.38515633,0.27922472,0.94001883,0.8815933,0.29994252,0.9301171,0.3731153,0.29590774,0.9433947,0.85735744,0.30229378,0.9203279,0.419926,0.30076274,0.9353568,0.7977719,0.5572122,0.31439063,0.99534273,0.6225434,0.34887117,0.9724702,0.3857414,0.13062547,0.9890086,0.93024683,0.41872376,0.99430376,0.5129907,-0.027020127,0.9707968,1.1364436,0.4811558,0.9765835,0.55783147,-0.014734626,0.9321851,1.1570438,0.49380445,0.9484373,0.51604587,-0.1504792,0.87102145,1.2135872,0.510877,0.9116983
3231.jpg,0.41722125,0.5937663,0.9999627,0.4055935,0.59155273,0.999982,0.40573364,0.5896191,0.99998915,0.40592813,0.587604,0.9999858,0.40492076,0.593652,0.9999622,0.4046334,0.59328693,0.99996424,0.4042737,0.5927186,0.9999589,0.41176704,0.5733293,0.99997973,0.40797824,0.57786685,0.9999658,0.4258402,0.58279294,0.99992085,0.4251281,0.5854207,0.99986875,0.45716524,0.5490054,0.9998783,0.4460593,0.5435236,0.99900264,0.3735579,0.6202456,0.9979443,0.37278277,0.6162417,0.50315446,0.2913767,0.6941286,0.9862343,0.30409577,0.6832578,0.8188171,0.27225792,0.713887,0.97923994,0.28319505,0.7000698,0.83807796,0.26847064,0.7092397,0.9751971,0.27749503,0.7016595,0.8366543,0.27363187,0.7049363,0.962647,0.2821607,0.69897556,0.8335467,0.60698026,0.42804778,0.9997608,0.5920412,0.41191754,0.99949634,0.7108584,0.4737738,0.999241,0.62829095,0.29669955,0.9537883,0.8256802,0.37946734,0.9988751,0.61146945,0.18448709,0.9629016,0.83636713,0.3549379,0.99815243,0.6089654,0.17009461,0.97762793,0.8707404,0.40903738,0.99806887,0.62660664,0.17201906,0.9654291
32742.jpg,0.5776349,0.69454896,0.9920001,0.5765079,0.6976986,0.9959059,0.57558614,0.6973875,0.9934709,0.5746174,0.6970071,0.99585754,0.58023727,0.6981255,0.996071,0.5817587,0.6979958,0.99299884,0.5832436,0.69789916,0.9952318,0.57787323,0.6917724,0.99304503,0.5893311,0.6922832,0.9948355,0.5787781,0.6882028,0.9968129,0.58337116,0.68886214,0.99583673,0.57895124,0.6693579,0.9818911,0.60587615,0.67116714,0.99841607,0.5895445,0.68783844,0.45384738,0.6374463,0.694272,0.6133956,0.5793815,0.71941876,0.24106708,0.6634811,0.74236995,0.56164294,0.572951,0.72501755,0.23360245,0.67229444,0.752093,0.59941113,0.5741672,0.7244512,0.24557713,0.66861326,0.7498582,0.57487875,0.57731557,0.72353274,0.23053905,0.6651776,0.7480956,0.513276,0.56774956,0.59637135,0.9997291,0.5781671,0.5935295,0.99998045,0.59587234,0.57945037,0.95486885,0.5619965,0.4955338,0.99159265,0.6664539,0.63634044,0.5952983,0.53391135,0.4100038,0.9675915,0.6750366,0.6431313,0.4556728,0.5257792,0.39918512,0.85367393,0.6962204,0.65974504,0.70763594,0.53488636,0.3821203,0.94026214
33803.jpg,0.69421697,0.6177318,0.99940646,0.69223404,0.6365243,0.9996846,0.6900314,0.63781047,0.99964654,0.6874182,0.63917196,0.9996948,0.6926125,0.63584965,0.99944085,0.69095063,0.63652426,0.9990792,0.68895257,0.6373358,0.9991314,0.6630618,0.6407884,0.99959165,0.66731673,0.6363952,0.998936,0.68118775,0.609632,0.99748814,0.6814841,0.60773164,0.9956896,0.6167772,0.60743976,0.99725705,0.61567867,0.572053,0.9836532,0.75290656,0.6273164,0.99563897,0.7283664,0.6065891,0.10443944,0.88285786,0.6817684,0.98367715,0.82949775,0.6543211,0.24155796,0.93001413,0.7081734,0.9683078,0.861194,0.6846963,0.28720063,0.9215466,0.712131,0.9627633,0.86760646,0.69021857,0.2916986,0.9102827,0.7058865,0.9566592,0.8622509,0.6818349,0.35190657,0.39679778,0.44724974,0.9981316,0.4231544,0.4004561,0.9989796,0.17965968,0.4400391,0.989901,0.4270798,0.22215912,0.95046806,0.02912864,0.44113454,0.9673294,0.2722327,0.096942246,0.91795915,0.02459994,0.4616408,0.8809295,0.22521645,0.09393084,0.915202,-0.00959909,0.42143533,0.9325439,0.29627633,0.023845136,0.82349616
34118.jpg,0.49162874,0.7019607,0.99951494,0.50784534,0.7135714,0.9996792,0.51021963,0.7125989,0.9997451,0.5130365,0.7116263,0.99974364,0.5095549,0.7135633,0.99963343,0.51271486,0.7126397,0.9997019,0.5162996,0.7116159,0.9996712,0.53896326,0.69348216,0.9997793,0.53708535,0.6921836,0.9996778,0.4925872,0.680868,0.9993548,0.4975242,0.681787,0.9992663,0.5526317,0.6209172,0.9971397,0.54384905,0.61089367,0.99904305,0.5489738,0.7645951,0.38888443,0.54456365,0.77114266,0.9584885,0.58699274,0.8959272,0.42480403,0.5879004,0.9309331,0.9323314,0.60595304,0.9230194,0.41385496,0.6055971,0.9641845,0.92063934,0.6061393,0.92632306,0.39438522,0.61167127,0.9647616,0.9074742,0.59997225,0.9176018,0.39864528,0.60643744,0.9531468,0.8947751,0.6149109,0.32695183,0.9970438,0.5707805,0.30515978,0.9993826,0.76467836,0.2481138,0.64557624,0.35803676,0.17018534,0.9871143,0.89330184,0.15281619,0.7194823,0.36679846,-0.005038768,0.96044034,0.9201677,0.14744043,0.76063305,0.3876574,-0.025764406,0.9577225,0.87110794,0.12538351,0.6831849,0.3092947,-0.07561383,0.9213087
34826.jpg,0.5627067,0.6900672,0.9999771,0.57583725,0.6976249,0.9999759,0.5772296,0.6970724,0.9999764,0.57881844,0.6963863,0.99998057,0.5788083,0.69702524,0.9999826,0.5822376,0.69597745,0.9999856,0.58595055,0.69454134,0.9999862,0.59728867,0.67969,0.9999721,0.6037479,0.67817813,0.99998736,0.56142277,0.67330766,0.9999225,0.56531864,0.6712766,0.9999294,0.5939203,0.6005374,0.99854976,0.6072135,0.6025255,0.99986887,0.6326615,0.70628077,0.1141864,0.66811717,0.70458806,0.99443287,0.70536923,0.7762134,0.24111822,0.7568663,0.79736936,0.98241675,0.73033786,0.7936269,0.33746985,0.7803723,0.81598854,0.97796714,0.7391137,0.79350615,0.3276839,0.78400683,0.81804717,0.9729858,0.72451323,0.78502643,0.34373793,0.77691275,0.8127536,0.9649164,0.4374503,0.4191195,0.9995105,0.40754417,0.4514656,0.9997887,0.4375667,0.2288913,0.99575067,0.2064362,0.52597404,0.9989961,0.47054443,0.054603577,0.9901895,0.05987248,0.41104904,0.9960284,0.48124355,0.030230343,0.99153847,0.05024025,0.37132588,0.9955161,0.45207316,0.022870272,0.9665631,-0.007961333,0.45142034,0.9817368
34852.jpg,0.61638826,0.41213357,0.99966717,0.6208263,0.39370736,0.9998555,0.61918426,0.3912394,0.99975926,0.6175386,0.3886822,0.9998198,0.620874,0.3952058,0.9998435,0.6190761,0.39393094,0.9997645,0.61725783,0.39266658,0.9997713,0.5936976,0.3794788,0.99968207,0.5959739,0.388157,0.99976426,0.6008351,0.4162554,0.99936515,0.59956914,0.41677487,0.999159,0.5291971,0.39690608,0.9985592,0.5480921,0.42277935,0.9991775,0.6143233,0.31598544,0.29000908,0.66318035,0.3677216,0.97793794,0.68358916,0.23829645,0.70968086,0.74103653,0.26656455,0.9879203,0.6924597,0.20350641,0.75373477,0.768268,0.24291229,0.9859557,0.69913155,0.20563233,0.74770796,0.7587856,0.23158103,0.983362,0.69656235,0.21805272,0.76295453,0.7433658,0.2406508,0.9685791,0.4173471,0.59550077,0.9998305,0.36620325,0.57213926,0.9997794,0.5131671,0.71920544,0.9907444,0.1875459,0.5491726,0.9996055,0.4154888,0.8289971,0.9892915,0.017977864,0.48030496,0.99832267,0.3811319,0.8384806,0.96666515,0.007854462,0.4592569,0.9850269,0.4417064,0.8985009,0.9734002,-0.040830433,0.45656273,0.9929595
35142.jpg,0.59847736,0.64253557,0.99991834,0.5805888,0.6444293,0.99993503,0.5798032,0.64249265,0.99995005,0.57918155,0.64005065,0.9999348,0.5823182,0.6461922,0.99994576,0.58304733,0.6463301,0.99994457,0.58307135,0.6446359,0.99993646,0.5824534,0.6195663,0.9999577,0.5896799,0.6262016,0.9999571,0.60592586,0.6310774,0.99988043,0.6094381,0.6319888,0.99986935,0.61414856,0.5648902,0.9999689,0.65100515,0.5799689,0.99981886,0.6062709,0.6502223,0.9940811,0.66702086,0.63910866,0.81109065,0.5945552,0.7320083,0.9465061,0.6338437,0.71772087,0.87383235,0.59544975,0.7531369,0.88383865,0.6270663,0.7406875,0.7328167,0.58133906,0.74892104,0.87940574,0.6264575,0.7385225,0.7244857,0.590089,0.7420372,0.87017435,0.6267096,0.73109293,0.7167832,0.5582673,0.36214685,0.9999993,0.5684768,0.38110363,0.9999919,0.6658073,0.2767183,0.998818,0.5552552,0.36061126,0.25096467,0.5950986,0.11945227,0.9974394,0.45501512,0.3051765,0.54183227,0.56814903,0.09791118,0.9906641,0.43134424,0.29980654,0.68797493,0.64675057,0.040584087,0.9940454,0.44720843,0.26961094,0.6699809
35152.jpg,0.31253576,0.62179303,0.99991214,0.30043286,0.6118819,0.99994564,0.30094314,0.6096237,0.9999702,0.30152705,0.60698426,0.9999598,0.30061767,0.61144286,0.9999013,0.30103227,0.6092152,0.99992216,0.30132365,0.6066966,0.99990547,0.31639528,0.5864781,0.99993575,0.314544,0.587273,0.99993145,0.32874468,0.61465263,0.99972063,0.32890654,0.6153947,0.99966705,0.3817953,0.5704779,0.9997856,0.3807338,0.56207454,0.9988803,0.2754704,0.6514877,0.9966562,0.28366297,0.6357005,0.39616078,0.16038671,0.6923553,0.9751134,0.17497522,0.6798585,0.62963605,0.13795826,0.70063466,0.9653746,0.15399575,0.68534255,0.7052547,0.13448417,0.68998253,0.9573972,0.14867234,0.6786308,0.7028737,0.14163989,0.68530285,0.9420043,0.15549558,0.67521644,0.7103322,0.6109688,0.47322947,0.9993575,0.59446204,0.4433589,0.9989704,0.7851603,0.56800175,0.9987231,0.6814643,0.28594738,0.9162342,0.9555967,0.49921024,0.9970747,0.7421167,0.124331534,0.8844147,0.9653388,0.4782914,0.99609333,0.7491075,0.09194046,0.9252246,1.0249411,0.54718095,0.9942491,0.78479666,0.14674112,0.88903207
3519_aug.jpg,0.48852295,0.5285103,0.9994049,0.48384377,0.5434653,0.9995266,0.48497617,0.5456769,0.9996762,0.4859627,0.5478485,0.99968433,0.4826361,0.5417314,0.9996362,0.4830069,0.5427326,0.9997303,0.48333055,0.54359,0.99964046,0.4973688,0.5555464,0.9996811,0.49509346,0.54697466,0.99953425,0.5010244,0.5264533,0.99890566,0.49986064,0.5256182,0.9982431,0.5438309,0.54198724,0.9953987,0.535481,0.5233179,0.998387,0.45932186,0.577601,0.24229199,0.4417605,0.55706656,0.9812025,0.38183752,0.61139786,0.58202875,0.35468978,0.5978738,0.9767816,0.36656857,0.6269406,0.6573423,0.3327365,0.60887563,0.97524875,0.3612849,0.6275828,0.6444063,0.3344918,0.61630964,0.9695998,0.36572307,0.6222902,0.62745416,0.34163848,0.6130775,0.95290256,0.7196139,0.46894747,0.9997793,0.72008103,0.44942987,0.99969554,0.8576679,0.54021275,0.99792457,0.67811084,0.3356557,0.9982646,0.96744967,0.62950945,0.9923429,0.80919623,0.29212487,0.9910486,0.9781675,0.6464543,0.9931918,0.83723474,0.29820532,0.9872536,1.0036433,0.6301154,0.97686505,0.8232577,0.248065,0.97206366
36013_aug.jpg,0.5308021,0.7078911,0.99431324,0.54866314,0.6903752,0.99698,0.5491065,0.68757176,0.9965084,0.5496825,0.68467104,0.99891984,0.54768664,0.6884179,0.9987342,0.5472487,0.6844102,0.9984705,0.5469614,0.6804372,0.99869764,0.5372158,0.6525019,0.99830663,0.53295237,0.6516599,0.9988381,0.51275826,0.69868445,0.9954787,0.5098295,0.694167,0.9926593,0.461644,0.6078564,0.9744222,0.43845904,0.60958385,0.9789803,0.42829776,0.7405677,0.19313267,0.38558552,0.7451513,0.9502958,0.42290947,0.90024114,0.21444623,0.391509,0.89652455,0.81599116,0.44227105,0.93347514,0.22595426,0.39868173,0.9376906,0.8097545,0.44141272,0.93569744,0.22962753,0.4093454,0.9369285,0.7874667,0.43103102,0.9249648,0.26138884,0.41013938,0.9253912,0.6932881,0.3879565,0.3533166,0.9985759,0.3375612,0.35255617,0.99914503,0.51328504,0.19928095,0.9363638,0.14254858,0.23407532,0.99760723,0.79409623,0.18259987,0.90056324,0.19401272,0.01620543,0.95672864,0.83083075,0.18108208,0.78899646,0.2936718,-0.025601685,0.9340217,0.8842969,0.1988556,0.8959323,0.22057334,-0.054061055,0.93923277
36071.jpg,0.44477442,0.6390879,0.9996631,0.4404381,0.65649885,0.99976164,0.4357366,0.6570803,0.9996922,0.43109685,0.6577228,0.99965656,0.45875326,0.65748346,0.99967957,0.4669021,0.6584629,0.9995616,0.47534767,0.6592355,0.9994677,0.43375507,0.6548381,0.9997137,0.4958483,0.6560242,0.9995603,0.43747514,0.6248796,0.99895275,0.46181822,0.62443244,0.9984409,0.39552975,0.5946443,0.9988109,0.54571277,0.58244,0.9989993,0.36557576,0.7305771,0.982554,0.56561464,0.7222054,0.9956078,0.3591541,0.8584647,0.9767378,0.58146894,0.8747207,0.9937202,0.34997588,0.89534837,0.93270695,0.58881164,0.9234409,0.98056465,0.35562682,0.8968031,0.92861825,0.5831615,0.92957014,0.9784817,0.3650841,0.8844821,0.93535584,0.57842386,0.9132638,0.9772709,0.4167735,0.3547193,0.9998271,0.5367219,0.36295417,0.9998109,0.22985236,0.30891865,0.9912224,0.6592437,0.25587803,0.9923074,0.18501335,0.11261588,0.97738373,0.80192006,0.15844533,0.98763984,0.21080464,0.07614836,0.9473563,0.81736195,0.14804894,0.90388006,0.09334189,0.05963871,0.9301005,0.8341633,0.107022494,0.9364799
36108.jpg,0.31443444,0.50027317,0.9999807,0.30400383,0.51165,0.9999858,0.30392063,0.5114814,0.99997747,0.30380675,0.5111825,0.9999832,0.305816,0.5158471,0.99998415,0.3071287,0.5186047,0.9999815,0.3085217,0.5211016,0.99998546,0.3166362,0.52044195,0.99997807,0.3223715,0.53244466,0.99999106,0.32856584,0.4932623,0.9999211,0.33104247,0.49875328,0.99992025,0.37931964,0.47118068,0.99873084,0.4054141,0.52438414,0.9996952,0.26717186,0.51413196,0.3320621,0.2641196,0.5398718,0.9898253,0.17078099,0.55964804,0.3739152,0.1640608,0.5687363,0.93112725,0.1600483,0.5737552,0.3530613,0.14670554,0.58204234,0.9081485,0.16134062,0.579334,0.34601668,0.14535546,0.58751005,0.88075346,0.17140716,0.5728612,0.36431766,0.15322536,0.5826784,0.8477009,0.5789556,0.3389749,0.999703,0.60290766,0.39052576,0.99977547,0.49615297,0.19011334,0.98873144,0.79598606,0.42257798,0.99891067,0.6353126,0.08426759,0.99093366,0.97229683,0.48159063,0.9991155,0.6727956,0.08140704,0.9833667,0.9840518,0.49739802,0.9888609,0.6379982,0.006125033,0.98599446,1.0371232,0.46060342,0.9960169
36747.jpg,0.61861014,0.48470798,0.99996066,0.6221514,0.47072595,0.9999733,0.6204492,0.46725056,0.99998343,0.61846495,0.4635924,0.99998415,0.6236315,0.47817826,0.9999672,0.62317616,0.47992724,0.99997675,0.62249017,0.48162207,0.99994767,0.6014655,0.4562298,0.9999914,0.60621583,0.48074323,0.9999635,0.6039451,0.48368114,0.99992406,0.6050849,0.4925773,0.99980575,0.50791454,0.4159284,0.9997789,0.567391,0.5269314,0.9999254,0.46576372,0.30609205,0.9712307,0.6883544,0.5384803,0.9852566,0.43323517,0.19183102,0.930176,0.75049514,0.45752338,0.9903651,0.42509574,0.16124013,0.8820896,0.7622799,0.43278247,0.9830875,0.43193856,0.1579485,0.87922835,0.75585324,0.4249195,0.98145777,0.4324023,0.16862941,0.82404715,0.7495942,0.43138415,0.97268754,0.3489137,0.39757755,0.999984,0.3098286,0.47064748,0.99999475,0.36055368,0.21974783,0.9983754,0.14665563,0.5617803,0.9999535,0.4283157,0.1099326,0.99709046,0.06080374,0.4261279,0.9993868,0.43123493,0.08962467,0.9960991,0.057186007,0.39404973,0.99918085,0.4526121,0.041653574,0.9837462,-0.0044594407,0.42746636,0.9960062
37103_aug.jpg,0.5319396,0.32980904,0.9992993,0.5120563,0.3247646,0.99947673,0.5102076,0.32648948,0.99940217,0.5083211,0.32829088,0.9996934,0.5110375,0.32589173,0.9996136,0.5083476,0.32831952,0.99950266,0.5054628,0.33090615,0.9993517,0.49194628,0.3584752,0.9997274,0.4905461,0.36013255,0.99947685,0.5373492,0.35047886,0.99907434,0.5349641,0.35067263,0.99855715,0.51504284,0.4466907,0.9956448,0.5177037,0.4418838,0.99726665,0.58791167,0.29602414,0.32920828,0.6018052,0.28603303,0.99045897,0.64188725,0.1734038,0.5827966,0.6589602,0.1453389,0.95802206,0.6601558,0.13108402,0.75322586,0.6763785,0.10911316,0.95844406,0.6600634,0.12476373,0.7887414,0.67294496,0.09891695,0.95785,0.6552696,0.13373345,0.77490157,0.6676725,0.1091916,0.9279001,0.4908592,0.7175037,0.99962413,0.45739418,0.720118,0.99896455,0.72449124,0.7717884,0.9858425,0.2301954,0.7580806,0.9992099,0.66848904,0.97504467,0.9776858,0.035413355,0.77044165,0.9989827,0.63782275,0.9910457,0.9458302,0.004332572,0.7563295,0.9908444,0.68935966,1.0445073,0.95876193,-0.0028529763,0.82548577,0.9949877
38220.jpg,0.6795269,0.692104,0.942064,0.70175266,0.6864767,0.980335,0.7030874,0.684884,0.9721034,0.7045368,0.68306917,0.97738546,0.7036418,0.68440294,0.97691435,0.70629734,0.6812929,0.97019595,0.70890045,0.67780554,0.9683801,0.71586144,0.6519787,0.9777272,0.7164389,0.64620215,0.9845329,0.6689178,0.67828226,0.9542154,0.6720004,0.6754228,0.92567176,0.65067905,0.59796894,0.98440206,0.68413556,0.54957867,0.9649838,0.6552413,0.75860643,0.24837069,0.6449418,0.7384691,0.9228344,0.7621957,0.8130205,0.26222816,0.7685809,0.8153311,0.9143779,0.8071132,0.83749384,0.23750107,0.8027717,0.836057,0.88984764,0.8156657,0.81771845,0.22170965,0.81627333,0.8182792,0.87107706,0.80611336,0.81213355,0.26123807,0.8063296,0.81097376,0.8210234,0.40304512,0.41192883,0.99773645,0.48426288,0.34471226,0.99035066,0.14187604,0.47011682,0.9705777,0.5813644,0.090913385,0.98303866,0.04231003,0.42722577,0.9365165,0.67121047,-0.03737825,0.946391,0.051048905,0.39876726,0.8813067,0.6884744,-0.029349267,0.8870106,-0.05578181,0.44632298,0.8174874,0.7247828,-0.09818593,0.8488606
38499.jpg,0.48591283,0.49768865,0.99936324,0.4762208,0.4915239,0.99947125,0.47570056,0.49140802,0.9993456,0.4751406,0.4912881,0.9995136,0.47493598,0.49363253,0.9994406,0.4736291,0.4950025,0.9993387,0.4723368,0.49629885,0.99926704,0.46579587,0.5036092,0.9992939,0.4648372,0.51053035,0.9990728,0.48777682,0.5082126,0.99845827,0.4859973,0.5102471,0.9974904,0.47485387,0.5442413,0.9957948,0.48410156,0.56238586,0.9983311,0.47914007,0.4612216,0.26336113,0.51949906,0.46660736,0.9928018,0.49013138,0.39524606,0.66854745,0.5255147,0.38591114,0.99347466,0.47982818,0.37614045,0.65890193,0.5268237,0.35962936,0.9881904,0.479017,0.37452322,0.6656609,0.5121441,0.36146975,0.9854763,0.48298064,0.38273177,0.68177915,0.50981045,0.3726286,0.9745514,0.48564535,0.73094684,0.9997613,0.4482494,0.7468344,0.99968445,0.5772369,0.7887564,0.9877972,0.35183442,0.8260118,0.9996393,0.54827374,0.89763665,0.9922123,0.24421026,0.9001004,0.9995758,0.5303448,0.919035,0.9751046,0.2144188,0.91200864,0.99375737,0.5896771,0.93167293,0.98836166,0.2709248,0.95861197,0.99820304
38503_aug.jpg,0.41485447,0.45632112,0.99871635,0.40451127,0.46119744,0.99893194,0.4040234,0.46233523,0.99873525,0.40351862,0.46345747,0.9989723,0.40532127,0.46227315,0.9987531,0.4054355,0.46413183,0.99852824,0.40554667,0.46593738,0.9982187,0.40845937,0.47741663,0.9981123,0.41220415,0.47804004,0.9977531,0.42489964,0.4625283,0.9966673,0.425733,0.46455356,0.9953068,0.44508904,0.5051979,0.99551445,0.45870852,0.5044249,0.99726874,0.36450106,0.45303035,0.33880246,0.36964738,0.43747652,0.9659344,0.28322762,0.39993122,0.70187724,0.26892385,0.38537145,0.97373813,0.2615298,0.39357355,0.69863325,0.24851185,0.37444955,0.9674394,0.25494128,0.39097947,0.6924457,0.24370492,0.37684098,0.96053934,0.26528916,0.39461297,0.7106565,0.25161323,0.3821287,0.9381289,0.62416136,0.6147159,0.99972457,0.6175008,0.63840485,0.99974257,0.70468396,0.54556865,0.9712658,0.65568924,0.7867841,0.9992766,0.80894625,0.64791197,0.9837378,0.6502602,0.9235985,0.9990351,0.8160887,0.67082745,0.9509223,0.6395021,0.9484433,0.9890749,0.8677926,0.6327684,0.970111,0.70563424,0.93118775,0.9958603
40829.jpg,0.59292763,0.19520465,0.99746704,0.5719668,0.18441027,0.99877423,0.5699313,0.18489084,0.9982809,0.56763726,0.18538022,0.99840873,0.56836784,0.18810081,0.9987124,0.5635199,0.19107103,0.99844223,0.5580468,0.19452626,0.9983113,0.53837204,0.2122657,0.99905306,0.52894783,0.2234348,0.99835384,0.5977886,0.22010088,0.9951238,0.5919862,0.222269,0.99338853,0.588529,0.28221205,0.9756235,0.5100489,0.3429069,0.98944116,0.50566,0.16888288,0.4278686,0.5308045,0.28149265,0.767336,0.4481427,0.07675737,0.58454263,0.4624238,0.13836074,0.8607617,0.42819005,0.060334444,0.55711794,0.44011348,0.11783236,0.84947723,0.42262137,0.061244488,0.5497049,0.43357003,0.0973143,0.83673155,0.43134964,0.0638755,0.5543494,0.44567245,0.11504519,0.7779113,0.64362043,0.59614384,0.9982697,0.5497521,0.6187824,0.9981475,0.91331226,0.6059694,0.9929033,0.39422333,0.789505,0.9983369,0.9651176,0.7895751,0.98474056,0.19765794,0.9732416,0.997843,0.94563663,0.8316565,0.9685485,0.16556549,0.98653364,0.96721953,1.0628295,0.85589826,0.9484182,0.18435034,1.0430566,0.98367
41478.jpg,0.59567016,0.5635721,0.9997131,0.5903182,0.58068854,0.9998134,0.588163,0.5815246,0.9998037,0.58588946,0.58231497,0.9998134,0.5904588,0.5810616,0.9996879,0.5885633,0.58221895,0.9995629,0.5865682,0.58349794,0.99951625,0.5648732,0.58242404,0.99972516,0.5671269,0.5832262,0.9992409,0.5837136,0.5550311,0.9990306,0.58445954,0.55434096,0.99804115,0.5305396,0.53192294,0.9988945,0.5315225,0.5327682,0.9878535,0.5799988,0.6514057,0.9977495,0.5788495,0.6421497,0.12430792,0.6137254,0.76474524,0.9897209,0.60813594,0.7524663,0.4504608,0.6199799,0.7921498,0.97875434,0.613541,0.7793606,0.52681327,0.6170872,0.79666144,0.975045,0.6148118,0.78452617,0.5176354,0.61401725,0.78466916,0.96832657,0.61150837,0.7731027,0.5531366,0.45062006,0.33008185,0.9996964,0.4595715,0.33390385,0.9996234,0.35788512,0.26647925,0.9984787,0.5464018,0.25276166,0.9777778,0.2012955,0.21593222,0.9983113,0.5279453,0.11598188,0.98118293,0.17706692,0.21512598,0.9875559,0.5064212,0.091462955,0.9716073,0.2104834,0.15473871,0.99606663,0.54230106,0.06175378,0.96782994
41506_aug.jpg,0.6183313,0.28254026,0.99952626,0.6363583,0.28957057,0.9996069,0.63705593,0.29218227,0.99944395,0.6377986,0.29512316,0.9995726,0.63634527,0.28961968,0.99942684,0.6371664,0.29214737,0.999065,0.6381788,0.29485252,0.99933666,0.6389191,0.3271311,0.9994741,0.6398353,0.32292944,0.9992668,0.6062841,0.2936063,0.9977551,0.60595024,0.29326415,0.9976484,0.5711805,0.37948012,0.99903834,0.5603106,0.37038395,0.9972934,0.7245465,0.34904775,0.9919869,0.7139896,0.3579683,0.26378483,0.86851716,0.34086233,0.9777654,0.84427047,0.35126618,0.45176202,0.90495443,0.34323114,0.9589681,0.88437915,0.3566345,0.429401,0.90714324,0.34925872,0.95256406,0.8878718,0.35798478,0.41139245,0.8956233,0.34826136,0.9385595,0.874614,0.35579324,0.42632735,0.33125532,0.5486107,0.99949074,0.30825406,0.5139476,0.999703,0.32298556,0.7593062,0.98317313,0.17146993,0.34894913,0.88998055,0.37306574,0.97587293,0.95167273,-0.01332134,0.4361707,0.8560274,0.38546067,1.0047214,0.92412096,-0.024245292,0.46369204,0.84737617,0.3684148,1.0560303,0.89481854,-0.11527866,0.43145525,0.72715515
41654_aug.jpg,0.78247416,0.61015844,0.99876046,0.7907708,0.6232502,0.99877447,0.7901908,0.62582123,0.99858654,0.7894749,0.6284421,0.998492,0.7907327,0.6211894,0.9989416,0.7900473,0.6223515,0.9984787,0.78924704,0.6236332,0.99878436,0.7770027,0.64538264,0.99856216,0.7772639,0.6401146,0.99911994,0.768761,0.6120359,0.993796,0.7680415,0.6099269,0.99546885,0.7068776,0.67010677,0.99322695,0.69583464,0.6341507,0.9983789,0.74922574,0.5651277,0.97925925,0.7385382,0.56763905,0.20221666,0.85322773,0.52220213,0.9598253,0.84012055,0.52013457,0.45926675,0.8739228,0.5227486,0.944073,0.8568207,0.51418066,0.4602445,0.8796431,0.52454656,0.9346728,0.86899424,0.5187346,0.4647816,0.8726951,0.5257468,0.9125042,0.86339295,0.5185183,0.49613082,0.45220396,0.74309784,0.9990721,0.43692198,0.6943235,0.9999268,0.32899052,0.82067615,0.9976229,0.30760986,0.5641849,0.98344815,0.36467612,0.9419813,0.9726299,0.1534118,0.6039916,0.98675764,0.36780807,0.9558244,0.9639799,0.12516299,0.6293927,0.97707385,0.35227668,0.98050934,0.9343554,0.099191904,0.54562944,0.95251065
41769_aug.jpg,0.6899027,0.7246294,0.9999181,0.66550815,0.7388755,0.9998615,0.6582451,0.73733,0.99987364,0.6506114,0.7359782,0.99980897,0.6737807,0.7394031,0.9997861,0.672915,0.738449,0.9997881,0.6715094,0.73794997,0.999711,0.6158972,0.71725893,0.99987006,0.6418356,0.72027206,0.9998272,0.6736541,0.6964976,0.9997882,0.6878784,0.7004007,0.9995993,0.5150062,0.6484965,0.9998808,0.6672414,0.6079562,0.99998164,0.35362178,0.6815234,0.9933676,0.8127347,0.69733,0.97846985,0.20728347,0.7452586,0.9597884,0.88590074,0.81554437,0.9596902,0.17495146,0.7616558,0.9123072,0.90919447,0.85880417,0.888549,0.17208315,0.7686732,0.9158445,0.9048166,0.8642887,0.87960875,0.18364213,0.76131415,0.92138666,0.89666784,0.8517708,0.9058116,0.34078142,0.530084,0.9987993,0.36147538,0.43502843,0.9999207,0.18491381,0.7160575,0.9920981,0.378272,0.17817748,0.99768674,0.053829342,0.8370388,0.9765756,0.18917501,0.095395386,0.99368286,0.055743545,0.8648915,0.94682795,0.1579204,0.10805929,0.9898173,-0.01518923,0.857962,0.9535838,0.16198148,0.0021276474,0.98512393
41857_aug.jpg,0.2052288,0.41378033,0.999602,0.20019642,0.42936927,0.9997583,0.20201105,0.43082836,0.9996252,0.20389986,0.43240997,0.99971575,0.20030206,0.42997473,0.9996861,0.20208079,0.43171623,0.99956125,0.20385596,0.43353748,0.99956924,0.22869799,0.44595888,0.9996549,0.22684169,0.44427165,0.9997205,0.22176585,0.40814757,0.9992281,0.2218023,0.40986004,0.9989135,0.30760986,0.4265186,0.9978011,0.3087311,0.4217427,0.9987889,0.18653926,0.5071133,0.19360985,0.16661808,0.50707954,0.9792909,0.0985181,0.5882659,0.5420138,0.06381589,0.60010016,0.9738545,0.083711565,0.6188982,0.58608377,0.045457423,0.62899935,0.9685125,0.0765273,0.6228149,0.5872224,0.044637382,0.6340961,0.96271604,0.08214399,0.6121435,0.61220413,0.051210135,0.6259822,0.94856393,0.61374676,0.34935006,0.99987066,0.6238503,0.37798738,0.99972504,0.6340469,0.1952172,0.9655806,0.7934473,0.5496954,0.9993461,0.8592887,0.23026036,0.9721181,0.84143734,0.7729618,0.994848,0.8966502,0.2493465,0.9398849,0.8262191,0.8185788,0.9816217,0.91230774,0.15911654,0.935287,0.89316547,0.78622466,0.98331314
42384_aug.jpg,0.59064305,0.39047801,0.9982753,0.59846365,0.38290003,0.99901533,0.5993239,0.383441,0.9977623,0.6001514,0.3840354,0.9982754,0.5943027,0.37860018,0.99927396,0.59294283,0.37382472,0.9990728,0.59085727,0.3711341,0.99921775,0.59026235,0.37631434,0.9942924,0.574199,0.36144295,0.99936396,0.5821337,0.3948409,0.98945755,0.5768353,0.3902943,0.99193466,0.5669353,0.40218005,0.9913053,0.5132351,0.36485717,0.9979691,0.64132595,0.36181223,0.21599329,0.6119511,0.34826374,0.98624367,0.72534955,0.31910455,0.5211797,0.70813394,0.30814883,0.98564494,0.7412307,0.3087135,0.4878808,0.7346585,0.3000989,0.9681953,0.7422577,0.3055661,0.4785334,0.73580325,0.296156,0.9618847,0.73746014,0.30852133,0.49849504,0.7272228,0.29813212,0.92464155,0.44430742,0.5311374,0.9999602,0.39970168,0.4720421,0.9999466,0.45501703,0.65310645,0.99324316,0.26705104,0.45582503,0.9982303,0.37678346,0.7419559,0.9922712,0.14246532,0.42483038,0.99871814,0.34790027,0.7460273,0.9754431,0.13087341,0.41963533,0.97025675,0.39807323,0.8007818,0.98176825,0.102665335,0.4268713,0.9956636
43107.jpg,0.276667,0.63590646,0.9999927,0.27313006,0.6110224,0.99998593,0.27568585,0.6076598,0.99998844,0.27780908,0.6045151,0.99998724,0.26999137,0.61325896,0.9999602,0.26992184,0.61156386,0.99996006,0.26971424,0.6096657,0.9999639,0.29975525,0.58818734,0.9999745,0.28738332,0.5958417,0.9999566,0.29868853,0.63705224,0.9999745,0.2941962,0.64420485,0.9999666,0.41659975,0.5934805,0.9999635,0.35663557,0.6118819,0.99988353,0.4665298,0.8027257,0.99904734,0.39478365,0.71072114,0.8075066,0.3559828,0.8175707,0.9948394,0.35755053,0.8041408,0.5842821,0.33592674,0.83495903,0.9914016,0.340739,0.813817,0.51965195,0.31055528,0.8151666,0.9911562,0.35517097,0.8070296,0.5338763,0.32745653,0.81249225,0.9809638,0.36585802,0.8072679,0.53020555,0.54886454,0.4691467,0.9998858,0.5357634,0.5275135,0.9998528,0.5468769,0.2656392,0.9941823,0.5906899,0.64417,0.96956414,0.55223185,0.0434933,0.99683434,0.72617924,0.63729596,0.9668505,0.5454064,0.032351494,0.97581065,0.735265,0.6297467,0.9517279,0.5726179,-0.020360291,0.9880185,0.7965089,0.6350521,0.9533909
43393.jpg,0.55613023,0.7809834,0.99999106,0.5314211,0.78308356,0.9999882,0.52564377,0.7790646,0.99998724,0.5192546,0.77475667,0.99998343,0.53900313,0.7868277,0.99997926,0.5393401,0.78612626,0.9999732,0.5392733,0.7855655,0.9999659,0.49534,0.7437513,0.9999894,0.5201081,0.7594163,0.99998236,0.55504,0.75319475,0.99998844,0.5642659,0.76241416,0.9999685,0.4353232,0.6354797,0.9999852,0.5953371,0.6719278,0.9999963,0.28731608,0.5828275,0.99546874,0.66044486,0.827198,0.9713507,0.12679544,0.562696,0.98505974,0.6601668,0.9762493,0.9589944,0.09240621,0.56291527,0.9661104,0.66023755,1.0085316,0.8995577,0.08723006,0.56921434,0.9677018,0.65460527,1.0067614,0.89109546,0.101116896,0.5674559,0.96697235,0.6546327,0.99770993,0.9176167,0.35151425,0.44944042,0.99947304,0.41661245,0.37019473,0.99997735,0.11530465,0.5345418,0.9929443,0.54988104,0.15788145,0.99862576,-0.08600584,0.58053106,0.9683016,0.43412325,0.0033291876,0.9961922,-0.10542375,0.5716014,0.941753,0.4010326,0.0029844642,0.98879236,-0.16994548,0.6232,0.91713935,0.460662,-0.113028705,0.98562884
44052_aug.jpg,0.5180081,0.48483205,0.99968624,0.5156678,0.47364813,0.9996201,0.51520383,0.4733284,0.9995017,0.5146517,0.47302714,0.99955744,0.512372,0.47321972,0.9996486,0.50959253,0.47253677,0.9995926,0.5066515,0.47183377,0.999537,0.4997901,0.47703093,0.99944526,0.49139905,0.47690156,0.99949133,0.5132876,0.49293014,0.9990025,0.5097691,0.4925381,0.9983962,0.4938403,0.51810837,0.99695337,0.45959306,0.5132868,0.9988821,0.552717,0.46564698,0.4893281,0.5322161,0.46093005,0.99583614,0.60010844,0.4080935,0.69866484,0.59338486,0.38983884,0.9949562,0.61164874,0.39055118,0.60243064,0.60904896,0.3681401,0.9881164,0.6091269,0.38399208,0.6051345,0.60731626,0.36275938,0.98512846,0.6042882,0.3891044,0.64687103,0.60268044,0.3700432,0.97445333,0.39557543,0.6657877,0.9999007,0.3583147,0.65126115,0.99981016,0.44165963,0.75712544,0.9875789,0.2690651,0.6908087,0.999044,0.38416705,0.86314774,0.9884466,0.14512509,0.7192321,0.9983621,0.3653821,0.87592894,0.97545797,0.12464063,0.71407115,0.98135525,0.4133082,0.9074545,0.98270816,0.12409067,0.7628122,0.99298954
4427.jpg,0.46866456,0.30745593,0.9997664,0.45278156,0.30422252,0.99980694,0.45149985,0.30567244,0.99973875,0.45016325,0.30737627,0.99979943,0.45163462,0.30491087,0.9997223,0.44975042,0.30668208,0.9996586,0.44786242,0.30862087,0.9996697,0.44355744,0.3294492,0.9996977,0.44245017,0.3295059,0.9997174,0.4744938,0.32039467,0.99891317,0.4728915,0.32182854,0.9987703,0.47276902,0.38656712,0.9952762,0.46010396,0.38941905,0.99870324,0.44293594,0.2840039,0.13187191,0.43265843,0.27118716,0.9786299,0.3874519,0.20446679,0.3117777,0.37113455,0.18288666,0.9623492,0.36576074,0.18570599,0.3213609,0.3550037,0.16478488,0.9427649,0.36223137,0.18361896,0.32111043,0.35071602,0.16823709,0.92884034,0.37037608,0.19295576,0.3589316,0.35536695,0.1747092,0.9064844,0.5957964,0.5794148,0.99932873,0.56299484,0.59645396,0.99922585,0.77188194,0.56683284,0.94325924,0.5022234,0.76922715,0.99847275,0.85152864,0.71968985,0.93943757,0.41998786,0.92593944,0.99683374,0.8456099,0.7531807,0.86332774,0.39954847,0.9552901,0.96677643,0.9297499,0.7196735,0.90232444,0.4584769,0.9601195,0.9842957
44631.jpg,0.55480325,0.53024256,0.9996171,0.5641947,0.5309769,0.9995492,0.56460005,0.5304626,0.99940383,0.5649112,0.5300324,0.99952483,0.56393373,0.5300123,0.99953985,0.5643344,0.5287074,0.99946076,0.56471115,0.52746004,0.999393,0.56439716,0.51816785,0.9992506,0.5638699,0.51489747,0.9994289,0.5477763,0.52291656,0.99908376,0.5479731,0.521273,0.9987103,0.53145677,0.4958441,0.9987484,0.5336014,0.47846273,0.9991391,0.5632875,0.5617984,0.33891773,0.5687573,0.54809797,0.98305607,0.602002,0.6010645,0.5704633,0.61179215,0.6015608,0.9763765,0.61282027,0.6077336,0.511394,0.6235103,0.61222005,0.9611971,0.61539227,0.60693085,0.5123268,0.6261445,0.6093835,0.9527286,0.61267847,0.6049267,0.56749403,0.62326485,0.60640913,0.93292904,0.43652502,0.38115945,0.99992,0.4478313,0.3658956,0.99985313,0.33701825,0.3715484,0.94699544,0.43622097,0.26981467,0.99832827,0.28657538,0.3116602,0.9630832,0.47662032,0.20774573,0.9913585,0.29059672,0.29903072,0.91988915,0.48615104,0.20211148,0.9639955,0.2624722,0.30581847,0.938438,0.46821553,0.17866974,0.9727015
45528_aug.jpg,0.44255316,0.34844112,0.99983215,0.45370162,0.34216052,0.99987805,0.45470607,0.34325022,0.9998679,0.45572335,0.34448275,0.9998853,0.4537187,0.34172535,0.9998134,0.45465064,0.34241432,0.99973553,0.455702,0.34324086,0.9997352,0.45930514,0.357474,0.99986875,0.46065542,0.35708633,0.9997193,0.4400765,0.36224157,0.99934286,0.4393971,0.3618021,0.9989794,0.4264891,0.40646434,0.99954045,0.4239488,0.40728438,0.9872016,0.4862747,0.2940013,0.99866474,0.47933364,0.30945346,0.18153535,0.54330474,0.1953814,0.99148506,0.5241643,0.22775963,0.43088233,0.5567962,0.17326525,0.9791616,0.5465463,0.19505498,0.4609852,0.56375957,0.1748789,0.9752821,0.5528652,0.18925145,0.4537802,0.5596477,0.18180957,0.96885455,0.54436666,0.20186305,0.48865628,0.3438789,0.6024608,0.9998779,0.326145,0.5876637,0.9997224,0.35569975,0.76267254,0.99963987,0.19787838,0.55597615,0.982406,0.40287477,0.89974153,0.9993856,0.116076276,0.6906395,0.98324215,0.41913632,0.9158987,0.9938984,0.111590296,0.71093297,0.97787195,0.3652947,0.93960464,0.9977781,0.057640553,0.69649404,0.9673209
4616.jpg,0.6008515,0.6145788,0.9947344,0.60785043,0.61689085,0.99419385,0.6069942,0.61567307,0.99196225,0.6073823,0.61595666,0.9927955,0.6078248,0.61792165,0.99180156,0.60782313,0.6189127,0.9890967,0.6081481,0.6198497,0.99263203,0.60605294,0.6187575,0.99211216,0.6055669,0.61934793,0.9871185,0.5987983,0.6041398,0.99010086,0.6009717,0.6069345,0.9904141,0.573736,0.6013419,0.9956501,0.59398323,0.59158987,0.99735653,0.6242083,0.64086825,0.9495009,0.64051074,0.6426633,0.79124624,0.67705876,0.6819528,0.91745895,0.6805721,0.67886543,0.87084746,0.68914175,0.6897069,0.87982196,0.68748695,0.6861063,0.81394655,0.69045556,0.6913694,0.8673122,0.69097453,0.6879524,0.8007568,0.68687046,0.689315,0.84027237,0.68571556,0.68527186,0.8038811,0.50268453,0.5078285,0.9987992,0.51141393,0.50233257,0.99941456,0.445933,0.4760449,0.9733051,0.466998,0.46050888,0.9469546,0.38845825,0.44548976,0.9701277,0.4021163,0.4110791,0.9721201,0.38121045,0.44608712,0.9173084,0.38940775,0.40713334,0.97443956,0.3503577,0.42809373,0.96186936,0.39251864,0.3826024,0.95917755
46213.jpg,0.46408665,0.7734669,0.99953234,0.44173676,0.76815987,0.99965227,0.4402228,0.76506895,0.9995963,0.43840897,0.76158106,0.99964595,0.4413299,0.76879025,0.99950325,0.4396817,0.76660347,0.999411,0.43773246,0.7641875,0.9994665,0.42964578,0.7302754,0.99951565,0.4286754,0.7345946,0.99951434,0.4749758,0.7586497,0.99836797,0.47507572,0.7598138,0.9980552,0.47933406,0.6579664,0.99953234,0.4885311,0.6655904,0.99363506,0.33699918,0.74647605,0.99465275,0.3480213,0.74198884,0.2795541,0.18997124,0.8059938,0.96699655,0.20784584,0.7954963,0.35355517,0.14912242,0.8171492,0.93154866,0.16172129,0.8025074,0.3469318,0.1447123,0.8151134,0.9207679,0.15687698,0.806003,0.33958688,0.15515882,0.81221604,0.9133811,0.16697541,0.80582416,0.36295605,0.6420834,0.3947903,0.9997365,0.67083734,0.4182352,0.99933225,0.54755193,0.16511264,0.99759114,0.8772176,0.5531391,0.87464637,0.39075744,-0.04851806,0.9920408,1.0105848,0.42387187,0.8649165,0.35443556,-0.06768376,0.97581017,1.0039234,0.38320485,0.8851612,0.37112978,-0.13740039,0.9661936,1.0961721,0.38081047,0.795791
4710.jpg,0.30545846,0.5187405,0.9996345,0.2959568,0.49672467,0.9998267,0.29752168,0.49321824,0.999775,0.29908952,0.48962498,0.99982387,0.29508248,0.49816173,0.99973637,0.2959805,0.4955806,0.9995049,0.2967851,0.49275297,0.99957365,0.3219865,0.4623103,0.9997855,0.31831405,0.46797693,0.9994568,0.32532343,0.51503426,0.99817586,0.32360572,0.51825374,0.99707747,0.42160308,0.44636387,0.99465454,0.40327728,0.48117524,0.99285537,0.27592516,0.44019067,0.9958146,0.27621055,0.45056188,0.11161426,0.117732465,0.3955921,0.9898024,0.1475538,0.40119198,0.27186748,0.08101839,0.37155968,0.98167175,0.11105585,0.36969122,0.3155392,0.07967222,0.36363292,0.9783957,0.109855056,0.36169177,0.30823573,0.09496087,0.37111318,0.9708763,0.117612064,0.3716358,0.35304186,0.6562602,0.55472,0.99787176,0.6278254,0.6228653,0.99922085,0.8218386,0.4183417,0.99299663,0.5605092,0.8612451,0.99021155,0.9557885,0.28062084,0.9851716,0.7180666,0.97953975,0.97907317,0.9583217,0.25872257,0.9474148,0.7544989,0.9722875,0.9718625,0.99250543,0.266943,0.9525412,0.75809014,1.0754716,0.92111975
48227.jpg,0.43839133,0.57793856,0.9997676,0.43069762,0.5699399,0.9998505,0.43122312,0.56804585,0.99981385,0.43162188,0.5659317,0.9998362,0.43032283,0.5700021,0.99973375,0.43050826,0.5685127,0.9995739,0.43039054,0.5667119,0.9996673,0.43992332,0.5523655,0.99975747,0.43685168,0.55147237,0.999493,0.45026392,0.5726039,0.9983328,0.45000547,0.5742288,0.99806446,0.489989,0.54305947,0.9993561,0.48059237,0.5278351,0.99203956,0.46337512,0.63599575,0.9944589,0.4552127,0.61885095,0.16327937,0.40386748,0.6968541,0.98154,0.40460783,0.68715185,0.3397969,0.3895306,0.7110176,0.96228427,0.38706332,0.70148003,0.3520125,0.38201967,0.70419514,0.95606405,0.38092753,0.69563174,0.34739694,0.38731915,0.6986259,0.9425198,0.38681072,0.691121,0.3903528,0.579449,0.389282,0.9997063,0.5980823,0.39782992,0.9996278,0.5212155,0.23389688,0.99911994,0.7033113,0.4836058,0.96878415,0.4667403,0.10859895,0.99796224,0.77221763,0.37866253,0.9705061,0.44959852,0.09862596,0.99140024,0.77582175,0.3593151,0.9763664,0.47153008,0.0682064,0.9937796,0.82231015,0.39120874,0.93892294
48530_aug.jpg,0.57326144,0.21213534,0.9999566,0.5501255,0.20191723,0.9999604,0.5470149,0.20313787,0.9999714,0.5438366,0.20444962,0.99997544,0.5493817,0.2030496,0.9999714,0.5458641,0.20497075,0.9999777,0.542062,0.20699921,0.99997425,0.5210317,0.23133379,0.9999732,0.52091604,0.23356542,0.9999695,0.5739572,0.23482016,0.99984634,0.571373,0.23639259,0.99979717,0.51640195,0.3289619,0.99725455,0.51976025,0.33167794,0.99906975,0.52345836,0.19726697,0.18508418,0.52810967,0.19069111,0.9797135,0.4890515,0.08993453,0.2767678,0.48876873,0.06435192,0.9067137,0.46526206,0.06131482,0.33178052,0.4687028,0.031229198,0.9058478,0.45555326,0.060832202,0.32194632,0.4557058,0.038851798,0.88808525,0.46235955,0.07225925,0.33784536,0.460451,0.051730216,0.8686028,0.5129557,0.64357954,0.99977833,0.5587159,0.64404875,0.99988973,0.31439957,0.7993511,0.99693054,0.8377558,0.70961356,0.9994129,0.08458105,0.92292464,0.9937831,0.87711006,0.94014776,0.9976547,0.03256899,0.9529294,0.99153554,0.85516286,0.97929966,0.99602973,0.1345051,0.9708543,0.9874724,0.97959244,0.9723682,0.9925344
48894.jpg,0.6392366,0.32571763,0.9999496,0.64876735,0.34498835,0.9999608,0.6463028,0.34887934,0.9999559,0.6438719,0.35329884,0.9999558,0.65144265,0.34269267,0.99992764,0.6510824,0.34461662,0.9998921,0.6507925,0.34745294,0.99991655,0.6207411,0.37513518,0.99994576,0.6310891,0.37090617,0.99995184,0.61444145,0.33024535,0.99985063,0.6160532,0.32629907,0.9998186,0.5292338,0.37645262,0.9994855,0.53984994,0.39091128,0.99969125,0.5906897,0.2247015,0.9839851,0.5983751,0.24925935,0.5259388,0.66327417,0.10236451,0.970447,0.6616845,0.121386856,0.6361476,0.6818496,0.069080204,0.95088214,0.67898685,0.09391001,0.60579777,0.6946647,0.07013506,0.9416901,0.68871725,0.090551704,0.5956119,0.6877885,0.08190906,0.9331822,0.6822444,0.1005705,0.64252615,0.35280484,0.61670923,0.99796057,0.33826283,0.59649664,0.99963975,0.47462735,0.8492198,0.9824702,0.09637582,0.49528044,0.9831527,0.55908036,0.9733043,0.9234871,-0.001324296,0.66897875,0.9578253,0.58373034,0.98410386,0.83342654,0.005790472,0.7023771,0.9567569,0.6013444,1.0511407,0.84245116,-0.08756316,0.70532954,0.8798524
49013_aug.jpg,0.2941198,0.68935,0.99980277,0.30960912,0.70649505,0.9998307,0.31265223,0.7066065,0.99983275,0.31589323,0.7066002,0.9998368,0.31092286,0.7068022,0.99977404,0.3147901,0.7072927,0.9997451,0.31886855,0.7077255,0.9997142,0.350676,0.69779044,0.9998758,0.3503447,0.6995541,0.99984217,0.30248708,0.67321694,0.99900514,0.30512038,0.6756008,0.9988663,0.38022757,0.6145337,0.9943547,0.39617765,0.6263366,0.9991233,0.3848181,0.7612872,0.1888484,0.38594502,0.7770376,0.9734265,0.4217161,0.9000834,0.3337351,0.42414382,0.92745835,0.9449588,0.43520567,0.9308158,0.3192625,0.43339694,0.9590463,0.9243144,0.43864453,0.93630546,0.31885687,0.43979836,0.96261287,0.91434413,0.43459755,0.9234948,0.34979776,0.43714613,0.95212054,0.89894587,0.4752068,0.32918742,0.9986492,0.51043636,0.3306964,0.9992168,0.22800279,0.21718934,0.9709682,0.7338038,0.26197332,0.99956185,0.32709217,0.107792884,0.9508829,0.93438536,0.23566933,0.9959494,0.30611503,0.07068339,0.8933954,0.95184207,0.25882286,0.97142977,0.31016356,0.057776064,0.9029253,0.9835603,0.15613346,0.97967654
51244.jpg,0.4738594,0.40490788,0.99692315,0.46415004,0.4000451,0.9971277,0.462867,0.40067515,0.9966221,0.46161813,0.40123942,0.9972844,0.46395078,0.40108848,0.99673706,0.46259323,0.40245467,0.9962691,0.46133953,0.40375695,0.9955711,0.45315772,0.41433236,0.9944022,0.45644316,0.41709277,0.99377406,0.47550854,0.41744167,0.9912443,0.47465375,0.41898996,0.9882841,0.45375556,0.46287432,0.9890513,0.46594223,0.4681889,0.99607915,0.44443154,0.36514464,0.25154316,0.4616857,0.35618183,0.95068705,0.43459633,0.26733565,0.6345938,0.44009107,0.25038463,0.964722,0.4259355,0.2436147,0.6353491,0.432788,0.22915894,0.95508194,0.42402875,0.23984802,0.6337835,0.42854795,0.22752643,0.9444507,0.42748803,0.24980184,0.64966166,0.430687,0.23661509,0.91246635,0.48885983,0.6711636,0.9994962,0.464883,0.67911613,0.9995653,0.5980638,0.68581957,0.95541495,0.37562773,0.8068562,0.99909997,0.5824994,0.83405674,0.9725557,0.26978058,0.88908297,0.99906975,0.5713748,0.85804045,0.9278902,0.23861402,0.9112304,0.9869055,0.6346842,0.8629174,0.95582134,0.30759633,0.9382334,0.9956779
51915.jpg,0.5728124,0.7030197,0.9999397,0.57261205,0.7075776,0.99996734,0.5705311,0.705317,0.9999449,0.5685601,0.70314753,0.9999527,0.5828331,0.71276045,0.99996305,0.5878053,0.71393704,0.99995005,0.5927876,0.71492183,0.99994814,0.58121955,0.69203484,0.9999577,0.6117707,0.7067499,0.99997246,0.57420677,0.68524796,0.9999136,0.58647,0.69072115,0.99985075,0.57803684,0.6161638,0.9994986,0.66855454,0.6555474,0.9991146,0.4991683,0.6792891,0.91887385,0.5873669,0.7475084,0.9960758,0.430778,0.76647353,0.94688964,0.51020443,0.8505925,0.9939679,0.41163588,0.7941171,0.8951532,0.49900615,0.8710076,0.9824101,0.4180664,0.8022022,0.8902862,0.49481675,0.8705656,0.97872674,0.42687097,0.79600036,0.8980604,0.4962094,0.86247647,0.97261816,0.71658754,0.42123938,0.999995,0.77960086,0.46894473,0.9999716,0.67940396,0.2755915,0.99849844,0.91982365,0.44253325,0.9972723,0.7656043,0.13840136,0.9946853,1.011351,0.47015926,0.9796346,0.79067904,0.12407616,0.9764836,0.9966416,0.48250014,0.89243984,0.756357,0.06399241,0.9806836,1.075311,0.48402488,0.9338352
52178_aug.jpg,0.48941463,0.42333412,0.99958116,0.49281386,0.43240297,0.9995359,0.4935795,0.4323662,0.9996679,0.49448958,0.43229282,0.99965286,0.49530268,0.4329508,0.9996319,0.49774468,0.43331218,0.99975365,0.5003365,0.4337114,0.9996953,0.51138306,0.42965245,0.9996208,0.5166537,0.43175942,0.99971384,0.496239,0.4145352,0.9991043,0.49837366,0.4152562,0.9989792,0.540249,0.3842125,0.9933657,0.541629,0.3909511,0.99875474,0.5049534,0.4588294,0.1197004,0.50168973,0.4754429,0.9764266,0.4815812,0.5301555,0.23976505,0.47549123,0.5494486,0.92752516,0.47791713,0.548082,0.32563463,0.47202355,0.5640858,0.9301765,0.47763443,0.5507402,0.31625333,0.4735098,0.56607723,0.915039,0.4786882,0.5461128,0.33114424,0.47522336,0.56004804,0.8893093,0.6180703,0.22087312,0.99946445,0.59414136,0.21104974,0.9997632,0.7566742,0.20985192,0.9950112,0.47887594,0.13112314,0.9995653,0.870299,0.18097658,0.98786795,0.50403684,0.01161468,0.9987783,0.8894962,0.19785708,0.9890325,0.52014303,0.003799677,0.99833125,0.89043474,0.18622059,0.95850277,0.46043313,-0.0025942326,0.9927921
52410_aug.jpg,0.5009418,0.57173455,0.99981636,0.48430872,0.5668793,0.9998431,0.48341924,0.56477714,0.99980336,0.48242936,0.5626479,0.99984086,0.4847317,0.5672996,0.9997271,0.484105,0.5655638,0.99954396,0.48320603,0.56377923,0.99970335,0.48401773,0.543075,0.99977654,0.48301592,0.54470205,0.9996953,0.50945145,0.5600291,0.998749,0.50999403,0.5610158,0.9983615,0.5218485,0.5035477,0.9981457,0.5312282,0.512131,0.9983621,0.5075575,0.61481786,0.9917242,0.5089718,0.6105728,0.27066204,0.46894777,0.71166646,0.97296125,0.4703713,0.7064699,0.51115006,0.45552215,0.7330023,0.95255065,0.45707506,0.7279297,0.49217227,0.4473053,0.73069966,0.94493484,0.45025444,0.7294873,0.47910735,0.4506274,0.72328365,0.9353137,0.45309156,0.72200084,0.51976067,0.6115748,0.31009635,0.9990421,0.644735,0.32195187,0.9997111,0.51632196,0.17168258,0.99613476,0.81308395,0.32773224,0.992498,0.42530888,0.0463531,0.9932336,0.87719655,0.20064083,0.98980474,0.4014312,0.038927794,0.959993,0.8650384,0.17657205,0.9842641,0.43344343,0.01907739,0.9812175,0.9366878,0.16733985,0.9633981
52526.jpg,0.59011966,0.28644007,0.9996525,0.6068611,0.27862522,0.99989057,0.60814095,0.27961498,0.99992394,0.60933435,0.28062516,0.9999006,0.6084913,0.27913237,0.9997471,0.61103344,0.28047085,0.99973196,0.6136926,0.28183776,0.999706,0.6173488,0.2991598,0.999846,0.6233372,0.30198044,0.9997429,0.58670855,0.30449918,0.99848735,0.5882925,0.30437952,0.9983096,0.58411,0.3612785,0.9993624,0.60883904,0.38572782,0.9981001,0.6385608,0.25729412,0.99494934,0.6596863,0.27618206,0.120102055,0.7052886,0.1741361,0.99063766,0.7040174,0.19964501,0.48298216,0.7250677,0.15175334,0.98606074,0.7246903,0.1790537,0.54541427,0.7304566,0.1569021,0.98520803,0.72963786,0.17441905,0.544648,0.72457707,0.16517484,0.97834057,0.7200573,0.18771586,0.53316677,0.44134954,0.5734518,0.9993771,0.48254755,0.59239966,0.9996681,0.3117156,0.51743793,0.9979054,0.5466612,0.7675374,0.9890998,0.23439024,0.65777194,0.9931531,0.60518163,0.9263818,0.9918058,0.23022823,0.68751156,0.9926785,0.6160712,0.9463302,0.99304813,0.16026741,0.6464667,0.98751754,0.59015155,0.9531656,0.9867071
52955.jpg,0.45125023,0.72824025,0.99993217,0.46716377,0.7161076,0.9999316,0.46733353,0.7136855,0.9999145,0.46757808,0.7110195,0.9999553,0.466835,0.71518576,0.9999484,0.46690702,0.71227753,0.99994135,0.46706137,0.709057,0.999931,0.46146822,0.6801945,0.9999529,0.45952424,0.679193,0.99995065,0.43462253,0.7169689,0.9998343,0.43594688,0.7155142,0.9997713,0.39540944,0.6432774,0.9977664,0.39402518,0.6422653,0.9995796,0.41256005,0.77381945,0.36110446,0.40218475,0.7886603,0.99261343,0.45084673,0.8894162,0.7264698,0.45583957,0.91586554,0.9809318,0.47758657,0.91062033,0.8412185,0.47972262,0.94077146,0.977756,0.4863548,0.9133661,0.87110645,0.48907328,0.94040346,0.97626877,0.4762562,0.9036981,0.8544176,0.48292398,0.9318603,0.95866376,0.30503577,0.37175348,0.9999087,0.33389765,0.35204697,0.9998599,0.10851629,0.4175661,0.98056096,0.5039725,0.19449146,0.9998167,0.06332573,0.21476606,0.9793188,0.6832825,0.08107296,0.99973565,0.07870141,0.17664279,0.94445676,0.7226722,0.058663607,0.9961804,-0.020419657,0.18274064,0.9680637,0.66003835,0.02747342,0.9986362
53274.jpg,0.6546178,0.6739948,0.9988549,0.63882166,0.6785271,0.99904543,0.63681924,0.67617524,0.99909353,0.63499534,0.67364216,0.99911314,0.63806486,0.68190825,0.9983026,0.6356782,0.6820173,0.99802506,0.6332333,0.6820604,0.9981166,0.61707914,0.6539,0.9986105,0.6129689,0.6638818,0.9984263,0.64975786,0.65363044,0.99719405,0.6488199,0.66030127,0.9960491,0.62187314,0.5715259,0.99964297,0.58408815,0.6147511,0.9963924,0.6929236,0.69486016,0.9968579,0.63821256,0.72891366,0.6280199,0.762521,0.81688976,0.99291104,0.669325,0.82995313,0.9203725,0.7773355,0.8388096,0.98506725,0.6758651,0.85555756,0.9089692,0.7608129,0.84470946,0.98373586,0.679017,0.8542415,0.9097676,0.75326467,0.8386662,0.97701925,0.6808074,0.8459382,0.90437365,0.44839284,0.35090593,0.99980134,0.49306908,0.36103314,0.99972934,0.27609083,0.2866755,0.99906665,0.60427547,0.26124322,0.9546671,0.109532386,0.24360362,0.9976585,0.5259701,0.08817768,0.9644039,0.0662204,0.24472156,0.9699924,0.49874532,0.07186219,0.948754,0.14796335,0.17006178,0.9897915,0.59712815,0.03367299,0.94765276
53387.jpg,0.47384962,0.66649646,0.99955887,0.47985333,0.68338263,0.9995515,0.4804199,0.6837944,0.9995571,0.48118445,0.6842217,0.99958986,0.48469716,0.6834607,0.9996388,0.4884361,0.6838294,0.99969065,0.49230552,0.6842469,0.9996859,0.50200784,0.67936426,0.9993519,0.51364505,0.6801817,0.999655,0.48011285,0.6531331,0.99895895,0.48558703,0.65302396,0.99891794,0.5156383,0.61155635,0.9934249,0.55405897,0.60018027,0.9988217,0.47436857,0.72695243,0.18278517,0.51029867,0.7321029,0.96989566,0.44507897,0.83755076,0.32536435,0.49467936,0.87912285,0.952736,0.4428903,0.87316954,0.39561266,0.49259907,0.91493917,0.9455166,0.4456849,0.8795451,0.3852606,0.4931203,0.9170476,0.9338803,0.44954407,0.87031317,0.39721406,0.49176347,0.9025428,0.9119877,0.56333625,0.34215692,0.99733007,0.5574434,0.33487073,0.998906,0.7011174,0.22232236,0.9545467,0.37581167,0.23208517,0.9945457,0.84718966,0.109067604,0.9302338,0.3816591,0.02870059,0.98853904,0.8836794,0.09275052,0.9416557,0.40366971,0.008388996,0.98683727,0.8122743,0.05189383,0.83707273,0.2952814,-0.005713105,0.95031226
54084_aug.jpg,0.29986167,0.40463614,0.9999645,0.2892411,0.42340142,0.99996984,0.28991792,0.4255099,0.99997854,0.29075924,0.4277979,0.99998283,0.2903316,0.42415124,0.9999825,0.2915327,0.42675656,0.99998736,0.292862,0.4294738,0.999985,0.3109142,0.4522326,0.9999845,0.3126957,0.44986948,0.9999807,0.31882387,0.40369236,0.9999466,0.31939763,0.40585026,0.9999131,0.39380497,0.46282923,0.9981951,0.4028542,0.44492388,0.99974376,0.2914441,0.34872317,0.30835605,0.29111734,0.334587,0.99163425,0.18127924,0.2915781,0.36167866,0.15476641,0.2652303,0.97500235,0.15791962,0.29914197,0.38700667,0.12136835,0.25457332,0.9687066,0.15344048,0.30749488,0.37477913,0.12106812,0.27220914,0.961161,0.16013083,0.306275,0.3885367,0.13087028,0.2781595,0.9459226,0.6333371,0.58610743,0.99989796,0.6648866,0.54788554,0.99993503,0.64957345,0.815515,0.99936754,0.8362632,0.31668895,0.9995982,0.64130634,1.0191041,0.9965593,0.9870639,0.37534413,0.99802667,0.6175938,1.0858083,0.9955853,0.9884819,0.41322684,0.99618727,0.63431984,1.1268966,0.9855127,1.0256712,0.31339803,0.9903257
54997.jpg,0.41348737,0.3657893,0.99977213,0.40053576,0.3605026,0.9999013,0.39968655,0.3580523,0.9999311,0.3982184,0.3547083,0.99992836,0.4004938,0.3620093,0.999782,0.39951953,0.36054647,0.9997087,0.3982852,0.35884833,0.99975497,0.39706314,0.33550024,0.99992037,0.39632988,0.3414001,0.99980336,0.41979182,0.3549949,0.9982672,0.42038834,0.356775,0.99796236,0.43766278,0.30402133,0.99972993,0.44159958,0.31215093,0.9984491,0.35578966,0.35016495,0.9940817,0.37592262,0.36600477,0.13707858,0.27412343,0.37794507,0.97085255,0.2946659,0.38259745,0.40780348,0.25318494,0.3837542,0.956736,0.27380374,0.38431323,0.5296198,0.24957246,0.38280132,0.9495456,0.26220685,0.38565648,0.51302534,0.25646737,0.38040683,0.93633693,0.2742221,0.3830141,0.5164702,0.58539754,0.23108244,0.99988246,0.5751968,0.21112514,0.99991906,0.70858014,0.29950052,0.99851066,0.6259972,0.08795448,0.96316725,0.83274204,0.2309704,0.99327266,0.66952235,-0.03667903,0.9702847,0.8404294,0.2093309,0.9909025,0.6671508,-0.05310759,0.9733627,0.8924022,0.26031417,0.9805393,0.70250237,-0.01999639,0.9380532
55065.jpg,0.6538085,0.33108473,0.999931,0.6743041,0.33623016,0.99997044,0.6754657,0.33859998,0.99998033,0.6769483,0.34143496,0.999974,0.6740103,0.3353626,0.99993765,0.675051,0.33716565,0.9999347,0.6764273,0.3393216,0.9999231,0.6821108,0.36935657,0.99996245,0.68072784,0.36608267,0.9999435,0.6442402,0.34554538,0.99970514,0.6434046,0.34380123,0.99960643,0.6262839,0.4318338,0.99977785,0.6202058,0.43203047,0.9994313,0.7374424,0.3568031,0.9965687,0.7219605,0.36028406,0.17465645,0.85725987,0.32064718,0.9848563,0.81914836,0.33936727,0.42211914,0.8860642,0.31646058,0.97824746,0.8446819,0.34033594,0.515966,0.88920665,0.32196385,0.9738316,0.85177255,0.34087893,0.5063864,0.87880766,0.3245086,0.96386504,0.8393882,0.34222507,0.53179675,0.38942343,0.50182354,0.99977237,0.40067303,0.5465166,0.99971384,0.22369185,0.3440678,0.9988593,0.32573417,0.7103398,0.97424954,0.025517642,0.39931267,0.99490213,0.2688275,0.8924296,0.957198,0.008812517,0.42605597,0.9936791,0.26328364,0.9188787,0.96039426,-0.03986597,0.35456556,0.9841427,0.24138418,0.8856429,0.9243802
56297_aug.jpg,0.7251475,0.5512077,0.99986565,0.73146594,0.57039356,0.99994373,0.7294534,0.5731116,0.9999645,0.7272876,0.5760398,0.9999529,0.73236316,0.5699058,0.9998791,0.7309843,0.5721378,0.9998838,0.72930336,0.57486176,0.9998654,0.70470524,0.5924811,0.99992776,0.70606595,0.5905465,0.9998925,0.7066973,0.54804295,0.99961287,0.7077054,0.546875,0.9994386,0.6227877,0.5747382,0.9998047,0.6216842,0.56931424,0.999353,0.7422701,0.63198453,0.9971169,0.73675704,0.6161712,0.19462892,0.83424944,0.71987605,0.9861801,0.80846405,0.68930256,0.47998172,0.8517387,0.7382693,0.9815351,0.8143384,0.7110941,0.5603626,0.8463621,0.7440125,0.97842705,0.8047397,0.7159464,0.5559844,0.84066266,0.73880064,0.968008,0.80297506,0.7107174,0.5676152,0.43714002,0.4057301,0.9997569,0.4066179,0.4401452,0.9994759,0.49003506,0.18083695,0.9995516,0.2300561,0.45645565,0.9793522,0.34576535,0.03886655,0.9983505,0.07058516,0.4973873,0.9722164,0.31316108,0.037504137,0.99658185,0.046744943,0.50468373,0.97530395,0.34902677,-0.043295592,0.99507576,0.037999928,0.47564662,0.96396816
56750_aug.jpg,0.49044007,0.36059448,0.9988423,0.49677813,0.34735644,0.99896455,0.49887925,0.34706393,0.9986355,0.50120485,0.34661692,0.99896646,0.49594712,0.34679145,0.9985971,0.49745235,0.34615844,0.9970611,0.4991337,0.34543622,0.99795,0.52025783,0.34586233,0.99893874,0.5151907,0.34599572,0.9976337,0.49674785,0.37118682,0.99458003,0.4951422,0.37108296,0.9936366,0.57134444,0.38653213,0.996691,0.5280384,0.40458745,0.99836665,0.5030862,0.30422884,0.9752619,0.49071416,0.3119954,0.25143474,0.47633785,0.22236723,0.9574253,0.4729866,0.22832358,0.5577672,0.47222757,0.2038593,0.9440099,0.47188094,0.21088398,0.5460385,0.4744528,0.19935784,0.9336418,0.47349703,0.20557573,0.5281917,0.47724536,0.2072539,0.9036572,0.47561932,0.21296164,0.5527516,0.6633209,0.54489326,0.9989774,0.61519986,0.5699782,0.9997706,0.806005,0.5578138,0.99880064,0.5351381,0.65698,0.99709153,0.9713431,0.55723554,0.9982834,0.6024487,0.76333064,0.99573284,0.98026407,0.5494633,0.9779555,0.624069,0.7753563,0.99166673,0.9930881,0.59184635,0.9934057,0.55946285,0.8175489,0.9835867
56833_aug.jpg,0.5356929,0.3820929,0.9997415,0.55133194,0.38683435,0.9999082,0.552004,0.38907784,0.9999454,0.55280834,0.39158294,0.9999325,0.55210054,0.38715902,0.9997955,0.5532345,0.38933522,0.9998203,0.5546742,0.39171556,0.9998374,0.5508671,0.41218662,0.99987507,0.5556253,0.41107422,0.9998202,0.5245177,0.39319372,0.9986721,0.525735,0.39292675,0.9985876,0.50468755,0.45074013,0.99954,0.53082466,0.46613938,0.99711454,0.49543014,0.3577749,0.9972842,0.50955045,0.36708385,0.2663401,0.5193363,0.26731756,0.9839065,0.5242198,0.28010973,0.5487863,0.52303636,0.24598235,0.9714172,0.5312211,0.2605004,0.57514703,0.53251344,0.24972582,0.9661094,0.53853834,0.26608533,0.575939,0.531774,0.2560136,0.95317423,0.5353268,0.270888,0.58272666,0.44370458,0.63657725,0.99944204,0.4878869,0.6468762,0.9995962,0.2742036,0.67992765,0.99927336,0.54656464,0.77858853,0.9862499,0.20432767,0.7827466,0.99741435,0.655686,0.8773591,0.97338676,0.21381399,0.7993129,0.9964205,0.6702902,0.8852071,0.9782019,0.15587783,0.78361815,0.99456465,0.6919104,0.91686094,0.96753204
56850.jpg,0.56149644,0.5450959,0.9998029,0.5486792,0.5546416,0.999858,0.54634,0.5541713,0.9998474,0.5436878,0.5535918,0.9998716,0.549502,0.55442536,0.9997336,0.5479261,0.5539082,0.99961287,0.54619664,0.5534315,0.99969447,0.5260248,0.53800493,0.9998161,0.5301633,0.53913164,0.9995431,0.5561696,0.5308062,0.99853647,0.5577304,0.53186506,0.9979614,0.50744045,0.4826656,0.9992254,0.5325199,0.4773522,0.99556446,0.5829724,0.5684024,0.99630463,0.5847385,0.560571,0.23664524,0.62959474,0.66135216,0.9889148,0.62873966,0.65014607,0.52154475,0.6380609,0.6855425,0.97733545,0.6368324,0.6730424,0.5255941,0.6301924,0.68983245,0.97279096,0.6328655,0.6811873,0.5186248,0.626978,0.68178344,0.96743906,0.62911946,0.6729704,0.5591996,0.42578918,0.28707695,0.9989899,0.4759708,0.26201838,0.9993505,0.25632122,0.25203618,0.9969637,0.58810735,0.15924495,0.9869436,0.09562847,0.22847971,0.9920969,0.54779595,0.029656395,0.973637,0.059291452,0.23673001,0.9410203,0.52437,0.023004845,0.96879196,0.080334395,0.17995563,0.976435,0.5781009,-0.009909958,0.92779505
58587_aug.jpg,0.38905543,0.24740234,0.99966776,0.39905894,0.22462201,0.99980706,0.40263832,0.22356623,0.99969697,0.40670294,0.22224525,0.99979097,0.39548266,0.22567692,0.999688,0.3965946,0.22535244,0.99927014,0.39787364,0.22460547,0.9994628,0.44113225,0.22296825,0.9997526,0.4300823,0.22354177,0.99923515,0.40566862,0.25908196,0.9982376,0.40016404,0.26014638,0.99664515,0.51467717,0.30167523,0.9974733,0.4727239,0.30528045,0.9958683,0.4435271,0.13541856,0.98984575,0.4188396,0.16086632,0.115921006,0.40335423,-0.004558563,0.9522744,0.3901015,0.014949381,0.22146171,0.43482068,-0.017871678,0.92032015,0.38439688,-0.015074551,0.24184588,0.43442312,-0.013456166,0.9076323,0.3854313,-0.027618587,0.22987013,0.43390894,0.00027304888,0.892014,0.38903525,-0.007584095,0.2749278,0.5325276,0.6091636,0.9986603,0.47621208,0.61212325,0.9993156,0.77428126,0.7379798,0.99222034,0.23605001,0.6958519,0.9851821,1.0100954,0.7921938,0.9825425,0.22376066,0.90978605,0.96860206,1.0554146,0.7942228,0.9546121,0.2486726,0.9434184,0.9716206,1.0194325,0.8692821,0.9470769,0.10628691,0.96270007,0.89429456
58767_aug.jpg,0.2776592,0.3741645,0.99956936,0.27810222,0.36094525,0.9997092,0.2803304,0.3597019,0.99973935,0.28272676,0.358324,0.99972445,0.27729955,0.36156338,0.9993942,0.2787999,0.36082238,0.99926645,0.28038183,0.35981917,0.99930215,0.30463812,0.3539945,0.9997305,0.30118832,0.35300425,0.9993812,0.29393896,0.3773528,0.99863356,0.29203188,0.37814197,0.9977532,0.36436445,0.37320644,0.9986125,0.36313215,0.3569182,0.9892524,0.22559488,0.4017489,0.9951514,0.23391485,0.39469683,0.24558656,0.089211285,0.44415793,0.9705734,0.103907585,0.437161,0.55638117,0.058399618,0.4516207,0.94913596,0.06879151,0.44515103,0.5769988,0.05292493,0.44587442,0.94142026,0.061195552,0.44511494,0.57213974,0.065651655,0.442697,0.9305045,0.0737651,0.4428982,0.60972214,0.62192345,0.3072964,0.9993055,0.6191101,0.30698746,0.9991379,0.73669183,0.2549619,0.99782443,0.72184134,0.34564385,0.94736516,0.84253645,0.12575626,0.9962471,0.87625074,0.27981693,0.9628073,0.84585965,0.090065435,0.98135287,0.8944437,0.24989942,0.97143745,0.9006305,0.1438057,0.9911253,0.9297474,0.31246558,0.93609923
58828.jpg,0.50354874,0.5665392,0.9999229,0.50988275,0.55994475,0.999894,0.51250315,0.55938256,0.9998499,0.515366,0.5588796,0.99986696,0.50522023,0.56330204,0.99987257,0.5044564,0.5648129,0.9997161,0.50387484,0.56610477,0.9998425,0.5258975,0.56473947,0.9997756,0.511425,0.5705546,0.99982893,0.51113284,0.57173026,0.99954444,0.50513667,0.57452065,0.99969184,0.557618,0.60264283,0.99807346,0.51685184,0.62472975,0.9998733,0.47697073,0.5958613,0.9847852,0.46497458,0.59181416,0.7759703,0.41684544,0.535783,0.97599334,0.41640937,0.5393442,0.90496546,0.40553844,0.51877505,0.9505796,0.40755388,0.52386194,0.8563415,0.41054767,0.51404953,0.9408448,0.40858385,0.51634145,0.84128726,0.41579795,0.5203693,0.92122906,0.41394454,0.5219649,0.84971595,0.6633952,0.705625,0.9976165,0.62418646,0.7642372,0.9998934,0.80733114,0.66484773,0.9782945,0.623943,0.88487417,0.9920414,0.9362366,0.5936387,0.9418949,0.7207383,0.95879287,0.9788254,0.9481604,0.59455705,0.87218827,0.7384566,0.9593528,0.9090175,0.98039246,0.5743515,0.88006675,0.7457445,1.0062141,0.9087859
60373_aug.jpg,0.31182092,0.41997927,0.99846727,0.2956175,0.4252199,0.9988405,0.29498032,0.42550892,0.9983866,0.29454848,0.42573386,0.99855727,0.29756632,0.42959255,0.9986773,0.2982861,0.43319786,0.99835974,0.29915705,0.43701676,0.9982855,0.30483323,0.44724295,0.9975944,0.30835626,0.4632758,0.99853384,0.3258217,0.4233719,0.99653876,0.32833546,0.4292059,0.99591774,0.35189968,0.46624452,0.99504614,0.37865895,0.47931746,0.99808216,0.23023453,0.4203442,0.24881466,0.23644176,0.42904285,0.9764108,0.10983384,0.41291952,0.62712246,0.0858137,0.41960025,0.97991836,0.08011299,0.40993488,0.6314322,0.047530234,0.42055437,0.9699837,0.07671851,0.4112368,0.6280367,0.04352355,0.42301092,0.963129,0.08785653,0.41248265,0.6554541,0.060163975,0.42119312,0.9452074,0.6222043,0.43631366,0.9993388,0.63825715,0.46206942,0.99942267,0.68761426,0.2818964,0.8929928,0.7784798,0.5637262,0.9956743,0.85219836,0.2572718,0.9411223,0.8970829,0.67833626,0.99624383,0.8802497,0.2783125,0.8985004,0.90791774,0.7055627,0.9780918,0.8738352,0.19054583,0.90574753,0.9526885,0.6614831,0.9816381
60738.jpg,0.35734475,0.29119423,0.999114,0.33810955,0.29768196,0.99955493,0.33758312,0.3001449,0.99943775,0.33700335,0.30271783,0.9996082,0.3373699,0.29913208,0.99957484,0.33634776,0.30256778,0.999506,0.33519906,0.30606535,0.99935,0.33667475,0.33798274,0.99965787,0.33482915,0.3391418,0.999691,0.3745888,0.30607352,0.9987373,0.37208146,0.30757344,0.99822193,0.4142974,0.3971016,0.9969863,0.39870334,0.3924073,0.9975228,0.4037959,0.23638135,0.4192352,0.4025561,0.22334638,0.97676283,0.3583349,0.103009105,0.548188,0.3511714,0.08226234,0.9548016,0.33565283,0.07462436,0.6078584,0.33388117,0.048076153,0.9457321,0.32716084,0.07237601,0.6256667,0.32042474,0.053651452,0.937512,0.33241916,0.08147162,0.6372741,0.3231443,0.06362587,0.9039644,0.5750521,0.673034,0.99979514,0.5181434,0.68946624,0.999403,0.8269697,0.6667533,0.9943031,0.31136483,0.8307291,0.9992949,0.8800286,0.882352,0.98804885,0.077919096,0.9350879,0.998393,0.85264647,0.93022335,0.9656858,0.04167381,0.947422,0.9896277,0.99981457,0.91125655,0.9670565,0.05538428,0.9902817,0.9940334
60830.jpg,0.31795156,0.30986255,0.9999789,0.32171983,0.2913112,0.9999939,0.32410598,0.2904498,0.9999949,0.3264804,0.28986883,0.99999416,0.3224512,0.29047698,0.9999851,0.3253779,0.2889304,0.9999832,0.32836097,0.287472,0.9999864,0.3507018,0.28984475,0.9999945,0.35365868,0.28614482,0.99999034,0.32893324,0.31602895,0.9999057,0.3292709,0.31565243,0.99987054,0.37798706,0.33118522,0.9999852,0.40667397,0.3253768,0.9997508,0.26492393,0.23957199,0.99358785,0.32996845,0.26021254,0.35902655,0.32361692,0.17047906,0.95485824,0.33065706,0.1936346,0.34911716,0.3402166,0.14400882,0.9281443,0.35140488,0.16181615,0.3376577,0.35024923,0.14978552,0.9190467,0.3562705,0.16799337,0.33540332,0.34715673,0.162882,0.92085636,0.35169786,0.1907143,0.35833165,0.5872875,0.50682026,0.99995935,0.60290307,0.48421177,0.99985766,0.6019543,0.6955605,0.998252,0.79239607,0.53430235,0.89414924,0.76037306,0.81671757,0.9954638,0.91105926,0.44643733,0.9604716,0.7941335,0.8147735,0.9937419,0.92308956,0.43249592,0.9746094,0.74665844,0.9099183,0.99216545,0.97440606,0.4366008,0.96781933
60989.jpg,0.47320288,0.18376419,0.9992318,0.4520766,0.18598998,0.9996623,0.45042545,0.18888992,0.99953556,0.44880784,0.19201317,0.9995925,0.45192683,0.1869058,0.99947995,0.4501833,0.19017315,0.9993173,0.4484442,0.19357175,0.99926597,0.44472563,0.22748938,0.99964225,0.44637454,0.22511724,0.9995728,0.4871751,0.20177773,0.9990274,0.485431,0.20316195,0.99882585,0.51102114,0.308921,0.99586004,0.50966465,0.3104916,0.99741435,0.342957,0.21871746,0.13695544,0.3375496,0.19722906,0.95605266,0.19604355,0.14909592,0.410142,0.16960907,0.10725996,0.9533232,0.15085125,0.14110446,0.47242233,0.12502795,0.08102459,0.9445367,0.14528036,0.13731754,0.46728995,0.12425077,0.090820044,0.93427324,0.16017562,0.13902119,0.48687512,0.13701773,0.09924713,0.90766037,0.71713823,0.59067166,0.99948883,0.67824304,0.6125366,0.9993443,0.9376566,0.5448695,0.9522754,0.47519878,0.8389099,0.99866676,0.9548291,0.78054214,0.9672359,0.19605458,0.94985616,0.99301094,0.93462616,0.82439137,0.9093465,0.15699548,0.9489038,0.9766375,1.039203,0.8398788,0.9020604,0.16086155,1.0139234,0.97788745
61778.jpg,0.41302353,0.38316253,0.99979764,0.42184836,0.37452126,0.9998324,0.42407155,0.37557927,0.9998221,0.4262859,0.37662575,0.9998336,0.4200033,0.3732273,0.9997881,0.42094415,0.3736483,0.9996879,0.4220073,0.37401062,0.999731,0.44194034,0.39064345,0.99983966,0.43510103,0.38443547,0.9997042,0.4175139,0.39617592,0.99910825,0.41526997,0.39484873,0.99893206,0.46219742,0.45108724,0.9994753,0.44100648,0.45044905,0.99767035,0.4686105,0.32140666,0.99916625,0.4398951,0.35002562,0.2059309,0.4898826,0.19369903,0.99331325,0.4580346,0.24685934,0.46642157,0.49776486,0.16759878,0.9829631,0.46503386,0.23987308,0.44227412,0.5006265,0.16452402,0.98016375,0.4681129,0.23412886,0.4404634,0.49845818,0.17332679,0.9763871,0.47048956,0.22893327,0.47683975,0.47464627,0.6652677,0.999897,0.45037952,0.6638491,0.9999443,0.5779967,0.77613676,0.9989047,0.33421907,0.7066283,0.98788947,0.67374724,0.8733941,0.99854773,0.3405562,0.8646313,0.99287933,0.6911304,0.88460094,0.9828,0.35526514,0.8902108,0.98777556,0.6662382,0.91940963,0.99631315,0.2951519,0.9109559,0.9884277
6228.jpg,0.665318,0.5559037,0.99982375,0.68224806,0.55284417,0.9998652,0.6833688,0.55148685,0.99988925,0.6842856,0.5500766,0.99989057,0.68150103,0.5518227,0.9998729,0.6822658,0.5497276,0.9998971,0.68281686,0.5475203,0.9998739,0.68289113,0.5300994,0.99990296,0.67924905,0.52981687,0.9998677,0.6542336,0.5460179,0.9996815,0.6531221,0.54449934,0.9995906,0.6396315,0.48075497,0.99858236,0.6240835,0.49722302,0.9991252,0.7201245,0.58193064,0.4423856,0.71649414,0.59677756,0.9626789,0.8238481,0.66169465,0.55141324,0.837631,0.67450136,0.94202816,0.8561613,0.67363447,0.5687893,0.86830604,0.68767464,0.9312406,0.86286867,0.67391026,0.5497846,0.87781304,0.68303365,0.9159843,0.8510747,0.6695477,0.53655595,0.86393213,0.6781875,0.8882298,0.43341982,0.3511312,0.99927217,0.4055083,0.3690037,0.9995807,0.41658857,0.2005599,0.9045037,0.272622,0.47391346,0.99472976,0.38260287,0.091823876,0.86376315,0.14182925,0.35837278,0.9888319,0.38776258,0.06534928,0.8997482,0.122567,0.31706932,0.98806083,0.3585053,0.08168933,0.8363529,0.07060775,0.41537023,0.96924555
63236_aug.jpg,0.50570285,0.51648104,0.9994998,0.51112086,0.52523965,0.99949706,0.51197296,0.5252374,0.99933845,0.51278174,0.525342,0.99957854,0.51287717,0.5249511,0.99961025,0.51497984,0.5244417,0.9995623,0.5170657,0.5240024,0.99952185,0.52831984,0.5197569,0.99941874,0.53361857,0.5168318,0.9993345,0.51121145,0.50682235,0.9988433,0.5133013,0.50626385,0.9977683,0.5428722,0.47544962,0.9938519,0.5560993,0.46434152,0.9972683,0.4770599,0.5165963,0.25126797,0.4647196,0.50072557,0.99559325,0.43261558,0.56818676,0.7154554,0.40354154,0.5595451,0.9959329,0.4246532,0.5894129,0.73369104,0.3896178,0.5768982,0.99273187,0.42308256,0.59208155,0.7525124,0.40143675,0.58673364,0.9913736,0.42587185,0.5849916,0.7501484,0.40748492,0.58184636,0.9822222,0.6681078,0.3408463,0.9998553,0.7050917,0.35856912,0.9996315,0.64346623,0.23208654,0.9931651,0.828184,0.36421624,0.9996972,0.7467444,0.18223731,0.99375904,0.9555967,0.3930931,0.9995228,0.777975,0.18231057,0.9800276,0.9717527,0.405409,0.9916638,0.74463373,0.12683393,0.9901631,0.98238665,0.34076798,0.9978124
64404.jpg,0.47313148,0.84001833,0.9986903,0.47561133,0.855796,0.996953,0.47220287,0.85920596,0.99498403,0.46867415,0.86219865,0.99619955,0.48494554,0.8459638,0.997718,0.48805657,0.84273314,0.99540496,0.4906897,0.8396349,0.99730825,0.45485765,0.86504155,0.99411064,0.4828003,0.83594835,0.99319035,0.45479187,0.83616465,0.98681796,0.46702057,0.8254651,0.9904941,0.39179468,0.8454747,0.9902532,0.45773518,0.7826854,0.9989644,0.46459186,0.9228723,0.9898489,0.551642,0.8221517,0.94285923,0.5334432,0.9927949,0.9605154,0.6230129,0.89081615,0.9280184,0.54251796,1.0082718,0.91250813,0.64793694,0.905855,0.8384056,0.5501393,1.0048653,0.90698117,0.6445029,0.9165397,0.8359031,0.54895484,0.9939904,0.90199214,0.6311666,0.91364574,0.86466813,0.257749,0.6923706,0.9989229,0.30875143,0.6437002,0.9999658,0.12566522,0.6624863,0.9236666,0.3091829,0.49527872,0.9910527,0.03773591,0.65029955,0.8818468,0.20320639,0.3815348,0.9927049,0.031009972,0.6470844,0.60969144,0.17349242,0.3764336,0.9774565,-0.008443713,0.63210374,0.8211385,0.21065134,0.3045125,0.98342186
65517_aug.jpg,0.6604241,0.5804973,0.99943906,0.6750448,0.574136,0.99956614,0.6755657,0.5718297,0.99959487,0.676134,0.56961256,0.999705,0.6751044,0.5739395,0.9995915,0.6755631,0.57151085,0.9996172,0.676048,0.56916964,0.99966085,0.6727092,0.54596347,0.99956006,0.6711657,0.5473971,0.99949837,0.6482374,0.5658146,0.99871624,0.6487177,0.5653853,0.9982364,0.6202383,0.48756266,0.990862,0.6024649,0.5118267,0.9979412,0.706735,0.599157,0.22129443,0.69210786,0.6263358,0.94328487,0.7983761,0.6820802,0.39248052,0.7954223,0.710608,0.89772403,0.8259046,0.7029355,0.4430003,0.8257649,0.73828685,0.8994424,0.82996345,0.7047648,0.4372126,0.832881,0.7356564,0.8774898,0.81965685,0.69552624,0.4382687,0.8245336,0.7246867,0.83527714,0.44179314,0.29519585,0.997247,0.40795746,0.31145003,0.9991061,0.45330802,0.109256774,0.9060499,0.22475457,0.37421536,0.9956904,0.4785625,-0.021814853,0.80341095,0.048300534,0.27823126,0.9858789,0.48393273,-0.048664927,0.82102114,0.037309736,0.24596402,0.98201424,0.45891672,-0.050453186,0.730767,-0.02572611,0.29359502,0.94659764
66334.jpg,0.7211863,0.57055175,0.9991578,0.7274105,0.5558972,0.9995209,0.7265586,0.5540678,0.99933666,0.7253355,0.55203277,0.9994067,0.7261249,0.5544613,0.9993629,0.7246169,0.55195,0.9991948,0.72279257,0.5492878,0.999143,0.7047048,0.5355509,0.9991703,0.7048294,0.536101,0.999305,0.70543617,0.5745558,0.9982249,0.7035764,0.57303137,0.9976252,0.63552713,0.5532874,0.9966672,0.6401718,0.55638814,0.99889827,0.7415347,0.5095588,0.26678622,0.7755358,0.5125427,0.98439294,0.83415246,0.43741712,0.6146954,0.8818238,0.42703378,0.9909889,0.8409994,0.41198,0.64018834,0.90874565,0.4021559,0.98702735,0.84683836,0.40602693,0.6364481,0.9042722,0.3940895,0.9843305,0.8452491,0.41510075,0.6570339,0.8943157,0.40197098,0.974799,0.44999555,0.715883,0.9997223,0.42910826,0.70075,0.9996984,0.53486836,0.8700346,0.98019195,0.25101966,0.6575219,0.9989022,0.39383107,0.966248,0.97614074,0.084397465,0.58749205,0.99830294,0.3612911,0.96809435,0.9351918,0.054475278,0.56702816,0.98681265,0.38344282,1.0432615,0.947977,0.04010287,0.6078174,0.9918018
66759_aug.jpg,0.6479663,0.593639,0.99995124,0.658404,0.59862673,0.9999738,0.6588625,0.60044116,0.9999876,0.65948296,0.6024515,0.99997604,0.6584857,0.5977147,0.99991643,0.65888965,0.5986864,0.9999479,0.6597203,0.59995186,0.999938,0.6538871,0.61502707,0.99997497,0.6589701,0.61314887,0.99996686,0.6411339,0.60097206,0.99970716,0.64041513,0.5995546,0.9997286,0.6107167,0.63842505,0.9999244,0.6307314,0.6449301,0.99885774,0.5915924,0.5605164,0.9969887,0.60642225,0.56954575,0.4537758,0.60144484,0.49273533,0.9756805,0.60500264,0.5026239,0.57047933,0.60330796,0.47552383,0.9547829,0.60617197,0.48289368,0.5411443,0.6105127,0.47707596,0.946335,0.61177933,0.48211175,0.55110216,0.6100527,0.48313895,0.93179643,0.6119862,0.48853824,0.5693693,0.61719644,0.79534096,0.99954236,0.6552911,0.7868617,0.99937207,0.50338006,0.8305869,0.9996569,0.764858,0.8373934,0.97387075,0.5154146,0.94282305,0.99569017,0.890825,0.83129233,0.97265506,0.53145087,0.9595541,0.99573874,0.90970695,0.82184845,0.9843201,0.46650547,0.9754915,0.9932783,0.91799915,0.8517171,0.9710736
66795.jpg,0.4308406,0.43613327,0.9998192,0.4196369,0.4426916,0.99992156,0.41966444,0.44406134,0.99987555,0.41958618,0.4454357,0.9999207,0.41988206,0.44364047,0.9998915,0.41997343,0.4457904,0.99984443,0.41994673,0.44800413,0.9998622,0.42512992,0.463858,0.9999083,0.42649424,0.46649194,0.9999255,0.44295537,0.4430486,0.9992581,0.44274893,0.44550055,0.99915016,0.4895444,0.48366112,0.9983015,0.48333925,0.50654244,0.9983615,0.38542584,0.45786464,0.25338423,0.3723253,0.4636864,0.99018854,0.2894628,0.4462821,0.5796128,0.27915844,0.43861747,0.98247015,0.26261586,0.44570237,0.5906763,0.25675985,0.4345489,0.97574276,0.26273596,0.44330174,0.5873925,0.2531217,0.4369469,0.97039276,0.27282345,0.4448641,0.60447824,0.2608545,0.43939307,0.9579309,0.6935932,0.59167117,0.99990904,0.6671401,0.62336355,0.99976236,0.8289619,0.5082791,0.9979183,0.62174785,0.7775515,0.99931514,0.9375694,0.6246094,0.9928307,0.5752303,0.9249881,0.99533683,0.9424392,0.6503511,0.97422475,0.5662918,0.93990505,0.9790335,0.9877691,0.6227118,0.980909,0.59647864,0.96427226,0.989184
66853.jpg,0.6136614,0.3567243,0.9984963,0.6108173,0.33849794,0.9983625,0.6096478,0.33714822,0.9978047,0.60823756,0.3356959,0.9982399,0.60689366,0.33787858,0.99867094,0.6032116,0.33641317,0.9984925,0.5992147,0.33500576,0.9983518,0.5827064,0.33317843,0.9967033,0.57363456,0.33547193,0.9982552,0.605124,0.3677374,0.9950629,0.6000778,0.36638403,0.9947619,0.5629841,0.3875569,0.9952055,0.51307714,0.3979761,0.99696225,0.63946843,0.30821604,0.4176689,0.5978327,0.313062,0.9914226,0.7160105,0.22263673,0.6533398,0.6901992,0.21966931,0.9828159,0.7378505,0.19989377,0.60335356,0.72043777,0.1927734,0.9626161,0.7391009,0.19342345,0.60523415,0.7197562,0.18201464,0.95418125,0.7306512,0.20142171,0.6523923,0.71083814,0.19045344,0.9222136,0.48588592,0.610668,0.99974483,0.43232548,0.6021851,0.99945587,0.5743205,0.7425629,0.9858823,0.29317892,0.6793418,0.9979381,0.49647644,0.88655496,0.98959655,0.15549597,0.7346319,0.99835384,0.46328264,0.9027915,0.9759035,0.1317443,0.7389072,0.98175997,0.55306804,0.94086516,0.98328084,0.119657815,0.7934148,0.99271834
67121_aug.jpg,0.3836031,0.7457205,0.99985456,0.36844504,0.73864514,0.999856,0.36794996,0.7351284,0.9998361,0.36740255,0.73126626,0.99983966,0.3693088,0.74063766,0.99975675,0.36958587,0.73872924,0.9995689,0.36964405,0.73657036,0.9996699,0.3688029,0.7030117,0.9998276,0.37000036,0.70909595,0.99977857,0.39307213,0.7311601,0.99969494,0.39566994,0.7346263,0.99957293,0.40267068,0.64151025,0.99908996,0.4361621,0.65117896,0.9997451,0.4426181,0.75129974,0.9816471,0.46540344,0.75684524,0.24407597,0.44000578,0.8930901,0.9698266,0.44553226,0.8694916,0.4478651,0.43520913,0.93510795,0.9531655,0.4336317,0.8922316,0.45503625,0.41965795,0.93096805,0.9443549,0.42597914,0.91299945,0.4493139,0.42014915,0.9134969,0.9314133,0.4267581,0.8946581,0.48271444,0.45999974,0.4010214,0.9994721,0.5000805,0.41088265,0.9999368,0.24450007,0.3205276,0.9941863,0.6881908,0.29524344,0.9910062,0.035156846,0.24151433,0.9813643,0.6835001,0.10706854,0.99340737,0.013480306,0.25567076,0.9608536,0.6599252,0.072972566,0.9885328,-0.05957842,0.1793713,0.95379317,0.77095306,0.05352059,0.9774656
67167_aug.jpg,0.7393199,0.69954365,0.98184925,0.7566478,0.6824846,0.9928005,0.75716764,0.68005216,0.9898837,0.75760114,0.677357,0.9902242,0.7548661,0.6786725,0.99153805,0.7542386,0.673662,0.98961556,0.75323105,0.6681462,0.98859787,0.74603367,0.64236593,0.99376243,0.7379982,0.633996,0.990575,0.7169372,0.69157845,0.9670081,0.7172571,0.6864858,0.9494411,0.6622807,0.645775,0.9606676,0.6359395,0.5650584,0.9789761,0.7850952,0.61203504,0.15684877,0.7277384,0.61028427,0.73591,0.8911196,0.59655255,0.28553453,0.8662262,0.5960986,0.7783717,0.9269053,0.5810613,0.2901444,0.9023887,0.5828922,0.774946,0.9334308,0.5831043,0.28543004,0.91025805,0.578848,0.75968856,0.9180373,0.5852769,0.32380947,0.897431,0.58229905,0.7072101,0.35506356,0.5804711,0.99636924,0.35053736,0.49331397,0.9960466,0.23523557,0.8347461,0.9780716,0.2669868,0.27502838,0.9957416,0.047267094,0.8350885,0.96372354,0.1504508,0.040550113,0.99275994,0.021582037,0.8071562,0.94046646,0.13818248,0.014321327,0.95671344,-0.0028178692,0.9151275,0.8810334,0.0895991,-0.041424513,0.9574517
67278.jpg,0.53385943,0.31781223,0.99926656,0.5592784,0.30985492,0.9995042,0.5633232,0.31317008,0.9993845,0.5679081,0.31683305,0.9994653,0.555441,0.3057037,0.9993845,0.5567838,0.3060397,0.99895406,0.5584538,0.30654168,0.9990427,0.59595406,0.34695318,0.9991879,0.5840636,0.33440623,0.9988908,0.5333929,0.3424038,0.9964541,0.5279995,0.3375708,0.9960855,0.5923923,0.45195907,0.987455,0.5328934,0.3980637,0.9959222,0.6371143,0.301451,0.9976059,0.5764804,0.2629285,0.6126698,0.7091275,0.14800543,0.9911849,0.6644518,0.1369878,0.78075933,0.72560334,0.109348476,0.9822748,0.67571795,0.09746778,0.7468098,0.73561037,0.10437518,0.97932065,0.68398464,0.0970251,0.73991126,0.73013085,0.11837661,0.97392446,0.6825446,0.110536635,0.7748234,0.46502236,0.698766,0.99621284,0.3861091,0.6537654,0.9989341,0.58977485,0.85447544,0.9862781,0.15984148,0.59012866,0.98899823,0.71437144,0.9724916,0.9706763,0.024760723,0.7238501,0.9748785,0.72885567,0.96938074,0.94456065,0.028912216,0.75756276,0.9741056,0.7341255,1.0239966,0.91841805,-0.06482035,0.7171699,0.91314316
68379.jpg,0.45420623,0.64101326,0.99894994,0.45192897,0.6504909,0.999226,0.45234424,0.6505861,0.9986266,0.45282152,0.65056324,0.9988323,0.45404568,0.6521945,0.99938154,0.4561336,0.6536319,0.999276,0.45854545,0.65508056,0.9993205,0.46980706,0.6537646,0.9970215,0.47938174,0.6580819,0.9995074,0.46462092,0.6340866,0.99598265,0.4668673,0.63602936,0.9965475,0.48930484,0.6201426,0.99715024,0.5333234,0.6294254,0.99935013,0.4378079,0.6894115,0.14200418,0.4494839,0.6898205,0.98543626,0.38465258,0.7607595,0.38156724,0.3909186,0.77019227,0.9871371,0.3751316,0.7807012,0.3946142,0.37587947,0.7920724,0.9772625,0.37411034,0.7861119,0.39530367,0.37805825,0.7975559,0.97255266,0.3779338,0.7784462,0.4340243,0.3823607,0.79006994,0.9497711,0.5388211,0.44987783,0.9998969,0.59000915,0.4638472,0.9998894,0.4636454,0.34468502,0.9848029,0.72569317,0.41688812,0.9990151,0.48886853,0.22513255,0.98914015,0.85009485,0.38890427,0.9991352,0.5090364,0.21187274,0.97325176,0.8675958,0.39032403,0.9905358,0.43998206,0.18324074,0.9747424,0.8970105,0.34724167,0.995902
68669_aug.jpg,0.733513,0.5017677,0.99884254,0.7341486,0.48598266,0.9993876,0.7325715,0.48442784,0.9992053,0.73074704,0.4827388,0.9992705,0.73294985,0.48549086,0.99922216,0.7307829,0.48379683,0.9989967,0.72838795,0.48196894,0.99884546,0.7063361,0.47416344,0.99909663,0.70789313,0.4764925,0.9991198,0.71911937,0.5102295,0.9977272,0.7173366,0.5100252,0.9969202,0.64631784,0.5098781,0.99628735,0.6589669,0.5163716,0.998847,0.7337619,0.43279427,0.22241864,0.77309835,0.4343613,0.98198926,0.80524695,0.34215048,0.544045,0.85487187,0.32224852,0.9897378,0.8015927,0.32148486,0.58598447,0.8742503,0.29581416,0.9865096,0.80643284,0.3158123,0.5786916,0.866069,0.2900049,0.98376495,0.8091972,0.32254186,0.6104719,0.8586825,0.2978198,0.9739249,0.5085364,0.7214498,0.9996203,0.48056793,0.71371716,0.99968255,0.6265991,0.847855,0.9845589,0.30154014,0.7197655,0.99914014,0.5293795,0.9703575,0.97164,0.11474699,0.69335073,0.997809,0.5015589,0.97592896,0.92142755,0.07117742,0.6738236,0.9863413,0.5263896,1.020288,0.9307561,0.062449098,0.72638553,0.98901665
69066.jpg,0.8012574,0.44388044,0.99967945,0.7986537,0.4280002,0.9997694,0.7964548,0.4273389,0.99966824,0.79415244,0.426768,0.99973565,0.7979121,0.42793238,0.99971765,0.7953473,0.4271928,0.9996426,0.7926866,0.4264335,0.99963367,0.76255715,0.4260732,0.99967754,0.76402044,0.42591453,0.9997658,0.7855681,0.4558773,0.9993024,0.7847501,0.45528406,0.99912626,0.70053756,0.48628813,0.99678135,0.7012779,0.4844358,0.9989612,0.77368236,0.35249102,0.18552984,0.7948731,0.33791685,0.9826872,0.8132813,0.24473318,0.5051617,0.84460115,0.20757106,0.9776464,0.81439734,0.20725343,0.52477556,0.85226023,0.17244554,0.97025037,0.82115555,0.19980994,0.5293836,0.8503691,0.1693196,0.9651914,0.82136405,0.21059191,0.55671155,0.8465003,0.17935899,0.95125747,0.4648339,0.686528,0.9998957,0.44121486,0.6630079,0.9998336,0.50789815,0.831051,0.9732324,0.2081663,0.584046,0.9996013,0.28772557,0.90147936,0.9831814,0.06945741,0.40184292,0.9975842,0.24573945,0.8981466,0.9581934,0.059055954,0.35756668,0.9862347,0.28270674,0.98318785,0.96137154,0.022350848,0.461506,0.9906765
69408.jpg,0.4745432,0.5005407,0.9995172,0.4702251,0.5114483,0.99883693,0.4708056,0.5120769,0.99870753,0.4714434,0.51277655,0.999057,0.4715499,0.51252395,0.99926764,0.47307342,0.5139678,0.9992692,0.47464192,0.5154965,0.99905723,0.48647034,0.51545304,0.9984604,0.49033076,0.5177499,0.9988961,0.48463324,0.4950954,0.9981583,0.48620468,0.4968857,0.9976884,0.5197819,0.47943193,0.9957949,0.5395916,0.50467855,0.9992698,0.4386734,0.49664277,0.6088012,0.44802108,0.5165118,0.9974579,0.36669028,0.51927876,0.7851464,0.3462486,0.54334027,0.99378705,0.3516403,0.5270677,0.7710845,0.3258568,0.55384684,0.9879461,0.34872368,0.5341005,0.79019,0.32626894,0.55718625,0.9857124,0.3528953,0.5329373,0.8010591,0.33402655,0.5528517,0.97430384,0.67953753,0.412622,0.9998134,0.70371294,0.44616112,0.99965143,0.68527347,0.31091994,0.96923995,0.8100702,0.46537516,0.9992925,0.79289114,0.25467163,0.9786038,0.9187965,0.5066503,0.99897826,0.81695145,0.2553584,0.9565346,0.9327406,0.52481186,0.9858327,0.792659,0.19539505,0.97592056,0.9558578,0.47685665,0.9954527
69547.jpg,0.600789,0.72644085,0.99984634,0.5931529,0.7378437,0.9999167,0.5906217,0.737485,0.99994993,0.58787715,0.73710644,0.999933,0.5943742,0.73787904,0.99980587,0.59290385,0.73757684,0.9998266,0.5911524,0.73742545,0.99978584,0.56900144,0.72781974,0.99990785,0.5711931,0.73117995,0.99983895,0.5885391,0.71396315,0.99945086,0.59086454,0.7144736,0.99920315,0.52943814,0.675283,0.9993761,0.5164378,0.68690795,0.99657506,0.656541,0.7323828,0.99637836,0.65040356,0.73194504,0.42725173,0.7932352,0.77614975,0.98233414,0.7751334,0.77389157,0.72870857,0.82258195,0.79084915,0.972223,0.809226,0.79045165,0.7574601,0.8203407,0.7978424,0.9675829,0.81680024,0.79618627,0.7559838,0.81269836,0.79430944,0.9565906,0.8049238,0.7910353,0.76213413,0.2917847,0.5692721,0.9985862,0.28710383,0.58372337,0.9987923,0.2968816,0.41510677,0.9985489,0.09984177,0.6363578,0.9706754,0.12354109,0.34173495,0.99560565,-0.01851368,0.6983858,0.96817446,0.087292895,0.3440299,0.9933436,-0.09246042,0.6635461,0.9791364,0.11152232,0.272514,0.9927214,-0.08540133,0.6695795,0.95413923
70530_aug.jpg,0.55369055,0.5697697,0.99966264,0.5688002,0.5753062,0.99962854,0.5697698,0.5747756,0.99973065,0.57057905,0.5739689,0.9997002,0.569687,0.57334036,0.99971074,0.5714094,0.57142377,0.99979955,0.5732045,0.5691929,0.9997112,0.5768782,0.55640376,0.9996309,0.58093464,0.55088884,0.99971217,0.549451,0.5576031,0.9993011,0.55054986,0.55506736,0.9991875,0.54692554,0.5069622,0.99870014,0.55316347,0.48996985,0.99950683,0.61036503,0.61387366,0.38582972,0.61346936,0.5972091,0.978834,0.669049,0.6733688,0.5586525,0.6971537,0.68753415,0.9679832,0.6914056,0.6897119,0.5826403,0.72087693,0.7113143,0.95997095,0.7002506,0.6962458,0.5732294,0.72456,0.7113261,0.95067036,0.69187295,0.6888602,0.5675415,0.71718776,0.70427465,0.9299256,0.395978,0.32728183,0.999762,0.39508393,0.3218775,0.9999114,0.40723884,0.19657382,0.9071963,0.2933021,0.3631185,0.9986064,0.45989472,0.0888882,0.9362731,0.16882718,0.251126,0.99694484,0.4856817,0.069781125,0.9484503,0.16480361,0.23040648,0.99528027,0.44732893,0.06125325,0.93127775,0.12409401,0.251097,0.99312603
70918.jpg,0.41223967,0.72957736,0.9999857,0.43143868,0.7359725,0.9999926,0.43399966,0.7344556,0.99998856,0.43660727,0.73315185,0.9999938,0.43241805,0.73532957,0.9999889,0.43550965,0.73337066,0.9999858,0.4386965,0.7316842,0.99999,0.4524423,0.7140959,0.999987,0.45186535,0.71389604,0.9999907,0.41407728,0.7102238,0.9999281,0.4160266,0.7107235,0.99988675,0.435812,0.64055055,0.9994804,0.44576207,0.64631903,0.9997454,0.45744994,0.7730496,0.14140174,0.46135533,0.7899668,0.9590846,0.484055,0.8713436,0.33645716,0.49758473,0.9042216,0.9393333,0.4983274,0.894734,0.34653535,0.50785375,0.923694,0.94446903,0.49897236,0.89168715,0.33783755,0.51104534,0.9210745,0.92530805,0.49567157,0.8861174,0.3593828,0.5076939,0.91308475,0.8854401,0.43137822,0.40048575,0.99996924,0.4600667,0.40775928,0.9999597,0.26136452,0.33548486,0.92153794,0.63542455,0.29489103,0.9989141,0.26192585,0.14216357,0.9622826,0.82102215,0.18204042,0.99623257,0.2807925,0.09881282,0.94574267,0.8550078,0.16312121,0.9838838,0.17995149,0.09449491,0.96076983,0.82185477,0.14322075,0.99290377
71126_aug.jpg,0.5009551,0.5925907,0.9999659,0.5127773,0.6065781,0.999987,0.51454705,0.60668325,0.99998164,0.51654613,0.6066673,0.9999907,0.5132697,0.6059461,0.9999887,0.51524,0.6057131,0.9999851,0.5174202,0.60540533,0.9999862,0.5365719,0.5991265,0.9999846,0.53729075,0.59813344,0.99999225,0.5056603,0.5785357,0.9999014,0.507197,0.57845795,0.9998771,0.5518946,0.5365175,0.9994485,0.5509746,0.54275554,0.99968266,0.44800252,0.56096214,0.48303282,0.44549757,0.56685215,0.97976387,0.3718884,0.6176194,0.67787117,0.36275443,0.6263764,0.972128,0.35637242,0.637165,0.71674675,0.34409222,0.64489734,0.97299826,0.3596944,0.64416474,0.7320157,0.3494236,0.6527172,0.96764094,0.36614248,0.6372903,0.742363,0.35568824,0.64713037,0.9472964,0.72253954,0.41809577,0.99998474,0.74599123,0.45751837,0.9999435,0.6590472,0.22300541,0.9905177,0.9054253,0.54683995,0.99966645,0.8014955,0.14097032,0.9929289,1.0012524,0.6454724,0.9967464,0.8396054,0.1399892,0.985365,0.9981555,0.66420496,0.9799349,0.7864922,0.07300526,0.9827917,1.0551038,0.66222477,0.9893384
71176_aug.jpg,0.601671,0.34758735,0.99892825,0.6196753,0.34473246,0.9989441,0.6241365,0.3482904,0.9984675,0.6287936,0.35223532,0.99874437,0.610552,0.33952388,0.9987883,0.60853326,0.3392373,0.9974457,0.6070863,0.33918795,0.9979673,0.6323826,0.3743657,0.9987208,0.6084573,0.3549915,0.9975286,0.60084987,0.36788616,0.99588746,0.5923789,0.35932398,0.9963768,0.61352897,0.46678242,0.9980596,0.5518566,0.41472694,0.99920076,0.70097756,0.32802135,0.9978811,0.60055506,0.292924,0.5675152,0.77595925,0.20773861,0.98992175,0.65963066,0.18501279,0.6964451,0.7959275,0.18446147,0.97205365,0.6759351,0.15893272,0.5772009,0.7948562,0.18022656,0.9682723,0.6854611,0.158887,0.55881166,0.78488827,0.18611899,0.9638377,0.6842319,0.16972965,0.5944275,0.4477951,0.67060125,0.99991333,0.40761146,0.63629407,0.99999154,0.40539205,0.8661543,0.990071,0.25971842,0.61426204,0.99204904,0.5492329,0.863819,0.9367922,0.1849931,0.80154145,0.99488115,0.5704973,0.8474624,0.9069138,0.19402787,0.83723783,0.99030745,0.56797284,0.89528203,0.8988889,0.09919715,0.8192787,0.98908615
71707.jpg,0.66207486,0.6323808,0.99941635,0.6812948,0.63068247,0.99962854,0.6818712,0.6290868,0.99971956,0.68268365,0.627319,0.99972576,0.6842905,0.6269186,0.99962187,0.68647313,0.62291443,0.9997013,0.68876827,0.6185427,0.9996283,0.68734264,0.5974683,0.99976116,0.6892807,0.5895688,0.99960345,0.64677644,0.6180786,0.99902487,0.6510408,0.61303866,0.99864835,0.6270277,0.53841615,0.9981232,0.62403977,0.5213632,0.9981042,0.7377883,0.64468145,0.32303897,0.7325994,0.63896054,0.95775586,0.83509517,0.74629325,0.42396814,0.8449789,0.7482981,0.92349935,0.874388,0.76599115,0.4413418,0.88395107,0.7730793,0.91364723,0.88179564,0.76815414,0.42343047,0.8922539,0.7704725,0.89656854,0.87077904,0.76292884,0.4332008,0.8811252,0.7643085,0.8678352,0.375574,0.36723152,0.99906355,0.3575847,0.37892914,0.999382,0.40290785,0.17834684,0.966277,0.16657494,0.5785793,0.99697816,0.44587347,0.005139023,0.9110055,0.01871106,0.48337448,0.9900356,0.46994734,-0.0067743063,0.8958936,0.021459311,0.4463136,0.98647344,0.47143063,-0.050391585,0.8792433,-0.051380247,0.5272297,0.9775184
71712_aug.jpg,0.20747924,0.3174801,0.99893385,0.19126834,0.31156707,0.99715793,0.18983991,0.30675295,0.9957979,0.18890657,0.30210277,0.99654007,0.19578856,0.32475236,0.99777895,0.19700146,0.32861912,0.9957777,0.1982804,0.33176368,0.9971813,0.1947608,0.29306704,0.99424666,0.2052237,0.32751963,0.9914243,0.21920203,0.3036015,0.98890454,0.22227964,0.31941858,0.9912238,0.24006122,0.24280538,0.99434954,0.26338086,0.3317331,0.99922884,0.13913175,0.26739725,0.9897927,0.18467054,0.39605546,0.9142958,0.040709287,0.29259896,0.9674934,0.08774015,0.4302187,0.90775967,0.023792028,0.29275092,0.9282275,0.062999606,0.44707114,0.8251071,0.023780793,0.3024798,0.9280576,0.054726273,0.43809485,0.8276376,0.032120824,0.30589992,0.9195536,0.06311309,0.42670718,0.85459596,0.43497175,0.193361,0.99914074,0.45600042,0.26187107,0.9999788,0.51587063,0.10180546,0.8848433,0.5879948,0.32756138,0.9834567,0.57288,0.019917905,0.865774,0.7390448,0.28803074,0.9906318,0.5816372,0.012968734,0.6578926,0.7593197,0.2650053,0.9732284,0.60876054,-0.0071136653,0.8451337,0.8001363,0.33104837,0.98342174
7239.jpg,0.8011718,0.5647069,0.9997719,0.8105031,0.5780944,0.99993384,0.810011,0.5803734,0.9999591,0.80933714,0.5827352,0.9999422,0.81046057,0.57770115,0.99984884,0.8099039,0.5797378,0.9998528,0.8092149,0.5819481,0.9998517,0.7974493,0.60184735,0.9999267,0.79840547,0.6004284,0.9999329,0.78689265,0.56696105,0.99927753,0.78644574,0.5668846,0.9991974,0.73076355,0.6201932,0.99967456,0.72290975,0.6148098,0.9979837,0.7871,0.52002174,0.9936301,0.75850695,0.5333973,0.12153612,0.86611295,0.4454476,0.9853969,0.8308236,0.495427,0.36106765,0.89262146,0.42980283,0.97939026,0.8497317,0.49369958,0.40369973,0.89810383,0.44583467,0.9783442,0.8591809,0.49556088,0.41175953,0.8871422,0.45292914,0.96818817,0.85268295,0.49300343,0.41641062,0.47438532,0.71798784,0.9995302,0.4823352,0.7217033,0.99925894,0.308949,0.58727866,0.9994443,0.43297574,0.8804716,0.9554988,0.16631535,0.6545256,0.9926394,0.45085365,1.0132793,0.9353478,0.13693434,0.6842634,0.9903532,0.45123202,1.0335279,0.93702704,0.10666826,0.60950637,0.9803823,0.45791706,1.0381244,0.92456067
73136_aug.jpg,0.48360804,0.7477258,0.9986753,0.49776492,0.76088834,0.9991297,0.5004899,0.76017636,0.9994118,0.50312936,0.7593173,0.9995291,0.49375758,0.7605062,0.9991248,0.49364772,0.759784,0.99929845,0.49357107,0.75890493,0.999049,0.51430905,0.74099636,0.99965644,0.4992659,0.7401295,0.99915135,0.48665485,0.72890747,0.9980134,0.48229027,0.72810465,0.99556524,0.5354451,0.6651768,0.99406517,0.48177555,0.67413104,0.99782676,0.5299445,0.8032609,0.33069348,0.4971526,0.820747,0.9718497,0.5582443,0.92051387,0.3982737,0.551987,0.9388053,0.94527227,0.5773099,0.94094646,0.38758993,0.56735903,0.9640165,0.9389467,0.5808583,0.942647,0.37562945,0.57625616,0.96026385,0.92421275,0.5751883,0.9351248,0.38538536,0.572377,0.95117897,0.8980851,0.5931493,0.41359657,0.9990414,0.53752226,0.3920516,0.9995759,0.82287955,0.37336963,0.96413255,0.3863908,0.21635088,0.99923635,0.98426634,0.36304456,0.935811,0.47488746,0.025538772,0.9935375,1.0175226,0.36065975,0.93775964,0.5072621,0.009039611,0.99434,1.0315173,0.3635539,0.9033156,0.3980352,-0.008646309,0.9802814
7338_aug.jpg,0.33714136,0.41229922,0.9998,0.33924514,0.3965596,0.9998497,0.3408772,0.39599213,0.999846,0.34250888,0.39538038,0.99985087,0.3390593,0.39659464,0.9997974,0.34053218,0.39614686,0.9997278,0.34208146,0.39545995,0.99972147,0.3632924,0.3985069,0.99981695,0.36178946,0.39702663,0.99971384,0.3472783,0.42287144,0.9993143,0.34637123,0.42300358,0.99892324,0.40938863,0.4631151,0.99920446,0.39895755,0.45406044,0.9930374,0.35998678,0.35238713,0.99862087,0.34554246,0.34853536,0.28340647,0.31676108,0.23355645,0.9917366,0.3165503,0.2513189,0.65082085,0.30174014,0.20115238,0.9818649,0.30104065,0.21820185,0.67627925,0.30617324,0.19821903,0.9785575,0.30177015,0.21475175,0.6739059,0.310197,0.20725253,0.97503823,0.30944383,0.22866511,0.69817126,0.5344219,0.67065835,0.9997297,0.49999812,0.6781302,0.9995435,0.70371825,0.7347072,0.9991497,0.3904115,0.78051746,0.96226925,0.85772514,0.7791351,0.99822325,0.46853763,0.93316853,0.96039474,0.8936447,0.77654225,0.98609143,0.49673304,0.95228356,0.9612854,0.8475107,0.85466975,0.99476886,0.42436063,0.99601144,0.93601775
73732_aug.jpg,0.5834111,0.29723912,0.99991286,0.5993118,0.31380254,0.9999294,0.59839064,0.31818914,0.9999263,0.5974032,0.32320723,0.9999231,0.60035056,0.31088558,0.99987304,0.6002606,0.3128359,0.9998202,0.6005036,0.31561738,0.99985516,0.5792478,0.35141098,0.9999052,0.58713835,0.3446697,0.9999231,0.56072044,0.30883774,0.99980336,0.55983216,0.30412963,0.9997831,0.48992226,0.37965578,0.99914837,0.5059196,0.3880009,0.99943155,0.50730896,0.2131064,0.98542386,0.5202445,0.23143074,0.56234807,0.54056585,0.08072561,0.9747897,0.5446858,0.09355211,0.71068394,0.55404985,0.047097743,0.9603027,0.55553627,0.063239396,0.6802379,0.56572264,0.048079014,0.95208913,0.5630725,0.057593524,0.6736391,0.55944073,0.062386394,0.9416553,0.55832404,0.07014084,0.7080673,0.3904981,0.65737367,0.99755955,0.3714144,0.639747,0.9995078,0.57981443,0.8476759,0.9938532,0.12444493,0.6059132,0.98960274,0.7258225,0.9552437,0.96356225,0.078323185,0.8004072,0.97421795,0.7564457,0.95657516,0.8782562,0.072770804,0.83591706,0.96939766,0.76531386,1.0332539,0.89954174,0.012359649,0.8606618,0.9154493
74608.jpg,0.5080446,0.3616097,0.99846953,0.51285213,0.34973544,0.9984958,0.5146246,0.34938478,0.99823964,0.5165042,0.3491068,0.99855036,0.5127231,0.34915078,0.9976979,0.5143743,0.34831837,0.9948946,0.5160138,0.3475234,0.99528545,0.5359983,0.35121912,0.9985323,0.5320718,0.35052854,0.99535733,0.51564676,0.37080568,0.99608165,0.51498556,0.37146527,0.9936267,0.58500326,0.39614058,0.9976768,0.54347724,0.400317,0.99853873,0.5244219,0.3158213,0.9838965,0.51146567,0.31408817,0.26976708,0.5040605,0.22713089,0.9820425,0.49974772,0.23168594,0.6416952,0.5008275,0.20276386,0.97374403,0.4987551,0.20765123,0.6464798,0.5063747,0.19883558,0.9693582,0.5029037,0.2029149,0.6249991,0.5075257,0.20750895,0.9482107,0.50337386,0.21072054,0.64593226,0.65866363,0.57266694,0.9976822,0.61050636,0.5896537,0.99941957,0.7997753,0.5922476,0.99794453,0.5177519,0.6608931,0.9958324,0.95581305,0.59891725,0.9974611,0.5723467,0.77093744,0.9924154,0.9746027,0.5934162,0.97763103,0.5911939,0.78533244,0.9865688,0.9714285,0.6391346,0.99027425,0.53304005,0.81645525,0.9710442
7461_aug.jpg,0.2775999,0.55084944,0.9995365,0.2738645,0.5706393,0.99952996,0.27619594,0.57329863,0.9996524,0.27834782,0.5759543,0.9996313,0.2731622,0.56837404,0.99967957,0.27501127,0.5694021,0.9997907,0.27680477,0.5704721,0.99971586,0.30361205,0.58546466,0.99969566,0.3007178,0.5742237,0.9997074,0.29937103,0.5472594,0.9989017,0.29836696,0.54421115,0.9986136,0.39249623,0.57707685,0.9978981,0.36176637,0.533872,0.99967515,0.2642917,0.6304018,0.31668586,0.21147335,0.58798206,0.98490876,0.15599394,0.6965543,0.6293619,0.07902962,0.6932692,0.9904428,0.124091536,0.73643804,0.6710371,0.042230606,0.7256932,0.9884356,0.11646783,0.737458,0.66372573,0.049056232,0.7345296,0.9861885,0.12406248,0.72519696,0.662361,0.06319362,0.725366,0.9791973,0.63966596,0.425653,0.99989736,0.60859084,0.3667752,0.99994326,0.8313416,0.4534304,0.99776304,0.5036633,0.16369468,0.9992861,0.9742048,0.576208,0.988998,0.6871735,0.058945626,0.9979352,0.98534,0.6061058,0.98867375,0.731622,0.05843538,0.9965262,1.0271084,0.54399014,0.94690704,0.6807878,0.0031360388,0.98904896
74639.jpg,0.4896993,0.33416623,0.999298,0.4686879,0.3324104,0.999635,0.46742645,0.3338747,0.99960405,0.4662162,0.33554167,0.99971765,0.4676496,0.33402106,0.9995453,0.46553493,0.33637613,0.99946064,0.46345553,0.33896974,0.99930143,0.45668167,0.36221147,0.99963975,0.4560492,0.36404496,0.99964523,0.50169307,0.3504822,0.9985435,0.49928868,0.3521849,0.997635,0.48719218,0.45786452,0.99859804,0.5042187,0.43582648,0.9979723,0.5177471,0.31956834,0.24214819,0.54535675,0.27532807,0.98446864,0.5431173,0.21773991,0.5217307,0.5600157,0.124792874,0.9743517,0.5264316,0.18348855,0.585783,0.56810915,0.07744783,0.96562916,0.5235057,0.17911959,0.6065233,0.56124645,0.069071114,0.95880854,0.52908045,0.19181931,0.6213653,0.55781925,0.08231419,0.9282399,0.55739784,0.70855516,0.99986815,0.5220595,0.7148297,0.9995851,0.7832106,0.69846326,0.9912463,0.32004344,0.81958157,0.99953604,0.7918322,0.92298454,0.99389863,0.0954729,0.8935275,0.99942183,0.76938295,0.9592029,0.9820056,0.059343427,0.901454,0.9945168,0.88117033,0.9595655,0.9856889,0.13122511,0.9604589,0.997514
75470_aug.jpg,0.36613035,0.691025,0.99994314,0.38464835,0.68553436,0.9999536,0.38526386,0.6831752,0.9999423,0.38597947,0.68074715,0.9999672,0.38467062,0.6845553,0.99995697,0.38533497,0.6815874,0.99994814,0.38617373,0.6784964,0.99994004,0.38867486,0.650457,0.99996567,0.38729256,0.648734,0.99995184,0.3519808,0.67389965,0.99986935,0.35356954,0.67307323,0.9997559,0.34613007,0.59686077,0.9979755,0.33998606,0.5896685,0.9993942,0.30861905,0.7262666,0.34610838,0.2914153,0.7332505,0.98574466,0.30446652,0.84957165,0.7203109,0.30009556,0.87876666,0.97252727,0.3190781,0.8848132,0.81790715,0.30724898,0.9195951,0.9686429,0.3262465,0.8884534,0.8467114,0.31626222,0.91591406,0.96525586,0.32189766,0.87854534,0.8349401,0.31652468,0.90222496,0.9425254,0.3804383,0.31260973,0.99989223,0.3966766,0.29921272,0.99978703,0.17580661,0.2766577,0.9791029,0.6217363,0.22156893,0.99980885,0.2023032,0.080908194,0.98397875,0.8375442,0.17821196,0.9997795,0.23712192,0.04552859,0.9597619,0.87836385,0.17477594,0.9970342,0.11488971,0.028933585,0.9722366,0.8422291,0.111886024,0.9987778
75802.jpg,0.31686532,0.5831529,0.9988796,0.32301295,0.5964903,0.99937195,0.3244061,0.596602,0.9990181,0.32542157,0.59659094,0.99942905,0.32292834,0.59530985,0.99935573,0.32436764,0.5946506,0.9991179,0.32543457,0.59393764,0.99920243,0.34131345,0.58753204,0.9991671,0.33904284,0.5831451,0.99936706,0.32471615,0.5675433,0.9987116,0.32469764,0.5676354,0.9977679,0.3886022,0.5277319,0.9963568,0.36538184,0.5166787,0.998382,0.293364,0.6039435,0.30650884,0.25158653,0.572456,0.9848298,0.21422851,0.67748696,0.67248803,0.17780402,0.6634468,0.99228996,0.20527464,0.6971483,0.6673438,0.15121004,0.67971826,0.9881566,0.20279273,0.6972635,0.6721826,0.16093588,0.68959415,0.9853343,0.2049196,0.6907921,0.68723315,0.17496607,0.68388677,0.9745592,0.58780754,0.37856525,0.99975103,0.59434366,0.40268198,0.99926776,0.60951716,0.20788983,0.87155193,0.7801303,0.45203435,0.99484336,0.7597766,0.104264826,0.9065588,0.95897484,0.53540623,0.9904045,0.80155957,0.105165005,0.8045695,0.9754611,0.53034306,0.9486412,0.76453245,0.028326422,0.80726534,0.997648,0.5125453,0.96382296
78381_aug.jpg,0.26404116,0.50667065,0.9994636,0.26986423,0.4938349,0.9995933,0.2725119,0.49548402,0.99961096,0.27510703,0.49736992,0.9996195,0.2679431,0.48905554,0.9992084,0.26935148,0.487418,0.9990502,0.27052808,0.48594397,0.9990932,0.29767078,0.5023342,0.9993352,0.29402092,0.48677126,0.9991215,0.2819729,0.5194774,0.9987122,0.2775076,0.513052,0.9981762,0.3569576,0.5573782,0.99978715,0.34924173,0.48990372,0.9975504,0.2187683,0.54392,0.99647254,0.22972456,0.4764473,0.6252969,0.08919442,0.52537376,0.9910286,0.123165846,0.43829226,0.8938176,0.05207652,0.5245609,0.9815184,0.10071075,0.42463902,0.88555413,0.04927373,0.50835365,0.98005563,0.10069436,0.42861763,0.88904095,0.065009296,0.5059161,0.974632,0.10411614,0.4363373,0.8843158,0.64404404,0.5588286,0.99989223,0.6205331,0.5595521,0.999899,0.7871714,0.4478572,0.9987041,0.6237771,0.71895117,0.96780056,0.92079085,0.34354588,0.9974381,0.8044658,0.7790463,0.975513,0.94217837,0.30613798,0.9812475,0.8260489,0.7417099,0.9501562,0.954255,0.3764933,0.99215394,0.8338518,0.8308079,0.96008396
78616.jpg,0.6090099,0.25478372,0.9999404,0.6266079,0.25852025,0.9999306,0.6277096,0.26124254,0.999913,0.6285202,0.2649683,0.99991345,0.6248952,0.25797632,0.9999088,0.62514067,0.26011243,0.9998567,0.6253786,0.26207408,0.9999095,0.62706184,0.29333976,0.99993,0.6254731,0.28945178,0.9999223,0.5966576,0.27359334,0.9995722,0.59406126,0.27196386,0.99965715,0.560101,0.35154954,0.99972504,0.5472561,0.35053027,0.99921954,0.5508594,0.21593595,0.9937436,0.5325009,0.23355949,0.26417693,0.5659057,0.09550086,0.9686809,0.5628904,0.1197674,0.3892088,0.5628475,0.059192955,0.94442314,0.5697943,0.09347528,0.32740822,0.57495147,0.057084978,0.9374594,0.571334,0.08910993,0.31930515,0.57770133,0.07403988,0.9254469,0.56499934,0.09497371,0.36336273,0.55917066,0.6134364,0.99982315,0.51973826,0.60925597,0.999938,0.75947285,0.6990319,0.9979824,0.31207287,0.689708,0.98356587,0.9607073,0.7654546,0.995899,0.3010067,0.87682146,0.9912403,0.99471784,0.7687184,0.9780019,0.3280633,0.9092746,0.9863224,0.95374537,0.83159184,0.9883486,0.2088972,0.9323423,0.9741122
78668_aug.jpg,0.51436126,0.28913164,0.999848,0.5212387,0.28383887,0.9999254,0.52231354,0.28675297,0.99988365,0.5233056,0.28947413,0.9998946,0.5141199,0.27381003,0.9999223,0.5102452,0.27006686,0.9998851,0.50636184,0.26631737,0.99986374,0.50917333,0.29248637,0.99988997,0.48458847,0.26135677,0.99992156,0.5040724,0.30383307,0.99981064,0.49526644,0.29366726,0.99966335,0.4750366,0.3564989,0.9983278,0.4090947,0.286227,0.9978142,0.56915396,0.33286136,0.85482526,0.5184665,0.23210691,0.99442875,0.6763033,0.27578682,0.9187984,0.6402265,0.16277099,0.9911708,0.7014851,0.26133707,0.8556688,0.6651294,0.14871114,0.9756801,0.7023562,0.252312,0.85210913,0.67157084,0.14967486,0.96998906,0.694353,0.25360575,0.8672749,0.6645058,0.15627798,0.96171474,0.26822138,0.47575852,0.9999913,0.228822,0.41023067,0.99995613,0.23972595,0.6224895,0.99775404,0.10128358,0.38213396,0.99682885,0.11394572,0.7063191,0.994263,0.033334136,0.3143254,0.9750752,0.088826284,0.70711875,0.9836416,0.04153414,0.2993065,0.9192936,0.08209236,0.7780613,0.98216206,0.0059064925,0.29683524,0.9204167
79694.jpg,0.5793928,0.33228695,0.9992028,0.5970413,0.32827997,0.9991738,0.6013763,0.3313083,0.99876994,0.6060858,0.33447713,0.9990594,0.58830994,0.3235882,0.9990613,0.5866238,0.3234063,0.9979755,0.5855009,0.3233721,0.99851495,0.6146883,0.35597354,0.99871755,0.59273785,0.3398792,0.99815434,0.5811734,0.35193518,0.99651706,0.5726058,0.344877,0.99722505,0.60540694,0.45278117,0.9987921,0.543487,0.40933803,0.99958307,0.6744273,0.30622092,0.9980665,0.5760433,0.28437904,0.45583057,0.7397516,0.17968598,0.99199426,0.6170577,0.17137736,0.6140267,0.7625792,0.14758325,0.97604066,0.62600005,0.14509863,0.49489436,0.76324844,0.14029592,0.97342426,0.6375328,0.14353919,0.48189175,0.7506946,0.1511054,0.96892524,0.6392467,0.15337855,0.5137832,0.46937618,0.6779369,0.99993646,0.42445147,0.6458062,0.9999974,0.45165074,0.87880695,0.98534715,0.27439559,0.64607847,0.9945404,0.59041566,0.8572941,0.85877043,0.22787482,0.83738714,0.993739,0.6150984,0.8409772,0.8236832,0.24199845,0.87366784,0.9894539,0.61776054,0.88804036,0.7992772,0.14270246,0.8681948,0.9887016
808_aug.jpg,0.68333,0.6919509,0.9983041,0.6699555,0.71431375,0.99947447,0.66687196,0.7142867,0.99966645,0.66372365,0.7138651,0.999559,0.67047703,0.71426094,0.9986765,0.66774386,0.71454704,0.9989422,0.664966,0.71468604,0.9988438,0.6343304,0.6995846,0.999273,0.63759214,0.7015368,0.9991732,0.67345846,0.6736291,0.9940434,0.6757191,0.6733074,0.993662,0.60314727,0.62579346,0.9975489,0.59225893,0.6199903,0.993697,0.69164795,0.7597085,0.9923173,0.6771777,0.75352466,0.13234465,0.76693994,0.91299015,0.9693699,0.7409096,0.879508,0.39680946,0.7768674,0.94978476,0.95609266,0.74421257,0.9066332,0.5024755,0.76945555,0.94687396,0.95018774,0.74154,0.90835214,0.50957453,0.76533794,0.9336333,0.9332166,0.7413606,0.9019406,0.5044139,0.44850752,0.3634847,0.99691486,0.43294114,0.36716855,0.9960089,0.5992997,0.13034931,0.9988047,0.17385378,0.42819828,0.9536531,0.48856625,-0.0099983215,0.9743746,0.018841773,0.49783695,0.84345025,0.4517959,-0.0009877384,0.9740622,-0.009295821,0.535866,0.88872164,0.47320205,-0.083286285,0.9501001,-0.10102767,0.56054556,0.8126612
81458_aug.jpg,0.59889233,0.6600682,0.9997353,0.6164509,0.6576804,0.9997881,0.61748827,0.65583134,0.99972755,0.618436,0.65386784,0.99977905,0.61706245,0.6567524,0.9996718,0.6184063,0.6544589,0.99958867,0.61968815,0.6521487,0.999564,0.61824226,0.63057256,0.99968016,0.61839044,0.63095844,0.9996138,0.5904315,0.64864945,0.998678,0.59174186,0.6473564,0.99840206,0.5719291,0.5835288,0.99562377,0.578058,0.5812092,0.9980083,0.6432445,0.66469765,0.1398304,0.6509275,0.67459387,0.96499103,0.72433245,0.7162178,0.30528015,0.74734235,0.73187613,0.9383537,0.75031173,0.725021,0.31601864,0.7685541,0.7421127,0.91703933,0.7552625,0.7258774,0.3131089,0.77243686,0.7380154,0.89961743,0.7472974,0.7214538,0.34999177,0.7664056,0.73375094,0.87108094,0.3800335,0.45737544,0.9994623,0.3941387,0.4310194,0.99930155,0.227151,0.55041414,0.95749456,0.3817731,0.2543031,0.99885476,0.0840247,0.44671893,0.9595609,0.38950425,0.07160631,0.9978083,0.069790274,0.41460422,0.9019693,0.39973953,0.03898093,0.9784426,0.015940636,0.49722052,0.92924297,0.3493926,0.059222132,0.9888756
81473.jpg,0.35742068,0.49948597,0.9998017,0.35494632,0.48924166,0.999887,0.35537654,0.48777777,0.9998815,0.3557825,0.486501,0.99988997,0.3552675,0.48868608,0.9998547,0.35592258,0.48696968,0.9997795,0.35652468,0.4853546,0.9998079,0.36360997,0.47811514,0.9998871,0.36391282,0.47765154,0.99978954,0.36505353,0.49482206,0.9995166,0.3655792,0.49467343,0.99940157,0.39367083,0.48120755,0.99973756,0.39885396,0.4806502,0.99909973,0.35702962,0.44381946,0.99782145,0.36221436,0.4497969,0.1528483,0.32216078,0.40223277,0.99091595,0.3406305,0.41862524,0.5173805,0.31260335,0.39681816,0.9835828,0.33440238,0.41122454,0.5624515,0.31245697,0.397516,0.9804961,0.3298962,0.41084206,0.56000614,0.31588542,0.39948308,0.96970737,0.33168322,0.4124076,0.579854,0.4830094,0.5575806,0.999863,0.4814377,0.5603723,0.99990714,0.5207265,0.59139377,0.99627185,0.4913673,0.60594887,0.97158843,0.58277607,0.59635127,0.9956233,0.55786574,0.65185773,0.96533096,0.5977304,0.5934323,0.98669124,0.5746522,0.6529327,0.96788657,0.57906073,0.61768126,0.99097484,0.5545097,0.68306935,0.9523091
81620.jpg,0.47786078,0.40482,0.99978393,0.46640524,0.39178297,0.9997601,0.46564296,0.39182004,0.99980146,0.46476114,0.39201376,0.99978226,0.46390188,0.39285985,0.99978656,0.46132794,0.39362213,0.9998431,0.45845172,0.39446142,0.999811,0.45100483,0.40604058,0.99970466,0.44281363,0.40962088,0.9998068,0.47934902,0.4181205,0.9995881,0.47723293,0.41976932,0.9995542,0.46282116,0.4634923,0.9989858,0.4517942,0.4763791,0.9997533,0.45420718,0.34636575,0.4800677,0.433724,0.35055217,0.988617,0.4303493,0.27119526,0.66013676,0.3950839,0.2253933,0.9789018,0.4190765,0.25132552,0.6577039,0.38391382,0.19946525,0.966954,0.41513473,0.23945224,0.64990187,0.38004833,0.19890705,0.959728,0.41881934,0.25323117,0.6385368,0.38368735,0.20505634,0.9496275,0.5141163,0.7033614,0.99967134,0.51926476,0.7088422,0.99989724,0.45876127,0.7980658,0.6899737,0.6198296,0.7162928,0.99620074,0.36002338,0.87865156,0.8559314,0.6837485,0.856813,0.991323,0.33388507,0.8810076,0.8826292,0.6748129,0.8735876,0.98749685,0.3565726,0.9141376,0.8813558,0.7252637,0.87128806,0.9866536
83190_aug.jpg,0.64857846,0.61514884,0.9999877,0.66313756,0.6117932,0.99999225,0.6630903,0.61093825,0.9999871,0.6631793,0.61005324,0.9999908,0.6650686,0.60885125,0.99999285,0.6661192,0.605769,0.99999094,0.66714966,0.60254073,0.9999927,0.66124827,0.59198517,0.9999857,0.6652473,0.5815333,0.9999943,0.63557935,0.6084465,0.99994254,0.6373689,0.60453886,0.99994683,0.5869235,0.5831168,0.99899536,0.5970025,0.5432397,0.99979514,0.6747222,0.6314445,0.27635217,0.69216883,0.62097144,0.98236233,0.7740357,0.65484065,0.42944276,0.79196477,0.6608752,0.9605132,0.8002641,0.6596441,0.42404544,0.81889987,0.66691524,0.9500163,0.8020252,0.6555003,0.42245713,0.82589483,0.661996,0.935586,0.7955767,0.6533114,0.44922778,0.8165295,0.65826786,0.9112805,0.33446595,0.5524681,0.99979526,0.3469405,0.5124777,0.9998419,0.2903838,0.7286296,0.9794353,0.22365116,0.35505962,0.9983041,0.1243214,0.70965594,0.9786284,0.12400088,0.18638122,0.9981908,0.10482091,0.6857295,0.9681597,0.116256386,0.16005442,0.9876589,0.06612834,0.7640698,0.9720538,0.057863116,0.15864071,0.9932569
84136.jpg,0.5618977,0.6457404,0.9998461,0.57240343,0.65370786,0.9999609,0.5721944,0.65588063,0.9999757,0.57199347,0.65828705,0.99996567,0.5730378,0.6522019,0.9998721,0.5731546,0.6530607,0.9999044,0.5733852,0.65416247,0.9998945,0.5646533,0.673005,0.999941,0.5693209,0.66907877,0.99988973,0.55219185,0.6520219,0.9991553,0.5532641,0.64994884,0.9989681,0.520508,0.6833105,0.9996295,0.53288853,0.69391334,0.99719244,0.54615307,0.605619,0.99058867,0.5513721,0.6175116,0.22058186,0.5872212,0.5527416,0.9589543,0.58498025,0.56092024,0.42623022,0.59805423,0.5368796,0.93697125,0.59352326,0.5467093,0.43967736,0.6030182,0.5410321,0.92995626,0.5994297,0.54577494,0.44218376,0.5998774,0.5469564,0.907004,0.59571993,0.55291677,0.44277406,0.44631362,0.80929744,0.9995272,0.473229,0.81578434,0.9991653,0.33506575,0.7845231,0.9992914,0.5457118,0.9115029,0.9401754,0.28531095,0.88687986,0.98990774,0.63246536,0.9567029,0.94166905,0.29243255,0.9125068,0.9871472,0.65636706,0.97087085,0.9614215,0.22711791,0.8958552,0.9846341,0.67076594,0.99811655,0.9493723
84648_aug.jpg,0.7283449,0.49936092,0.99973065,0.7437904,0.50866383,0.9999093,0.74382627,0.5095869,0.9999343,0.7437073,0.5103049,0.99991465,0.7441392,0.51118356,0.9997904,0.7444246,0.5139488,0.99978226,0.7446173,0.5167012,0.999772,0.7308909,0.5225309,0.9998642,0.7305348,0.5321464,0.99979514,0.7100347,0.50228727,0.99875534,0.7107836,0.50508636,0.9986016,0.66027963,0.5196475,0.9995067,0.6469819,0.55464303,0.99902284,0.7798333,0.5262943,0.9934749,0.7701907,0.5541331,0.18069917,0.88741696,0.55251825,0.9885272,0.85931623,0.56715953,0.5830562,0.91594875,0.5603146,0.98295045,0.88416624,0.5781069,0.6337119,0.9150317,0.56771684,0.98176974,0.88737893,0.5794128,0.6309965,0.9058515,0.5661814,0.97465837,0.88039213,0.574893,0.6167371,0.40133592,0.4824288,0.9994808,0.39797541,0.53537893,0.99982125,0.42349172,0.33125883,0.99580944,0.24823885,0.6757743,0.9898608,0.25074506,0.32390696,0.987248,0.10982579,0.8060937,0.9928181,0.22005826,0.3363787,0.9869038,0.097439945,0.8265319,0.9939348,0.22993435,0.24757114,0.98355585,0.060206503,0.8110824,0.9892362
8550.jpg,0.35858464,0.33087802,0.999356,0.34149218,0.3276606,0.99950504,0.34055564,0.3283002,0.9992872,0.3395479,0.32916796,0.99939597,0.34050104,0.32942528,0.9995048,0.33887562,0.3313618,0.9994099,0.33708647,0.33365652,0.9993932,0.33393073,0.34971833,0.9987276,0.33033353,0.35745186,0.9994653,0.36779636,0.3421895,0.99817467,0.3671924,0.34501857,0.9980584,0.37345856,0.39905578,0.9968725,0.38544548,0.41567954,0.9984297,0.28188577,0.31128347,0.38327146,0.29957065,0.31912553,0.9845206,0.19437164,0.25209355,0.68826705,0.17501941,0.24368466,0.9863194,0.14754921,0.23112234,0.6710353,0.12985405,0.22127661,0.97813797,0.14319265,0.22832635,0.6746918,0.12543786,0.2232266,0.97392446,0.16110194,0.23530334,0.69162095,0.13871184,0.22878444,0.9539108,0.64269286,0.4816192,0.99980253,0.6334511,0.528393,0.99971336,0.7758585,0.39394426,0.9745247,0.7147943,0.6832602,0.998418,0.9262585,0.45101002,0.98818004,0.7835989,0.8488095,0.9988839,0.94598144,0.47840577,0.9666313,0.7790592,0.8758127,0.98772615,0.98736286,0.40952855,0.975988,0.86270726,0.87852895,0.9944351
86170_aug.jpg,0.58166665,0.6281203,0.9985598,0.5799699,0.6465236,0.99883264,0.578171,0.6470661,0.99882394,0.5763772,0.64759827,0.9988689,0.5812486,0.64679015,0.99796605,0.58039635,0.6473206,0.9971154,0.5795359,0.6479256,0.9970697,0.56033236,0.64368844,0.99868053,0.5648145,0.64370966,0.9962949,0.5711376,0.6170516,0.99532926,0.5725334,0.61703825,0.99222636,0.5215599,0.5885411,0.9983108,0.53222257,0.58213013,0.9805068,0.61854154,0.68692315,0.99664223,0.60373586,0.67320436,0.103708066,0.69423914,0.7720353,0.9762038,0.68374944,0.7575867,0.37975612,0.7071792,0.79164505,0.95400417,0.6959739,0.7796372,0.4380858,0.7061393,0.7961393,0.9471324,0.69796807,0.7849997,0.4343543,0.7004489,0.7885828,0.9366187,0.69369984,0.7778456,0.4734484,0.4000932,0.42625827,0.99981326,0.4221081,0.40883303,0.99970144,0.24686183,0.3817708,0.9993274,0.46975598,0.30854928,0.98129076,0.11285639,0.35836017,0.99926907,0.38254422,0.18312266,0.9896572,0.09661758,0.36920893,0.99056447,0.3595166,0.17311013,0.98553157,0.08271831,0.31013584,0.9977563,0.40364414,0.12577644,0.9788207
86231.jpg,0.3032474,0.38489872,0.9995715,0.29446954,0.38703713,0.99945325,0.2941146,0.3880375,0.9995828,0.2937631,0.3891216,0.99956256,0.2944793,0.3873629,0.9995745,0.2941394,0.3884355,0.9997274,0.29382506,0.38957393,0.99965596,0.29505605,0.40355325,0.99947304,0.29603654,0.40125424,0.9996995,0.30981666,0.39204657,0.9989857,0.30981684,0.39270493,0.9990054,0.3192195,0.43500102,0.99717486,0.3248143,0.42976192,0.9995931,0.25683546,0.39559337,0.15312944,0.256949,0.39083347,0.98870265,0.2022915,0.37008727,0.32359448,0.19126944,0.36637497,0.98320264,0.18592826,0.3694604,0.40341243,0.1744248,0.36342812,0.9778568,0.18356395,0.3679102,0.39865854,0.17359209,0.3645735,0.97315353,0.18886195,0.3684954,0.41312668,0.17844838,0.36513126,0.959831,0.4377161,0.5048117,0.999582,0.45112643,0.4817937,0.99977964,0.46411288,0.6025245,0.99860734,0.51589453,0.3886758,0.9997675,0.48594022,0.6902487,0.9956155,0.6119083,0.42902145,0.9990796,0.4853056,0.70483154,0.9956458,0.6212113,0.44665954,0.99788386,0.5005384,0.7003804,0.9751383,0.6476469,0.39468944,0.9931678
86781.jpg,0.58525205,0.4708939,0.999864,0.5882051,0.45588824,0.9998683,0.5875019,0.45545787,0.9998698,0.5866301,0.454903,0.9999012,0.58554727,0.45381835,0.9998815,0.5831189,0.4519744,0.99988997,0.5805887,0.44990933,0.9999,0.5652324,0.4521023,0.9998685,0.561884,0.4467815,0.99986494,0.57411414,0.47844952,0.9995591,0.5715492,0.47768122,0.99944,0.5013172,0.49122608,0.99743253,0.51438284,0.48732582,0.999231,0.5860954,0.4341128,0.1628557,0.60367393,0.43591446,0.9676591,0.65894246,0.36583,0.2824159,0.67482823,0.3508692,0.9471904,0.6713264,0.3428839,0.32657355,0.69068015,0.3286392,0.93917954,0.66890603,0.338577,0.31317437,0.68641984,0.32117003,0.92539984,0.6645381,0.34636685,0.33644852,0.6810453,0.32771102,0.9083397,0.3630031,0.6540543,0.99938774,0.40904513,0.6747253,0.99967563,0.2161868,0.6791696,0.9791206,0.56484467,0.8185337,0.99520564,0.05221361,0.70082605,0.957278,0.4950747,0.9727782,0.9858314,0.02979073,0.70220935,0.9507084,0.46769595,0.98417735,0.98236966,0.076018184,0.7442109,0.9285211,0.5383887,1.0236492,0.96928304
87077.jpg,0.6970714,0.65974355,0.9997501,0.7071032,0.6529691,0.999694,0.7071527,0.65170676,0.9996055,0.7072168,0.6506117,0.99969923,0.7072227,0.6520536,0.99967754,0.70740306,0.65013874,0.99963474,0.7075482,0.6484195,0.9996195,0.69879514,0.6351726,0.9995628,0.6984289,0.6331861,0.9996044,0.6854336,0.65489197,0.99929225,0.68597794,0.6529337,0.9989833,0.6343843,0.61169684,0.99705875,0.6404028,0.60831726,0.9992644,0.71396303,0.6856405,0.22975065,0.72049785,0.6814238,0.987949,0.7907629,0.73554003,0.55427843,0.8110747,0.7442171,0.9859175,0.8111012,0.74945796,0.55049026,0.8329344,0.7586392,0.97735006,0.8211556,0.7496352,0.5611047,0.83794117,0.75573885,0.97198546,0.808728,0.741652,0.597881,0.83187413,0.7514999,0.956948,0.4416123,0.48885545,0.9998186,0.45027858,0.46955082,0.99978703,0.3163011,0.55734587,0.9082522,0.3904478,0.3339093,0.9989784,0.191751,0.4798453,0.96046114,0.3932204,0.17438209,0.99866426,0.17826924,0.4561266,0.9267157,0.39626658,0.14472711,0.9866203,0.13106805,0.5156237,0.9441413,0.3339647,0.17475507,0.99340594
8735_aug.jpg,0.668623,0.39532858,0.9989293,0.6638635,0.3812847,0.99941313,0.6617914,0.38067257,0.99897563,0.65982926,0.3801935,0.9994085,0.66583246,0.38370013,0.99955016,0.6653437,0.3848942,0.99938965,0.6649653,0.38624144,0.99947935,0.6436055,0.38653195,0.9991596,0.6532033,0.39827898,0.99961406,0.6592773,0.40912652,0.9989864,0.6607206,0.40957886,0.9985128,0.5948624,0.44707444,0.99826497,0.62313783,0.46226412,0.9984957,0.6891042,0.36878324,0.215613,0.73497045,0.4007873,0.9841092,0.75537413,0.2858469,0.62931633,0.799031,0.30049282,0.9892897,0.7627238,0.26037925,0.6655269,0.8194057,0.2792606,0.9841367,0.76587856,0.25919947,0.6642911,0.8077174,0.2717656,0.98074543,0.76628536,0.26762712,0.68727356,0.79948807,0.27902374,0.9639123,0.43816605,0.6290003,0.9999316,0.43148652,0.61521333,0.99963117,0.4238599,0.79731727,0.9195758,0.26342082,0.6086604,0.9916285,0.27672356,0.90502894,0.9573789,0.0902186,0.5071485,0.98451865,0.25683117,0.89790004,0.91879785,0.079422265,0.49249744,0.97020006,0.21681407,0.90186185,0.91261804,0.012501985,0.47749078,0.9691756
87551_aug.jpg,0.54902035,0.4956833,0.99921465,0.557635,0.49366456,0.99966335,0.5586351,0.49450567,0.9997608,0.5597049,0.4952728,0.9997242,0.5579465,0.4931208,0.9993886,0.5590272,0.49350464,0.9993338,0.56017554,0.4937979,0.99924445,0.56666774,0.50504065,0.9996505,0.56432664,0.503101,0.99917966,0.5489629,0.50585157,0.9990908,0.54896253,0.50460887,0.9986455,0.54937875,0.5363125,0.9996551,0.5478254,0.5352915,0.99773943,0.58950585,0.4945813,0.99274915,0.5845969,0.4917495,0.15833445,0.6377135,0.4496794,0.97044724,0.62609726,0.45432436,0.55884624,0.6486866,0.44104356,0.96290934,0.63559973,0.44926974,0.66344696,0.650306,0.44117814,0.95672035,0.63682735,0.44851196,0.67045116,0.64681566,0.44309035,0.9295009,0.6342406,0.4497698,0.66155064,0.45558357,0.62816083,0.99966645,0.4634212,0.6351548,0.9990068,0.38671347,0.61051595,0.9947745,0.44357634,0.7143525,0.82888436,0.31831604,0.668857,0.9938427,0.46580088,0.7872501,0.8438129,0.3124599,0.68333435,0.9955728,0.4709792,0.795581,0.93639016,0.27123132,0.64955527,0.9893881,0.44442877,0.7951662,0.8705794
88294.jpg,0.5931118,0.39593074,0.999899,0.6064691,0.40471333,0.9999391,0.6064439,0.4068126,0.99993336,0.6063612,0.40907615,0.9999403,0.60671544,0.4047702,0.9999083,0.60697806,0.4068609,0.99986875,0.60733044,0.40910262,0.9998785,0.59782565,0.4301343,0.99992895,0.5995789,0.4297024,0.999863,0.5813994,0.40450925,0.9994261,0.5814729,0.40355623,0.9991254,0.54135853,0.46215934,0.99921656,0.5406921,0.46345803,0.99271435,0.6311426,0.3807285,0.9984458,0.6299975,0.3941574,0.20513755,0.72958696,0.3264983,0.9924527,0.7160014,0.33920887,0.52213186,0.7508795,0.3175709,0.9826482,0.74225974,0.32883108,0.53462934,0.75422484,0.32425934,0.9793276,0.744648,0.3324512,0.52613765,0.7480098,0.32747573,0.97535855,0.7342181,0.33721772,0.5643919,0.3666416,0.60219806,0.999527,0.3483691,0.56727815,0.9995065,0.36015072,0.7822859,0.99926084,0.2373089,0.46532977,0.9861513,0.3671675,0.9530444,0.99815255,0.107366204,0.56621456,0.9810497,0.37865895,0.9783347,0.98857015,0.091777176,0.59657943,0.9820433,0.31064194,0.9616289,0.99382377,0.04152152,0.51719123,0.95389783
89955_aug.jpg,0.37356794,0.6698835,0.9996879,0.38668513,0.6815184,0.99983597,0.38869986,0.68099475,0.9998729,0.39049557,0.68066096,0.9999069,0.38669974,0.681504,0.999882,0.38887632,0.68104374,0.9999007,0.3908801,0.68071246,0.9998646,0.40481782,0.6657711,0.99993396,0.40538222,0.66433245,0.9998636,0.37851542,0.6500286,0.9994646,0.3796243,0.65228343,0.9988686,0.41230527,0.5910665,0.99785835,0.42140913,0.5961496,0.99897623,0.34783632,0.6983557,0.3423572,0.34295624,0.7125634,0.98430806,0.29159486,0.8024271,0.47886753,0.27784434,0.8316602,0.9616292,0.28450695,0.83489716,0.5043945,0.2695554,0.8619198,0.95132285,0.28951082,0.8423943,0.5062857,0.27867082,0.8664597,0.93920887,0.2920972,0.8314348,0.50550854,0.28086612,0.85873896,0.9126538,0.5453077,0.37180772,0.9998636,0.553884,0.36806113,0.99985194,0.6676879,0.30814832,0.9937907,0.51344347,0.26826596,0.9994548,0.8140595,0.31700012,0.9855085,0.6860882,0.20266946,0.9966466,0.8408011,0.32702404,0.9755269,0.7227837,0.20968941,0.9901642,0.83805156,0.31224254,0.98097116,0.6844714,0.15884957,0.99309933
90726_aug.jpg,0.36269864,0.53599197,0.99993575,0.3561828,0.521869,0.9999572,0.3574167,0.52016336,0.9999522,0.35868332,0.518333,0.99995697,0.3559085,0.52167255,0.99993443,0.35693324,0.5199022,0.9999007,0.3578999,0.5179358,0.99990857,0.3776448,0.5049199,0.9999374,0.3754161,0.5038602,0.99988496,0.3768844,0.535317,0.99942774,0.37605566,0.5358929,0.9990189,0.4391323,0.5086774,0.9994142,0.44422442,0.504,0.9962829,0.32326028,0.53727114,0.9975019,0.3338612,0.52214926,0.16698104,0.21035221,0.5357608,0.98928946,0.23338354,0.5290986,0.46146867,0.18925366,0.5322281,0.9768042,0.20527437,0.5231036,0.4813826,0.19114533,0.52400136,0.9727078,0.20439759,0.51872027,0.46894547,0.19729349,0.52461207,0.96994877,0.2152445,0.5200654,0.50481784,0.66576636,0.4741431,0.9997085,0.66677636,0.49486044,0.99975234,0.75939333,0.3197791,0.9983668,0.7133675,0.6446521,0.9787194,0.83429813,0.14597577,0.99536693,0.8702053,0.62296635,0.97134656,0.8291181,0.11101884,0.9844363,0.89392036,0.6048155,0.9808564,0.86786735,0.14123926,0.9888883,0.9077095,0.69588,0.9392485
91345.jpg,0.5878399,0.640098,0.99847144,0.5983501,0.63172686,0.9983871,0.59825426,0.62974113,0.9982413,0.598118,0.62747604,0.9987406,0.59802955,0.63080037,0.9983701,0.5976192,0.6282201,0.9984439,0.59713554,0.6253033,0.9987073,0.58900815,0.60415465,0.99848145,0.5882443,0.60484666,0.9985624,0.5765046,0.63420457,0.99780005,0.57632935,0.63246644,0.99722016,0.532787,0.5824994,0.99109554,0.54383135,0.5927117,0.99877876,0.6251347,0.6236636,0.16646737,0.6481672,0.6333215,0.9821478,0.71424115,0.63630605,0.22218385,0.74947315,0.64751613,0.9558169,0.7364694,0.6317871,0.2639368,0.7670866,0.6442802,0.9460607,0.7384085,0.6323445,0.25875768,0.76740277,0.6413538,0.93499845,0.73018396,0.63332605,0.2722479,0.7607068,0.6418705,0.92089605,0.34525716,0.47754005,0.996496,0.33922225,0.48648074,0.9985123,0.28321463,0.3435917,0.85201114,0.19954897,0.54723656,0.99437934,0.248568,0.2077434,0.8621681,0.05129403,0.45122617,0.9824139,0.2450391,0.1886658,0.87563705,0.04123634,0.42688835,0.9777475,0.21613291,0.1743159,0.8426521,-0.012095004,0.47753978,0.9556599
91776_aug.jpg,0.31116384,0.46179572,0.9997434,0.3052355,0.44835308,0.9994248,0.30765945,0.44527906,0.99940693,0.31028154,0.44225004,0.9992873,0.3017678,0.45491642,0.99899644,0.3017011,0.45628378,0.9987595,0.30173466,0.45735425,0.9985902,0.32572013,0.43442774,0.9991436,0.31483376,0.4521262,0.99894863,0.32924414,0.4590264,0.99931216,0.32164544,0.4671911,0.9987067,0.40929344,0.40467054,0.99915004,0.3652618,0.49185386,0.9999434,0.5168159,0.37700698,0.9481266,0.24569023,0.4968256,0.97962004,0.5733538,0.30649996,0.76605296,0.15178308,0.49582526,0.97705805,0.5838226,0.2868623,0.6781551,0.12209079,0.5008169,0.9434609,0.5820165,0.28043687,0.69374263,0.11787641,0.50165766,0.93851286,0.57839435,0.28947031,0.7047906,0.13075984,0.49816424,0.949133,0.5611927,0.39206937,0.99914014,0.58901024,0.4521173,0.9999304,0.60489565,0.25019714,0.996403,0.72098756,0.5364043,0.9984376,0.64396363,0.11530349,0.9939686,0.81081206,0.43722102,0.99210465,0.64842415,0.09676412,0.9633452,0.8174442,0.41021746,0.98325527,0.6554321,0.078400284,0.9830481,0.8668865,0.45200604,0.9819926
9231_aug.jpg,0.40668386,0.49391773,0.99972636,0.40193343,0.5059267,0.999907,0.40313187,0.50693756,0.99985313,0.404341,0.50804096,0.99988437,0.40190002,0.5059083,0.9998436,0.40303242,0.5071015,0.9997665,0.40417454,0.50839865,0.9997757,0.42109928,0.51838875,0.99988747,0.42051035,0.5176103,0.9998858,0.42141977,0.4912683,0.99914384,0.42160246,0.49256822,0.99900407,0.48213756,0.5015945,0.99785304,0.4852484,0.50879216,0.99815565,0.3942524,0.5357812,0.21248934,0.3760085,0.548537,0.9775171,0.31464693,0.584851,0.5330453,0.28452155,0.590772,0.9666176,0.29343477,0.60228246,0.54474014,0.2645406,0.60373616,0.95001805,0.2928391,0.5977243,0.54145366,0.26362386,0.6068859,0.941583,0.30006012,0.5925638,0.56779665,0.27196613,0.6024338,0.9273146,0.7140331,0.45728898,0.99988437,0.7138731,0.48826173,0.9997305,0.76129955,0.3013625,0.99541134,0.7755607,0.64703566,0.9991142,0.92539614,0.32074553,0.9903385,0.8311163,0.7970706,0.99688524,0.95228934,0.3410843,0.96738297,0.8358609,0.81602097,0.98106307,0.97309476,0.2647465,0.9673419,0.87173605,0.81715715,0.98938715
9232.jpg,0.2284809,0.57856655,0.99967206,0.23539191,0.60004276,0.9997546,0.2380839,0.6012316,0.99971384,0.2409592,0.60250986,0.9998056,0.23623908,0.60067946,0.9998098,0.23934942,0.6024098,0.9997675,0.24257469,0.60433316,0.99978215,0.27428198,0.60869336,0.999895,0.2730425,0.61009324,0.99986994,0.2418893,0.5668102,0.9993893,0.24266565,0.56982315,0.99931705,0.33824715,0.5468983,0.9922339,0.34125975,0.56478804,0.99827766,0.27050492,0.6757786,0.21984924,0.26152703,0.6993152,0.974625,0.23554745,0.81629974,0.39296064,0.21358716,0.8548044,0.9441196,0.23090285,0.8524368,0.3851586,0.20457157,0.8826782,0.93248135,0.22939315,0.8573989,0.3777213,0.20667192,0.8854652,0.92209977,0.22928914,0.8486956,0.39652902,0.2088463,0.8789895,0.9081861,0.5654049,0.34236652,0.99775356,0.5783516,0.3528545,0.9986078,0.6151928,0.19614802,0.76267457,0.7655555,0.27197644,0.9969597,0.7974483,0.27474076,0.5977189,0.97128975,0.47760957,0.95569915,0.8117753,0.300232,0.5273763,0.9730808,0.49817908,0.9469527,0.86462635,0.27571824,0.4596277,1.0596081,0.48731416,0.8692744
92854.jpg,0.65124273,0.39349535,0.9998497,0.6649622,0.39765215,0.9997658,0.66545206,0.40181857,0.9996873,0.66578543,0.40616012,0.9997063,0.6645284,0.39026028,0.9996039,0.6645918,0.38910633,0.9993399,0.66446114,0.3884108,0.9993531,0.6631581,0.42214933,0.99966717,0.6581746,0.40324232,0.99935395,0.6405487,0.408209,0.9996865,0.6410681,0.3981761,0.9993893,0.62747526,0.4929061,0.999828,0.60009056,0.41764838,0.99996233,0.57429075,0.5920717,0.9819664,0.6720141,0.32737094,0.9680213,0.5810646,0.6897709,0.915534,0.7481812,0.25558242,0.974757,0.58582884,0.71809715,0.84279245,0.7620138,0.23289573,0.93406075,0.58877414,0.7175503,0.84987974,0.76422405,0.23045737,0.92796266,0.58704877,0.7091687,0.859522,0.76120603,0.23771915,0.94070977,0.517506,0.6139445,0.9997737,0.46793923,0.5965342,0.99996316,0.5969481,0.74640244,0.9958676,0.31359124,0.62878644,0.9955752,0.66538715,0.8745681,0.99179757,0.31629252,0.760605,0.98604894,0.6703086,0.89320314,0.96234053,0.328417,0.7867084,0.97457695,0.69476277,0.9112134,0.9794518,0.26833147,0.789894,0.9702536
9321_aug.jpg,0.7573924,0.41080892,0.99971133,0.7615474,0.43296576,0.9997681,0.7599306,0.43562466,0.9997156,0.7581955,0.43850955,0.9997657,0.7615756,0.43299165,0.99969435,0.7601154,0.43549398,0.9995443,0.75866956,0.4381995,0.99962187,0.7351981,0.45891732,0.9996656,0.73795426,0.45709473,0.9996263,0.7411893,0.4074636,0.9986971,0.7407522,0.40671733,0.9981774,0.6424178,0.44357216,0.99882025,0.64750534,0.43377584,0.99538815,0.7805346,0.5332461,0.99501157,0.77271676,0.5405747,0.32763985,0.9049794,0.65027285,0.9784345,0.88145703,0.6455467,0.46931124,0.93820953,0.6763984,0.95948845,0.9114677,0.6742518,0.46939343,0.93637073,0.6831497,0.9541172,0.9172876,0.6781489,0.45646554,0.925326,0.6765071,0.9475305,0.9101089,0.6715702,0.47638124,0.34874803,0.41003403,0.99926263,0.35806745,0.35705277,0.9992173,0.1878283,0.58295417,0.9959149,0.38729802,0.12834197,0.94350666,0.07788131,0.8021307,0.99130225,0.20813712,0.06868872,0.92320204,0.0884791,0.82834,0.9769762,0.17308529,0.089794785,0.94378656,-0.0013464093,0.79892206,0.97626173,0.193369,-0.019053787,0.85570186
93292_aug.jpg,0.4104342,0.32875878,0.9999318,0.42523944,0.31069708,0.99996364,0.42899832,0.31071478,0.9999523,0.4328497,0.31081724,0.999964,0.4240838,0.31052014,0.999941,0.42695352,0.31031024,0.99989283,0.42993286,0.3100251,0.99991024,0.4647721,0.32215202,0.9999515,0.45952195,0.32148343,0.99986744,0.42084625,0.3449278,0.9997131,0.41837674,0.3444182,0.99953747,0.5150027,0.4059697,0.99912435,0.4858552,0.4017017,0.9976312,0.4663257,0.267677,0.9987834,0.463131,0.27063662,0.22358863,0.44842574,0.10559988,0.9967469,0.4579401,0.1340676,0.50962716,0.45645824,0.068986595,0.9930341,0.47429127,0.091498315,0.5319555,0.4664076,0.06802821,0.99163896,0.4839611,0.0886547,0.52198136,0.46493673,0.07963133,0.9877171,0.4777651,0.101529956,0.5631061,0.50759923,0.6721946,0.99893636,0.43757644,0.6682749,0.99945647,0.7026631,0.77208596,0.9975829,0.19436246,0.6908846,0.99465287,0.906883,0.85946256,0.9956527,0.12660703,0.89293253,0.9908528,0.9371237,0.8527303,0.969443,0.13991204,0.9251567,0.9848684,0.9136454,0.9151642,0.98561585,0.049513847,0.94858754,0.9702932
94264.jpg,0.49980658,0.52249885,0.99968755,0.5020269,0.5368694,0.99974984,0.5040393,0.53828424,0.99982846,0.50594264,0.5397467,0.99983406,0.50012183,0.53616464,0.9998312,0.5008096,0.5368867,0.9998783,0.5014136,0.53747135,0.9998306,0.5204873,0.5446629,0.99985695,0.5136105,0.5369116,0.99982077,0.50947315,0.5162856,0.99943584,0.50782007,0.5159785,0.9991379,0.5570976,0.5109337,0.99792385,0.53516203,0.49747783,0.9992181,0.5056023,0.5804306,0.19342734,0.47519195,0.5741408,0.9853495,0.45644876,0.65108943,0.50240564,0.42442518,0.655674,0.98480475,0.45063323,0.67300224,0.5959774,0.40822542,0.6750407,0.98372674,0.4459914,0.677542,0.587567,0.41663992,0.6812789,0.980331,0.44747272,0.6699889,0.57840353,0.42259443,0.6751925,0.967397,0.6716345,0.3529506,0.9998963,0.6623918,0.3367893,0.9998436,0.83372116,0.35107937,0.9988753,0.568518,0.26587915,0.99883276,0.9633066,0.36810714,0.9920426,0.6562002,0.1587984,0.9945326,0.9912468,0.36602658,0.9933443,0.6858743,0.15085876,0.9938215,1.0086377,0.35443145,0.9637883,0.6440598,0.11178021,0.9768469
95190.jpg,0.5896947,0.485717,0.9998977,0.57956135,0.48889804,0.99995637,0.57921535,0.48987508,0.9999342,0.57883024,0.49082905,0.9999528,0.5790386,0.49001092,0.9999255,0.5783297,0.49185795,0.99990034,0.57762015,0.49382532,0.99991655,0.57967,0.50699,0.99993455,0.57877976,0.5107051,0.9999347,0.59737,0.4926929,0.9996623,0.5961302,0.49401605,0.99956614,0.6232597,0.52432764,0.99786973,0.6045525,0.55010974,0.99911696,0.56197655,0.47297478,0.13149945,0.5208081,0.51347864,0.9850699,0.47982907,0.49016646,0.30117854,0.4480359,0.4897151,0.9615848,0.47237232,0.48600703,0.31844136,0.43083534,0.4876426,0.9364335,0.48547953,0.4617396,0.3186512,0.4269533,0.48687112,0.9262415,0.48930982,0.46366075,0.34315377,0.43416417,0.4879846,0.90599114,0.7489229,0.6270688,0.99971324,0.72668296,0.6501571,0.99960345,0.8504974,0.56584615,0.979106,0.6903113,0.7846629,0.99937373,0.94471693,0.6478064,0.98153496,0.66788965,0.9118668,0.9985719,0.95129865,0.6727775,0.9394471,0.6626519,0.92788553,0.9797591,0.99050033,0.6332452,0.963473,0.6955296,0.93540406,0.9936069
95218.jpg,0.31828126,0.3203577,0.9976063,0.2984469,0.3253436,0.99837375,0.29707968,0.3278092,0.99878186,0.2960226,0.33024138,0.9990889,0.301788,0.32360893,0.9985493,0.30235124,0.3248171,0.9987651,0.3031004,0.32618597,0.99845684,0.30078703,0.350731,0.99909925,0.30938625,0.34424296,0.9985013,0.32902667,0.3348835,0.9961312,0.33183748,0.3325801,0.99256176,0.34300196,0.4122452,0.9886192,0.3663053,0.368872,0.99645555,0.23940596,0.33079314,0.25132442,0.24818668,0.29312795,0.9697341,0.14168978,0.27187935,0.35626552,0.12714016,0.25575823,0.94399184,0.10478726,0.2728127,0.3715575,0.08989304,0.25019604,0.93968284,0.101226985,0.2740422,0.36244124,0.08901617,0.26190758,0.92529655,0.11375612,0.27566692,0.37844622,0.10060334,0.26528183,0.8984694,0.50606525,0.6136168,0.9983341,0.551022,0.5906891,0.9993174,0.39287657,0.8179246,0.9502989,0.7907783,0.5934136,0.99884295,0.2781626,0.96690714,0.9297376,0.88388634,0.7910791,0.9932679,0.24375033,0.98273337,0.92764825,0.87982726,0.8344442,0.9940048,0.2431277,1.0147653,0.9125217,0.9863064,0.77079624,0.98225015
95366.jpg,0.40910247,0.3401484,0.9993649,0.42416337,0.3372829,0.99954337,0.42558062,0.33910742,0.9994541,0.42688254,0.34076637,0.9995203,0.4244477,0.33707598,0.99927336,0.42618138,0.33883378,0.99876994,0.42800444,0.34041557,0.9988973,0.43663424,0.36067244,0.99936885,0.44082484,0.35790685,0.9987866,0.40753657,0.35474652,0.99726737,0.4079502,0.35467887,0.9958111,0.4257966,0.41836876,0.99668413,0.4425511,0.4256391,0.9924394,0.38872647,0.28478664,0.99411446,0.39955625,0.2907593,0.1489901,0.37203932,0.16732943,0.9784363,0.38296768,0.18008286,0.37520424,0.36992002,0.1360324,0.9612232,0.38139227,0.15116304,0.40554172,0.37743634,0.13338792,0.95559615,0.3832835,0.1484732,0.39664042,0.3787253,0.1441487,0.94540703,0.3844301,0.16111416,0.43890506,0.4855751,0.6781255,0.99943584,0.4610434,0.6782925,0.9997116,0.6630982,0.76533747,0.9980719,0.3226476,0.72693723,0.9863085,0.81649196,0.81261516,0.9941591,0.368509,0.90573317,0.98882574,0.8417942,0.8096636,0.9746522,0.38855532,0.93467265,0.9885195,0.8320515,0.86181,0.9866636,0.30387896,0.9536539,0.96993244
95425_aug.jpg,0.6997629,0.3882045,0.9994654,0.7031338,0.37981644,0.9993513,0.70261776,0.37916073,0.99952877,0.701969,0.37852275,0.9995365,0.70226234,0.37911284,0.9995127,0.7012472,0.37805492,0.9996971,0.70016587,0.3769877,0.9996092,0.6886028,0.3721333,0.999428,0.6891122,0.37186664,0.9996499,0.68985575,0.3909303,0.9989704,0.68850017,0.3898529,0.99873096,0.65047014,0.3800756,0.9967405,0.64824224,0.382143,0.99926656,0.71345055,0.35152376,0.11468633,0.7174947,0.3473844,0.98163795,0.76240575,0.3182448,0.21665865,0.7720638,0.30447793,0.9655798,0.7723515,0.3097523,0.2937905,0.78462446,0.2906939,0.9621739,0.7766225,0.3061133,0.28940642,0.78660476,0.2882158,0.9536505,0.77280825,0.30937272,0.29775128,0.78250504,0.2939589,0.9281839,0.5275178,0.44799373,0.9994822,0.53859776,0.46707264,0.9997143,0.42745826,0.41395506,0.99853563,0.5820065,0.57058966,0.9997687,0.34427935,0.38816127,0.9959305,0.50265664,0.63261735,0.9990564,0.3289103,0.38115615,0.9952697,0.48324716,0.6301787,0.9979995,0.3289678,0.39883536,0.97955894,0.51041436,0.6790231,0.99391127
95461.jpg,0.39771488,0.36350298,0.999908,0.40337384,0.34505597,0.9999523,0.40639696,0.34419593,0.99994373,0.409328,0.34350237,0.9999523,0.4031788,0.34534046,0.9999242,0.40574622,0.34460452,0.9998739,0.40829712,0.34383106,0.9998697,0.4337084,0.3475773,0.99993503,0.43225664,0.34826884,0.9998062,0.4085874,0.37466508,0.99964833,0.40732935,0.3753401,0.9992828,0.4807881,0.4060325,0.9992101,0.4725138,0.40562165,0.99045753,0.42942363,0.2895801,0.99906355,0.43579248,0.30235258,0.13471013,0.3941338,0.16299382,0.99605536,0.40823588,0.19476861,0.45292413,0.39540985,0.1267901,0.990729,0.41020304,0.15553954,0.50463766,0.40191045,0.1249966,0.988982,0.41296646,0.14729625,0.4988601,0.40220404,0.13533133,0.98545766,0.41228598,0.16363385,0.54060423,0.53284526,0.64280176,0.9995871,0.4851675,0.64446795,0.99932444,0.69461757,0.7192797,0.9985298,0.3162314,0.7012682,0.9809645,0.8605027,0.7933682,0.99756086,0.3264979,0.87564814,0.97315264,0.90360916,0.79958546,0.9823956,0.34722823,0.90071154,0.9679254,0.8249417,0.84759986,0.991015,0.2502164,0.9218203,0.9377741
96707_aug.jpg,0.37941113,0.33001575,0.99930966,0.35969114,0.32932115,0.9994924,0.3586697,0.33165157,0.99957174,0.35736036,0.33424386,0.9995789,0.35737568,0.33024967,0.99940586,0.354993,0.33290818,0.9995043,0.35231954,0.33588257,0.9994648,0.3472708,0.3628501,0.9997012,0.34589332,0.36286134,0.9994573,0.39086422,0.34842053,0.99883336,0.38692468,0.34990168,0.99859697,0.3858382,0.4267564,0.99518484,0.38935542,0.42454138,0.9989982,0.30343413,0.30437446,0.3114337,0.29206502,0.29518282,0.9555218,0.18193665,0.21411595,0.35888454,0.15258825,0.18527669,0.9153478,0.1445136,0.19211149,0.35243687,0.116725594,0.15831918,0.8983276,0.14156863,0.1891607,0.33925316,0.113827646,0.15758169,0.880136,0.15847349,0.20166546,0.346323,0.12415221,0.1665802,0.8716329,0.50605863,0.6927511,0.996203,0.5490259,0.69146353,0.9993544,0.45274734,0.8118857,0.34866518,0.8076675,0.68438965,0.98740804,0.40110612,0.93914986,0.40856978,0.9422657,0.8510306,0.94628376,0.3791297,0.9638186,0.5476955,0.932037,0.87267596,0.95545423,0.40349752,0.9592053,0.44456232,1.027194,0.90695256,0.881087
97245_aug.jpg,0.34639698,0.5097534,0.99995613,0.332046,0.5171856,0.9999821,0.3295039,0.514241,0.9999672,0.32672727,0.5116101,0.9999757,0.3401128,0.53125685,0.99997747,0.34378886,0.5390896,0.99995613,0.34778398,0.54735476,0.9999678,0.3298316,0.5151906,0.9999677,0.3641805,0.56808764,0.9999622,0.3567512,0.49772215,0.9998951,0.37119818,0.5130356,0.99987936,0.3502391,0.452636,0.99789065,0.4482202,0.57637846,0.99895006,0.22681728,0.4925512,0.954607,0.32296646,0.67676234,0.98644173,0.12014231,0.54798055,0.8681243,0.19656736,0.7625072,0.95769507,0.08735278,0.5578163,0.7612771,0.1602251,0.79075134,0.9105549,0.09099901,0.56491816,0.7280907,0.15385464,0.78712064,0.89347136,0.105452865,0.5646895,0.71370006,0.16454563,0.77660346,0.89100075,0.58653075,0.36565757,0.99965453,0.6303097,0.47474954,0.9997292,0.5413182,0.16880223,0.9774072,0.7966872,0.5327755,0.96952885,0.68578213,0.04488042,0.96099377,0.9442253,0.5989754,0.9506981,0.73069465,0.04806587,0.88821125,0.9535971,0.6062674,0.65348285,0.7151601,-0.042367905,0.88662416,0.99462616,0.6039506,0.8011956
97810.jpg,0.50744545,0.77922714,0.99961,0.52925843,0.77834356,0.99962866,0.53106004,0.7760911,0.9995492,0.5334376,0.77367723,0.99967146,0.53128076,0.77785856,0.99966,0.5341945,0.77533245,0.9995906,0.5374829,0.7725891,0.9996538,0.5481008,0.7424289,0.99982065,0.54727644,0.7437891,0.99974114,0.4983346,0.7620164,0.9991468,0.50303066,0.7617045,0.9991918,0.4987292,0.6649223,0.99368954,0.51884586,0.6713032,0.9991658,0.60408777,0.77187276,0.25221175,0.62819606,0.78396904,0.9769999,0.7347765,0.85023576,0.3985852,0.77107286,0.8865381,0.94543177,0.7703373,0.8680532,0.36380264,0.7963434,0.9011731,0.9262564,0.77305233,0.8705637,0.3552102,0.8013786,0.90473163,0.9153562,0.7640996,0.867828,0.37630725,0.7940303,0.901619,0.9020412,0.3664682,0.37623602,0.99489576,0.37772343,0.36614904,0.99796057,0.22563745,0.2848723,0.5278317,0.35589147,0.1945658,0.99387,0.3051708,0.145624,0.5447861,0.62227577,0.013441235,0.97372705,0.330032,0.13323978,0.5808972,0.5895003,0.001924932,0.95589775,0.2908419,0.09567745,0.5016744,0.5516612,-0.069503784,0.91532516
98526_aug.jpg,0.61374265,0.67758334,0.9985083,0.6335492,0.68324375,0.9994795,0.63477725,0.68229055,0.9993333,0.6362473,0.6811247,0.9993899,0.63680345,0.6801652,0.999238,0.6401619,0.6770761,0.9989772,0.6437072,0.67357016,0.9987299,0.6493065,0.6514388,0.9994523,0.65347743,0.64488816,0.9990606,0.6039876,0.65974605,0.9977864,0.6077968,0.6551844,0.9964714,0.606656,0.57297647,0.99322426,0.61096615,0.55104357,0.98692894,0.68852186,0.7107389,0.32258967,0.6781861,0.69375944,0.9278727,0.75131,0.84429073,0.5316965,0.7526389,0.83956766,0.9103452,0.78267163,0.87135756,0.5104038,0.7900677,0.8757634,0.8824059,0.7872677,0.8757845,0.49733976,0.79546857,0.87719214,0.8623994,0.7788702,0.87020564,0.5275103,0.78258276,0.86760324,0.82231885,0.4069496,0.35848835,0.99891293,0.42011383,0.3272005,0.9977927,0.17316009,0.46066117,0.99150276,0.5009339,0.13229088,0.9974712,0.049649477,0.33870313,0.98612183,0.5926234,-0.02435258,0.99615556,0.052084684,0.30412057,0.9516687,0.60839736,-0.043465942,0.977763,0.021848202,0.33308083,0.9497119,0.6036251,-0.069072455,0.98048294
9854_aug.jpg,0.43830958,0.34212312,0.9998203,0.4480127,0.32677084,0.9999075,0.45070565,0.32665834,0.9998938,0.45334736,0.3266185,0.9999118,0.44799775,0.32683727,0.9998435,0.45052055,0.32666796,0.9997298,0.4530677,0.32640275,0.9997205,0.4754609,0.336897,0.99989164,0.47477332,0.3369804,0.99960154,0.44640237,0.3554997,0.99935335,0.4452483,0.3555677,0.99864596,0.5060734,0.40284497,0.9990452,0.4980743,0.40077043,0.98682517,0.48573056,0.28026557,0.99885833,0.48808542,0.29077232,0.10603344,0.4777612,0.1458303,0.9956534,0.48601753,0.17860931,0.38912883,0.48533577,0.11304003,0.9905047,0.49467528,0.13674968,0.4496669,0.49207962,0.11224544,0.9888209,0.5004666,0.13487506,0.44203705,0.49026087,0.12298405,0.9847403,0.49588078,0.14518696,0.48507178,0.4944508,0.6447498,0.99949455,0.4511473,0.6344308,0.99912995,0.6293373,0.759411,0.99837697,0.2691906,0.64518386,0.98263425,0.7773044,0.87334925,0.99756014,0.24146487,0.81364655,0.97188807,0.81494224,0.8905716,0.98063815,0.25495237,0.8420542,0.9699555,0.7288191,0.9182106,0.99029887,0.162299,0.849379,0.9307865
99281_aug.jpg,0.4665308,0.6059005,0.9999782,0.47970492,0.6154678,0.99998593,0.48401845,0.6154753,0.9999913,0.48834512,0.615277,0.99999166,0.47133088,0.61429405,0.99998474,0.4699698,0.61364543,0.99998903,0.46873584,0.6129166,0.9999746,0.50331163,0.6044215,0.99999547,0.47726172,0.6008289,0.9999838,0.4737059,0.5938091,0.9999578,0.465037,0.5919916,0.9999052,0.5749934,0.5332012,0.9998894,0.45000237,0.55147797,0.9999614,0.6966685,0.5229965,0.9849045,0.3960083,0.6648448,0.98896396,0.8182681,0.53763497,0.96908736,0.4562869,0.749848,0.9951683,0.84753567,0.5437404,0.94104004,0.47675738,0.77107626,0.99116045,0.84695256,0.5498843,0.93847775,0.4871142,0.7669527,0.99049145,0.83790493,0.5459392,0.903984,0.48311383,0.7588644,0.98605436,0.64050967,0.3826403,0.9999924,0.581831,0.31783843,0.99999714,0.80670553,0.4378034,0.9992855,0.5435028,0.14823844,0.99995935,0.8967078,0.5549418,0.99816495,0.7033223,0.10785827,0.99942833,0.9119899,0.5612731,0.997537,0.7326506,0.11608657,0.99926704,0.9397332,0.6185196,0.9868897,0.73816335,0.041113764,0.996192
99393_aug.jpg,0.23161548,0.44890118,0.99983776,0.23297575,0.4713751,0.9999013,0.23563084,0.47362158,0.9998697,0.23893479,0.47574943,0.9998963,0.23346362,0.4705901,0.99990237,0.23612401,0.4724546,0.9998772,0.23926002,0.47428304,0.99988925,0.27374136,0.48353133,0.9999329,0.27127713,0.48041376,0.9999465,0.24913129,0.43881127,0.99980336,0.2503894,0.43843263,0.99974626,0.35251442,0.43434203,0.9987507,0.32345957,0.4254843,0.9998266,0.2642744,0.5395788,0.19543715,0.22383517,0.55215967,0.9732528,0.20027834,0.63742995,0.49756303,0.14654434,0.68010145,0.97770214,0.19676626,0.6625365,0.5615699,0.11675525,0.7229843,0.97257936,0.19490612,0.66291493,0.55092525,0.122000694,0.72497,0.9671504,0.19402808,0.65724504,0.57169527,0.13425833,0.71024156,0.9563545,0.5908015,0.27122506,0.99931014,0.5913671,0.26377425,0.99976426,0.58778083,0.17082998,0.60626817,0.83440423,0.38439575,0.9975395,0.6794034,0.19021752,0.5790079,0.9917574,0.5324444,0.9816527,0.69138443,0.19969532,0.49815598,0.99306524,0.56904113,0.9697226,0.6924935,0.19208816,0.46410435,1.0478216,0.58086205,0.94176775
99575.jpg,0.64887184,0.6101953,0.99992347,0.64321315,0.6248246,0.999938,0.6409376,0.6248597,0.99993396,0.63849735,0.62483996,0.9999366,0.6436227,0.6248923,0.99991727,0.64180577,0.62505555,0.9998883,0.6398401,0.6253569,0.9998889,0.6160492,0.6166364,0.99991584,0.6188039,0.61888576,0.9998809,0.6395296,0.59707797,0.9997067,0.6405537,0.5973731,0.9995388,0.57954484,0.5411048,0.9994387,0.58829004,0.5503354,0.99550927,0.6140326,0.6642481,0.9988433,0.630751,0.66647506,0.31679228,0.6413498,0.78390324,0.99211544,0.6458586,0.76648927,0.6637808,0.65387887,0.8192905,0.9817422,0.6568904,0.8018856,0.67708635,0.6497644,0.8234049,0.9787167,0.6552272,0.80666935,0.6740209,0.64462686,0.8107662,0.9746933,0.6486782,0.7918687,0.6967713,0.48522273,0.31983432,0.999833,0.5163669,0.32101318,0.9997205,0.3227315,0.23341814,0.999283,0.6405587,0.2315112,0.97159326,0.17715514,0.17524333,0.99874014,0.58541405,0.07367161,0.9713101,0.13864332,0.17332989,0.9901411,0.5581634,0.048179686,0.9698333,0.19285443,0.11218937,0.9962429,0.641174,0.020248264,0.9532313
99648_aug.jpg,0.37325755,0.5446278,0.9999691,0.3665164,0.5365458,0.9999844,0.3678921,0.5346255,0.99999046,0.36927655,0.53276426,0.9999881,0.3644226,0.53860146,0.9999654,0.36439675,0.5381104,0.99996614,0.36438623,0.53751194,0.999961,0.38255948,0.5239823,0.9999838,0.37603784,0.528589,0.9999641,0.38675237,0.539242,0.99994063,0.38368776,0.54185367,0.99990094,0.43052953,0.52337575,0.99991024,0.42515364,0.51866144,0.99894434,0.32925248,0.5516728,0.9976676,0.33040974,0.5484564,0.49129,0.22834247,0.58046275,0.9843317,0.23646766,0.57595974,0.80324554,0.20084056,0.5883747,0.97658134,0.2105776,0.5798121,0.81945944,0.2005392,0.5816593,0.972667,0.20562291,0.57892895,0.81821,0.20684642,0.58113146,0.9594934,0.21172592,0.57873505,0.8114745,0.6255548,0.486887,0.9998491,0.6186416,0.4702301,0.9996031,0.7091913,0.56420517,0.99936575,0.7042037,0.37549898,0.9454801,0.8514787,0.5318506,0.99917394,0.7366086,0.27426898,0.96265054,0.8699986,0.51398075,0.9987668,0.739874,0.25470024,0.9793641,0.87828815,0.5738146,0.9986802,0.7545498,0.25866526,0.97014433
99726_aug.jpg,0.33268684,0.48931468,0.9995801,0.33541378,0.5033338,0.9996302,0.33738494,0.50444895,0.9996018,0.33959502,0.5058247,0.99971396,0.3356796,0.503864,0.9995982,0.33775544,0.5051608,0.9995993,0.34002784,0.506653,0.9996488,0.3634619,0.5104908,0.99966,0.36084855,0.50914043,0.99960285,0.34395507,0.48157963,0.99925643,0.34475738,0.48278755,0.9990318,0.41212255,0.47595674,0.99562114,0.39590532,0.4805772,0.9993032,0.32458687,0.5233575,0.24066739,0.30434707,0.53896856,0.97629374,0.25986987,0.58341295,0.3227156,0.22711891,0.6143073,0.9365129,0.24638152,0.60672235,0.35625288,0.2168909,0.63143903,0.91406006,0.24585852,0.6089391,0.35053456,0.21787024,0.63391936,0.8947253,0.24725825,0.6044878,0.35900903,0.22295299,0.6275068,0.8863916,0.6109137,0.38916805,0.99791545,0.59913945,0.37432396,0.999421,0.74618614,0.4101712,0.6450239,0.63659436,0.22752443,0.9906679,0.87271965,0.46954787,0.7556611,0.8004736,0.15848231,0.9706218,0.88967985,0.48179257,0.78974766,0.8211812,0.1655432,0.9689754,0.9085016,0.45592523,0.7629503,0.8280863,0.08045387,0.94180834
