10535.jpg,0.86927474,0.42476076,0.99999726,0.8845305,0.4097942,0.99999785,0.88376456,0.40736353,0.99999654,0.88284934,0.40501502,0.99999666,0.88521653,0.41230777,0.9999989,0.8848724,0.411674,0.9999989,0.8843106,0.4109521,0.99999917,0.8680092,0.39382428,0.99999785,0.8704331,0.4026759,0.99999845,0.84816635,0.42449102,0.9999852,0.8492011,0.42774272,0.99998844,0.7183264,0.36185265,0.9994516,0.76675165,0.48878774,0.99994147,0.6858732,0.24826872,0.97895056,0.82100624,0.5689455,0.99678636,0.6664473,0.16002518,0.9633521,0.86789393,0.6613826,0.9778847,0.65478873,0.13543433,0.9379795,0.87623763,0.6907543,0.9636475,0.6608546,0.13169813,0.9368325,0.8841672,0.6885146,0.96015024,0.66296226,0.14145812,0.89474374,0.88120174,0.6839655,0.9237974,0.41952205,0.52054405,0.9993476,0.4308444,0.5646685,0.99973637,0.21114966,0.47394964,0.94483894,0.42823896,0.7455459,0.9921525,0.021570325,0.40812075,0.9358205,0.19530612,0.8330067,0.9925659,-0.011134535,0.39447257,0.9402553,0.14244178,0.8224119,0.9857566,-0.016108036,0.47387722,0.9233822,0.18492061,0.9294276,0.9855906
11338_aug.jpg,0.42926943,0.5673305,0.9997249,0.42630735,0.58214295,0.9996841,0.42697108,0.58272153,0.99973017,0.42787266,0.583201,0.9997235,0.4283198,0.5833698,0.99974424,0.43040127,0.5849197,0.9998017,0.43271875,0.5865536,0.99977463,0.44681674,0.5840514,0.9996226,0.45263892,0.5893513,0.99975187,0.43982565,0.559211,0.9994259,0.44197828,0.56044585,0.9994042,0.486386,0.535905,0.9984609,0.51110005,0.55296826,0.9996768,0.39520055,0.6088164,0.41432923,0.41146237,0.6314129,0.9896562,0.3425218,0.67539644,0.5574508,0.33054307,0.7211422,0.97854507,0.33230287,0.6879506,0.55785555,0.3127511,0.743536,0.96579796,0.3292156,0.6972959,0.5542213,0.31033888,0.7482772,0.9571836,0.3301618,0.6917707,0.56114304,0.3164737,0.7400423,0.9419053,0.6572425,0.38326606,0.9995253,0.6633194,0.38655648,0.99988556,0.782357,0.37843424,0.75949454,0.6170365,0.2821117,0.9978278,0.90764534,0.418096,0.8699153,0.7074706,0.14549431,0.9951944,0.9225559,0.43218645,0.8879478,0.72940964,0.13928854,0.99214184,0.9294695,0.39572403,0.89851195,0.695982,0.094356626,0.99130964
11583.jpg,0.5504888,0.62068087,0.9999715,0.556023,0.63044024,0.9999875,0.5568106,0.62984884,0.99998856,0.55757,0.6291975,0.9999887,0.5521898,0.63374853,0.9999846,0.55023414,0.63533974,0.9999826,0.5480224,0.63692737,0.9999857,0.5491429,0.62877566,0.9999746,0.53444874,0.6396332,0.9999745,0.54387873,0.6123637,0.99982977,0.5394258,0.61504984,0.9998311,0.5303618,0.5519203,0.9998729,0.44188023,0.61180913,0.9998871,0.6063331,0.5018166,0.9976618,0.3732826,0.66656864,0.99682355,0.67433655,0.46193486,0.99548304,0.32111737,0.72989464,0.97777504,0.6926208,0.4468484,0.9902688,0.29919535,0.74694425,0.9520527,0.6976229,0.45076957,0.98973405,0.30301952,0.75088894,0.949253,0.6916597,0.45408404,0.97422045,0.3108524,0.74411047,0.92419475,0.38199013,0.4087354,0.9991843,0.3476136,0.43488732,0.9996551,0.45042995,0.27754223,0.99641466,0.20088018,0.40663832,0.9758521,0.3566746,0.16369164,0.98271793,0.059942245,0.3762722,0.9554871,0.33467072,0.15447927,0.9799786,0.044082195,0.3700309,0.9463234,0.3695017,0.105632186,0.96795595,0.022828877,0.37018248,0.9087359
11671_aug.jpg,0.472362,0.8136403,0.99999976,0.46308222,0.83013314,0.9999993,0.45885175,0.82988,0.9999995,0.45402765,0.8295909,0.99999917,0.47332138,0.83221745,0.99999905,0.47616535,0.8331598,0.99999905,0.47873124,0.8341696,0.9999988,0.43977356,0.8276675,0.9999989,0.47154436,0.8344402,0.9999993,0.46520302,0.79560566,0.9999987,0.47716618,0.79834175,0.9999974,0.41282356,0.7293796,0.99998546,0.50546616,0.7406533,0.99987304,0.3323569,0.70755625,0.9974861,0.58044565,0.75875974,0.9555424,0.23803532,0.7120915,0.99693453,0.6549854,0.7925606,0.9905661,0.21096948,0.7119702,0.9926232,0.6847744,0.80049264,0.9722186,0.21022332,0.71723896,0.99445736,0.6824174,0.8017179,0.97494996,0.22045612,0.7163988,0.99370545,0.6726588,0.7972942,0.97781414,0.50183976,0.43241686,0.9999336,0.52160305,0.44337714,0.9999659,0.4193382,0.24725106,0.99176145,0.6597797,0.39145428,0.9908757,0.32054442,0.06750494,0.9973264,0.7098869,0.16489363,0.9935754,0.30529368,0.050483584,0.97182775,0.7047436,0.13326472,0.9821031,0.31766602,0.016230881,0.99323446,0.7668409,0.12248263,0.98866093
11752_aug.jpg,0.48906904,0.25994784,0.9999865,0.5064461,0.2509217,0.99994636,0.51020044,0.25143605,0.9999546,0.5144264,0.2519657,0.9999411,0.5030368,0.2497479,0.9999465,0.5042317,0.24947175,0.9999523,0.50561863,0.24901995,0.99993753,0.5398898,0.26750872,0.9999474,0.5246575,0.26160473,0.99993527,0.49394092,0.27653995,0.99989974,0.4885857,0.27455965,0.99980897,0.59289575,0.38504332,0.99986494,0.45148775,0.31469917,0.99990475,0.7016901,0.4606231,0.99822515,0.3372354,0.27369744,0.98153263,0.8061387,0.5220584,0.993256,0.2274428,0.21970454,0.9856257,0.8417984,0.536105,0.97907525,0.19198692,0.20398128,0.96024233,0.8477708,0.5329146,0.98250014,0.19041294,0.19925088,0.968274,0.83257544,0.52951413,0.98333156,0.19989407,0.20663047,0.97483903,0.46518567,0.6089289,0.9979966,0.37411875,0.5630306,0.9995647,0.52573615,0.77025574,0.9975073,0.20022647,0.5657222,0.9984592,0.59450597,0.929775,0.9974602,0.119885236,0.7208302,0.9969959,0.596418,0.9528549,0.9640167,0.1224525,0.74998695,0.99093086,0.5920354,0.9703732,0.99220043,0.025469095,0.7146905,0.9915486
12570.jpg,0.15563416,0.66051894,0.9999987,0.1368022,0.65505195,0.99999464,0.13419282,0.6486699,0.99999535,0.13183445,0.6423687,0.99999285,0.14249414,0.668342,0.999995,0.1440807,0.6716572,0.999995,0.14547244,0.67500657,0.9999944,0.13439217,0.6225168,0.9999927,0.14974087,0.6643452,0.9999945,0.16896424,0.64087796,0.9999914,0.17575303,0.6578997,0.9999857,0.21916315,0.50177556,0.9998932,0.2825051,0.6545542,0.9997602,0.17942473,0.40609324,0.9957319,0.32861274,0.7607719,0.9804813,0.12246081,0.31609756,0.99329513,0.3441438,0.87125564,0.9939488,0.107244045,0.2769462,0.9847894,0.35848436,0.9088332,0.97971034,0.10494268,0.2783782,0.98805994,0.35536787,0.9126066,0.98268694,0.11069015,0.28976083,0.9874368,0.35244122,0.89970833,0.9864828,0.5250549,0.3981196,0.99986815,0.55813974,0.4794748,0.99988496,0.6234013,0.21820667,0.99722147,0.70718825,0.5869454,0.9943388,0.7433453,0.03956783,0.99758387,0.9176959,0.4818882,0.99477357,0.7607509,0.029070705,0.9389604,0.9437257,0.44953093,0.9816859,0.79040146,0.0056467354,0.9925828,0.986561,0.54525316,0.9886324
12626_aug.jpg,0.58103323,0.7040855,0.9999907,0.5751278,0.71915984,0.9999778,0.5722173,0.71999574,0.9999864,0.5690228,0.7208393,0.99997735,0.5785264,0.71875787,0.99997616,0.57828283,0.7192998,0.9999821,0.5778624,0.7198841,0.99997914,0.54815376,0.7189262,0.9999838,0.56075686,0.7175597,0.9999831,0.57031935,0.6923631,0.9999672,0.57557,0.69119513,0.9999081,0.47932345,0.64989066,0.9999393,0.5760698,0.6302292,0.9995491,0.38729393,0.6705549,0.99934477,0.6588407,0.62715364,0.9433793,0.30644807,0.6644117,0.9972146,0.7434008,0.6184705,0.98807293,0.2747956,0.6578847,0.98928565,0.7681397,0.61164725,0.96552426,0.27843827,0.6544169,0.99112505,0.770226,0.61278903,0.97010607,0.29077727,0.6548245,0.99002236,0.76471305,0.61278033,0.9736969,0.4611148,0.40398708,0.999759,0.5104361,0.39510375,0.99989915,0.35765928,0.28900176,0.9962239,0.6234174,0.29803336,0.9935667,0.22896975,0.17662257,0.99752253,0.57154626,0.12609497,0.99400663,0.20394692,0.16247311,0.9783664,0.5471127,0.10241711,0.9851226,0.20274463,0.14245686,0.99389076,0.63915086,0.07361305,0.98806936
12875_aug.jpg,0.77727294,0.47443002,0.99993837,0.78762144,0.4632981,0.9998417,0.7879473,0.46417922,0.9998274,0.7883738,0.46520612,0.99980897,0.78420806,0.4564885,0.99985063,0.7821442,0.4523506,0.9998319,0.77990764,0.44816002,0.9997868,0.7751254,0.45845118,0.9997712,0.76281047,0.43557903,0.99981326,0.76232004,0.48265398,0.99950004,0.7577351,0.4737764,0.9994783,0.7029742,0.55154693,0.9995085,0.6584772,0.3921059,0.9997192,0.75548494,0.710113,0.9962501,0.6525459,0.23847216,0.99565697,0.79677093,0.8297018,0.9915667,0.63640904,0.10179642,0.97826856,0.8097271,0.8728754,0.9667231,0.623443,0.061494052,0.92809325,0.8190087,0.88067245,0.9724564,0.6246179,0.054683506,0.9392621,0.8103484,0.8668902,0.9782956,0.62482095,0.068739235,0.9417688,0.40940687,0.5517755,0.9987631,0.39708543,0.45368502,0.9989209,0.38949943,0.74944425,0.9951396,0.23953216,0.32526085,0.9992508,0.19303024,0.75111157,0.99530596,0.0799613,0.20320094,0.9992513,0.1537162,0.730402,0.98572844,0.058106184,0.19452676,0.9714876,0.1671437,0.8519416,0.98782337,0.002219975,0.16747239,0.9959557
12966.jpg,0.3249682,0.36475977,0.9999908,0.32203108,0.34881848,0.99997926,0.32409376,0.34643567,0.9999875,0.32636315,0.34388405,0.99997973,0.3189959,0.3511325,0.9999788,0.31872976,0.35055387,0.9999819,0.31859872,0.34973305,0.9999783,0.34451824,0.33338475,0.99998593,0.33318096,0.3425104,0.99998224,0.339532,0.36948183,0.99996805,0.33525544,0.37341252,0.99991286,0.4397972,0.35573274,0.9999503,0.36249864,0.42600653,0.9995989,0.5070109,0.29541197,0.99935454,0.29455018,0.47043592,0.9272528,0.5801594,0.26190847,0.99635553,0.22218582,0.519227,0.9841658,0.60929596,0.25106496,0.9871645,0.20685098,0.53690535,0.9574846,0.60894895,0.2536314,0.98962617,0.20486835,0.5364445,0.9633345,0.5994664,0.25943673,0.9890781,0.20839876,0.53436816,0.9678478,0.5754195,0.5642005,0.99977,0.5398471,0.59503555,0.99990165,0.7290862,0.6122792,0.9946366,0.49360356,0.7365006,0.9886501,0.8901061,0.63921636,0.9964264,0.6223038,0.8584918,0.9909939,0.92164195,0.6380804,0.97863173,0.6566746,0.867669,0.9837996,0.9342937,0.65112066,0.9919624,0.593886,0.9297414,0.98238105
13028_aug.jpg,0.041434646,0.37018406,0.9836886,0.014690161,0.35649776,0.9751118,0.015301883,0.34998935,0.97407204,0.016127527,0.3424818,0.97463834,0.011116564,0.36950052,0.9766442,0.009424448,0.37288213,0.9724451,0.008202374,0.37628484,0.9714839,0.021991313,0.31926632,0.9727711,0.012154102,0.36791527,0.9733393,0.07408881,0.36205107,0.95193064,0.07086897,0.37978974,0.93135643,0.20841843,0.27629632,0.9735345,0.15998149,0.46397293,0.9836622,0.3675853,0.09916499,0.876083,0.019464493,0.64658,0.94894874,0.46666676,-0.06241229,0.4702588,-0.30546713,0.6547468,0.8890986,0.469527,-0.097405374,0.3253611,-0.3701383,0.66363555,0.731814,0.48260263,-0.13192898,0.35556194,-0.3944682,0.6518048,0.72920215,0.4640715,-0.07081005,0.45574036,-0.37035155,0.64762557,0.78718466,0.6704161,0.43954435,0.9583984,0.6221802,0.53464806,0.98424095,0.93004954,0.3923374,0.9591576,0.58275867,0.8223013,0.94222856,1.1583105,0.34042078,0.85546887,0.8590698,0.93684757,0.8211533,1.1844635,0.33160022,0.7003259,0.90484923,0.91885644,0.87812823,1.2815444,0.32666802,0.6157053,0.9154104,1.053083,0.655885
13111.jpg,0.4628477,0.24495369,0.9998354,0.48122796,0.23320708,0.99961025,0.487446,0.23669362,0.99954957,0.49350834,0.2405212,0.9995553,0.46711504,0.22702596,0.99952173,0.46433884,0.22628647,0.9993311,0.46203902,0.22560713,0.9991937,0.50882655,0.2618542,0.99945873,0.46865964,0.2397342,0.99938166,0.4769026,0.27605057,0.999421,0.45653033,0.26502967,0.999074,0.568815,0.3906959,0.99963546,0.42401913,0.31132156,0.99997723,0.642688,0.51095915,0.9902653,0.44068265,0.14056674,0.9925654,0.7563185,0.62636185,0.9332883,0.4704203,0.00822705,0.9827792,0.7854135,0.6512261,0.84879404,0.48250154,-0.041980863,0.93956465,0.7856457,0.6547585,0.8558809,0.48583278,-0.043199122,0.9297433,0.7758434,0.65073097,0.8750763,0.48210302,-0.023418427,0.94122493,0.57164365,0.59727377,0.99902034,0.4847643,0.6274473,0.9999527,0.76472974,0.6650542,0.9645046,0.39246702,0.77359706,0.9965372,0.962116,0.71405053,0.9418788,0.49758744,0.96168673,0.9819841,0.97296983,0.7266556,0.85038143,0.5286274,0.96633494,0.9422964,1.0106273,0.74204314,0.8948444,0.46977013,1.0462464,0.9602388
1322_aug.jpg,0.4341416,0.3091833,0.99945766,0.42137074,0.31669208,0.9997433,0.42128307,0.31843945,0.99964964,0.42135543,0.32016638,0.9997538,0.41965342,0.3176999,0.99968827,0.41809663,0.31996557,0.9996038,0.41667935,0.32233533,0.99959594,0.4251877,0.34205544,0.9997402,0.42053297,0.34719312,0.9997608,0.44819823,0.31763867,0.9988018,0.444875,0.31953794,0.9983581,0.48793447,0.37773865,0.99539196,0.46272337,0.3945186,0.9982078,0.42688322,0.2641638,0.24253857,0.41302544,0.2696597,0.98038805,0.35870582,0.15609369,0.52095115,0.3478242,0.14927024,0.9728179,0.33717677,0.13346729,0.5655413,0.32637712,0.12029609,0.9608484,0.3306665,0.13142449,0.57431054,0.31835786,0.119870454,0.9511631,0.33852485,0.1410943,0.60340583,0.3249177,0.12951803,0.92990977,0.6400909,0.60084546,0.9998048,0.59301853,0.6285765,0.9996859,0.82096946,0.54335785,0.974614,0.5095032,0.82823455,0.99916005,0.9107552,0.703527,0.96345043,0.43496865,0.9941838,0.99750096,0.9055673,0.74027014,0.92320293,0.41692102,1.0166268,0.98045564,0.9984672,0.706678,0.922048,0.45894337,1.0669616,0.98696
1349_aug.jpg,0.4327351,0.63028765,0.9999788,0.41880843,0.63400537,0.9999578,0.4174395,0.6325429,0.9999738,0.4161278,0.63094985,0.99996066,0.4207424,0.6370668,0.99993885,0.42077178,0.6377389,0.9999491,0.42097417,0.63839865,0.9999443,0.4120919,0.6173823,0.999959,0.41902286,0.6281339,0.9999465,0.43933025,0.6167313,0.9998989,0.44240755,0.62128705,0.99982244,0.44189757,0.5403503,0.99993134,0.4928022,0.60217285,0.9995154,0.3947889,0.4599086,0.99865615,0.5442786,0.6817645,0.9141331,0.34984592,0.4000992,0.98843724,0.58695006,0.7398251,0.9388366,0.331131,0.37807024,0.9603997,0.6042784,0.76414275,0.86540425,0.32948357,0.37994257,0.9687951,0.60107106,0.75276756,0.88187397,0.338646,0.38659897,0.9757311,0.60083294,0.7537931,0.9065876,0.6199322,0.43098226,0.99887353,0.6248102,0.4431636,0.9994937,0.75589526,0.4122722,0.9511819,0.66134584,0.29759625,0.88175225,0.83172315,0.30329573,0.97338176,0.6644916,0.13908377,0.922486,0.83060586,0.27773637,0.97595906,0.644637,0.107919365,0.9547452,0.877943,0.29215223,0.97049093,0.68313634,0.10443398,0.92283684
14427_aug.jpg,0.14563715,0.39332363,0.99999845,0.13505137,0.37740928,0.99999475,0.13716444,0.3720345,0.99999535,0.13949478,0.36676192,0.9999906,0.12974012,0.39161715,0.9999958,0.1278936,0.3969056,0.9999962,0.12584779,0.40177065,0.99999607,0.15292963,0.36096323,0.99998677,0.13270724,0.4093213,0.99999714,0.1699867,0.39120173,0.99998677,0.16015095,0.41001105,0.9999864,0.2862162,0.38689455,0.9999652,0.24678153,0.47662926,0.99992955,0.3204267,0.26448756,0.994419,0.210507,0.58538705,0.8753492,0.35413033,0.18483624,0.98496497,0.17628983,0.6825158,0.95363873,0.37871784,0.16213128,0.9583788,0.16576722,0.7116946,0.9042008,0.37823817,0.16138467,0.9677969,0.16685155,0.707201,0.91469127,0.37255132,0.16965196,0.9691631,0.17230904,0.7008557,0.9260525,0.6055793,0.5122742,0.99993944,0.58945906,0.54358363,0.999995,0.79007363,0.4532942,0.98974204,0.5905276,0.70470655,0.98692757,0.9264729,0.37346223,0.9957052,0.80892235,0.79422235,0.99498147,0.9502991,0.3464412,0.9637153,0.85544825,0.7953894,0.97886676,0.9953176,0.3869682,0.99227095,0.82130563,0.8984436,0.99387676
14731.jpg,0.41288966,0.32777962,0.9998888,0.41192943,0.3087707,0.9995098,0.41534507,0.30482215,0.9996045,0.41889057,0.30079323,0.9994436,0.40528566,0.31565517,0.999619,0.40375942,0.31674328,0.9996724,0.40223318,0.31770507,0.99963784,0.43630335,0.29141453,0.9994728,0.4159246,0.30932224,0.99959487,0.43271297,0.32970232,0.99926585,0.42298675,0.33865002,0.9989711,0.5422389,0.30718848,0.9978618,0.4571284,0.39715075,0.9987118,0.603974,0.24167675,0.9965134,0.38455626,0.47095114,0.99059814,0.6630386,0.17130822,0.99075866,0.30682418,0.5343263,0.99354,0.68306655,0.15039256,0.9696871,0.28334782,0.5560267,0.9751301,0.68180597,0.14737648,0.97406334,0.27891025,0.55483615,0.9790922,0.6766124,0.15463623,0.97531146,0.2872339,0.549989,0.98239756,0.7100034,0.47711602,0.9942334,0.6556191,0.5379207,0.99872667,0.87317705,0.5037242,0.9895811,0.64828527,0.694454,0.99466276,1.0128375,0.5325667,0.97592634,0.7592135,0.80391073,0.98703474,1.0194943,0.5412462,0.8042443,0.7884584,0.8075229,0.96138376,1.0591985,0.54362005,0.9315314,0.7386596,0.8774282,0.962867
15520_aug.jpg,0.2437706,0.22909404,0.9999889,0.24189559,0.20726317,0.99996614,0.24661931,0.20308408,0.99997616,0.2514029,0.19907689,0.9999616,0.23109904,0.21623287,0.99996114,0.22826293,0.21857402,0.999964,0.22537488,0.22077242,0.9999597,0.27030867,0.1935476,0.99996686,0.2344962,0.21958119,0.9999633,0.26572606,0.23496972,0.9999404,0.2510934,0.24560346,0.9999037,0.40142888,0.23279744,0.99971956,0.2803804,0.33704802,0.9992669,0.48317817,0.1630458,0.9975267,0.19248128,0.4162431,0.98302287,0.5492885,0.08843118,0.9943019,0.087447524,0.46946338,0.99086905,0.5851297,0.060812652,0.9823683,0.062499672,0.4943629,0.96640676,0.5824367,0.05841735,0.98560834,0.060007215,0.49160698,0.9713278,0.57008314,0.07116723,0.98678744,0.06954032,0.48674268,0.9775932,0.5935032,0.49386746,0.9991411,0.53481394,0.5447456,0.9997578,0.79195267,0.53456014,0.9938123,0.48673034,0.73571515,0.99665195,0.9645971,0.57243884,0.98702943,0.6479492,0.8949137,0.99209434,0.97519386,0.57770324,0.8402464,0.6881969,0.9089438,0.97576207,0.99606013,0.601649,0.9634874,0.60252315,0.98391795,0.97934955
15572_aug.jpg,0.5581193,0.568577,0.99969244,0.57488644,0.57144535,0.9996574,0.57589686,0.57061327,0.99973637,0.57675517,0.5696944,0.99971515,0.5753224,0.57001746,0.9997129,0.5767981,0.56800115,0.99978954,0.57834953,0.5657911,0.9997197,0.5801527,0.55093604,0.9996582,0.5821426,0.54464877,0.9996854,0.551706,0.5581879,0.999405,0.5520084,0.5561274,0.999305,0.5395391,0.5075972,0.9979679,0.5448502,0.48791224,0.99926823,0.6100945,0.61108756,0.4652475,0.61344385,0.59295833,0.98090863,0.67531955,0.6708801,0.63831204,0.7000755,0.68060255,0.96701896,0.70150757,0.6903691,0.6420899,0.72351635,0.70276344,0.9563736,0.7048727,0.6908097,0.6295847,0.7285782,0.70252454,0.94649607,0.6966004,0.6834322,0.61810684,0.72135466,0.69526076,0.9292039,0.38155952,0.32279015,0.9996761,0.37789,0.3181654,0.99984753,0.38963243,0.21980701,0.8481543,0.28668302,0.3563038,0.9970784,0.4425846,0.09155707,0.9265927,0.16430356,0.26316494,0.99452364,0.46615124,0.07058692,0.9445097,0.15798816,0.23922314,0.9926513,0.43147394,0.06814006,0.92531073,0.111491114,0.26889336,0.9884975
15776_aug.jpg,0.49571782,0.30479696,0.9998392,0.5045122,0.28892922,0.9992399,0.5087998,0.2875884,0.99940526,0.5136052,0.2861201,0.9991542,0.49746633,0.29014122,0.9993825,0.49658912,0.28971544,0.9994598,0.49585587,0.28934154,0.9993656,0.5368069,0.28695926,0.9989792,0.5168604,0.29018208,0.99915683,0.511261,0.31806043,0.99827945,0.50217426,0.3202688,0.9971704,0.6239183,0.34959364,0.99762017,0.5035839,0.38704586,0.9990017,0.71536356,0.31599995,0.99435115,0.41061282,0.42338532,0.9917527,0.79960597,0.2825588,0.9865574,0.30882692,0.4421162,0.9935135,0.82606757,0.27083915,0.9584616,0.27897418,0.45126805,0.97339046,0.82562363,0.26752064,0.9645528,0.2749377,0.44826603,0.9774982,0.8173264,0.27327177,0.96836656,0.28489804,0.447367,0.98158574,0.6980937,0.57403564,0.99558145,0.6249065,0.6025919,0.9989065,0.8258179,0.6725076,0.98678,0.5448641,0.7384652,0.99181163,0.9498881,0.7663157,0.97361994,0.59446913,0.892608,0.9832893,0.9523639,0.7829205,0.8301945,0.6154732,0.91062796,0.94968796,0.9969016,0.78530514,0.94061935,0.53716254,0.94484824,0.96043235
16786_aug.jpg,0.3457242,0.16315925,0.99999857,0.3525554,0.14239663,0.99999666,0.35762727,0.14042968,0.999998,0.3634078,0.13824254,0.9999962,0.33850116,0.14562654,0.9999962,0.33498254,0.14580035,0.9999964,0.33201572,0.14585295,0.99999523,0.3803689,0.13957939,0.99999774,0.34100872,0.14801696,0.99999714,0.3630166,0.17695805,0.9999943,0.345401,0.17975283,0.9999881,0.4670703,0.22753024,0.9999882,0.32483697,0.2528998,0.999744,0.5799036,0.2046684,0.99965143,0.22305591,0.27475,0.96426934,0.6709821,0.16733733,0.9981464,0.11994064,0.27414733,0.9919228,0.7059823,0.15928999,0.9920026,0.089417666,0.28037167,0.9754558,0.70296746,0.15455788,0.993697,0.08735949,0.27609164,0.978452,0.691793,0.15786931,0.99296993,0.09704763,0.27561897,0.9815656,0.5087643,0.54324716,0.9997377,0.43570507,0.55123943,0.99981123,0.6844904,0.69591695,0.9985576,0.30325878,0.64084613,0.9928808,0.83487785,0.8145251,0.99887425,0.37149274,0.889626,0.99491453,0.8513264,0.8285096,0.98073673,0.39990416,0.921242,0.98878175,0.8478104,0.88484025,0.99639904,0.29737717,0.9522985,0.9915255
16844.jpg,0.763506,0.31498128,0.99999976,0.778275,0.3048119,0.99999964,0.778962,0.3057909,0.9999995,0.7794696,0.30662572,0.9999995,0.77632546,0.2964115,0.99999976,0.7755375,0.29169583,0.99999976,0.7741076,0.28604716,0.99999964,0.7701702,0.2939131,0.9999994,0.760726,0.26477098,0.99999976,0.74586964,0.3188942,0.9999988,0.7436664,0.30970362,0.99999905,0.69049895,0.36933428,0.9999285,0.62348384,0.23045698,0.9998357,0.7709613,0.4457057,0.978229,0.60104454,0.11312106,0.99612314,0.823882,0.52138454,0.9888101,0.57586396,0.033627987,0.96989095,0.8342837,0.54555094,0.9684728,0.56895363,-0.009227097,0.90346533,0.8364029,0.54414785,0.9736379,0.5693517,-0.008152366,0.91225696,0.83102024,0.53649044,0.9718247,0.56886905,0.010592103,0.9020158,0.4000536,0.46566713,0.9999876,0.36023232,0.3945513,0.9999316,0.38660425,0.6185568,0.9992581,0.19305457,0.36207327,0.99746454,0.19271603,0.6809396,0.99790776,0.04313287,0.301903,0.9967843,0.15682223,0.67223775,0.99368274,0.029886484,0.29304206,0.94529957,0.17060569,0.7548083,0.9972464,-0.010957748,0.3137442,0.99018073
17227_aug.jpg,0.68917793,0.30763924,0.9999951,0.68183887,0.29511115,0.9999889,0.6814016,0.2949376,0.99998844,0.680688,0.2948532,0.9999877,0.6773004,0.2957736,0.9999918,0.6745103,0.2959602,0.9999906,0.6717912,0.29625285,0.99998677,0.66646403,0.30236888,0.99998164,0.65495926,0.3048305,0.9999883,0.68842214,0.32183534,0.9999417,0.6834058,0.3238023,0.9999467,0.70095557,0.37097234,0.9998253,0.60979146,0.39234793,0.9994855,0.7797995,0.3498264,0.96138597,0.5273872,0.40861136,0.9979961,0.8480843,0.3155863,0.9946725,0.4558907,0.41033292,0.996166,0.8730404,0.31308213,0.98451775,0.4310691,0.41115445,0.9863129,0.87466055,0.31043923,0.9873483,0.4278388,0.40890756,0.98765,0.8649407,0.31301457,0.9878879,0.4351667,0.41002798,0.9838345,0.731932,0.5700923,0.99989486,0.67123103,0.58565843,0.99966025,0.85872364,0.5827789,0.9980889,0.60769486,0.6940053,0.99820185,0.86816865,0.7263614,0.9945305,0.53702235,0.7871194,0.997586,0.8553598,0.74909604,0.9880063,0.521468,0.80253613,0.9469961,0.9285431,0.7472447,0.9942479,0.5417341,0.8333132,0.993085
17392.jpg,0.44986293,0.34685796,0.99970204,0.46246058,0.34322345,0.9998123,0.46467382,0.344879,0.9998925,0.46693894,0.34635454,0.99985445,0.4601198,0.34165242,0.9995431,0.46071982,0.3422315,0.9995943,0.46147245,0.34267694,0.99947125,0.47850084,0.36571503,0.9998061,0.47332293,0.36079836,0.9995832,0.4507988,0.363438,0.9991128,0.44846022,0.36093876,0.9985911,0.47141355,0.4271881,0.9991811,0.481456,0.42322809,0.99352986,0.43393385,0.28921148,0.9907206,0.44198146,0.30346918,0.16201323,0.3961408,0.1568175,0.94971675,0.3987621,0.18089032,0.3536861,0.38917023,0.11723375,0.9347013,0.39598644,0.13597643,0.48455337,0.3966128,0.11222458,0.9245698,0.39630657,0.12655532,0.48076165,0.3993823,0.12879705,0.90898794,0.3976377,0.14428484,0.49876145,0.5225833,0.6829355,0.99879813,0.5455121,0.675251,0.99851114,0.40582016,0.75507236,0.99478143,0.65992075,0.7835127,0.9181394,0.47581086,0.93684024,0.9921629,0.8010671,0.8674499,0.93568385,0.49875453,0.9595003,0.9905123,0.81570494,0.8728021,0.9674827,0.44188374,0.9915718,0.98580176,0.812302,0.9119555,0.91977113
177.jpg,0.15031788,0.3908669,0.9999981,0.13818425,0.37534666,0.9999933,0.14024141,0.36987787,0.9999937,0.14269435,0.3646512,0.99998784,0.13282156,0.3902362,0.99999416,0.13107285,0.39544117,0.99999416,0.1293844,0.39980334,0.9999937,0.1567995,0.3597949,0.99998474,0.13595441,0.40710244,0.99999523,0.17376542,0.38792312,0.9999858,0.16497874,0.40755165,0.99998343,0.2917403,0.38361555,0.9999715,0.2540959,0.46685258,0.9999311,0.3214321,0.27293622,0.9945715,0.21460062,0.5835299,0.88371694,0.3562242,0.18914798,0.9870346,0.17870182,0.67628133,0.96185803,0.3758503,0.16499582,0.96843076,0.16793856,0.70522594,0.92019844,0.37539092,0.16542202,0.97538066,0.16618198,0.70478904,0.9281637,0.3710342,0.1745843,0.97528875,0.173307,0.69535774,0.9401222,0.60645705,0.5130475,0.9999566,0.59015477,0.5391641,0.9999938,0.7805175,0.46329564,0.9920781,0.58713335,0.70327145,0.97683173,0.9290475,0.37148523,0.9958002,0.79697806,0.7932975,0.9937297,0.95314556,0.34088868,0.9740649,0.8397578,0.7565003,0.98006046,1.0005867,0.3772779,0.99194556,0.8385651,0.8802132,0.99211955
18523.jpg,0.2425352,0.7447462,0.9999981,0.23691633,0.7634431,0.999997,0.23641814,0.763696,0.99999595,0.23618937,0.764178,0.9999962,0.24425404,0.76779056,0.9999975,0.24834582,0.7706469,0.99999714,0.25224996,0.7732254,0.99999654,0.25479126,0.7704812,0.99999404,0.27616382,0.78015304,0.9999963,0.2539867,0.7295495,0.9999839,0.26244313,0.73305154,0.9999881,0.2752499,0.652785,0.9997626,0.38537988,0.7108942,0.9996351,0.1503807,0.5999018,0.9137719,0.49435672,0.7757997,0.99118114,0.06984776,0.5575778,0.9765097,0.5721433,0.83477294,0.976075,0.03925723,0.54340553,0.9410449,0.6004236,0.85324585,0.9446735,0.03681749,0.54724336,0.9498796,0.60188025,0.8550187,0.94931835,0.04788336,0.5504242,0.953561,0.593575,0.84577835,0.93924403,0.45874107,0.41131577,0.9997553,0.5136955,0.43606043,0.9992704,0.34705567,0.26183265,0.9951155,0.69966775,0.36298957,0.9992619,0.47845152,0.09790799,0.99524033,0.87932706,0.2933444,0.9990908,0.51378125,0.081344515,0.98596823,0.9021529,0.29244325,0.96251476,0.43853468,0.015422016,0.99431217,0.9211308,0.23578231,0.9965546
19172_aug.jpg,0.14663017,0.57589537,0.99999154,0.12583718,0.5676164,0.99996126,0.12464774,0.560682,0.99996436,0.12377536,0.5549235,0.9999465,0.13057378,0.58738804,0.99997044,0.13191164,0.5940571,0.99996865,0.13289586,0.5996991,0.9999659,0.13388157,0.54390407,0.99992573,0.14337552,0.6049504,0.99997234,0.16733328,0.5595577,0.9998828,0.17129064,0.58464867,0.999877,0.25605273,0.4729694,0.99898165,0.26752856,0.64479655,0.99922764,0.22661626,0.36148372,0.987861,0.25176516,0.7675892,0.9698776,0.18572274,0.25631917,0.9830119,0.22477663,0.8947165,0.9659805,0.17697719,0.21948653,0.9571279,0.21673614,0.9166095,0.90556175,0.17099327,0.21816337,0.962729,0.21400887,0.9182091,0.9166888,0.17684078,0.23002186,0.9643828,0.220218,0.9128926,0.93568856,0.58888555,0.47965035,0.9970599,0.59263027,0.5811609,0.9993899,0.73874295,0.31194222,0.9890619,0.6687234,0.73102736,0.9958478,0.87635565,0.16104785,0.9883597,0.89902747,0.72322065,0.9927384,0.8975532,0.1566621,0.87701464,0.93770707,0.7022687,0.9715835,0.94201326,0.082930684,0.9685517,0.9672963,0.79762477,0.97860146
20062.jpg,0.34628606,0.15801328,0.99999833,0.3536266,0.13700235,0.99999595,0.35892615,0.1353473,0.9999974,0.36499053,0.13384604,0.99999523,0.33960247,0.14052871,0.99999535,0.3362818,0.14091513,0.9999956,0.33329886,0.14120477,0.9999945,0.38246334,0.1374397,0.9999969,0.3418235,0.14456332,0.9999962,0.36347592,0.17292872,0.99999166,0.34615946,0.1758624,0.9999832,0.46625194,0.22843444,0.99998367,0.33019662,0.25320327,0.9997123,0.5796794,0.20499817,0.99942756,0.22862463,0.27513713,0.9503196,0.6718974,0.17054746,0.9969766,0.12306523,0.27271828,0.9901524,0.70774305,0.16134292,0.9875168,0.09112015,0.27990508,0.97086257,0.70488465,0.15703705,0.99011236,0.088505745,0.27584,0.9746937,0.69311625,0.16089717,0.9895244,0.09909308,0.27511466,0.97948426,0.5057541,0.5436309,0.9998099,0.4405784,0.55144095,0.99987125,0.67674106,0.69462866,0.99809724,0.30301458,0.6414213,0.99147975,0.8310145,0.80440056,0.998679,0.3673434,0.88656884,0.99425405,0.84817207,0.82004327,0.98099136,0.39612272,0.92092407,0.9870842,0.8520509,0.86968845,0.996253,0.29575333,0.95060855,0.9904046
20417.jpg,0.5385038,0.60955447,0.99955565,0.53408647,0.5987747,0.99892247,0.53491515,0.5975764,0.99884075,0.5358061,0.59636146,0.9987173,0.5294222,0.60196114,0.99925345,0.5269272,0.6030348,0.9992766,0.5245091,0.60415626,0.9990602,0.5324311,0.59988445,0.9991899,0.51707673,0.6102926,0.9988834,0.54233056,0.61559737,0.99850357,0.535044,0.62033284,0.99796426,0.5765774,0.6295986,0.999151,0.49948996,0.6630502,0.9982486,0.6314795,0.6264417,0.9348738,0.45358106,0.6866596,0.9807638,0.69194454,0.61039835,0.92095834,0.4340612,0.6824247,0.9590987,0.7150646,0.61961985,0.8307369,0.42261824,0.684353,0.9066895,0.7240044,0.62189776,0.8592653,0.4290353,0.67847586,0.90944266,0.7166592,0.62622833,0.8613268,0.4347087,0.67938924,0.8856723,0.60620874,0.7835125,0.9993087,0.555393,0.79876965,0.9987582,0.69996804,0.8114557,0.9974367,0.52766,0.8947896,0.99483263,0.7485601,0.8951749,0.9899755,0.503098,0.9727044,0.99163765,0.7475951,0.90830755,0.9469613,0.50162464,0.9800447,0.8948419,0.78768456,0.9103626,0.97912246,0.4992587,0.9953446,0.9735737
21610.jpg,0.52224976,0.80135274,0.9999994,0.5272615,0.8189349,0.99999917,0.52641785,0.819108,0.99999857,0.5255034,0.8190949,0.9999988,0.53433025,0.81846774,0.9999994,0.53955007,0.81780577,0.9999993,0.54471254,0.81672275,0.99999917,0.53874534,0.809919,0.9999982,0.5674077,0.8040962,0.99999905,0.5204128,0.7804913,0.999995,0.5288731,0.77899194,0.99999547,0.4794379,0.70046026,0.9998753,0.6153731,0.68277264,0.9998697,0.37200737,0.73015404,0.92949647,0.72969306,0.67973936,0.99407756,0.29937166,0.751664,0.9896456,0.819468,0.6637913,0.99281466,0.26780754,0.7578906,0.9739329,0.85245955,0.66235536,0.9811788,0.26791447,0.76129484,0.978092,0.85411775,0.6623132,0.98304856,0.28040048,0.75698,0.97700274,0.8423788,0.65983915,0.9784183,0.4871578,0.40134376,0.99988914,0.5530565,0.39743894,0.99969196,0.3273455,0.31227696,0.9860297,0.63780737,0.20545425,0.9946091,0.2690467,0.109004796,0.98864484,0.7365831,0.03476,0.9963554,0.27971253,0.07280311,0.9710797,0.75029117,0.015411228,0.92193455,0.19588351,0.07197446,0.9867148,0.73462707,-0.013791263,0.9914044
2221_aug.jpg,0.33145738,0.729102,0.99999905,0.32089248,0.74044186,0.99999833,0.320923,0.7413395,0.99999726,0.3209257,0.74221826,0.9999976,0.3211784,0.74270946,0.9999993,0.32148975,0.7450939,0.99999917,0.32203084,0.74764913,0.99999905,0.33071986,0.7540501,0.99999714,0.33446902,0.7617003,0.99999917,0.34636995,0.7286558,0.99999523,0.3473518,0.7319944,0.9999969,0.3978569,0.70058477,0.99984765,0.4351045,0.7787915,0.9999118,0.34903213,0.62563753,0.93613446,0.48532265,0.8550822,0.99459535,0.3074614,0.5531325,0.98665595,0.51825935,0.9259218,0.9965708,0.29915726,0.5298527,0.96579707,0.5331473,0.949577,0.9929147,0.29546088,0.52775836,0.97203225,0.5339691,0.94956183,0.9935183,0.3005142,0.5360751,0.9727634,0.531759,0.9414929,0.99064964,0.6248529,0.6080054,0.9998925,0.64374566,0.65456843,0.9997764,0.7075406,0.4635447,0.99051267,0.80189764,0.6321811,0.9950237,0.8536515,0.39621583,0.989655,0.9596522,0.61741596,0.99735993,0.8824544,0.39862788,0.9782607,0.9787548,0.61798006,0.952695,0.8556473,0.3249854,0.9898483,1.0044495,0.6054671,0.9948489
22749.jpg,0.32294497,0.63252985,0.99972194,0.30654845,0.622328,0.9975268,0.3052162,0.6181455,0.99830306,0.30381003,0.6137206,0.9970108,0.30913743,0.6294898,0.9982747,0.30944455,0.6298958,0.99879694,0.30951864,0.63031495,0.99810827,0.3040897,0.5878693,0.9971204,0.30887005,0.60940516,0.99798155,0.3351851,0.6168035,0.99532026,0.33805585,0.62646025,0.99505424,0.35921067,0.4901618,0.9987748,0.4005559,0.63267136,0.9997923,0.28424075,0.37565595,0.9981969,0.45856678,0.7410685,0.98059833,0.22377703,0.27598205,0.9890015,0.50588703,0.84040576,0.98289627,0.20998284,0.24581502,0.96359754,0.5169859,0.874215,0.9559443,0.20222232,0.24202351,0.9685162,0.51500255,0.8769126,0.96394813,0.20873892,0.2515447,0.9737983,0.5149123,0.8673466,0.9725108,0.56721705,0.42274824,0.9897886,0.59343964,0.50977963,0.9990823,0.58114135,0.27111214,0.9959442,0.6613639,0.64766556,0.9976036,0.570771,0.10593772,0.9938067,0.81325567,0.5627298,0.99482226,0.57019544,0.08760768,0.9625031,0.8257457,0.5295878,0.9933056,0.58801305,0.07003459,0.9895773,0.87989414,0.6173739,0.9898811
23775.jpg,0.2783718,0.22623059,0.99999976,0.2623168,0.21968889,0.99999964,0.26288658,0.21862005,0.9999994,0.26317424,0.21783124,0.9999994,0.2565314,0.22680525,0.99999976,0.25314164,0.2306712,0.99999976,0.24935153,0.23527499,0.99999964,0.2599193,0.23073551,0.99999917,0.24226531,0.2552343,0.9999994,0.29248738,0.2374539,0.99999833,0.28633124,0.24623854,0.9999976,0.36410484,0.2693961,0.99989617,0.26371726,0.3582031,0.99975675,0.42601883,0.20569032,0.9536963,0.2084974,0.4194501,0.9988059,0.46620417,0.11890492,0.9963576,0.13005954,0.47747976,0.9988702,0.49161857,0.095379084,0.9898629,0.113040686,0.5077872,0.9961733,0.48790386,0.09308636,0.9917012,0.11216068,0.50899374,0.9965443,0.47978416,0.103568345,0.9904117,0.121129006,0.49866208,0.9943606,0.5689094,0.45800355,0.99999607,0.5199389,0.52776134,0.99995255,0.6949737,0.40251482,0.9984754,0.6140379,0.71506906,0.9951733,0.893457,0.53698575,0.99816376,0.6168674,0.8950168,0.9953988,0.910711,0.5768941,0.9951101,0.61001676,0.9228271,0.9294713,0.9645616,0.50850517,0.99790704,0.66625625,0.9282219,0.9907004
23918_aug.jpg,0.35665074,0.7572229,0.9998559,0.33823535,0.76554227,0.99936885,0.33441594,0.7634383,0.9994399,0.330503,0.7612175,0.9994481,0.3431735,0.76850057,0.99949765,0.34310672,0.76861453,0.9994466,0.34286588,0.76881313,0.999376,0.31486273,0.74440694,0.999603,0.33222944,0.7572409,0.998919,0.35482073,0.73823225,0.99929655,0.3612092,0.7435706,0.9982621,0.30036473,0.62115544,0.99957246,0.41374764,0.6945266,0.99945563,0.1913802,0.5339443,0.9977859,0.52150154,0.7448005,0.9657092,0.09694365,0.46221867,0.9839835,0.62757254,0.80082774,0.97084075,0.071449935,0.45121184,0.9587706,0.6608536,0.8244202,0.93494457,0.06997043,0.4498635,0.96197385,0.6594238,0.82893765,0.94517654,0.08180976,0.4516191,0.9632585,0.6520606,0.8187816,0.9528653,0.45867223,0.374386,0.9952708,0.5174387,0.4092141,0.9990526,0.4009245,0.1941517,0.99461997,0.7095218,0.38885546,0.9917854,0.34343457,0.040860057,0.9911628,0.7754814,0.19648698,0.9857508,0.33047074,0.031943083,0.9471507,0.76701045,0.16089454,0.9750006,0.3601681,0.012551248,0.97452617,0.8676467,0.20383355,0.96310234
24113_aug.jpg,0.28697392,0.7958777,0.99999535,0.28814468,0.8155905,0.9999957,0.28818518,0.81580865,0.9999943,0.28836077,0.8159511,0.99999535,0.29330605,0.81748676,0.99999523,0.2965949,0.8187636,0.9999943,0.30076602,0.8200065,0.9999939,0.3091246,0.81437093,0.99999297,0.32716337,0.81798923,0.9999931,0.29645604,0.7774354,0.99997926,0.3043204,0.77847165,0.99998224,0.31540585,0.69449764,0.99953735,0.41880172,0.7245203,0.99951327,0.24799493,0.6450628,0.71927506,0.54456425,0.7737441,0.9771591,0.19101396,0.6439979,0.86902,0.62706906,0.8168175,0.91241664,0.17274341,0.6403605,0.7902504,0.659133,0.82965446,0.8485996,0.17842415,0.6519394,0.8059852,0.6634461,0.83168286,0.85469455,0.18709767,0.6496124,0.80867803,0.6528797,0.8238417,0.84634835,0.44627208,0.41865474,0.99957496,0.5018632,0.43041772,0.999223,0.30608934,0.2918651,0.98579746,0.6755576,0.32739434,0.99888164,0.40756595,0.1109826,0.9880349,0.8419633,0.22149967,0.9986953,0.44390863,0.08670667,0.9672459,0.8652681,0.21190742,0.9578988,0.35508364,0.032697827,0.9857621,0.85771525,0.15660581,0.99467444
24435_aug.jpg,0.5671717,0.7596562,0.999213,0.58162534,0.7539406,0.9991295,0.5823473,0.75262696,0.99886394,0.5830618,0.75121266,0.99914134,0.5820806,0.7523454,0.99912876,0.5830102,0.7500231,0.9990784,0.5838526,0.74758947,0.99907,0.58303463,0.73331356,0.9986084,0.58373094,0.7304213,0.99928766,0.5554115,0.7533943,0.99714786,0.5566344,0.751036,0.99721575,0.5226775,0.7107812,0.9927706,0.5309638,0.70372975,0.9982761,0.604313,0.7561392,0.18754274,0.61677325,0.76409084,0.9867018,0.69935995,0.80067027,0.44832006,0.70828116,0.8044084,0.988225,0.72236156,0.80911124,0.4677039,0.72894704,0.8147249,0.98263484,0.72805566,0.80674195,0.47648782,0.7348559,0.8108694,0.977706,0.7213375,0.80305934,0.49877378,0.7294427,0.80690527,0.9604035,0.30186138,0.67963934,0.9996588,0.30780518,0.6428303,0.9994086,0.1901112,0.7612039,0.94360363,0.19736119,0.5323296,0.995626,0.04993117,0.7274092,0.95727175,0.11846778,0.41317844,0.9942644,0.031502753,0.7051591,0.93112296,0.11083715,0.39462897,0.95488846,0.0069440007,0.7913318,0.93873274,0.06744203,0.41420978,0.9761583
24797_aug.jpg,0.75275624,0.3434391,0.99997365,0.7725954,0.3483624,0.99990785,0.77451557,0.35252094,0.9999391,0.7761897,0.3567315,0.9999019,0.7701751,0.3409109,0.9999052,0.7704057,0.3398133,0.99992764,0.77065456,0.3389143,0.9999182,0.7772744,0.37747735,0.99990606,0.7712997,0.35795158,0.99991286,0.7415314,0.3603118,0.99986625,0.7386551,0.3506506,0.99970824,0.70987666,0.47129443,0.9998323,0.66266465,0.37205452,0.9995272,0.75481343,0.57317144,0.99750227,0.6142416,0.27282345,0.96225035,0.77755773,0.66134936,0.9927884,0.5867112,0.17844597,0.99071676,0.7819676,0.69517034,0.97716653,0.57572305,0.14907938,0.9723974,0.78435415,0.69521326,0.9808638,0.5775624,0.14366907,0.97686505,0.78087497,0.68593264,0.97843814,0.57971805,0.15368873,0.9813556,0.44617397,0.57729644,0.9994236,0.4258659,0.5120258,0.99981564,0.37261164,0.74913996,0.9982679,0.31153336,0.39071542,0.99726415,0.2953211,0.90641963,0.9986254,0.13017803,0.4713332,0.99683136,0.2818197,0.92072463,0.9791789,0.10392246,0.5026995,0.9887356,0.25918776,0.9354197,0.9959096,0.06328201,0.41207525,0.993067
25206.jpg,0.7265945,0.5672319,0.99945205,0.7378509,0.57686716,0.99981314,0.73802435,0.57553023,0.9998355,0.73835593,0.5738722,0.99984884,0.73539424,0.58343655,0.99975806,0.73345375,0.5868382,0.9997241,0.7311322,0.59064114,0.99978274,0.7263281,0.5789249,0.9997062,0.71151966,0.606612,0.99965775,0.71253854,0.56054974,0.9971456,0.70903856,0.56782085,0.9965676,0.6868095,0.48668718,0.99919313,0.5842876,0.64173317,0.9997099,0.75309,0.35773283,0.9912627,0.5042293,0.7588035,0.9977748,0.8272102,0.24139623,0.9702458,0.4247349,0.8811867,0.9281349,0.84154874,0.2067815,0.9453363,0.4034026,0.9097233,0.8358963,0.85067624,0.20913324,0.9422804,0.40877283,0.9200158,0.8239527,0.8448546,0.22010349,0.87929463,0.41591322,0.9076905,0.77541023,0.43112862,0.39315638,0.9958984,0.3769101,0.4874994,0.9978986,0.49045497,0.19680563,0.9942569,0.19448689,0.5624471,0.9589327,0.32492232,0.05127257,0.9814745,0.0025433898,0.6325777,0.95979035,0.2922874,0.04838863,0.9730079,-0.008991569,0.63792884,0.9496556,0.32667947,-0.020720929,0.9533843,-0.02089712,0.6300765,0.8959969
25212.jpg,0.47352132,0.21759862,0.99992275,0.49121714,0.20904002,0.99945134,0.49611017,0.20999455,0.99966943,0.5013082,0.2109015,0.9994235,0.48377872,0.20782009,0.9995565,0.4835821,0.2080499,0.99971026,0.48341456,0.2080862,0.9994733,0.5225441,0.22572562,0.99956435,0.49799925,0.22067714,0.9995602,0.483731,0.23684189,0.99877495,0.47338635,0.23428696,0.99812764,0.5946748,0.33488685,0.99956137,0.41759396,0.31496304,0.99967873,0.74161446,0.35272247,0.99920446,0.27838236,0.3075397,0.97937346,0.8772708,0.37430856,0.99279904,0.13993275,0.29906186,0.9727868,0.9174168,0.3776556,0.9759237,0.0992977,0.29032046,0.9387914,0.9256766,0.37322602,0.97901523,0.096166015,0.28754386,0.94989324,0.9107092,0.3742149,0.9811732,0.10832623,0.29368326,0.96292084,0.5301343,0.56843024,0.9831355,0.4204822,0.5468953,0.9964939,0.6847058,0.695854,0.98856807,0.23662888,0.5548322,0.99134517,0.8356796,0.80968153,0.98848957,0.2262668,0.7577317,0.9817586,0.8472836,0.8288095,0.946194,0.24910235,0.78919375,0.9856936,0.86794186,0.8547598,0.9812245,0.12786105,0.79029274,0.96371555
25275_aug.jpg,0.5676028,0.34341827,0.99998415,0.56003034,0.32805172,0.9999659,0.5595271,0.32766253,0.9999676,0.5587752,0.32734844,0.9999567,0.55472,0.32858866,0.99997175,0.5511904,0.32877955,0.9999721,0.5473265,0.3293946,0.99995613,0.54028004,0.33536014,0.99996173,0.52428174,0.33997616,0.9999715,0.56607103,0.35958862,0.9998903,0.5595441,0.36209077,0.999918,0.5861647,0.4181687,0.9999094,0.4491593,0.42790878,0.9998487,0.70527196,0.41720963,0.9942814,0.33234936,0.45321476,0.99591905,0.79116046,0.4042731,0.9959216,0.22721717,0.4632641,0.9929261,0.8214921,0.40173766,0.98532456,0.19273537,0.46557212,0.9819549,0.82194597,0.39796895,0.9880443,0.19025713,0.4636933,0.9840184,0.81235635,0.40056288,0.9898252,0.2038815,0.46422535,0.98104423,0.5579916,0.6410063,0.9992291,0.4712987,0.64742345,0.99898094,0.71559846,0.6456629,0.9979709,0.34720176,0.7461136,0.99949205,0.7211277,0.80697834,0.99640673,0.21659237,0.8438488,0.99956983,0.70686066,0.83167017,0.9915386,0.1896747,0.8562057,0.9879693,0.79313594,0.84166116,0.99437875,0.1760718,0.88711655,0.9977449
26019.jpg,0.43917567,0.02123791,0.99568653,0.44978514,-0.0059265494,0.9900974,0.45784494,-0.006124735,0.9902698,0.46634883,-0.00643754,0.99127334,0.43216252,-0.0044900775,0.98942435,0.427984,-0.0034971237,0.9892189,0.42424613,-0.0026456714,0.9881142,0.48798785,0.003300786,0.9900047,0.43114498,0.0067741275,0.98678046,0.45761296,0.044767022,0.98641473,0.43590695,0.045272768,0.9752204,0.614712,0.15795127,0.9922083,0.37304467,0.16383114,0.98759544,0.810487,0.21385115,0.9670981,0.13573405,0.10745454,0.9841724,0.9964868,0.2888058,0.8835557,-0.098176956,0.07840097,0.9268624,1.0667672,0.3066713,0.75536776,-0.17270935,0.07842451,0.763972,1.067419,0.30584538,0.79029155,-0.17353606,0.074513316,0.7967936,1.0376606,0.30368024,0.8255342,-0.14510566,0.08099502,0.8556379,0.6092242,0.6271783,0.96508616,0.46808237,0.6195837,0.9881356,0.7841584,0.8767843,0.9645909,0.22479612,0.7035791,0.983633,0.8610097,1.0079492,0.8603893,0.25095755,0.9688955,0.8932423,0.86395895,1.0122195,0.548359,0.33181855,0.97721267,0.84277505,0.9233138,1.1231167,0.6605145,0.2257849,1.0661739,0.7962102
26660_aug.jpg,0.6513587,0.54668856,0.9999726,0.6530987,0.5654212,0.9998858,0.650323,0.5686773,0.9999043,0.6476511,0.5717683,0.9998727,0.6580406,0.5598921,0.99989974,0.6583787,0.55952,0.99991465,0.6589118,0.55933595,0.9998796,0.6269827,0.58396834,0.9998647,0.6436294,0.5701957,0.99983335,0.63304746,0.5443084,0.9997483,0.6390993,0.5371164,0.99958986,0.51742923,0.5842531,0.99964213,0.61399853,0.48370364,0.99984086,0.42719156,0.65823454,0.99773455,0.6820464,0.3958195,0.99080104,0.3496297,0.7326838,0.9850817,0.75146985,0.33586302,0.98802394,0.32904223,0.7560184,0.9549379,0.7730794,0.31290805,0.96094984,0.32827973,0.7622186,0.9611443,0.7758231,0.31336027,0.9669394,0.3351095,0.75135314,0.96704346,0.7683644,0.32005465,0.9748102,0.36542413,0.42536515,0.996333,0.43085808,0.36369672,0.9989213,0.20986333,0.4548972,0.99792624,0.51495785,0.23694497,0.9986993,0.053682297,0.4915756,0.9964349,0.40595657,0.13390249,0.99493957,0.038889527,0.49715889,0.9560445,0.37862545,0.12982392,0.99030834,0.016974777,0.4808929,0.99012566,0.4243535,0.057479262,0.9882626
27178.jpg,0.66500056,0.51922095,0.9998142,0.67354774,0.5293818,0.9994894,0.67303896,0.53003496,0.99967694,0.6725079,0.53047246,0.99947184,0.6744493,0.52877,0.9994382,0.6743642,0.52905476,0.9995809,0.67414093,0.52915376,0.99950564,0.66502243,0.5353577,0.99964976,0.66751504,0.533908,0.99960905,0.65254647,0.514469,0.99919015,0.652847,0.5118148,0.99869186,0.58474505,0.5351591,0.9998166,0.6215638,0.48214424,0.9992924,0.5613122,0.6110086,0.9968054,0.6868336,0.42252347,0.9519425,0.5322935,0.690263,0.98662704,0.75347173,0.37376446,0.9876764,0.5198462,0.70874465,0.96407604,0.7688391,0.35421735,0.964526,0.52238905,0.7111898,0.9683327,0.771546,0.3542341,0.96845466,0.5248428,0.70415014,0.9716483,0.7645787,0.35981688,0.9714826,0.39043096,0.3984977,0.99977785,0.4166597,0.3636475,0.99989045,0.23396313,0.4079624,0.9995283,0.45946634,0.2550764,0.9978393,0.09156346,0.4186769,0.9995603,0.31725645,0.15452912,0.9967438,0.06775096,0.4316306,0.9809806,0.28967452,0.15023127,0.98901016,0.054082274,0.36895335,0.9984499,0.3076737,0.10179865,0.9953353
2770_aug.jpg,0.71203315,0.5121205,0.9999925,0.72354144,0.5278699,0.9999684,0.72262,0.53170955,0.99997973,0.72175217,0.53563815,0.9999672,0.7255111,0.5239776,0.9999715,0.7260595,0.5248746,0.9999794,0.7267401,0.52588993,0.99996793,0.7070792,0.5586688,0.9999746,0.7131735,0.5444862,0.99996436,0.6950742,0.51727235,0.9999248,0.69589514,0.5109288,0.99985886,0.5983163,0.6061847,0.99989057,0.6521092,0.47640803,0.9997986,0.5626769,0.7150821,0.998909,0.6940909,0.3777501,0.972984,0.53399146,0.8134367,0.9945503,0.7350894,0.2908545,0.9883758,0.5290004,0.8414748,0.9834064,0.7454333,0.2622964,0.9712427,0.5320636,0.84716344,0.98512,0.7495494,0.26311037,0.9761973,0.5318122,0.83552957,0.9856312,0.7440246,0.27217722,0.9819193,0.3682874,0.48565945,0.99918264,0.39323017,0.43285668,0.99962366,0.22893345,0.5710443,0.9990239,0.40930536,0.28397828,0.99607193,0.07456511,0.678139,0.99922824,0.24837802,0.21138087,0.99560475,0.047374517,0.70314115,0.99056226,0.21627647,0.21411476,0.9934815,0.028911918,0.65106064,0.99831176,0.22385643,0.13064066,0.9927617
28195_aug.jpg,0.25437963,0.6360168,0.9999317,0.23667955,0.63612133,0.999972,0.23700207,0.63690335,0.99997497,0.23747861,0.6378002,0.9999752,0.23481229,0.6311936,0.99996376,0.23393613,0.6285075,0.9999596,0.23319787,0.6256615,0.9999672,0.24376258,0.62477344,0.9999404,0.23927206,0.60400707,0.99996066,0.27114847,0.6315842,0.9996376,0.26899558,0.62548804,0.999605,0.3481918,0.6502957,0.9993579,0.31386033,0.49647993,0.9998611,0.38655537,0.76999927,0.9849995,0.27176636,0.37792957,0.99626094,0.41813105,0.874923,0.9647383,0.2344445,0.26935592,0.95220405,0.4273963,0.90439373,0.94607544,0.22485119,0.23355362,0.9088541,0.42257035,0.9081986,0.94419897,0.21616617,0.23427343,0.90397424,0.42122573,0.89898,0.89137673,0.22061789,0.24571258,0.8696252,0.59679955,0.52897245,0.9977088,0.5703268,0.44484258,0.99936575,0.6887383,0.6824746,0.9948696,0.6846231,0.27051598,0.9830768,0.8770716,0.64765686,0.9696954,0.7545985,0.105407774,0.96697617,0.89845765,0.62809396,0.95509315,0.79304576,0.07314578,0.9509647,0.9406128,0.7126736,0.9487989,0.8035278,0.045159966,0.92561275
28360_aug.jpg,0.6331397,0.2415444,0.9999949,0.6299964,0.21975157,0.99999595,0.6273397,0.21812561,0.99999595,0.6244243,0.21654317,0.99999547,0.6313901,0.22076836,0.9999969,0.6299872,0.2200833,0.99999714,0.62811816,0.21946162,0.9999968,0.59893477,0.21649313,0.99999726,0.606251,0.22146034,0.9999951,0.617602,0.25785437,0.9999745,0.6183912,0.2582779,0.99996865,0.48273003,0.31226593,0.99969995,0.5906134,0.34040397,0.9996406,0.37225664,0.26803955,0.98918635,0.6888206,0.32590112,0.99102986,0.289671,0.24528036,0.97119224,0.80841196,0.34771168,0.9576395,0.2596822,0.23896202,0.9440878,0.83129525,0.35640883,0.94789517,0.2604183,0.23495105,0.9422189,0.8374804,0.3468769,0.94635755,0.2702927,0.23990509,0.90268195,0.81274414,0.34503075,0.913222,0.43151915,0.6317721,0.99954295,0.47783116,0.6560027,0.99950814,0.24711697,0.72778225,0.9955988,0.6200299,0.7445926,0.99851006,0.078134686,0.8232082,0.9939512,0.5459663,0.9205315,0.99785244,0.054773897,0.8370597,0.9920676,0.51187557,0.9164554,0.9942365,0.06574926,0.8542464,0.9910745,0.5553044,0.9671159,0.99614304
28463_aug.jpg,0.6722878,0.79312396,0.9999951,0.67217624,0.8104444,0.9999846,0.6683979,0.812654,0.99999225,0.66457605,0.8148104,0.99998593,0.681726,0.80452216,0.99997365,0.68469775,0.80258775,0.99997914,0.687486,0.800773,0.9999763,0.65328836,0.8117636,0.9999865,0.6836798,0.79423684,0.9999846,0.6557479,0.7823072,0.9999869,0.6696731,0.7751018,0.9999764,0.5486802,0.73866785,0.9999851,0.67147934,0.68536925,0.9997707,0.4550243,0.798833,0.9989416,0.75114655,0.6455264,0.91183597,0.39239353,0.8464389,0.9961146,0.84833914,0.60732996,0.971041,0.35836732,0.8523443,0.9861908,0.8739426,0.5947128,0.9275827,0.36503264,0.8540485,0.98885334,0.87645066,0.5957599,0.93815506,0.37715974,0.8493829,0.98712105,0.86627364,0.5967466,0.9443553,0.4312762,0.4444472,0.9999428,0.4923261,0.42096293,0.9999932,0.2655441,0.36110845,0.9962274,0.5653145,0.28461367,0.9986773,0.102005064,0.27343142,0.99802953,0.45817786,0.084049314,0.9981592,0.08301583,0.26390955,0.91959983,0.4210588,0.06859976,0.98531866,0.07341775,0.21231997,0.9950334,0.46957844,-0.0027126372,0.9967444
29426.jpg,0.24762192,0.44412017,0.99998295,0.23732617,0.43274564,0.9999716,0.23753053,0.43183988,0.99998105,0.23774645,0.43106842,0.9999757,0.2370387,0.43228245,0.99995553,0.23710385,0.4309454,0.99995863,0.23729733,0.4296148,0.99995303,0.24679983,0.42388457,0.99998295,0.24746072,0.4219145,0.99996006,0.26201192,0.4467723,0.99996865,0.26098025,0.44753206,0.99990726,0.353231,0.42497745,0.99997294,0.32505053,0.48510212,0.9993625,0.39658123,0.34592885,0.9989397,0.27667677,0.54682016,0.9103456,0.4402138,0.28486085,0.9981547,0.19104475,0.61222625,0.9649133,0.4556846,0.26210928,0.99553216,0.17623523,0.6298573,0.91911155,0.45281732,0.26553166,0.9958947,0.17257622,0.62788594,0.9278361,0.44900966,0.27583945,0.9940606,0.1785757,0.6232857,0.93345165,0.5849403,0.5551926,0.99974674,0.5601327,0.59336543,0.9998566,0.7656457,0.5518631,0.98609006,0.58218193,0.7503465,0.978937,0.93644166,0.5610382,0.98760337,0.74545467,0.8774413,0.96618915,0.9594904,0.55949277,0.9368487,0.7831553,0.88324237,0.9508224,0.9765165,0.59052926,0.9705339,0.73491067,0.95470905,0.93230176
29445_aug.jpg,0.7313614,0.53559506,0.9999932,0.7450536,0.52273655,0.99998915,0.7445798,0.52050143,0.999987,0.74415207,0.51809716,0.99998593,0.74524724,0.5223185,0.9999914,0.7448774,0.52016205,0.99999106,0.7444558,0.5177917,0.99998975,0.7356408,0.501618,0.9999825,0.7357725,0.50246096,0.999992,0.7162413,0.53261626,0.9999534,0.71679527,0.53187436,0.9999696,0.6360112,0.57034564,0.9990971,0.63624036,0.46708515,0.99978524,0.65612143,0.6784318,0.8164792,0.6156674,0.3403654,0.9976726,0.68922365,0.7580312,0.9256378,0.62240154,0.24038613,0.99201727,0.70053566,0.798684,0.85020804,0.61620474,0.2080692,0.9748775,0.7011956,0.80942994,0.87211895,0.62351173,0.2023974,0.97595793,0.69737864,0.782017,0.8904965,0.62298906,0.21610197,0.97204834,0.3756151,0.58930045,0.99913955,0.3594626,0.5293095,0.9993042,0.3259626,0.74190396,0.9927562,0.1944583,0.44216868,0.9996755,0.14657995,0.7525132,0.99108315,0.03922206,0.32702944,0.99925965,0.10687977,0.7394526,0.9773167,0.03640327,0.29434383,0.9742147,0.11994362,0.83385164,0.98763496,-0.024817705,0.34107655,0.99682707
30234_aug.jpg,0.6370399,0.3311907,0.99998856,0.6531409,0.32881182,0.99996924,0.6555802,0.33110803,0.99998176,0.6580876,0.33346793,0.99996734,0.65065366,0.32599694,0.9999691,0.65127325,0.3261347,0.9999759,0.65214443,0.32635653,0.9999716,0.6698415,0.3531224,0.9999807,0.66162837,0.3427802,0.9999802,0.6315063,0.34699887,0.9999536,0.6279248,0.34295338,0.999881,0.64636546,0.44885808,0.9999323,0.5814409,0.36774838,0.99975437,0.7022519,0.5211958,0.99950314,0.5351783,0.29547095,0.9559956,0.73352474,0.5958737,0.9966092,0.4906795,0.22368816,0.99169123,0.74123704,0.62542087,0.9859687,0.4745574,0.20859256,0.9750225,0.7385463,0.62280256,0.98862016,0.47712612,0.20694184,0.97834945,0.733745,0.61215264,0.98916537,0.47969773,0.21047488,0.98032856,0.4305421,0.5737787,0.99958175,0.40052933,0.5340401,0.9998908,0.37443385,0.7281114,0.993952,0.25789452,0.48835894,0.99168915,0.34201166,0.878053,0.9952252,0.13398567,0.6072782,0.991514,0.3416537,0.90543854,0.9709201,0.12234169,0.643768,0.9851297,0.3263411,0.92041254,0.98998064,0.0610542,0.5796326,0.983642
30576.jpg,0.73313576,0.5152308,0.99976355,0.74679804,0.52196795,0.99992156,0.746675,0.52058154,0.99993396,0.7466248,0.5188743,0.99994254,0.7462063,0.5289271,0.9998909,0.7453462,0.53252983,0.99988055,0.74429065,0.5361717,0.99990416,0.7366672,0.5262726,0.9998745,0.72933376,0.5556394,0.99982494,0.71872246,0.51189387,0.99880445,0.7168159,0.5202443,0.9984346,0.67737925,0.44953516,0.9997075,0.6154496,0.62176436,0.9998368,0.7189498,0.30720258,0.99156624,0.55651045,0.75428236,0.9978466,0.7663181,0.18043032,0.9779484,0.50855494,0.8887824,0.95029634,0.7753925,0.14543149,0.96011144,0.49668807,0.9253651,0.88913244,0.7858983,0.14446455,0.95800674,0.50491077,0.93178093,0.8801566,0.7808359,0.15622258,0.9094602,0.5069546,0.9184933,0.83534634,0.40932024,0.4149605,0.9975637,0.37613183,0.5148055,0.9986915,0.42449516,0.20819113,0.99529946,0.20665713,0.63283944,0.9614227,0.23922478,0.09967399,0.98519623,0.02821827,0.75416553,0.966781,0.20128806,0.10237566,0.9805196,0.013076961,0.7677167,0.95856375,0.25760406,0.010845035,0.9678146,0.0014172494,0.7736683,0.9215649
30654.jpg,0.7841556,0.64041597,0.99999976,0.7957871,0.6555042,0.99999917,0.7941413,0.65915805,0.9999994,0.79243636,0.6629991,0.9999989,0.80094886,0.6471298,0.9999988,0.80277646,0.645163,0.9999989,0.80470014,0.6433989,0.99999845,0.7847469,0.6737491,0.9999987,0.80027103,0.65023327,0.99999905,0.76657,0.6419783,0.9999981,0.7718197,0.6312866,0.9999958,0.68013513,0.67312443,0.9999826,0.7313323,0.5781689,0.99981004,0.62730825,0.73464835,0.99743986,0.7745428,0.5116375,0.9624555,0.593657,0.82544327,0.9974712,0.8337561,0.46281478,0.988362,0.58454514,0.8495882,0.99359846,0.85400647,0.44078386,0.9661174,0.5897704,0.8528329,0.9949508,0.8537797,0.44283128,0.9694508,0.59195817,0.8435236,0.99453175,0.8455515,0.44863108,0.97417295,0.43781596,0.48293665,0.9999206,0.46512917,0.44826126,0.9999248,0.2298055,0.47503513,0.9941724,0.46528962,0.30080622,0.99369794,0.036091626,0.49958825,0.9953531,0.2796985,0.18791702,0.9914136,0.018051684,0.5019398,0.956037,0.24797592,0.17827198,0.9790355,-0.0068858564,0.48796728,0.9868357,0.2558236,0.10630119,0.9842762
30871.jpg,0.4098909,0.45117068,0.99996936,0.39706495,0.4555511,0.9999248,0.3973228,0.45454484,0.99990463,0.39777064,0.45362133,0.99989307,0.39732695,0.46296173,0.99990976,0.39781904,0.46762007,0.99985087,0.39854214,0.47274137,0.99983585,0.40585566,0.46383464,0.99994504,0.407385,0.49013197,0.99991786,0.42555302,0.44967443,0.9999727,0.42563388,0.45804733,0.9999492,0.4731823,0.40859807,0.99999225,0.47361845,0.54066175,0.9999993,0.5204376,0.29447123,0.9895852,0.39037067,0.61463,0.9977622,0.5400994,0.18727282,0.961078,0.29478186,0.66599023,0.99512804,0.54166704,0.15701175,0.91370463,0.2712101,0.680475,0.9823828,0.5375269,0.1537616,0.9219979,0.2660446,0.679494,0.9815633,0.53908205,0.16426493,0.9325123,0.27122456,0.6733228,0.98566204,0.6375559,0.34448296,0.9995228,0.6961313,0.3919554,0.9999654,0.5611801,0.18776503,0.9939389,0.8695462,0.3749761,0.9981598,0.5088602,0.0426687,0.9719856,0.9069934,0.20836158,0.9924085,0.5042897,0.02715382,0.92837775,0.8948553,0.18128845,0.987165,0.47942084,0.0040509105,0.95052594,0.9737616,0.2164617,0.9842976
31767_aug.jpg,0.20446739,0.28103784,0.9999951,0.20053732,0.26252046,0.99998784,0.2049213,0.259011,0.9999919,0.20936507,0.25563842,0.99998355,0.1888712,0.2736992,0.99998677,0.18535358,0.2778369,0.9999881,0.18198785,0.28181943,0.9999862,0.22485337,0.25791356,0.9999851,0.19082198,0.29290843,0.9999912,0.23194411,0.28851506,0.9999808,0.21630624,0.3051737,0.9999722,0.34458837,0.32397836,0.99996495,0.2767795,0.39589173,0.99969506,0.4157118,0.21776769,0.9969965,0.20881325,0.48426172,0.7493979,0.47751948,0.15328622,0.98777163,0.14362025,0.5563382,0.94538075,0.50694853,0.14034492,0.96478623,0.12673065,0.57963884,0.89081067,0.5050656,0.14001578,0.9723175,0.1281445,0.57789713,0.9061611,0.49802428,0.14613709,0.97229576,0.13609871,0.5731163,0.9240639,0.6008849,0.544918,0.9997912,0.5720967,0.5667772,0.9999528,0.7897353,0.55529714,0.99185747,0.51912016,0.71937644,0.9713099,0.97371876,0.5474216,0.992576,0.6825846,0.87498295,0.9879358,1.0007286,0.5669088,0.9407791,0.7514347,0.86181104,0.96999365,1.0055654,0.6424057,0.9818678,0.66711915,0.9676196,0.9849242
31857.jpg,0.19330084,0.46059877,0.99998474,0.18727815,0.44072357,0.9999255,0.18845764,0.43841764,0.9999447,0.1897822,0.43601507,0.9999342,0.18682605,0.44073355,0.9999267,0.1877161,0.43844002,0.99994504,0.18870038,0.4359118,0.99993384,0.20954609,0.42050534,0.9999348,0.2062859,0.42277297,0.999881,0.21088135,0.45965004,0.9998499,0.21023285,0.4614041,0.99967706,0.31250218,0.39987773,0.999933,0.28384632,0.4661398,0.9997812,0.38576785,0.27059415,0.99886143,0.24796158,0.5947734,0.93535554,0.4374624,0.17565727,0.994752,0.21293691,0.6952601,0.9563102,0.45149827,0.14604267,0.98418695,0.19352591,0.72849613,0.90435684,0.4516095,0.14068615,0.9853563,0.18746817,0.7275575,0.92059034,0.44819883,0.15217021,0.9846725,0.19569564,0.71911323,0.9422033,0.5352721,0.46345186,0.9984238,0.51687175,0.5072437,0.99956995,0.6888472,0.42218906,0.9975504,0.5006103,0.68090856,0.9872622,0.85224235,0.32867274,0.9973355,0.6920928,0.77306175,0.9914528,0.8648129,0.3044715,0.9764995,0.73444873,0.7692832,0.9887481,0.9087559,0.37377003,0.99575764,0.67495453,0.8784827,0.98619694
31914.jpg,0.35925284,0.15646389,0.999979,0.36444634,0.13367084,0.99992514,0.3693959,0.13129616,0.99994946,0.37425256,0.12902498,0.9999089,0.3550387,0.13749021,0.99993277,0.35323918,0.13796651,0.99994373,0.35145807,0.13833854,0.99994314,0.39625958,0.12788886,0.9999219,0.3680063,0.13715497,0.9999478,0.37799463,0.16969019,0.99985397,0.36393946,0.17376786,0.99983764,0.49405473,0.21476802,0.9998605,0.3720106,0.2537959,0.99985766,0.60334796,0.16256994,0.99849796,0.26840374,0.29844517,0.9559884,0.7006045,0.108394265,0.99258786,0.15040421,0.31859607,0.98811483,0.7321113,0.09933281,0.96606356,0.11712244,0.32407457,0.9586117,0.7322661,0.0933294,0.9721132,0.110964596,0.32269323,0.9649819,0.7230169,0.098464906,0.974588,0.12206602,0.32416683,0.96860486,0.56732595,0.52608013,0.9997174,0.50014275,0.53793144,0.99998856,0.7219757,0.60663086,0.9971902,0.38833523,0.6859623,0.9987363,0.8593432,0.69616675,0.9953258,0.43144345,0.909029,0.9985514,0.8740678,0.70998144,0.8696844,0.45237207,0.9360881,0.98961323,0.8852231,0.7298006,0.9888974,0.35797036,0.98215806,0.9970385
32816.jpg,0.71523285,0.7588387,0.9999963,0.71682096,0.775972,0.99998844,0.7136889,0.7786301,0.99999475,0.7103338,0.781347,0.9999906,0.7240226,0.7697866,0.99997854,0.7258454,0.7682023,0.99998164,0.72751486,0.766791,0.9999769,0.69683385,0.7823405,0.9999927,0.71960056,0.765423,0.99998724,0.698325,0.75213146,0.99999154,0.7090554,0.74347186,0.9999813,0.5803181,0.7259115,0.999992,0.69516134,0.6583496,0.999767,0.50506586,0.7898239,0.99935836,0.7661726,0.60770625,0.8986366,0.44598526,0.8534656,0.99800545,0.85917866,0.55741876,0.97677326,0.41422516,0.86876553,0.99350715,0.88137615,0.5408634,0.93903655,0.41955793,0.87235296,0.9948479,0.88213426,0.5413217,0.9481038,0.43123245,0.86367863,0.99350363,0.8724861,0.5448982,0.9550639,0.42799902,0.4554246,0.99995553,0.4826228,0.42431527,0.9999925,0.24735144,0.39952675,0.9952551,0.537384,0.2773975,0.99771476,0.07629347,0.3356865,0.9979114,0.40395853,0.0952124,0.99762076,0.058231384,0.3322979,0.9229155,0.3627736,0.07923177,0.9856581,0.043652564,0.27221364,0.99423885,0.42165893,0.0033164024,0.9958066
33674.jpg,0.16357866,0.36257324,0.9999976,0.1539405,0.34227616,0.9999943,0.15729547,0.3366006,0.99999607,0.16028559,0.33149046,0.99999344,0.14601722,0.35370445,0.99999416,0.14342237,0.3564524,0.99999404,0.14084509,0.3588097,0.99999213,0.17117676,0.3181131,0.9999958,0.14651,0.3509683,0.9999939,0.18530157,0.36045092,0.9999894,0.17565238,0.3749458,0.9999801,0.2899622,0.32159543,0.9999794,0.20863363,0.43920627,0.9998159,0.35180303,0.23257753,0.9993963,0.14567307,0.52215356,0.97205836,0.40179366,0.13728592,0.996944,0.06646663,0.59804744,0.99252254,0.4167078,0.10862461,0.9875382,0.04934874,0.61986226,0.97586876,0.41284633,0.10751435,0.9903162,0.044278532,0.6190806,0.9784854,0.4092826,0.11838269,0.9912077,0.051428378,0.6130017,0.981585,0.5269709,0.53454095,0.99986756,0.4943703,0.57430047,0.9999068,0.76181734,0.5267345,0.9979887,0.45416972,0.7320256,0.9878725,0.95467556,0.49343047,0.9976404,0.6666889,0.8663061,0.99136084,0.96931744,0.48966044,0.9801688,0.7070249,0.88005805,0.985377,1.0089775,0.5274921,0.9931356,0.6635016,0.9717739,0.9859346
33692.jpg,0.60675615,0.22665346,0.9999677,0.623646,0.21889812,0.99986184,0.6265805,0.22034872,0.9998901,0.6296017,0.221796,0.9998425,0.62123114,0.21649009,0.99988234,0.62245387,0.21628258,0.99991643,0.6238525,0.21604213,0.9998846,0.6449635,0.23757172,0.9998708,0.636261,0.2302934,0.9998579,0.60750866,0.24384579,0.99977046,0.6034899,0.24100596,0.99957675,0.663874,0.35862213,0.9997483,0.5602819,0.27858683,0.9997876,0.7665608,0.44146174,0.9984238,0.46396044,0.21342304,0.9869118,0.85128343,0.51945573,0.9877247,0.3883361,0.13998726,0.98803663,0.8818984,0.52575386,0.96291,0.36556205,0.11714178,0.9625625,0.8886194,0.5233256,0.96784234,0.3680435,0.11161837,0.9691088,0.87472796,0.52365077,0.9695923,0.37343666,0.11953908,0.97725976,0.53715515,0.55552804,0.9984181,0.47844988,0.51478726,0.99953246,0.57016027,0.7207531,0.9995023,0.32407773,0.493528,0.99820757,0.59567285,0.8759903,0.99931395,0.22601318,0.64012015,0.9977411,0.6063437,0.90251714,0.98606014,0.22539055,0.6762461,0.99481577,0.56764376,0.9130757,0.99752206,0.13623998,0.62547016,0.9953492
33878_aug.jpg,0.49912614,0.5955578,0.9999927,0.50829136,0.60521567,0.9999808,0.5085944,0.60538834,0.99997807,0.5090182,0.6054732,0.99997365,0.5127684,0.6026923,0.99998343,0.5159123,0.60115325,0.9999814,0.5191952,0.5996489,0.9999732,0.51979697,0.5952665,0.9999664,0.5340064,0.5872778,0.99998116,0.4975638,0.5830103,0.99993265,0.50147784,0.57972294,0.999946,0.4592501,0.5532762,0.99994636,0.5583463,0.49731535,0.99990356,0.37487638,0.59126925,0.99668044,0.65169346,0.45569333,0.9989158,0.30158576,0.62529415,0.99761343,0.7306939,0.4216874,0.99733424,0.27780432,0.63500285,0.9894546,0.7545334,0.41006017,0.9902086,0.27571732,0.6399743,0.99198884,0.75706327,0.4101509,0.99151623,0.2838161,0.6360736,0.99356055,0.7498477,0.41131634,0.9892246,0.3944176,0.38943017,0.9995012,0.45727816,0.35307097,0.99936646,0.28143695,0.43974242,0.9980227,0.52894294,0.24311824,0.99977404,0.2044284,0.32683882,0.9980768,0.59126836,0.13260365,0.99975437,0.20946632,0.29959404,0.99376476,0.59985465,0.11663723,0.9898453,0.13906595,0.32666492,0.9956221,0.59490323,0.09109798,0.99837995
34272_aug.jpg,0.22897714,0.5966516,0.9999434,0.21618134,0.61016643,0.9998487,0.21541962,0.610463,0.99985063,0.21485877,0.61118615,0.999833,0.22143582,0.61768353,0.9998511,0.22439253,0.6235393,0.9998472,0.22786504,0.6304628,0.9997429,0.23075798,0.6324694,0.9997564,0.24959919,0.65785486,0.99980015,0.24515876,0.59060925,0.99974173,0.25505581,0.5977815,0.99973935,0.28668115,0.5353347,0.9999285,0.39465418,0.67294335,0.9992387,0.25259158,0.42774498,0.99179745,0.4898311,0.74606556,0.9941545,0.2065706,0.32373422,0.99382377,0.5822172,0.8268026,0.97605044,0.19795531,0.28714538,0.97794193,0.61580724,0.8460015,0.9429802,0.1959489,0.28242183,0.9834781,0.6194714,0.84463465,0.950245,0.20155922,0.2936998,0.9849016,0.6102457,0.8359184,0.9405537,0.5319233,0.43268427,0.9997993,0.587138,0.52235633,0.9990029,0.5581235,0.2745486,0.9956728,0.7509047,0.52083486,0.9985122,0.6972467,0.19195056,0.9966132,0.9133456,0.5461786,0.9978224,0.7338352,0.19227812,0.9891416,0.93812406,0.55093,0.93900764,0.69601077,0.09652397,0.99470335,0.96661174,0.51295966,0.99272305
35754.jpg,0.42271963,0.6380414,1.0,0.42407697,0.65123665,1.0,0.4245054,0.6515751,0.9999999,0.42509887,0.651942,1.0,0.42739087,0.6519575,1.0,0.42980605,0.65261006,1.0,0.43248373,0.65325665,1.0,0.43852603,0.6488711,1.0,0.4497214,0.6501297,1.0,0.42805007,0.6265421,0.9999999,0.43239555,0.62706167,0.9999999,0.44183356,0.5643269,0.9999627,0.5089419,0.5787929,0.99997735,0.3841925,0.54215527,0.763821,0.56180954,0.5654521,0.99282396,0.33108717,0.5401983,0.9726043,0.6202366,0.57536656,0.9920604,0.31369042,0.5408517,0.9591568,0.64137876,0.5812467,0.986152,0.31354225,0.54461354,0.96568775,0.64249337,0.5836156,0.9868189,0.32030526,0.5431147,0.9646949,0.63554275,0.5800767,0.98163325,0.5055497,0.37365466,0.999984,0.5228491,0.37086374,0.9999652,0.5216571,0.28923684,0.98908734,0.52767146,0.29502884,0.9925444,0.59057677,0.20454477,0.99349034,0.59421134,0.19459203,0.99725515,0.61211884,0.19061108,0.99183136,0.6131312,0.1767869,0.9813836,0.56194156,0.17594168,0.9937768,0.57035017,0.16572861,0.9946794
36010_aug.jpg,0.39566597,0.7651372,0.9999573,0.37459362,0.7682757,0.9997845,0.36956507,0.7647793,0.99977595,0.36397368,0.7603755,0.99975866,0.38745028,0.77564204,0.9998728,0.3905511,0.7768756,0.99986315,0.3933606,0.7778464,0.99985933,0.35643685,0.73772866,0.999688,0.39059556,0.76412606,0.99980444,0.39506063,0.7394482,0.9995758,0.41147137,0.7498994,0.999551,0.36144203,0.5984937,0.996876,0.4943784,0.7136389,0.99967253,0.23668438,0.5288748,0.99313027,0.5961252,0.8208226,0.9930655,0.13722911,0.46312517,0.96597564,0.7005917,0.9078356,0.9875652,0.1126146,0.45000893,0.899152,0.7261499,0.935511,0.9566543,0.10477999,0.45200643,0.91132617,0.7261111,0.9410424,0.9627683,0.11596948,0.454378,0.9318404,0.7216832,0.9302279,0.9707217,0.5536969,0.3662066,0.9884276,0.64469403,0.43621626,0.9986337,0.49551943,0.17207026,0.9921738,0.8306705,0.49617842,0.99892265,0.45199114,0.003747046,0.9829758,0.9408237,0.3108086,0.9940335,0.4544839,-0.0062007904,0.85116065,0.9364894,0.2818833,0.97816616,0.45537087,-0.048983604,0.94664633,1.0077094,0.29933906,0.9767619
36242.jpg,0.20928827,0.6200806,0.9999999,0.19461697,0.6371708,0.9999999,0.19452533,0.6384779,0.99999976,0.19432545,0.6398306,0.9999999,0.19680211,0.63923377,1.0,0.1985836,0.64198333,0.9999999,0.20058763,0.64493495,0.9999999,0.20956296,0.6508383,0.9999999,0.21953401,0.657637,0.9999999,0.22485691,0.6127309,0.99999976,0.22832477,0.61683124,0.99999976,0.31187382,0.5830555,0.9999378,0.34463054,0.63266236,0.99997675,0.24198478,0.4848199,0.73692465,0.43387997,0.7156211,0.97934705,0.1833772,0.39840373,0.9292513,0.50577134,0.79517,0.97166014,0.1766791,0.37835464,0.8968685,0.5274591,0.8220154,0.96063745,0.16944322,0.38003063,0.90590054,0.501577,0.80253434,0.962005,0.17243126,0.3847897,0.9107866,0.5200241,0.81417215,0.9606174,0.5739813,0.4584685,0.9999001,0.56942123,0.4356569,0.999905,0.7760644,0.48819438,0.9888207,0.5146241,0.25187585,0.9937816,0.9462389,0.506705,0.9831443,0.6803668,0.09985381,0.99378926,0.9668633,0.50975007,0.9895287,0.721018,0.09083995,0.9877922,0.9735205,0.4931881,0.9440832,0.6691309,0.01905483,0.9737447
38854.jpg,0.62320155,0.3182925,0.99998224,0.6385033,0.31530318,0.99995184,0.64070606,0.31723377,0.999969,0.6432847,0.31943536,0.9999504,0.63647825,0.31286368,0.99995625,0.63717914,0.31296563,0.9999622,0.6380946,0.313071,0.99994934,0.65576506,0.3381753,0.9999685,0.64658296,0.32822368,0.9999573,0.6189734,0.33571795,0.99991953,0.61569065,0.33122993,0.9997962,0.64024615,0.43445873,0.99986684,0.56693137,0.35697412,0.9996537,0.7066509,0.50066084,0.9991667,0.5180515,0.28630552,0.9682782,0.7435013,0.57198465,0.99440634,0.4595551,0.21617848,0.9886497,0.7539612,0.5986129,0.98152703,0.43949303,0.200856,0.96451604,0.7490948,0.59604263,0.98485166,0.4416858,0.19932598,0.9693868,0.743574,0.5875104,0.98656124,0.44436535,0.20267117,0.97220653,0.43803257,0.57794774,0.9995907,0.40590802,0.5427246,0.99982303,0.39582628,0.7295866,0.9956657,0.2603147,0.50592947,0.98993206,0.37689912,0.88720167,0.9954476,0.14533812,0.6396024,0.989703,0.37274376,0.91198057,0.9746302,0.13904762,0.6712149,0.9819012,0.36652327,0.93464446,0.98860466,0.07437277,0.6184786,0.98041487
39044_aug.jpg,0.6255218,0.7660967,0.99999106,0.6203615,0.78311133,0.9999852,0.61886525,0.78341156,0.99998295,0.61740375,0.78361714,0.9999852,0.6201839,0.7844167,0.99998915,0.61833495,0.78562045,0.9999887,0.6164276,0.78667593,0.99999034,0.5988562,0.7830145,0.9999782,0.5955991,0.7854465,0.9999857,0.6167222,0.7535467,0.9999491,0.6172839,0.7540329,0.9999267,0.49986166,0.7192147,0.99979,0.58412445,0.6935738,0.99983525,0.37264422,0.72695994,0.98683053,0.62042165,0.6718994,0.98776996,0.26493824,0.73511136,0.942643,0.62475514,0.63177973,0.9609693,0.23773956,0.7496803,0.8850598,0.6293802,0.6214591,0.8984111,0.23707472,0.7538342,0.8933183,0.6246846,0.6273829,0.9104903,0.23984824,0.7465532,0.8746561,0.6239494,0.624903,0.9083574,0.43533933,0.48584005,0.9987612,0.48296595,0.47873795,0.9997484,0.28612572,0.4018815,0.9996152,0.61585027,0.37515494,0.9990281,0.15358782,0.31923568,0.9997131,0.57820016,0.20356399,0.99925035,0.12803108,0.31335247,0.99125856,0.5458953,0.1723741,0.99472237,0.13763368,0.271225,0.9988452,0.6425692,0.14912611,0.99813014
3914_aug.jpg,0.82592916,0.50273824,0.9999989,0.8446082,0.50170493,0.9999982,0.8445132,0.50259507,0.9999974,0.8442832,0.5033134,0.999997,0.8468951,0.49446294,0.9999989,0.848253,0.49051467,0.9999989,0.84951055,0.4854826,0.9999987,0.84097534,0.48501766,0.9999969,0.84728056,0.4584553,0.99999905,0.80688053,0.4941782,0.9999889,0.8090174,0.4865809,0.9999925,0.7313503,0.50061446,0.99983406,0.7564225,0.35060185,0.99987566,0.75457567,0.6086131,0.93538404,0.80444694,0.22287856,0.99743277,0.75086856,0.6995223,0.9896819,0.8316253,0.14762163,0.990664,0.7452804,0.7247945,0.9724204,0.8485911,0.11733121,0.9695054,0.7479739,0.7259086,0.9764351,0.8480122,0.12183866,0.9726897,0.7472142,0.716996,0.9769604,0.8406204,0.13077827,0.96895134,0.4290086,0.41863188,0.9999262,0.43631878,0.33110437,0.9998573,0.3394901,0.53596675,0.99620676,0.31841666,0.20152871,0.99762255,0.14542761,0.48145783,0.9926836,0.2125805,0.058989972,0.9973597,0.11743361,0.45283264,0.98583096,0.20327747,0.04262206,0.9528452,0.087739885,0.53329945,0.99156284,0.14428931,0.036057234,0.99251235
39234.jpg,0.8512471,0.6607516,0.9994808,0.8601837,0.67382765,0.999617,0.86160433,0.6729429,0.9994265,0.8631219,0.67193025,0.9995627,0.8555646,0.6780232,0.9997367,0.8536306,0.6801908,0.9996264,0.8513291,0.6826507,0.9997327,0.8562787,0.66995054,0.9994004,0.8361546,0.6860322,0.9995552,0.8427595,0.64974517,0.9980751,0.8378678,0.6521455,0.99832803,0.7998289,0.5761872,0.9973084,0.72170204,0.63759214,0.99787116,0.88324165,0.49602482,0.9538912,0.59877205,0.67637706,0.96495503,0.8766955,0.50252354,0.65476036,0.517381,0.73845696,0.6290606,0.88465905,0.496582,0.54592526,0.48311213,0.74972665,0.5175789,0.88392496,0.5094259,0.54898024,0.49304676,0.76083636,0.5255329,0.8757334,0.51208425,0.4801957,0.5089436,0.7508875,0.4740081,0.5979272,0.39121562,0.99875355,0.6000716,0.39500022,0.9988747,0.42056128,0.31940803,0.9686327,0.63199866,0.19463977,0.84449255,0.24632081,0.2733582,0.9599754,0.5221038,0.057414502,0.91340744,0.23008916,0.2678709,0.9476553,0.4932193,0.039589137,0.8648045,0.22638828,0.22459625,0.9263143,0.54565513,-0.0040062964,0.8309417
39418.jpg,0.4350649,0.38551605,0.9998554,0.41934234,0.3827245,0.9997918,0.4180042,0.38330317,0.9998388,0.41681114,0.38405648,0.99987817,0.4208667,0.3852456,0.9999385,0.4203829,0.38748014,0.9999484,0.41988456,0.38992214,0.9999242,0.41353083,0.40427452,0.99989843,0.4157103,0.4108829,0.99996996,0.44374022,0.3967178,0.99948967,0.44459635,0.40061516,0.99954295,0.47257343,0.4507385,0.9993888,0.43613997,0.48614502,0.99982256,0.4550047,0.34546596,0.878036,0.32108277,0.5635589,0.9884616,0.3962117,0.24648216,0.85153055,0.25258985,0.6192256,0.9544116,0.37726003,0.22927421,0.72478926,0.22642514,0.6312846,0.9213603,0.37059867,0.23089173,0.7038457,0.22700071,0.6307403,0.92532647,0.37858915,0.23696944,0.745519,0.2350677,0.6268171,0.91126937,0.5121763,0.63633764,0.99990714,0.5282441,0.6334713,0.9999497,0.3756125,0.71930087,0.9917824,0.59914464,0.636062,0.9984034,0.116827846,0.6580153,0.9932754,0.56132007,0.82746536,0.9839242,0.19088545,0.6906782,0.98853743,0.54192823,0.8568479,0.97307837,0.12845466,0.6653547,0.9908023,0.57128036,0.8708069,0.98292345
39618.jpg,0.42716774,0.27185288,0.9999695,0.44255218,0.25672445,0.99987626,0.44676337,0.25640404,0.9998958,0.45141768,0.25608978,0.99986494,0.43881717,0.25647467,0.9998778,0.4400581,0.2559076,0.9998957,0.44148207,0.25522,0.9998671,0.4797805,0.26694253,0.9998847,0.46340263,0.26437026,0.99986243,0.4370066,0.28691053,0.9997943,0.43063924,0.2863257,0.9996253,0.5587888,0.36371744,0.9997429,0.40570575,0.33575553,0.99981874,0.6813775,0.40802112,0.9973008,0.285123,0.32567456,0.9769907,0.79951644,0.4363536,0.9896506,0.16605145,0.30480883,0.97881603,0.8358185,0.43857127,0.9713586,0.130941,0.3006237,0.94644725,0.84285975,0.43500954,0.97595495,0.12758642,0.29592538,0.95761544,0.8269427,0.4357245,0.9762417,0.13941151,0.2997718,0.9659226,0.49608108,0.60950863,0.9960737,0.39548928,0.58887875,0.9991374,0.5984881,0.75134,0.99796706,0.22969499,0.6409715,0.9984491,0.70292294,0.8856308,0.9982357,0.19241866,0.8092762,0.9975903,0.7075614,0.9054365,0.9668464,0.20002267,0.836659,0.9916986,0.7131396,0.9332622,0.99360645,0.10543123,0.83383733,0.9921502
40377.jpg,0.4357246,0.3148417,0.9999155,0.4174648,0.31001773,0.9999337,0.41508293,0.31148678,0.99995506,0.4124704,0.31307647,0.9999547,0.41967857,0.30950987,0.99996233,0.41910708,0.31049505,0.9999691,0.41848484,0.31153518,0.99996555,0.3990121,0.3338297,0.99991024,0.41043794,0.32705998,0.9999238,0.43964064,0.3306236,0.9994382,0.44244313,0.33014056,0.9995746,0.3706997,0.46361464,0.999223,0.48992097,0.36541063,0.9998172,0.27228847,0.5616865,0.9872457,0.58866644,0.27962136,0.9992066,0.19418272,0.628111,0.958431,0.6702362,0.19380027,0.9833867,0.16989154,0.6478302,0.9374406,0.69516504,0.17000559,0.9692236,0.16623828,0.6433381,0.934417,0.68896025,0.16204762,0.9675058,0.17558473,0.63858855,0.88532066,0.6809327,0.17052218,0.94318765,0.5477384,0.6400532,0.9985386,0.62145007,0.5759739,0.99920183,0.5109203,0.7987489,0.9980236,0.75425595,0.45839888,0.99765885,0.47443357,0.9587058,0.9890821,0.9070991,0.57463944,0.99491274,0.4762171,0.97520053,0.9879331,0.91664815,0.60785955,0.9916093,0.45227277,0.98594606,0.9777259,0.96923274,0.5425651,0.98878074
40476_aug.jpg,0.27500194,0.79378265,0.9999746,0.25303,0.79937404,0.9999094,0.24851786,0.7962649,0.9999417,0.24364582,0.7928234,0.99989724,0.2614727,0.8069043,0.9999008,0.26270753,0.8088316,0.99990904,0.26394397,0.8107448,0.9998939,0.23155844,0.7751181,0.99992573,0.25425065,0.7966269,0.9999039,0.2757641,0.7705622,0.99986625,0.28688553,0.78167164,0.9998042,0.26055342,0.64871496,0.99981743,0.35663414,0.7313062,0.9996996,0.16618401,0.58329237,0.9979786,0.45081908,0.80129623,0.95640606,0.070678204,0.5334155,0.9887001,0.5259706,0.89032984,0.9851252,0.040288627,0.50878376,0.96079975,0.548809,0.9146632,0.95342374,0.03364259,0.51202965,0.9680181,0.5506871,0.92209363,0.96118087,0.045352966,0.518491,0.97075754,0.5455887,0.9131321,0.96649486,0.48904297,0.4303009,0.9996007,0.53153706,0.47529703,0.9999578,0.47608924,0.25716633,0.9958539,0.71733636,0.4956619,0.99722135,0.48174953,0.09209454,0.99612194,0.8836361,0.3481355,0.99778533,0.48392475,0.07150826,0.91181237,0.8959098,0.31328768,0.98760366,0.49341527,0.044055015,0.9900069,0.9778135,0.36582428,0.9951997
4061.jpg,0.31988868,0.69749737,0.9999958,0.32872242,0.7083914,0.9999913,0.32948583,0.7087192,0.9999906,0.33043432,0.7090734,0.99999034,0.33212072,0.70748276,0.9999938,0.33446252,0.7072569,0.9999926,0.33700487,0.70692146,0.9999895,0.3442452,0.7015131,0.9999839,0.35314584,0.69785553,0.9999913,0.31931034,0.6851616,0.9999584,0.32352215,0.68326485,0.9999658,0.3012504,0.6361506,0.9997962,0.3943283,0.60896885,0.99952185,0.22454044,0.665022,0.9630556,0.4737363,0.5904137,0.99780136,0.16537835,0.6982226,0.99459016,0.5470526,0.5821226,0.9965224,0.13952594,0.703151,0.9854328,0.5701221,0.57735026,0.9886846,0.13794462,0.70508444,0.9881275,0.5725776,0.57942593,0.99005085,0.14757004,0.70199865,0.9884879,0.56597733,0.5793463,0.9866595,0.26141024,0.44055688,0.99990726,0.3232774,0.42391086,0.9996941,0.13334264,0.43037507,0.9983419,0.37620038,0.31250313,0.99772626,0.11703485,0.28568023,0.9958527,0.43858993,0.20555198,0.9975319,0.12882589,0.26355162,0.9916558,0.44830287,0.19356331,0.9413949,0.059737504,0.25920784,0.9949826,0.43307024,0.16239598,0.99260205
41419.jpg,0.22462599,0.41675562,0.99999964,0.21097596,0.40995204,0.9999994,0.21030462,0.4101779,0.9999989,0.20968585,0.41042298,0.99999905,0.20840369,0.4118059,0.99999976,0.20607336,0.41330588,0.99999976,0.20375313,0.41500837,0.99999964,0.20272796,0.42323682,0.9999988,0.19501711,0.43076706,0.99999976,0.23045124,0.43170252,0.9999981,0.2272622,0.43405455,0.9999988,0.28175756,0.46791118,0.99985576,0.20949367,0.53065807,0.99993944,0.33196014,0.3966313,0.9157993,0.15359148,0.6007188,0.9941823,0.3864901,0.33645278,0.9781014,0.104610026,0.6566899,0.9960012,0.4023678,0.32186913,0.9471487,0.08466539,0.6782216,0.9916441,0.40175092,0.31830978,0.95596147,0.08484933,0.67842996,0.99247086,0.39747533,0.32457346,0.9579055,0.092978895,0.6734131,0.9894873,0.4356222,0.6508654,0.9998853,0.39413935,0.6865468,0.9997718,0.5951974,0.68516934,0.98470914,0.47164395,0.8304018,0.98972845,0.7099711,0.8008301,0.984389,0.53166616,0.9723619,0.9945353,0.7175748,0.8307994,0.963694,0.54350626,0.9922343,0.91075796,0.7734457,0.77875936,0.9841732,0.56134486,1.0288072,0.990419
42047_aug.jpg,0.40563595,0.16360083,0.9998764,0.40219605,0.14843297,0.9999218,0.3998937,0.14926097,0.9999331,0.3973682,0.15024376,0.9999255,0.41087624,0.14650828,0.99992347,0.41496265,0.14604676,0.9999207,0.41916296,0.14574501,0.9999223,0.4035089,0.15900722,0.9998566,0.43587413,0.15300077,0.9999062,0.40711653,0.1792573,0.9993469,0.4176966,0.17946157,0.99943095,0.36802864,0.26409975,0.9997799,0.53272694,0.23921365,0.99987996,0.25213212,0.27415293,0.9817338,0.6397081,0.19946897,0.99304575,0.15755615,0.29107767,0.9737033,0.71867716,0.17279696,0.95516527,0.13229015,0.30046535,0.9652488,0.76017046,0.17126226,0.93288106,0.12882495,0.29545003,0.96563417,0.75944257,0.16562063,0.933314,0.13900146,0.29421008,0.93021065,0.7451829,0.16810983,0.9084733,0.4642063,0.55383384,0.99912673,0.54704803,0.5348508,0.9997365,0.30643988,0.62998927,0.9909375,0.70609856,0.6651622,0.9699884,0.3309807,0.84647614,0.9831388,0.85261196,0.7839135,0.9670213,0.35396016,0.88299143,0.97536325,0.88139224,0.8197602,0.96612495,0.26905084,0.8894739,0.96812916,0.8696573,0.80585647,0.9273852
42048_aug.jpg,0.7865108,0.70948213,0.9999964,0.79423857,0.72585654,0.99999523,0.7934387,0.7260633,0.99999475,0.79278827,0.7261112,0.99999535,0.79281807,0.7292557,0.99999535,0.7908499,0.7317451,0.9999949,0.7889925,0.73424083,0.9999962,0.7740608,0.73328507,0.9999938,0.7670315,0.74564075,0.99999535,0.7697258,0.7024599,0.9999776,0.76836395,0.7047238,0.99997056,0.64991283,0.7129855,0.9995902,0.70929337,0.6460284,0.9997702,0.5300169,0.8406277,0.9868205,0.8278229,0.5352748,0.98841316,0.48307168,0.8689627,0.8969877,0.87584424,0.5314305,0.9639995,0.41783276,0.9415986,0.7801346,0.96980345,0.45247132,0.89573246,0.4186868,0.9454386,0.7973077,0.8979486,0.51925004,0.9095702,0.4188402,0.9365963,0.82473356,0.9590001,0.46496823,0.9212642,0.4658837,0.48260525,0.9985378,0.4718209,0.4776659,0.999311,0.35436183,0.38054478,0.9881281,0.4705337,0.35755825,0.9704818,0.14711025,0.38760352,0.9868442,0.3324774,0.22826403,0.96422213,0.104347974,0.40374517,0.9769586,0.29283673,0.22275922,0.9490624,0.12362677,0.33564427,0.9794247,0.34341055,0.14586377,0.94622433
42422_aug.jpg,0.38531113,0.22359434,0.9999931,0.38898265,0.20444301,0.99998236,0.39235687,0.20320931,0.9999875,0.39586896,0.20202589,0.99998236,0.38376856,0.20573005,0.9999801,0.38364986,0.20536259,0.99998033,0.3836825,0.20501116,0.99997723,0.42000246,0.20179832,0.99998367,0.40691945,0.20471284,0.9999801,0.4007203,0.23603398,0.9999596,0.3939741,0.23876935,0.999931,0.5274422,0.2911496,0.99972755,0.40366495,0.31982702,0.9998578,0.60645145,0.26294634,0.9945093,0.28859934,0.3567564,0.9697081,0.69560015,0.2010102,0.97554034,0.16967672,0.37182254,0.98465246,0.7215599,0.18403596,0.9470866,0.14619422,0.374592,0.9526423,0.7233335,0.1760808,0.9556225,0.14263761,0.37346917,0.96030414,0.7142459,0.1829125,0.9653855,0.1491827,0.3747988,0.96623933,0.5812524,0.5928313,0.99946874,0.5326567,0.60162485,0.999775,0.7367197,0.6758187,0.9917944,0.39778763,0.7029072,0.98197204,0.95039994,0.75746316,0.9950536,0.54356956,0.8785064,0.9854182,0.9798969,0.78038406,0.97511303,0.5799681,0.90556467,0.96719086,0.92641395,0.8305706,0.98910064,0.48490176,0.9496105,0.97789997
42429.jpg,0.2461977,0.64042234,0.99995744,0.23590073,0.6572139,0.9998771,0.2355645,0.65778077,0.99987936,0.23556155,0.65875393,0.99985945,0.24176475,0.6634893,0.99989283,0.24578592,0.6687868,0.9998914,0.25035414,0.67461234,0.9998159,0.2565458,0.6774585,0.9997931,0.27852106,0.6974626,0.9998646,0.26131174,0.6321541,0.99976295,0.271865,0.63843596,0.9997967,0.2958532,0.57267594,0.9999304,0.4252959,0.68749845,0.9996051,0.24604958,0.46827507,0.9884432,0.53202236,0.7411868,0.9951894,0.18151397,0.37207785,0.9938944,0.6340534,0.80607283,0.98494637,0.16552392,0.34100056,0.9781673,0.67347133,0.82033294,0.9622817,0.16283101,0.33676565,0.98325795,0.6754707,0.81993747,0.9666626,0.17069131,0.34674373,0.9846907,0.6653578,0.8136947,0.95829874,0.5221773,0.42858392,0.99971896,0.5896289,0.50366277,0.99904674,0.51919484,0.26708525,0.99378806,0.7491039,0.47871208,0.9990095,0.64123976,0.16597158,0.99550027,0.9118171,0.47690642,0.99838984,0.67747986,0.16111454,0.98730487,0.9415866,0.4778863,0.95307785,0.62340426,0.070439905,0.9939055,0.9648468,0.43148392,0.9939428
43363_aug.jpg,0.36235327,0.77050763,0.99999964,0.35886365,0.7892096,0.9999994,0.35821366,0.78904235,0.99999905,0.3576718,0.7887556,0.99999917,0.36436504,0.7916,0.99999964,0.3687634,0.7935766,0.9999995,0.37377593,0.7954836,0.9999995,0.3767017,0.7880722,0.99999917,0.39989144,0.79594433,0.9999994,0.37166005,0.75085425,0.9999974,0.3792212,0.75444955,0.99999726,0.38114965,0.664705,0.9998894,0.50363463,0.7151863,0.999864,0.270421,0.6354103,0.9232242,0.60070455,0.773704,0.99233717,0.19285125,0.6106413,0.98406744,0.68912804,0.8029218,0.9902712,0.16348568,0.6029165,0.96157974,0.71819335,0.8178798,0.9768447,0.1603719,0.60587656,0.9675106,0.7215236,0.81967497,0.97930044,0.17244983,0.6080152,0.96684587,0.71157634,0.81077766,0.97369146,0.54097176,0.4060194,0.999913,0.5991993,0.43582165,0.9997503,0.44633403,0.25397187,0.9926939,0.7734353,0.31664586,0.9965926,0.49860755,0.054814637,0.9908744,0.94342244,0.21996877,0.9974342,0.522943,0.034620434,0.97212785,0.96797323,0.2094068,0.93712586,0.4771135,-0.0022789836,0.9878736,0.9679245,0.16626853,0.9933109
44420.jpg,0.85821843,0.40691006,0.99998677,0.8688563,0.39058942,0.9999912,0.8684939,0.38961905,0.9999896,0.86804825,0.38852662,0.9999887,0.8670689,0.38799465,0.9999919,0.8653855,0.38514423,0.9999914,0.8633229,0.38161904,0.99998856,0.84868836,0.3718236,0.9999933,0.8434446,0.36590037,0.9999862,0.83874875,0.41156974,0.9999411,0.8350288,0.4080398,0.9999107,0.70711976,0.36135897,0.9990571,0.7229141,0.40062818,0.9991371,0.6400867,0.23252735,0.9941083,0.8049943,0.47522622,0.9893985,0.5971698,0.13446766,0.98039883,0.87554884,0.5598158,0.9643026,0.583441,0.11044139,0.94817024,0.8812458,0.5822033,0.9363264,0.58764625,0.10991746,0.9495036,0.8851752,0.63819116,0.931274,0.5895424,0.11946836,0.91660804,0.88240933,0.6349367,0.8673477,0.43371266,0.5485518,0.99971277,0.4202541,0.5301696,0.9995747,0.41892853,0.76782674,0.97930604,0.21329182,0.49370623,0.9977556,0.23503914,0.89023685,0.98319775,-0.0018380284,0.47226876,0.9974234,0.18479094,0.8891352,0.968758,-0.054475456,0.46757075,0.97333694,0.24670441,0.97697365,0.97958803,-0.058213085,0.5583956,0.9915399
4462_aug.jpg,0.35895994,0.15704447,0.99999666,0.3660568,0.13682061,0.999992,0.37087584,0.13494551,0.999995,0.37634167,0.1327905,0.99999106,0.35331672,0.13940555,0.9999913,0.35016972,0.1394209,0.9999919,0.34756103,0.13931504,0.9999895,0.39465362,0.1344234,0.9999939,0.35832274,0.14182106,0.9999919,0.37516624,0.1718938,0.99998546,0.35904068,0.17364603,0.9999714,0.47922426,0.22520748,0.99997556,0.3371886,0.24603263,0.9996915,0.5975807,0.20740145,0.9995285,0.23056793,0.26055703,0.9722074,0.6846133,0.17882362,0.9972184,0.1112704,0.25477713,0.99160916,0.7219906,0.17188686,0.98807985,0.08424485,0.25550005,0.9733112,0.71908975,0.16694438,0.9904903,0.08352098,0.250568,0.97657096,0.7060034,0.17037067,0.9901455,0.0898214,0.25130698,0.9798213,0.5056197,0.5414347,0.99968123,0.4351295,0.54676706,0.99979156,0.67138565,0.70091176,0.99846256,0.2971874,0.63409466,0.99315053,0.82842964,0.83059406,0.99883026,0.35398227,0.88702166,0.9948061,0.83983874,0.8473183,0.97777426,0.37956086,0.91691846,0.9875709,0.83349204,0.8888949,0.99628925,0.27018112,0.94657046,0.99102765
44757_aug.jpg,0.5574777,0.70145524,0.9999993,0.5486493,0.7159626,0.9999988,0.54463863,0.71527624,0.9999993,0.54051477,0.7144719,0.99999857,0.55516374,0.7176644,0.99999785,0.55606496,0.71819204,0.99999774,0.55682284,0.7188543,0.99999714,0.52366906,0.7047225,0.99999857,0.5430017,0.7128926,0.999998,0.54973304,0.686536,0.99999785,0.5584688,0.6877085,0.9999951,0.4855609,0.6086403,0.99999154,0.5554873,0.6168168,0.999701,0.4426211,0.60732263,0.99775213,0.6095247,0.61378056,0.6668379,0.36110267,0.6327988,0.9959934,0.6830189,0.64044577,0.95351356,0.33480304,0.6321535,0.99041206,0.7122549,0.643201,0.91851014,0.33221576,0.63451123,0.99232787,0.7135681,0.64621925,0.9272565,0.34257936,0.63314587,0.9897501,0.7032418,0.6448079,0.93225455,0.5027341,0.36945713,0.9999782,0.51509017,0.37646464,0.99998736,0.42160746,0.23671427,0.9956109,0.6374569,0.30118343,0.9783135,0.32943603,0.13563323,0.997926,0.64143693,0.14870206,0.99212134,0.30342984,0.111233234,0.98217356,0.6308142,0.10350305,0.9777895,0.30623445,0.10185647,0.99483985,0.69610566,0.092368186,0.9884725
44838.jpg,0.7122384,0.21727112,0.9999856,0.7345078,0.21089959,0.99995446,0.74077594,0.21574521,0.99995935,0.7447456,0.21912572,0.9999397,0.71856344,0.19667834,0.99994874,0.7133504,0.19177717,0.99994874,0.708997,0.18793574,0.99994826,0.7481851,0.23219904,0.99992764,0.6995787,0.18898526,0.9999677,0.7081209,0.24256864,0.9999114,0.68785745,0.22487032,0.99988115,0.6966649,0.35721427,0.9994609,0.5802282,0.24005798,0.9991509,0.7792263,0.42506793,0.98121107,0.52111757,0.14715049,0.95442,0.8783437,0.46959504,0.98390454,0.4610291,0.035719752,0.9662368,0.9057349,0.49474236,0.96321094,0.43923557,0.008117676,0.91489875,0.9117422,0.48541808,0.96830064,0.44136968,0.0025604963,0.9258193,0.8988746,0.47723374,0.97039896,0.4458747,0.015268862,0.94276404,0.43653423,0.5682899,0.99904114,0.37462282,0.49842685,0.9998004,0.43038446,0.7859633,0.98341906,0.20948927,0.42475498,0.9969586,0.42751664,0.9653776,0.9768767,0.04882142,0.5768604,0.99049264,0.41760293,0.97705996,0.8022457,0.037684023,0.6116616,0.964228,0.4247163,1.0176629,0.9382046,-0.034882814,0.58024234,0.9706925
46296.jpg,0.8593682,0.5651565,0.99999774,0.873212,0.5812055,0.9999939,0.8719342,0.5869386,0.99999654,0.8708302,0.5922031,0.9999939,0.8770479,0.5711752,0.99999297,0.87865096,0.56913126,0.99999404,0.88038844,0.5669147,0.9999925,0.8609347,0.60670793,0.99999607,0.8740636,0.5753635,0.99999595,0.83938545,0.5699688,0.9999919,0.84490556,0.55612165,0.99998426,0.7343073,0.6290591,0.99997866,0.79321694,0.49942145,0.9997949,0.69023466,0.7306558,0.9994747,0.8397164,0.39597982,0.97571075,0.6663366,0.8253652,0.99707437,0.90410614,0.3117417,0.9919065,0.6522578,0.85945654,0.9882185,0.9187401,0.28136852,0.97357696,0.65815824,0.86062217,0.9904944,0.9223964,0.2811972,0.976838,0.6622159,0.8485101,0.99036014,0.9155026,0.29153752,0.9803193,0.4493293,0.48095372,0.9993426,0.4832275,0.41745466,0.9997861,0.22728238,0.5343121,0.99691606,0.4977024,0.25569534,0.9934186,0.05410999,0.58716846,0.99723226,0.25851437,0.1710361,0.99402326,0.034897238,0.5906975,0.9689125,0.2149179,0.17284486,0.98704463,-0.00863874,0.54389656,0.99142426,0.23769891,0.07315943,0.98890483
46394.jpg,0.5141127,0.3522179,0.99999845,0.5267606,0.34490898,0.99999654,0.529636,0.3463867,0.99999785,0.5326978,0.34805664,0.99999654,0.5223819,0.3417127,0.9999945,0.52201337,0.34087372,0.9999951,0.52174,0.34007373,0.9999944,0.5432987,0.35851973,0.99999726,0.52809817,0.34759033,0.9999949,0.5147117,0.36835605,0.9999943,0.5079395,0.36252782,0.99998903,0.54186535,0.44752216,0.9999896,0.46475184,0.3956462,0.999915,0.60686857,0.5035526,0.99963915,0.3938654,0.34715068,0.94959164,0.66563475,0.55162954,0.99528164,0.33065853,0.29076076,0.9801804,0.6878625,0.5644325,0.9818534,0.3088161,0.2765525,0.9466101,0.68877125,0.5609385,0.98637944,0.31044838,0.27694112,0.9544644,0.6788682,0.55842316,0.9890267,0.3122815,0.28125042,0.96261233,0.4067185,0.60517514,0.9999064,0.387927,0.58652383,0.99996865,0.30072144,0.6719746,0.99165374,0.37698752,0.6934656,0.9517326,0.3110587,0.8037446,0.9979613,0.37855142,0.8358077,0.99153066,0.3328208,0.828771,0.99373734,0.3903233,0.8675484,0.987733,0.25757802,0.8335227,0.99733377,0.322771,0.84835875,0.9924028
46844_aug.jpg,0.7199355,0.69615567,0.9989409,0.7168964,0.71511674,0.9945615,0.71262634,0.71777236,0.99486923,0.7078611,0.7208261,0.99374676,0.72370887,0.71129936,0.9962155,0.72416115,0.71106607,0.9962131,0.7246314,0.7108371,0.995237,0.67430055,0.7291185,0.994934,0.696612,0.7133257,0.99700457,0.69649404,0.6828832,0.99272823,0.7048898,0.67773724,0.9916534,0.5285403,0.6790769,0.96469516,0.6744745,0.57673746,0.9936156,0.395491,0.77941215,0.9938024,0.8072103,0.4862823,0.95716083,0.29227746,0.8644983,0.9638419,0.9320011,0.40191334,0.87020296,0.25502598,0.8989867,0.9103847,0.963164,0.384821,0.7496571,0.25408342,0.9081632,0.9231846,0.9707716,0.38162613,0.7856006,0.25561696,0.8919676,0.93453085,0.95991963,0.38572228,0.8407921,0.4034386,0.4200865,0.78086966,0.49046725,0.3665793,0.98750764,0.2674857,0.43478835,0.8407282,0.65353185,0.2096424,0.9846998,0.24775149,0.38239095,0.5081128,0.5116618,0.04902172,0.9571997,0.252873,0.36765733,0.63942796,0.46599096,0.033352852,0.9564707,0.2255216,0.38149676,0.52045614,0.55593395,-0.07422903,0.8839018
47455_aug.jpg,0.740811,0.44926164,0.99999964,0.75355387,0.43623817,0.9999995,0.75303066,0.4349941,0.99999917,0.752407,0.4338237,0.9999994,0.75315726,0.4340564,0.99999976,0.7523395,0.43134516,0.99999964,0.751253,0.4284796,0.99999964,0.7384112,0.420102,0.9999994,0.7358622,0.41273195,0.9999995,0.7242712,0.45086533,0.99999785,0.72376895,0.4470393,0.9999981,0.63979536,0.45939356,0.99982303,0.62461215,0.40753958,0.99981993,0.6686462,0.5278341,0.7108124,0.58905536,0.3251009,0.9806809,0.7421341,0.6199722,0.9643895,0.56125534,0.24909294,0.9814425,0.7541735,0.641584,0.9395012,0.5541374,0.22211209,0.9675108,0.7573737,0.6431098,0.9483037,0.55344975,0.22226983,0.9686803,0.7517824,0.63665277,0.94472563,0.5527792,0.23225772,0.95455027,0.38002518,0.5475348,0.99997854,0.367693,0.5343006,0.9999032,0.37803996,0.7035031,0.9938684,0.19352718,0.48694795,0.9966366,0.20514223,0.7778184,0.9938035,0.047646016,0.44127876,0.9978759,0.16170824,0.7810579,0.98431927,0.030009478,0.43650433,0.963991,0.18507458,0.85234797,0.99334866,-0.0016227961,0.44691363,0.99467504
47717_aug.jpg,0.5548322,0.6415021,0.99992216,0.54666924,0.6540596,0.99958426,0.5427697,0.65451133,0.9996567,0.5388749,0.655028,0.99951935,0.55340797,0.6529976,0.9996866,0.5544737,0.6527227,0.99972993,0.55528563,0.65259176,0.9997311,0.51918805,0.65104026,0.9994972,0.54223096,0.650229,0.9997533,0.54611367,0.63054204,0.9995147,0.55345654,0.62887526,0.9994055,0.4562848,0.5763066,0.99955827,0.57042134,0.5695411,0.9995419,0.37193233,0.5813868,0.9978796,0.6560533,0.5680796,0.96071196,0.2923283,0.592422,0.9906502,0.71021163,0.57098234,0.9777835,0.2704513,0.5934746,0.96590835,0.732169,0.56798893,0.9417132,0.26885545,0.5948656,0.9718416,0.73133713,0.57232773,0.94871366,0.27609968,0.59372187,0.971923,0.72498584,0.5714578,0.95523846,0.4593839,0.37877578,0.9952435,0.52938426,0.37724537,0.99973696,0.36855954,0.32229325,0.99329513,0.6455518,0.36876857,0.9974089,0.27798876,0.24706933,0.9955922,0.63793576,0.22697695,0.9975591,0.26236495,0.23966579,0.9350643,0.6258915,0.20484321,0.9908084,0.27835634,0.21718858,0.98821694,0.6998656,0.19609658,0.9932805
48489.jpg,0.11565071,0.31789917,0.9985184,0.09973872,0.295505,0.99792373,0.10302085,0.2874729,0.997727,0.1063844,0.27854142,0.99777883,0.08997542,0.31247112,0.9977912,0.08621526,0.31810704,0.99726844,0.08165985,0.3231152,0.99629337,0.114576876,0.2607354,0.9985789,0.07786518,0.32914314,0.99756384,0.14408064,0.31530613,0.99742573,0.13103795,0.33623132,0.9948325,0.25414285,0.25043696,0.9991928,0.17486262,0.4320999,0.9978097,0.37647188,0.11381875,0.9856682,0.01424706,0.57701844,0.98650867,0.5259568,-0.019797534,0.9379846,-0.23098975,0.5979873,0.97646856,0.574865,-0.07818556,0.85233486,-0.2759959,0.612581,0.91956455,0.5878435,-0.06554663,0.8663432,-0.29183596,0.59772533,0.91762006,0.57340795,-0.031953216,0.8998883,-0.27027857,0.59192175,0.93752855,0.6459264,0.46805426,0.9958539,0.59543526,0.5357733,0.995978,0.9370007,0.44763196,0.995673,0.53044343,0.822271,0.96521795,1.0483164,0.47009748,0.9655376,0.7664747,0.9633087,0.86793476,1.2023574,0.4340338,0.8945055,0.8186296,0.9591228,0.9089139,1.2766932,0.43400463,0.85537237,0.80014396,1.1120859,0.7349543
4929_aug.jpg,0.44640225,0.21563932,0.9999963,0.4559008,0.19594774,0.9999882,0.4600573,0.19586593,0.9999888,0.46448085,0.1957337,0.9999865,0.4515648,0.19567022,0.9999851,0.45227146,0.19547194,0.9999876,0.45318782,0.19510236,0.99998665,0.48933727,0.20072424,0.9999819,0.47669035,0.20060554,0.9999882,0.46101415,0.23458758,0.99998176,0.45364058,0.23508754,0.9999716,0.5862609,0.30077034,0.9998971,0.44980448,0.3322617,0.9999181,0.72025037,0.28427094,0.97176623,0.32922822,0.36781508,0.9796255,0.8289726,0.27053565,0.9748355,0.21998683,0.40003386,0.9673845,0.86827713,0.2688703,0.9443116,0.1836136,0.4095657,0.92153543,0.8694401,0.26771858,0.95107466,0.18034467,0.4104878,0.9310694,0.85541254,0.2710384,0.9560247,0.19449621,0.41029269,0.93636733,0.58299345,0.6007572,0.9997751,0.51851773,0.6117502,0.9997614,0.75202465,0.5655676,0.97082865,0.38849872,0.76247364,0.99642193,0.82317257,0.79982555,0.98243976,0.3565276,0.89457643,0.99451506,0.7689487,0.8416569,0.9610001,0.3427597,0.9169347,0.9517661,0.89084315,0.83508193,0.97891355,0.347728,0.9497467,0.98943454
49423_aug.jpg,0.414968,0.31193507,0.99991465,0.3999073,0.30929947,0.99975246,0.39911842,0.30940592,0.9997682,0.39813316,0.30951333,0.99972135,0.3967286,0.31344694,0.99969065,0.39388198,0.31654662,0.9996542,0.39090514,0.3199641,0.99942696,0.39222473,0.32371902,0.99971145,0.38230342,0.33994737,0.9993418,0.42240533,0.32409132,0.99954396,0.41979983,0.33218488,0.9992601,0.48596734,0.34078294,0.999895,0.39152992,0.44417658,0.99926907,0.5683858,0.26434,0.99831617,0.32137847,0.5190195,0.99442804,0.6410511,0.19022846,0.99839526,0.2568607,0.5875413,0.99049383,0.6615739,0.16820511,0.9933252,0.23487002,0.6113647,0.97520953,0.6618546,0.16341355,0.9946839,0.2312434,0.6108448,0.9783222,0.65497786,0.17184019,0.9949167,0.23919103,0.6050465,0.974961,0.61076874,0.5145466,0.9997881,0.5487792,0.5791548,0.99960464,0.7361136,0.43026,0.9974076,0.5375431,0.7280708,0.9985868,0.847524,0.5279804,0.9949708,0.51002765,0.85702467,0.9979552,0.8546693,0.5539741,0.9881743,0.5107986,0.8699821,0.9695012,0.9158398,0.5119003,0.98834664,0.49536765,0.91057146,0.99077564
50178.jpg,0.3860338,0.73370636,0.9986993,0.37333786,0.74506533,0.99885607,0.3767399,0.7444837,0.9989717,0.3781946,0.74301744,0.9989053,0.36437377,0.7261436,0.99904424,0.35924047,0.7248001,0.99917763,0.35403967,0.72344315,0.99915934,0.37817883,0.72851294,0.9990017,0.34967852,0.7074552,0.99901974,0.39671317,0.71551937,0.99750715,0.3819102,0.6997295,0.9976115,0.49545342,0.662303,0.99947125,0.35221693,0.5859393,0.9993838,0.60611534,0.6898041,0.99434894,0.27783,0.49033523,0.99553126,0.66685396,0.79169476,0.98400265,0.17299154,0.45639572,0.9792493,0.69208896,0.8090555,0.9616261,0.14029783,0.45008022,0.9612726,0.6880901,0.8243686,0.95744,0.13756216,0.4575335,0.95876324,0.67937887,0.8188232,0.92218655,0.15716046,0.45693997,0.9300361,0.53950924,0.40872774,0.9988207,0.47836405,0.40310532,0.9967284,0.6014279,0.21418974,0.81697494,0.5535145,0.22263464,0.23320776,0.6626744,0.047542185,0.79293865,0.6535987,0.070709944,0.35491014,0.67273897,0.017521024,0.74682665,0.6718243,0.045294434,0.38141972,0.678664,0.043141574,0.76672643,0.6627489,0.055098265,0.38501024
51184_aug.jpg,0.7162424,0.59694135,0.9990717,0.7272842,0.6049838,0.9997278,0.7282556,0.6026795,0.999757,0.7293383,0.60022897,0.9997832,0.7222327,0.6141387,0.999645,0.7193686,0.61820096,0.99957997,0.7160406,0.62241507,0.9996784,0.71810305,0.6011977,0.9996376,0.69679433,0.6319579,0.9995136,0.7048676,0.5882041,0.99461347,0.6976694,0.59792066,0.99399924,0.6837958,0.50303036,0.9985166,0.5749258,0.6495068,0.9994677,0.76538134,0.38013697,0.99070084,0.47900882,0.76181376,0.9977005,0.84618485,0.27295017,0.9608078,0.39434612,0.8717756,0.9462239,0.865746,0.24200065,0.9223056,0.37118548,0.90268326,0.8674723,0.87444293,0.24673645,0.91645706,0.37309647,0.9098862,0.8591366,0.86650026,0.255216,0.83755565,0.38140875,0.89680564,0.8084819,0.43868732,0.39119804,0.9941765,0.37781748,0.47823852,0.99730504,0.5162971,0.19837174,0.996194,0.18587844,0.5367037,0.95846933,0.37282372,0.045134574,0.97617686,-0.011847436,0.59016097,0.9489808,0.3373112,0.03843674,0.9625117,-0.042999834,0.595542,0.9363683,0.38256526,-0.033334017,0.9255808,-0.03949535,0.5910107,0.8479627
51726.jpg,0.4676747,0.85414994,0.99996865,0.45273772,0.868047,0.9998511,0.44938847,0.8673533,0.9998802,0.44605482,0.8665782,0.99983037,0.45589888,0.8691855,0.99988306,0.45479575,0.86919785,0.99991,0.45361036,0.8692305,0.9998846,0.42446747,0.85337925,0.9998253,0.43668658,0.8564021,0.9998323,0.46100816,0.8343954,0.999607,0.46632877,0.83651084,0.9994367,0.36125243,0.73369086,0.9995129,0.50919336,0.7670921,0.9996842,0.2277807,0.6975129,0.99692,0.6426594,0.80363655,0.9919695,0.106696546,0.6578274,0.98620147,0.75929236,0.8614954,0.992664,0.06751445,0.6562685,0.9566832,0.7917076,0.8760587,0.97679865,0.06279346,0.65915483,0.9608033,0.7942226,0.8828729,0.9805893,0.07507005,0.65594673,0.96667004,0.7847255,0.8752603,0.9847386,0.4660909,0.44748437,0.9981713,0.532067,0.46780643,0.999281,0.3529957,0.24266484,0.9987772,0.7375241,0.5155175,0.9963265,0.23723358,0.052377373,0.9972384,0.84828854,0.28740284,0.9940135,0.22703871,0.035999656,0.97598517,0.8389625,0.24293195,0.9888109,0.2237907,-0.00017136335,0.9926455,0.95538056,0.26463327,0.9870711
52954.jpg,0.46337935,0.6529739,0.99975353,0.45081615,0.6606854,0.9998888,0.45075774,0.6600909,0.99991083,0.45066792,0.65960336,0.99990284,0.4472344,0.66035014,0.99987423,0.44448322,0.659302,0.99987984,0.4411344,0.65795374,0.9998816,0.4428879,0.6478988,0.99981827,0.42688283,0.6405458,0.9998698,0.46816778,0.6393927,0.99872655,0.46662635,0.63798475,0.9987382,0.5083949,0.5973089,0.9996107,0.4176705,0.53880656,0.9998547,0.58971167,0.649552,0.97613984,0.34221327,0.4939656,0.9859437,0.62887853,0.68041426,0.9472984,0.2777016,0.45162463,0.89426106,0.65364057,0.6925544,0.9341754,0.2570604,0.4391238,0.8611954,0.6496712,0.69593966,0.93430334,0.2563822,0.4419061,0.8627781,0.6420424,0.6891135,0.87874675,0.26446882,0.4447577,0.83133656,0.5972902,0.4029877,0.9997396,0.54195255,0.37297478,0.9998627,0.6984724,0.48862317,0.97948486,0.49943557,0.28236875,0.910551,0.7691633,0.3680927,0.94363624,0.46848494,0.1642597,0.91485,0.77483076,0.3400475,0.9382008,0.46387425,0.14235258,0.9112824,0.8164909,0.376322,0.93767494,0.486159,0.16617058,0.8909869
52976_aug.jpg,0.56265116,0.8576647,0.99998045,0.5553019,0.8777544,0.99996424,0.55236214,0.8780264,0.9999809,0.5492941,0.8782516,0.99997044,0.5576441,0.87824535,0.99994576,0.5564802,0.8789081,0.9999591,0.55500877,0.87954384,0.9999515,0.5248504,0.87317145,0.9999727,0.53261685,0.8736486,0.9999614,0.5518679,0.8403443,0.99994755,0.5551313,0.8396934,0.9998838,0.4484536,0.75308365,0.99997866,0.5362787,0.7450705,0.99969316,0.32959983,0.76294684,0.99912995,0.6502273,0.7288891,0.7638695,0.23145273,0.74753916,0.99729997,0.77378976,0.7362809,0.9548393,0.19627064,0.7469716,0.99174094,0.8018826,0.7420703,0.9063705,0.19965723,0.7478744,0.992595,0.8050499,0.7452718,0.9194289,0.21136348,0.74542105,0.99036145,0.79636025,0.7401743,0.9245152,0.40536162,0.41305646,0.999879,0.46899572,0.41140217,0.99998224,0.26486698,0.28059816,0.9988726,0.5823479,0.36231712,0.9983537,0.08700055,0.16849616,0.99941134,0.54770654,0.11855924,0.9981312,0.05686599,0.15406448,0.9805141,0.52261543,0.07577911,0.99147284,0.09079403,0.10448247,0.9979785,0.6174298,0.05387938,0.9972886
53713.jpg,0.420667,0.6854192,0.9999609,0.42739302,0.7001088,0.99989164,0.42763215,0.7006105,0.99988854,0.42786172,0.70124495,0.99986875,0.43197381,0.69963217,0.9999031,0.43584752,0.69958174,0.99989367,0.44023752,0.69944775,0.99984205,0.44062155,0.6962332,0.9998435,0.46066943,0.6913196,0.9998388,0.4228041,0.67113936,0.9996824,0.42965567,0.6699578,0.9996774,0.38872263,0.6155796,0.9998696,0.5321982,0.61124897,0.99965274,0.27830324,0.60727805,0.9957266,0.6353688,0.6161417,0.9945826,0.18072754,0.6063721,0.9971812,0.7288942,0.6050237,0.9860576,0.15093488,0.6038761,0.98890823,0.7594201,0.6028859,0.96019685,0.14493471,0.6060459,0.9914169,0.76140875,0.60508025,0.9642999,0.15736476,0.60532296,0.99220955,0.7516134,0.6038314,0.95933294,0.43254855,0.40661234,0.99975747,0.52403665,0.40870216,0.99961984,0.2806419,0.37611508,0.997869,0.6406611,0.31137985,0.9992962,0.27937979,0.21897179,0.99540603,0.7590947,0.23445816,0.99821645,0.29628748,0.19745603,0.98540896,0.77189106,0.22550225,0.96096635,0.21923116,0.18611003,0.9903155,0.8069588,0.21322046,0.9919956
53717.jpg,0.3413803,0.5546491,0.99999404,0.3357606,0.56983304,0.9999845,0.33585954,0.5704974,0.9999844,0.33612308,0.57136345,0.99997926,0.3392837,0.573267,0.99998856,0.34197643,0.5762526,0.9999887,0.3449489,0.5794294,0.9999825,0.353697,0.5804365,0.99998116,0.36706308,0.5908525,0.9999895,0.35421968,0.5464016,0.999954,0.35963267,0.5500859,0.9999722,0.37955397,0.49072844,0.9999502,0.48473346,0.5865346,0.99987733,0.2954249,0.40484038,0.9966041,0.5836727,0.6474015,0.99718446,0.22059503,0.3473733,0.99636924,0.6625409,0.72239864,0.992304,0.19709808,0.32926017,0.985283,0.685143,0.745827,0.98073846,0.19275615,0.32806984,0.9880486,0.6863002,0.7492591,0.9832133,0.20339271,0.33433053,0.99023646,0.6794513,0.7390713,0.97963506,0.55047214,0.35359496,0.99917233,0.61781776,0.41361833,0.99866116,0.45272952,0.23969838,0.9969042,0.7778263,0.43305567,0.9987931,0.56753546,0.11969048,0.9948555,0.94365644,0.45669827,0.99891233,0.5945308,0.11358592,0.99018574,0.9628419,0.46642283,0.9735647,0.546177,0.05114165,0.99190485,0.98109126,0.44399494,0.99469143
53781.jpg,0.6925627,0.7049296,0.9999801,0.6853777,0.7273277,0.99990964,0.67965895,0.7301198,0.9999018,0.6730098,0.73308384,0.99989843,0.6974515,0.720231,0.99994195,0.69994915,0.71863586,0.9999356,0.7021526,0.71710986,0.99993587,0.6457038,0.731616,0.9998142,0.6861531,0.7151214,0.9998816,0.66864914,0.6925585,0.9997831,0.6852098,0.6838473,0.99979454,0.52405995,0.66028225,0.99650395,0.68695456,0.5971518,0.9995958,0.4066333,0.7379798,0.9891233,0.8361311,0.5576297,0.9911073,0.3010578,0.80081314,0.94229436,0.96591866,0.5047496,0.9786993,0.2734748,0.8133581,0.8514603,1.0063736,0.49243882,0.93137133,0.27006412,0.82045823,0.8715882,1.0109031,0.49782276,0.9407145,0.27987385,0.8124784,0.8992411,0.9953319,0.49820578,0.95476496,0.41105494,0.3830171,0.9907658,0.51521474,0.33866543,0.9983474,0.21288124,0.34858787,0.98887724,0.65164214,0.19926071,0.9986897,0.022949517,0.29630697,0.9874994,0.5402757,0.01650685,0.99414694,0.014314264,0.28047088,0.8776369,0.5104036,0.010152727,0.97346365,-0.032928497,0.26009074,0.95862675,0.562772,-0.06763536,0.97731197
53814.jpg,0.4975991,0.8622464,0.9999796,0.4852168,0.8814231,0.999967,0.4816113,0.8815185,0.99998164,0.47805065,0.8815168,0.99997103,0.48929644,0.8823042,0.9999523,0.48874137,0.88303804,0.9999641,0.48786658,0.88376033,0.99995863,0.45425817,0.8726319,0.99997365,0.4644877,0.8742764,0.999967,0.48938006,0.8431649,0.99994874,0.49466395,0.8435791,0.9998727,0.4031669,0.7377222,0.9999542,0.4857427,0.74879247,0.9995509,0.2914294,0.72593015,0.9985159,0.6030625,0.7530215,0.8049667,0.19999492,0.69347537,0.99478877,0.7188816,0.78251946,0.9597976,0.16422877,0.68763006,0.984897,0.7471434,0.795392,0.91378325,0.16668865,0.6901896,0.98631084,0.7495735,0.7989346,0.9257414,0.18074563,0.68949693,0.9827727,0.74137735,0.79203606,0.9320013,0.42297664,0.4020388,0.9997209,0.47780675,0.41371194,0.99994266,0.3076524,0.235892,0.9980385,0.6056242,0.36870378,0.99570197,0.15572724,0.10614514,0.99900395,0.6181717,0.12165755,0.99563736,0.1224924,0.09106922,0.978725,0.59968656,0.083943754,0.987615,0.17838454,0.044243574,0.9967619,0.70268434,0.08136201,0.99315464
53830_aug.jpg,0.46672857,0.48218918,0.99951327,0.4765381,0.46377605,0.99679047,0.48226482,0.46040058,0.9967855,0.48828623,0.45861438,0.9958717,0.46079278,0.46304178,0.99721116,0.4570095,0.46225935,0.99706,0.4531458,0.46147314,0.99709785,0.5027368,0.45104206,0.9964232,0.45413586,0.45644882,0.996163,0.4808568,0.48819822,0.99600405,0.464049,0.48974183,0.9955237,0.57148033,0.487417,0.9997936,0.43017238,0.5244229,0.99986243,0.6847621,0.45995098,0.997889,0.32750964,0.5459392,0.9782225,0.7864141,0.43124402,0.9862257,0.2266292,0.5674413,0.97977346,0.8174397,0.42040974,0.95768476,0.1926865,0.5785949,0.94808173,0.82230866,0.41840014,0.9654148,0.19140196,0.57781684,0.96078193,0.8106161,0.42436975,0.9706265,0.20283973,0.57615584,0.9692094,0.597149,0.6844511,0.99490935,0.509672,0.7092773,0.9981925,0.72056603,0.746405,0.9927776,0.42603704,0.81347525,0.97470665,0.8489374,0.7979245,0.99325246,0.4406237,0.93599,0.9860173,0.8721544,0.8037486,0.8567466,0.46203354,0.95306516,0.9544867,0.8686216,0.8315093,0.9819473,0.38444513,0.9798795,0.96794075
53897_aug.jpg,0.2976159,0.44299954,0.9999646,0.29579985,0.4275592,0.9999503,0.2987091,0.42488548,0.9999696,0.30200544,0.42188108,0.999941,0.29147783,0.43143815,0.99991846,0.2911847,0.4316345,0.99992824,0.2911608,0.43152145,0.9999218,0.3195307,0.41536558,0.999936,0.305084,0.4286186,0.9999608,0.3162222,0.44659173,0.9999323,0.31086758,0.45262176,0.99993145,0.41337514,0.44436824,0.9998654,0.3531885,0.5094156,0.99992335,0.45589328,0.45657268,0.99076396,0.30990005,0.55504084,0.8101059,0.41842338,0.4478718,0.984404,0.26762325,0.6022231,0.8957513,0.41568398,0.44189832,0.9580965,0.23221558,0.61098456,0.8358763,0.40997526,0.44474837,0.9567657,0.23443907,0.6059579,0.8645945,0.40894192,0.4521901,0.9403509,0.24045098,0.6043482,0.8596309,0.57943386,0.6024593,0.99993694,0.53828806,0.6485305,0.9999995,0.71170187,0.6232988,0.9977639,0.5747212,0.7759734,0.99984336,0.80374444,0.6423277,0.9906493,0.69398165,0.87606007,0.99955434,0.8135578,0.64840716,0.8546665,0.71837157,0.8794802,0.97931594,0.84615004,0.6617383,0.9803908,0.69392025,0.9385309,0.998706
53936_aug.jpg,0.4538374,0.69802237,0.99895763,0.42948171,0.7010225,0.9962915,0.4249752,0.69786,0.99618185,0.41928118,0.6938249,0.99565506,0.43730056,0.70630586,0.9975672,0.43879822,0.70723534,0.99750656,0.4391925,0.7076676,0.9965642,0.4109417,0.67134726,0.9968706,0.43270075,0.68804824,0.9968004,0.45285058,0.67117375,0.99600595,0.46291962,0.680314,0.99529403,0.36858,0.55408984,0.9991979,0.54527324,0.6299228,0.9992669,0.23200122,0.4555477,0.991848,0.6563952,0.7081729,0.8896245,0.10225585,0.36892825,0.9596343,0.75636715,0.7810564,0.84512216,0.049806774,0.34830007,0.92184675,0.79730326,0.80343676,0.78940696,0.050101936,0.3482631,0.92471,0.79867005,0.8048774,0.8140942,0.06916809,0.3541401,0.9362677,0.7821444,0.7938018,0.8621056,0.51998687,0.31639296,0.9969639,0.6191568,0.37927812,0.99972934,0.46032903,0.12661594,0.99528223,0.77388245,0.49506345,0.98175424,0.3415649,0.07452604,0.9112655,0.9093356,0.31508952,0.98748416,0.33283052,0.08078447,0.85842454,0.91370034,0.2790397,0.98724186,0.3495069,0.008834749,0.8505789,1.0024811,0.32157212,0.96525353
56437_aug.jpg,0.73230803,0.6502882,0.99977666,0.73079085,0.6704531,0.9983589,0.72711515,0.67367667,0.99901843,0.72353107,0.67680997,0.99822587,0.7355366,0.6655425,0.9988267,0.73528254,0.6653596,0.9992556,0.7352352,0.6653686,0.9986645,0.6966739,0.68445504,0.99882656,0.7152186,0.6698657,0.99907446,0.71058977,0.6452038,0.9968767,0.7183101,0.6386744,0.9958585,0.5636417,0.6736847,0.9993032,0.69270974,0.5492151,0.99979216,0.45547974,0.77608025,0.9993401,0.78187025,0.4378845,0.9803238,0.36066893,0.8696654,0.99186033,0.8765657,0.3321147,0.964725,0.33254412,0.89760923,0.97119373,0.91178024,0.30261555,0.9206636,0.33142728,0.9067586,0.9745414,0.91631424,0.30082473,0.93518066,0.33930847,0.89683235,0.9760992,0.9037062,0.3069678,0.95229524,0.42339802,0.48270854,0.9696568,0.5079841,0.41234913,0.99614346,0.22766879,0.52223957,0.9895279,0.61037636,0.25350916,0.991285,0.045372188,0.5720203,0.98630154,0.45762753,0.12366417,0.98267305,0.028081328,0.57001716,0.9521208,0.41553935,0.12136042,0.9871574,-0.0076488554,0.57005227,0.97833693,0.49307293,0.028188735,0.96524674
57146.jpg,0.33427936,0.17310745,0.99999785,0.3395542,0.1528928,0.99999607,0.34522387,0.15117395,0.99999774,0.3503322,0.15003625,0.99999523,0.32360047,0.15914929,0.9999943,0.31858945,0.16147876,0.9999956,0.31365716,0.1638157,0.99999547,0.36417562,0.15833384,0.99999464,0.3187065,0.17481995,0.99999714,0.35546112,0.1907031,0.9999901,0.3349473,0.1996192,0.9999869,0.44510007,0.27366033,0.9999827,0.35060677,0.3055249,0.9998822,0.5507685,0.21424931,0.99612194,0.2569602,0.35895914,0.7199663,0.63620234,0.18534833,0.98682994,0.15873525,0.38872322,0.95764846,0.66637516,0.18604544,0.96167475,0.13414887,0.39878035,0.92542547,0.6669253,0.18402338,0.97127223,0.13561708,0.39823288,0.9363448,0.65803754,0.18649459,0.97462475,0.14493787,0.39854783,0.9438012,0.550881,0.58846664,0.9999267,0.5428085,0.5849425,0.99998343,0.4124013,0.70319486,0.97775865,0.7491116,0.6800815,0.92444,0.4897423,0.9227327,0.99331266,0.9125589,0.7686203,0.98802793,0.58599883,0.8900436,0.9754446,0.9407321,0.78215903,0.97900957,0.5216248,0.9722438,0.9817042,0.9028644,0.8262297,0.98298913
576.jpg,0.43925753,0.4087004,0.9998944,0.42749602,0.40681323,0.9995148,0.42684197,0.4078872,0.99938226,0.4259758,0.40929723,0.9993131,0.42575008,0.40976018,0.9996076,0.4238466,0.41277653,0.9995359,0.42151934,0.41617838,0.99937975,0.4176796,0.4345873,0.9993142,0.4103256,0.44229504,0.9993992,0.44746298,0.4224878,0.9993948,0.4457037,0.42639366,0.99953914,0.4861759,0.42641348,0.99956375,0.4278983,0.56317455,0.99898916,0.52241296,0.30526695,0.988458,0.3801164,0.6793052,0.8962053,0.54689854,0.18551105,0.933487,0.33229336,0.80037385,0.6022674,0.5522171,0.15463609,0.87067276,0.31703833,0.83596766,0.6049266,0.5526167,0.14900199,0.88615084,0.31615764,0.8398245,0.62884843,0.5525683,0.15597603,0.9151269,0.3250994,0.8291671,0.68697584,0.6455781,0.5106944,0.99501234,0.6084843,0.60376793,0.9912169,0.7391724,0.3530648,0.9807885,0.6170413,0.76374364,0.97719896,0.8871695,0.36076355,0.99023867,0.63068986,0.91642547,0.99413186,0.90630585,0.37727642,0.974969,0.64028424,0.93253577,0.9849069,0.9498836,0.30282128,0.9824158,0.63491756,0.9868556,0.9798307
57788.jpg,0.285405,0.44452766,0.99999297,0.27742034,0.42665944,0.999966,0.27855414,0.42328376,0.9999769,0.27984294,0.41949233,0.99996734,0.27570447,0.42958257,0.9999722,0.27551192,0.42834133,0.999979,0.27531734,0.4268828,0.9999707,0.29825622,0.3995183,0.9999664,0.29226762,0.41075706,0.9999614,0.30268142,0.4424631,0.99990916,0.3012375,0.44809222,0.9998307,0.41806445,0.37312552,0.99981755,0.34400183,0.49204174,0.9997948,0.47855097,0.2760544,0.9985973,0.28774187,0.57867306,0.9651936,0.52423394,0.18572852,0.99318755,0.2364183,0.65552986,0.98273534,0.53377914,0.1583916,0.9788462,0.21995884,0.6818432,0.9604477,0.5302243,0.1515801,0.9808412,0.21714494,0.6799709,0.96704125,0.52713215,0.16202998,0.98259455,0.22394222,0.67172176,0.9739705,0.6257004,0.52705425,0.995908,0.582142,0.592528,0.9989711,0.78420055,0.46845406,0.9978381,0.53446484,0.7311902,0.99708253,0.93869275,0.39828697,0.99815434,0.6918237,0.82605207,0.99493814,0.9664876,0.38132378,0.98271173,0.72402495,0.8281075,0.9921937,0.9707098,0.42743614,0.99628735,0.70289934,0.9004574,0.9902886
58510_aug.jpg,0.36180705,0.8509022,0.9999908,0.33811784,0.8615807,0.9999776,0.33315626,0.8586429,0.9999869,0.32795894,0.8555696,0.9999759,0.34541333,0.8665923,0.9999732,0.34546793,0.86750734,0.99997973,0.34533817,0.86839783,0.99997437,0.30475873,0.8304715,0.99998534,0.32875228,0.84955156,0.9999857,0.36206874,0.82453454,0.9999765,0.37133318,0.8308321,0.9999467,0.28501004,0.6851939,0.9999012,0.42023394,0.77833486,0.9997557,0.18132803,0.60678595,0.9988696,0.5108382,0.85478985,0.9664951,0.09248334,0.5368922,0.9947154,0.598532,0.9188586,0.99088895,0.06920692,0.5059447,0.9804104,0.62725765,0.934602,0.97264385,0.06833398,0.5073157,0.9847451,0.62533134,0.93666077,0.97707593,0.07581553,0.515051,0.98667717,0.6180141,0.9301032,0.97924757,0.47882056,0.42091382,0.9992188,0.559673,0.47089425,0.99989724,0.5103359,0.21647042,0.991441,0.7585624,0.38927823,0.99791247,0.53508157,0.050777525,0.9799039,0.83680046,0.24178849,0.9941309,0.5469501,0.040109098,0.8028439,0.8321558,0.20460078,0.96882915,0.55337244,0.006116122,0.9491089,0.9249706,0.22256516,0.9863512
58535_aug.jpg,0.70571995,0.43307346,0.99982435,0.7192231,0.4485871,0.998718,0.7190821,0.4532323,0.99907035,0.71891034,0.45851043,0.99849546,0.7190834,0.44052902,0.999017,0.7190932,0.43969482,0.99923384,0.7192042,0.4389706,0.9987851,0.7097709,0.48116988,0.99866056,0.7135221,0.45652997,0.9985464,0.6897989,0.4444268,0.9974407,0.69016755,0.43284887,0.9966192,0.630398,0.54804856,0.9992132,0.6325989,0.4047357,0.999734,0.66455257,0.680662,0.99846977,0.6168307,0.28153905,0.9854974,0.690171,0.79551286,0.9911016,0.6036837,0.16734275,0.987344,0.6999221,0.8288677,0.9699967,0.6037976,0.12908721,0.9656286,0.7059183,0.83594763,0.9741319,0.6066379,0.12643999,0.97136,0.69822496,0.82488024,0.97878647,0.60369945,0.13650516,0.9777043,0.40534908,0.5471157,0.9899858,0.4078193,0.46177143,0.99808156,0.34067774,0.68838596,0.9962968,0.39641964,0.29870135,0.99682367,0.2950258,0.85010016,0.99454826,0.21800625,0.33328748,0.9926202,0.29356062,0.8684808,0.9666707,0.1950832,0.3577062,0.99201363,0.26687574,0.8752779,0.99055696,0.1730814,0.2607553,0.9857217
59142_aug.jpg,0.37787324,0.6470024,0.99994075,0.38445047,0.6652545,0.9999472,0.38736233,0.66680896,0.99996054,0.3904973,0.66826946,0.99996185,0.3823492,0.6627879,0.99997115,0.3835863,0.6625694,0.9999753,0.3848102,0.6623451,0.9999733,0.4171937,0.6675913,0.99993277,0.40091273,0.66031903,0.9999342,0.3877157,0.6364567,0.9996512,0.3858542,0.634243,0.9997464,0.53114825,0.6229677,0.9993136,0.38881844,0.5782282,0.9999002,0.6572193,0.64586216,0.9781471,0.26472956,0.5363456,0.9992354,0.7591685,0.675598,0.95480615,0.15573657,0.51673585,0.98703927,0.79406184,0.68847096,0.9356152,0.123273015,0.50832427,0.97535706,0.79389095,0.6972194,0.93219477,0.12089446,0.51651174,0.9728838,0.78434765,0.6913862,0.8796379,0.13157302,0.5179244,0.9510268,0.58170164,0.37682012,0.99948645,0.4979547,0.3539413,0.9996772,0.7424327,0.3207549,0.9993924,0.32459104,0.3018155,0.999044,0.9276827,0.25559574,0.9959617,0.35224754,0.11200735,0.9975405,0.9542943,0.24647856,0.9968881,0.37413758,0.08745003,0.9960775,0.95482826,0.23710246,0.98695356,0.28294846,0.069064975,0.9908613
59201_aug.jpg,0.4962064,0.82155406,0.99996436,0.51278037,0.8399341,0.9999733,0.5165525,0.8399707,0.9999722,0.5205961,0.8398831,0.99997747,0.5110589,0.84002024,0.99996424,0.5132253,0.84009147,0.9999547,0.5155001,0.8400698,0.9999566,0.5524168,0.8216723,0.9999734,0.53906447,0.8239217,0.9999138,0.50416994,0.79899275,0.999936,0.5030973,0.7982806,0.9998204,0.6142217,0.6744864,0.99983156,0.47573498,0.69537973,0.9997758,0.7726662,0.6348304,0.9991278,0.34372967,0.76831067,0.99960357,0.8913715,0.62276155,0.99118084,0.21857762,0.84217054,0.9919654,0.9308873,0.61515146,0.97471726,0.18085772,0.86623347,0.9758208,0.931366,0.6230131,0.97304505,0.18408713,0.8793725,0.9741363,0.9169514,0.62354547,0.95062643,0.19427958,0.8668846,0.9463304,0.45665833,0.37805885,0.99941814,0.49249098,0.36054984,0.9990257,0.2539552,0.41298503,0.987748,0.61435425,0.16183636,0.9978124,0.14947575,0.18141133,0.99288803,0.72909534,-0.070402235,0.9986192,0.16098264,0.1451532,0.98272854,0.762655,-0.020208448,0.9850181,0.08054423,0.12617591,0.9870231,0.7252447,-0.14141014,0.99417514
59253.jpg,0.71190983,0.6076706,0.9999999,0.72972167,0.6088209,0.9999999,0.7299416,0.60844904,0.99999976,0.72998786,0.607959,0.99999976,0.7310866,0.60536826,0.9999999,0.7321112,0.6028121,0.9999999,0.7329433,0.5999403,0.9999999,0.7271156,0.5927398,0.99999976,0.73051924,0.57957137,0.9999999,0.6981797,0.6002586,0.99999905,0.70011866,0.5949832,0.9999993,0.63441837,0.5529562,0.9998055,0.6511005,0.51567954,0.99984384,0.60975367,0.62286603,0.7298944,0.6727021,0.42229465,0.9736197,0.6058713,0.74348485,0.96142006,0.70449245,0.34163833,0.96596307,0.5995526,0.76960564,0.9394287,0.71697766,0.31678987,0.9466881,0.6011574,0.7722299,0.94777375,0.7168711,0.31537718,0.9496232,0.60135204,0.7624929,0.9439107,0.709915,0.32263166,0.9359969,0.37468442,0.45736548,0.9999714,0.37149644,0.44712627,0.9999157,0.27548686,0.57632506,0.99428314,0.27234155,0.29747045,0.99755704,0.08549878,0.52241576,0.9958592,0.19750759,0.19425777,0.9982804,0.06036201,0.5007096,0.98746383,0.17907192,0.15068376,0.9704536,0.033581823,0.5693165,0.9943389,0.15558873,0.14884415,0.99497026
59695.jpg,0.7530304,0.66680634,0.9999604,0.75537324,0.6820455,0.99983704,0.7541334,0.6824468,0.9998367,0.7529956,0.68260616,0.9997807,0.75758326,0.67770445,0.9997944,0.7587053,0.6779915,0.99983037,0.75984716,0.6782129,0.9997359,0.74313676,0.6829324,0.99979585,0.7477577,0.6803212,0.99975115,0.74295115,0.6604165,0.99979097,0.748129,0.65908366,0.999666,0.6571139,0.67200387,0.9999014,0.75669616,0.6016152,0.9998621,0.56914103,0.72013116,0.99658245,0.8630749,0.5478517,0.9401668,0.48973858,0.7718617,0.9476292,0.96594775,0.50562096,0.8144026,0.4660859,0.7959439,0.8883035,0.9894481,0.49873737,0.77562803,0.47040725,0.80475706,0.9000184,0.99446213,0.49841577,0.8041369,0.4736882,0.79535025,0.90111834,0.9849328,0.5003608,0.86016697,0.58375907,0.5272039,0.9971282,0.6447495,0.49335173,0.99893814,0.43525583,0.53233933,0.9918989,0.7794353,0.41038316,0.973739,0.29270476,0.54299253,0.9978059,0.71794444,0.292776,0.9933543,0.28028855,0.54410356,0.99319625,0.68987525,0.28071833,0.9947588,0.26024678,0.5410209,0.99528813,0.7582395,0.23658347,0.98521703
60058_aug.jpg,0.8352514,0.63619804,0.9999933,0.85518134,0.6328696,0.9999918,0.85520685,0.6333694,0.9999889,0.85511875,0.6338106,0.9999901,0.8560469,0.6260698,0.99999285,0.8565415,0.62155896,0.9999912,0.8568363,0.616738,0.9999901,0.8474725,0.615788,0.99998474,0.8492337,0.59389323,0.9999894,0.8148914,0.63058,0.99995935,0.8150849,0.62183034,0.9999627,0.71772975,0.61128116,0.9982413,0.73807883,0.51781714,0.99868363,0.71412826,0.7464808,0.5853509,0.7724849,0.38516453,0.95957327,0.70794547,0.85302055,0.78117937,0.7970696,0.2765165,0.81198937,0.70662034,0.875703,0.6558777,0.8083672,0.24835199,0.68401915,0.7129282,0.87949234,0.6851058,0.80726355,0.24949092,0.69694346,0.7130157,0.8612962,0.7001546,0.8012014,0.2542507,0.69124424,0.41124234,0.516854,0.9993992,0.4144256,0.45886043,0.9988004,0.2776628,0.6641475,0.9847823,0.2746126,0.31959355,0.9961494,0.06268799,0.6490191,0.9830961,0.12108433,0.17483577,0.9957398,0.029099047,0.6211665,0.96296424,0.10226196,0.15593395,0.9141458,0.019129753,0.72460467,0.9795798,0.032221407,0.19608423,0.9849363
60375.jpg,0.30154437,0.71237534,0.9999918,0.28384835,0.7179605,0.9999809,0.2815708,0.71566486,0.999987,0.2792284,0.7130799,0.99997985,0.28738508,0.7220119,0.9999795,0.28758198,0.72256017,0.99998176,0.28770202,0.7229368,0.99997747,0.27044103,0.6930741,0.99998677,0.281842,0.7066267,0.9999844,0.30765083,0.6940303,0.99997413,0.3130561,0.7001189,0.9999528,0.3028394,0.56204545,0.99989295,0.38567138,0.6622488,0.99988365,0.23262033,0.5009343,0.9971391,0.46446833,0.75185835,0.96495706,0.14420277,0.450754,0.9786511,0.52643013,0.84449685,0.9837742,0.117296666,0.4362695,0.9509956,0.54329157,0.8657503,0.9545789,0.11024061,0.43753195,0.9598589,0.54362774,0.8714675,0.962172,0.120063186,0.44087797,0.96833986,0.54089403,0.86436284,0.9670811,0.5485517,0.38993418,0.9996779,0.5705926,0.41702148,0.99982905,0.6514102,0.27015495,0.9864985,0.71862984,0.48941767,0.91705954,0.61718476,0.06166002,0.98942053,0.8566842,0.3155455,0.96199733,0.5983415,0.013914555,0.9705768,0.8770573,0.27152765,0.93905467,0.65734315,0.03722313,0.97457856,0.9475795,0.36402,0.9432809
60706.jpg,0.55926186,0.15859249,0.99996245,0.5637616,0.14250869,0.9999796,0.56170964,0.14204955,0.9999832,0.5595882,0.14158705,0.99997973,0.57287824,0.14495325,0.9999802,0.5776626,0.14657113,0.99998033,0.5825085,0.14843187,0.9999801,0.56504005,0.1500408,0.99996233,0.59738857,0.16226304,0.9999769,0.55536115,0.17223838,0.99975103,0.56523323,0.17683637,0.99977905,0.494423,0.23133487,0.9998853,0.6453343,0.27959788,0.9999285,0.38171571,0.18650827,0.989136,0.7608828,0.30017066,0.9960006,0.300664,0.15846744,0.9856182,0.8464436,0.3162251,0.97155195,0.26973778,0.15711808,0.9800826,0.88268614,0.33129668,0.95095134,0.27069807,0.14973256,0.98002255,0.8855025,0.32415897,0.950882,0.2793873,0.15185836,0.9556594,0.87201595,0.32136893,0.9306227,0.44949684,0.5297188,0.9995443,0.5277737,0.54718006,0.99981636,0.26575065,0.525583,0.99557304,0.60651976,0.7433935,0.98154056,0.19314942,0.7334924,0.98765635,0.6803541,0.92265713,0.9815337,0.20067665,0.77789927,0.9846428,0.6897094,0.95111656,0.9796745,0.122273,0.74722284,0.97756815,0.69083834,0.9409542,0.9544003
61064_aug.jpg,0.6391636,0.2827501,0.9999683,0.6508706,0.2761886,0.999974,0.6503446,0.27641645,0.9999776,0.6496708,0.27666146,0.99997556,0.65395993,0.27795577,0.999972,0.6555958,0.27944458,0.9999709,0.6571998,0.28098202,0.99997604,0.6511452,0.287534,0.99997056,0.6610983,0.2947381,0.9999809,0.63008213,0.2934183,0.99996316,0.6323157,0.29518026,0.9999373,0.57444364,0.33941445,0.9999738,0.61454135,0.38716286,0.99971956,0.5619566,0.31710765,0.9919851,0.6396814,0.451529,0.9092727,0.5603083,0.2915531,0.99380106,0.6803579,0.48342925,0.9233292,0.55611515,0.29314858,0.9903267,0.71152484,0.52225316,0.9083218,0.55732656,0.29022378,0.9895258,0.716407,0.5210693,0.91320896,0.5544462,0.29480702,0.9755586,0.6818654,0.48780352,0.88061774,0.4125299,0.5515039,0.99989617,0.39192453,0.522205,0.9999155,0.35168862,0.72596925,0.98924786,0.23003605,0.49214852,0.9755105,0.28737,0.8746971,0.9879219,0.046712995,0.61517906,0.97875047,0.28365713,0.9237101,0.9245484,0.04584372,0.63425064,0.9330703,0.22243536,0.9269051,0.9825157,-0.0024237037,0.59047765,0.96526825
6136_aug.jpg,0.3980498,0.3510452,0.9999224,0.39712456,0.33801177,0.99991107,0.3965412,0.33829957,0.99993324,0.39581853,0.33858985,0.99991107,0.40009755,0.33634707,0.9998996,0.40176412,0.33561826,0.9999058,0.40338284,0.33496726,0.9999101,0.40406793,0.34242812,0.9999105,0.4140635,0.3377861,0.999943,0.4012378,0.36315438,0.99980634,0.40378886,0.36311713,0.9997472,0.4408604,0.4091193,0.9998995,0.42655933,0.41357833,0.99912435,0.48523718,0.39944082,0.9887356,0.40422028,0.3970313,0.3905927,0.54129016,0.37380528,0.9661442,0.36884212,0.3819502,0.69008636,0.5618262,0.367793,0.9370418,0.3587977,0.3820668,0.6234239,0.55914575,0.366913,0.93886465,0.36427784,0.37918848,0.6531476,0.5533286,0.37244737,0.92012113,0.36465415,0.38230014,0.6685474,0.48930743,0.6438721,0.9998615,0.46818134,0.64435196,0.999964,0.61445767,0.74412185,0.9988695,0.3557762,0.7051666,0.9966709,0.7275412,0.8389118,0.9994382,0.3817404,0.8706095,0.9970938,0.7540363,0.8455789,0.98190975,0.39968845,0.8909532,0.9907644,0.7238469,0.90006953,0.9983581,0.34738296,0.91968083,0.99523264
62144_aug.jpg,0.2591411,0.7715415,0.99998033,0.25211382,0.79360664,0.99998105,0.2545459,0.7956022,0.99997044,0.2569408,0.7971581,0.999972,0.24736781,0.78975475,0.99998915,0.24673548,0.78939265,0.9999882,0.24641158,0.78906643,0.9999901,0.2732337,0.7958776,0.9999701,0.26117262,0.7897912,0.99998546,0.27843392,0.75958645,0.999887,0.27425846,0.75444293,0.9999019,0.40169084,0.72990245,0.9990403,0.30606186,0.67252713,0.99971765,0.49043402,0.8063516,0.97266597,0.23558134,0.58935547,0.98392093,0.5674759,0.8738719,0.95554966,0.16363052,0.5436202,0.8225869,0.59049153,0.8862205,0.93305606,0.120754,0.56690913,0.7643316,0.59048784,0.8938962,0.93016464,0.11053592,0.5768538,0.75138956,0.58181214,0.88524324,0.8781711,0.12024039,0.5818228,0.68892837,0.54589456,0.42626566,0.9989988,0.51885325,0.40135843,0.99932134,0.7491286,0.3475852,0.9610608,0.41714114,0.2537877,0.9914786,0.9390742,0.28045,0.9734764,0.53833175,0.053814888,0.99372077,0.96782076,0.27384692,0.97198,0.5785418,0.04147768,0.98498225,0.9779141,0.21286002,0.9440206,0.510904,-0.003417492,0.9831392
6226.jpg,0.33358753,0.30890772,0.9999703,0.3295378,0.29235405,0.9999161,0.3321337,0.29013562,0.99994993,0.3349241,0.28766522,0.9998981,0.32543927,0.29553768,0.999879,0.32508555,0.29566434,0.9999188,0.32474682,0.29575613,0.999902,0.35153311,0.28361824,0.99994826,0.3371944,0.2960685,0.9999268,0.35363656,0.3124839,0.99993706,0.3474689,0.31802255,0.9998379,0.45897087,0.2953644,0.9999515,0.37689453,0.384347,0.9996357,0.5128923,0.22480446,0.99950755,0.31421167,0.44630206,0.985023,0.5672932,0.13687542,0.9992236,0.24443337,0.49876463,0.997253,0.5875565,0.11358124,0.9965687,0.22731385,0.52194864,0.9900609,0.5856409,0.108852774,0.9970908,0.22219744,0.5234237,0.99141216,0.58146673,0.11585766,0.99649256,0.23037836,0.5155707,0.99275804,0.63052106,0.45833743,0.99976355,0.5850862,0.5105357,0.99988914,0.7964091,0.46009555,0.9987191,0.60027605,0.6683644,0.99486035,0.9564159,0.4534491,0.99799573,0.7198378,0.7661556,0.99493825,0.9687766,0.4492841,0.9683548,0.7526667,0.77277017,0.98482764,1.0021516,0.46768555,0.9939546,0.7068707,0.85739386,0.98921996
62573.jpg,0.4970404,0.5341694,0.99949396,0.47597814,0.52834475,0.99760133,0.47243875,0.52129555,0.9977119,0.46909237,0.5158188,0.99723864,0.47833353,0.5454556,0.99731773,0.47724605,0.5509821,0.9971307,0.47657916,0.55501497,0.9969983,0.45671788,0.5081888,0.99728847,0.47137177,0.5543345,0.9948397,0.50037867,0.5191407,0.99688333,0.5048863,0.53592056,0.9954359,0.46273062,0.43194777,0.9998197,0.54117733,0.5515032,0.9997937,0.3998821,0.3372362,0.9974438,0.6033109,0.641618,0.96323824,0.33190554,0.25214583,0.978104,0.6601197,0.7314521,0.9615502,0.31188768,0.22625919,0.94172674,0.6824343,0.7563045,0.9163967,0.308662,0.22391622,0.95175105,0.6833412,0.7600751,0.934747,0.31925184,0.23393822,0.95854074,0.67732537,0.7508303,0.94988304,0.64065206,0.3383455,0.996267,0.68954575,0.4096439,0.9975563,0.652744,0.21191037,0.9952195,0.8168659,0.45270172,0.9744441,0.64449537,0.061826706,0.99584204,0.93045694,0.39861307,0.9889101,0.6361054,0.03706768,0.89275825,0.94026864,0.37253448,0.9563082,0.6815295,0.04486063,0.9908178,0.99129945,0.44040117,0.98000896
62800_aug.jpg,0.4956445,0.738796,0.99999976,0.50177735,0.75484467,0.99999964,0.5020163,0.7548764,0.9999994,0.50221455,0.75473785,0.9999994,0.5051219,0.75467527,0.99999976,0.50792086,0.7544654,0.99999976,0.5109753,0.7539952,0.99999964,0.51378596,0.74646354,0.9999994,0.5271782,0.74389267,0.99999964,0.49529344,0.72321403,0.99999774,0.50130516,0.72266185,0.99999785,0.48976138,0.64763737,0.99977297,0.5563085,0.64318997,0.99965143,0.42278674,0.6619044,0.746748,0.64722645,0.62165034,0.9728757,0.32109964,0.7067332,0.96889883,0.73489666,0.61483127,0.9526855,0.2968015,0.71147984,0.9420874,0.76063627,0.61882603,0.91616297,0.29472286,0.71393824,0.95097977,0.75992996,0.6184807,0.9222212,0.30180243,0.7104369,0.9495627,0.751109,0.6141501,0.9054273,0.4712523,0.37345105,0.99998295,0.4949559,0.3653099,0.99991405,0.32622468,0.3359758,0.9958276,0.5810344,0.21162277,0.9960663,0.2946318,0.14314017,0.9952122,0.6549942,0.08390394,0.9971347,0.30387658,0.10491502,0.98666567,0.66654927,0.060487658,0.95205414,0.22630757,0.107449055,0.9946774,0.6588216,0.04166025,0.993164
62885.jpg,0.3068226,0.50427943,0.9997284,0.30095875,0.4908356,0.9995579,0.3038493,0.48702592,0.9995915,0.30694547,0.48308513,0.999468,0.295945,0.49745995,0.999373,0.2951997,0.4985795,0.99924797,0.2946734,0.49939114,0.9992562,0.31958592,0.4757317,0.9992436,0.3041544,0.49754667,0.9990048,0.3272099,0.50112355,0.99916077,0.32186028,0.509706,0.99910116,0.4088,0.4714811,0.9985436,0.35736793,0.5597903,0.99953127,0.43467245,0.46089035,0.9644011,0.3308766,0.61029565,0.94231194,0.40747336,0.45617276,0.95905846,0.27877513,0.6740074,0.92580307,0.40688825,0.45075446,0.9303415,0.26904172,0.6904828,0.8349398,0.40358347,0.45384175,0.9316603,0.2704731,0.68800664,0.8529428,0.40446624,0.46097046,0.9250743,0.2743137,0.68571246,0.8654245,0.61066836,0.5678127,0.9998016,0.5910333,0.62516654,0.999992,0.73861974,0.5383953,0.99352115,0.65736496,0.73916346,0.99938667,0.83201534,0.53205276,0.9838185,0.7986406,0.7934713,0.99809474,0.8409481,0.537045,0.78707147,0.8284146,0.7907542,0.9740269,0.8777277,0.5443162,0.96847165,0.8269552,0.85007703,0.9951403
63269_aug.jpg,0.38599432,0.60395056,0.99999225,0.38421404,0.62270594,0.99998677,0.38467547,0.623201,0.9999887,0.38505685,0.6237579,0.9999851,0.3891111,0.62564915,0.9999856,0.39332736,0.62849736,0.9999851,0.3979491,0.6316488,0.9999726,0.40592128,0.62653804,0.9999919,0.4284975,0.63994473,0.9999801,0.39935553,0.5899731,0.9999566,0.40519565,0.594473,0.9999516,0.410525,0.5132323,0.99996424,0.5596259,0.6240229,0.99985456,0.2847268,0.42279583,0.99960166,0.6807693,0.7139543,0.9956999,0.17199826,0.3521282,0.9990669,0.78757626,0.7941842,0.98132265,0.14016879,0.32631382,0.99479395,0.8265244,0.82912236,0.9567795,0.13486221,0.32717705,0.9955836,0.83130497,0.83486176,0.96241206,0.14730766,0.3343846,0.99654406,0.8189435,0.8188764,0.9662637,0.58466506,0.36888406,0.9979881,0.6737397,0.43920955,0.99792635,0.4500661,0.23374633,0.98501045,0.87708116,0.45325327,0.9936699,0.5434989,0.06196022,0.96586734,1.0776972,0.47876373,0.9928803,0.5787349,0.057828486,0.9480432,1.0965444,0.46742055,0.93657696,0.5094836,-0.018828988,0.94994426,1.1426206,0.49452797,0.96631485
63600_aug.jpg,0.5049894,0.2577438,0.99998903,0.5103905,0.24130914,0.99995434,0.5136887,0.24092826,0.9999707,0.51714593,0.24051782,0.9999416,0.5038073,0.2416985,0.99994254,0.50270236,0.24154943,0.9999511,0.5016861,0.2411964,0.9999372,0.53196615,0.24374548,0.99994564,0.51068276,0.24360287,0.99993813,0.5168353,0.26972127,0.9999198,0.50668424,0.27006352,0.9998399,0.60310894,0.31664056,0.999897,0.48412368,0.33114615,0.99964774,0.68383247,0.30084133,0.99774444,0.39853734,0.33873862,0.9832454,0.7816189,0.27394417,0.9967001,0.3060785,0.33567506,0.9973546,0.81301904,0.2689908,0.98914206,0.2813018,0.34084806,0.990298,0.81816787,0.26481646,0.99149793,0.27867973,0.34002948,0.99154645,0.807808,0.26900393,0.9912479,0.28740677,0.34026593,0.9926184,0.6258859,0.56369317,0.9998167,0.5479695,0.5670343,0.99989855,0.75066507,0.66841614,0.99837625,0.46860018,0.6820734,0.9976555,0.88550246,0.7705792,0.9987834,0.48706114,0.84854996,0.99788046,0.8956118,0.78603935,0.9702262,0.5071534,0.87376046,0.99064076,0.9129969,0.8143504,0.9971027,0.42914492,0.9025583,0.99524117
6461_aug.jpg,0.20288795,0.27973792,0.99999654,0.19789368,0.2591147,0.9999927,0.20158419,0.25483564,0.99999523,0.20548299,0.25035346,0.99999154,0.18886012,0.26826242,0.9999912,0.1864134,0.27039352,0.9999918,0.18427747,0.27211913,0.9999902,0.2225905,0.24227107,0.999995,0.19400412,0.26853397,0.99999344,0.22427401,0.28288105,0.9999893,0.21152967,0.29462826,0.9999777,0.34039664,0.2769582,0.99998236,0.23177652,0.36773056,0.9996153,0.4327924,0.1985035,0.9996377,0.1455366,0.43530393,0.96260756,0.49303192,0.124080986,0.9976095,0.05095008,0.48813096,0.98701733,0.5195549,0.10297671,0.9891026,0.024080127,0.50441504,0.9627261,0.51499724,0.0994592,0.9911404,0.01925078,0.5016432,0.967039,0.50655836,0.10762876,0.99015474,0.030578822,0.4979402,0.9728056,0.52812696,0.53218555,0.9996014,0.46860614,0.57380676,0.99981755,0.7534996,0.5836833,0.9981949,0.39373118,0.7160827,0.98960423,0.9399117,0.60564095,0.9984648,0.56771934,0.89933664,0.99221474,0.95968854,0.6090982,0.9762706,0.60650885,0.9166076,0.983256,0.9848152,0.6612474,0.99469084,0.5454233,0.9861772,0.9859497
65035.jpg,0.32776737,0.72187287,0.9998318,0.31279683,0.72953033,0.9999229,0.313488,0.7303767,0.9999347,0.31426924,0.7312763,0.99993134,0.30885473,0.724936,0.9999025,0.30676985,0.7223478,0.9998944,0.3046537,0.7194673,0.99990714,0.31379062,0.71720433,0.9998679,0.30041373,0.6968574,0.99990666,0.34014946,0.7116184,0.9992405,0.3361605,0.70565504,0.99918514,0.42099294,0.7007551,0.9994363,0.32527268,0.57210135,0.9998332,0.5037639,0.79334474,0.98695475,0.24313435,0.4807146,0.99678814,0.57425827,0.8781756,0.9760376,0.16542941,0.39561254,0.9570716,0.5945407,0.90138566,0.9624141,0.1435456,0.36719188,0.916206,0.5918762,0.90603536,0.961234,0.13974535,0.3730302,0.9120348,0.58712316,0.8982358,0.9208507,0.14899668,0.38247007,0.8819305,0.60456705,0.48837388,0.996709,0.5441178,0.42120633,0.9990447,0.7488984,0.59585625,0.9915658,0.5709264,0.21938756,0.96664387,0.9087745,0.48327476,0.9357833,0.5778982,0.03508842,0.93015206,0.9217051,0.45336574,0.9163568,0.5821393,0.009134799,0.91610533,0.96894217,0.5206101,0.88373893,0.5795123,-0.01959598,0.84416944
65836.jpg,0.6940078,0.71351564,0.99993706,0.69770485,0.7334235,0.99968696,0.6948059,0.73667115,0.9996593,0.6915921,0.7400501,0.99967694,0.7028465,0.7286654,0.9997441,0.70350415,0.7287547,0.9996463,0.70424986,0.7290057,0.9996481,0.671242,0.7513654,0.999759,0.6915461,0.73686194,0.99938095,0.67557347,0.711341,0.99973947,0.68322945,0.7050897,0.99942845,0.5500238,0.7272017,0.99972504,0.6612524,0.64502597,0.9998388,0.43358988,0.7985243,0.99784327,0.7404248,0.55091965,0.9859949,0.34317547,0.86519647,0.9798718,0.8259264,0.46667403,0.9825362,0.32350427,0.88686824,0.9503743,0.8577159,0.44360572,0.95761997,0.3231928,0.889884,0.95541114,0.8634928,0.44338992,0.96465,0.32802784,0.87847346,0.9580677,0.850474,0.44922012,0.9700621,0.3784821,0.49951568,0.9981346,0.429748,0.46037775,0.9996784,0.212523,0.48390752,0.99480575,0.45739955,0.25795695,0.98872375,0.037224144,0.5080717,0.98827565,0.30009222,0.14209822,0.9854798,0.026207268,0.5175073,0.9514965,0.25732988,0.13478372,0.9645328,0.0024136007,0.47940627,0.971314,0.33259803,0.058145612,0.95446056
66088_aug.jpg,0.49144706,0.37162548,0.9999043,0.50740975,0.36024988,0.9993672,0.5122908,0.3606726,0.9995529,0.51749843,0.36109972,0.9992137,0.5004434,0.35868403,0.99951947,0.500518,0.3580441,0.99966764,0.500779,0.35731104,0.9994324,0.5428775,0.37216875,0.9992539,0.52174765,0.36718506,0.9994574,0.50208807,0.38927156,0.99880636,0.49141467,0.38734183,0.998393,0.60759515,0.46955794,0.9990013,0.46007207,0.4431061,0.9997869,0.73539346,0.47384018,0.9968515,0.34777775,0.41739956,0.9710343,0.8463403,0.47916418,0.9799018,0.23356068,0.3937502,0.9724215,0.8748433,0.4823816,0.946048,0.199934,0.3852479,0.9414881,0.88099694,0.48017818,0.9533847,0.19581568,0.38141468,0.9522361,0.86955535,0.48063475,0.95915854,0.20573232,0.38783288,0.9646552,0.55926603,0.678144,0.98716563,0.46686926,0.6636167,0.9979367,0.6838218,0.78625274,0.9850745,0.3100323,0.64962226,0.9941413,0.80907756,0.8793014,0.9902137,0.26833695,0.80904794,0.99044245,0.8238915,0.892421,0.9614144,0.27949435,0.8394126,0.99110866,0.8518556,0.91672367,0.98017865,0.19324863,0.84473616,0.9797742
66381_aug.jpg,0.2880213,0.3354164,0.9999982,0.27679214,0.34290695,0.99999607,0.27657104,0.34326878,0.99999547,0.2763804,0.34392276,0.99999523,0.27804878,0.34735873,0.999997,0.2785815,0.3505097,0.9999964,0.27903727,0.35334623,0.999995,0.28390354,0.35705528,0.99999297,0.2882182,0.36889607,0.9999958,0.30061638,0.33442286,0.9999809,0.3032459,0.33915848,0.99998415,0.34656927,0.31040514,0.9999087,0.37782502,0.40002877,0.99961287,0.31206107,0.23597075,0.97100776,0.4028901,0.4763382,0.9978033,0.2736021,0.17752701,0.9966338,0.41860497,0.54878986,0.9961908,0.26696604,0.15142545,0.9903044,0.42376813,0.57410616,0.98717564,0.26436242,0.15018547,0.99214125,0.4216108,0.5777461,0.9887311,0.26797357,0.15921313,0.99187636,0.42163527,0.5690576,0.98508203,0.5381966,0.25499845,0.9999466,0.5611755,0.3167248,0.9998005,0.5388391,0.12851246,0.99898154,0.6772298,0.3646623,0.9983808,0.67660695,0.106763974,0.9965848,0.7856947,0.41980863,0.9980258,0.6975951,0.11731003,0.99144274,0.7985615,0.43103576,0.9434956,0.70663035,0.051969886,0.9959888,0.8270136,0.40938312,0.99421966
68107.jpg,0.5081968,0.6590954,0.99997807,0.49371976,0.6699489,0.99989414,0.48954082,0.6688769,0.99990404,0.48501995,0.66766584,0.99987686,0.4989655,0.67103815,0.99991906,0.49901074,0.67098355,0.9999267,0.49891478,0.67096627,0.999912,0.4640382,0.6535151,0.9998425,0.48122203,0.65957654,0.99986553,0.5046557,0.6420434,0.99969363,0.51197195,0.643412,0.9995746,0.42031756,0.5460129,0.99943465,0.5538549,0.5969291,0.99983335,0.32261056,0.48752117,0.997417,0.66097313,0.63784474,0.9882505,0.22447142,0.4410366,0.98523176,0.7448499,0.6763605,0.9895495,0.1978724,0.43162528,0.9551542,0.7718531,0.6878463,0.9695311,0.19302493,0.43407452,0.9597232,0.7715489,0.6922512,0.9741277,0.20408243,0.43633038,0.96420413,0.76350313,0.6873948,0.9793314,0.5192954,0.3479833,0.9917442,0.60072964,0.3884316,0.9984737,0.43384743,0.21728411,0.99798006,0.7468353,0.42679083,0.9987552,0.3436079,0.08722398,0.99719065,0.80402505,0.27188265,0.9955811,0.33093622,0.06562579,0.9738825,0.79655546,0.24826613,0.99219704,0.32797188,0.04309255,0.99219817,0.8834691,0.26340005,0.98807293
68184.jpg,0.25991124,0.36047807,0.99988294,0.26226684,0.34183365,0.9989999,0.2659234,0.3380669,0.9994324,0.26968163,0.33404386,0.99891865,0.2555109,0.34937084,0.9992568,0.25490478,0.3505719,0.99953234,0.25429994,0.35149044,0.99913317,0.29126316,0.32438695,0.9992957,0.27097312,0.3459986,0.99931383,0.28169888,0.36315724,0.9980813,0.27177787,0.37194481,0.99747807,0.4178194,0.3276984,0.99938595,0.31093794,0.46217334,0.9997538,0.516777,0.21250615,0.99916255,0.22083211,0.576266,0.97556233,0.6107521,0.111682,0.988821,0.13781804,0.689819,0.96702856,0.6398955,0.081894875,0.9651559,0.10730931,0.7192068,0.93038636,0.641759,0.07315323,0.96919,0.10356492,0.7212949,0.9441003,0.631242,0.08503595,0.97224504,0.1155186,0.71361923,0.9595453,0.57198507,0.5106379,0.9722596,0.4912726,0.5858608,0.9960525,0.7655903,0.44894883,0.9940813,0.40340778,0.74904215,0.99392253,0.94789696,0.3878547,0.99461305,0.5651346,0.8677516,0.99219394,0.9646512,0.38667834,0.97125614,0.60617536,0.8691088,0.99300814,1.0133375,0.3919396,0.99081486,0.5392731,0.9665698,0.9820072
69020.jpg,0.5729738,0.60455567,0.9999013,0.5671758,0.6209582,0.9992842,0.5637075,0.62230563,0.9993106,0.55987734,0.62394404,0.9989955,0.57184666,0.62006253,0.99947864,0.5717411,0.6205866,0.99955124,0.5716413,0.6211941,0.99939525,0.53134906,0.6270226,0.99900526,0.5471527,0.6217221,0.9994816,0.5577315,0.59228176,0.9989918,0.5650314,0.58930564,0.9987374,0.421476,0.5839167,0.9991042,0.5605302,0.5229377,0.9998634,0.31423894,0.64505166,0.99632215,0.67158234,0.4843949,0.98291945,0.2217543,0.7004427,0.98366517,0.77242124,0.44382313,0.9832623,0.19209385,0.71581507,0.95842403,0.7991835,0.4331805,0.96467394,0.18956715,0.72040856,0.96185195,0.80270505,0.43503666,0.9710906,0.19844328,0.7130313,0.9651604,0.79291844,0.4360918,0.9794159,0.35524306,0.37838918,0.98200995,0.44112188,0.343186,0.9976452,0.18816006,0.3569139,0.9872935,0.57513195,0.27028072,0.9894112,0.0274055,0.34243175,0.9927337,0.5229312,0.10865261,0.99267334,0.014597088,0.33477038,0.9748132,0.4994922,0.09337512,0.9938498,-0.034416318,0.3314871,0.9814726,0.56939554,0.04400891,0.9781724
69723.jpg,0.43139854,0.5715029,0.99999416,0.43091634,0.5843711,0.99998367,0.4308158,0.5845364,0.99998295,0.4309345,0.5846894,0.9999771,0.43599322,0.5855111,0.99998605,0.4394016,0.5865405,0.99998486,0.4433784,0.58777106,0.99997544,0.44763482,0.5848602,0.9999783,0.46409932,0.58876544,0.9999839,0.4375846,0.5607805,0.9999447,0.4432569,0.56070036,0.999949,0.43159813,0.5100175,0.9999404,0.54205364,0.53883576,0.9999095,0.3452013,0.48121563,0.99582326,0.6362613,0.5729877,0.9987149,0.26890668,0.45743233,0.996831,0.71844375,0.60002553,0.99690896,0.24361065,0.44817048,0.9870336,0.7439274,0.6096133,0.9893469,0.23975039,0.45044866,0.9898018,0.7467934,0.6118506,0.990664,0.24798945,0.45319566,0.9919796,0.74005115,0.6066788,0.9889481,0.49591067,0.34491357,0.99946934,0.5658371,0.36037594,0.9994295,0.38080746,0.30814365,0.999009,0.6972863,0.32958633,0.9998596,0.39883578,0.17336671,0.9986474,0.81654304,0.28965893,0.99981934,0.41919902,0.1555582,0.99584526,0.83156693,0.28343454,0.99402535,0.34471804,0.13325353,0.99722314,0.8531481,0.26714095,0.9987783
69827_aug.jpg,0.25980622,0.5966665,0.99980444,0.24895163,0.6026718,0.99951637,0.24739029,0.60109144,0.9997049,0.24586715,0.5994278,0.99947447,0.25121558,0.6051923,0.99938095,0.25120592,0.6054779,0.99957556,0.2511331,0.6055898,0.99960846,0.24373603,0.58815503,0.99958307,0.2503839,0.5972742,0.9996679,0.26453614,0.5838415,0.99931717,0.26738214,0.587316,0.9988937,0.26826456,0.49753785,0.9995815,0.32005784,0.54805607,0.99837446,0.19830918,0.42919877,0.99112916,0.3883365,0.59392893,0.8358622,0.14911804,0.39085752,0.9374796,0.434189,0.6776728,0.951273,0.13247582,0.37422642,0.8142306,0.44435668,0.6949663,0.8825979,0.12754944,0.34753227,0.84666526,0.44346446,0.69712496,0.89588934,0.13697213,0.3774955,0.86880726,0.44248584,0.6916678,0.90655655,0.4315843,0.34401777,0.9991634,0.4639451,0.37892562,0.9997918,0.47129384,0.20371705,0.99800056,0.600045,0.37715718,0.99790895,0.50162685,0.074879736,0.9989104,0.7193605,0.2625339,0.99868304,0.5001465,0.05893621,0.9639083,0.7278595,0.2344833,0.9876467,0.53448147,0.027353078,0.9973928,0.77905285,0.26364878,0.99747974
70048.jpg,0.7336898,0.34284794,0.9998497,0.7368901,0.3299235,0.99963224,0.73759663,0.33086854,0.99962807,0.738497,0.3318413,0.9995468,0.7304356,0.32472754,0.99961805,0.72627556,0.3219177,0.99958056,0.7219584,0.31903997,0.9994068,0.7255267,0.33292803,0.99954945,0.7003938,0.31559268,0.99947447,0.7236718,0.35733905,0.99893075,0.7148083,0.3508973,0.9988588,0.7002045,0.44463348,0.999423,0.58729386,0.32417256,0.9994892,0.80995226,0.54125047,0.9926387,0.5116484,0.20077142,0.9958198,0.91754353,0.6330025,0.9917523,0.42721954,0.08817685,0.98593277,0.94463974,0.6676968,0.96977544,0.397362,0.057619214,0.95391834,0.95421326,0.6701683,0.9749631,0.3954458,0.052604854,0.9605884,0.9420447,0.6588758,0.980627,0.40240738,0.06529784,0.9617998,0.4502111,0.5878402,0.9988417,0.3856428,0.49952567,0.9986265,0.5237578,0.7706612,0.9960098,0.18493593,0.46689308,0.9992999,0.36048663,0.872568,0.9936785,0.0043842494,0.4460308,0.99891293,0.31845745,0.87278324,0.98091805,-0.011562437,0.44908652,0.96673054,0.38694224,0.96417046,0.98390573,-0.089761704,0.4336296,0.99440587
70294.jpg,0.7210041,0.305554,0.999974,0.7419144,0.30643696,0.9999151,0.7446347,0.3102094,0.9999429,0.74743176,0.31426817,0.9999076,0.73798966,0.2990951,0.99991524,0.73794734,0.29773265,0.99993515,0.7380352,0.29646263,0.99992704,0.7514971,0.33247906,0.9999218,0.74101263,0.31190526,0.99992466,0.7146514,0.32336992,0.99989045,0.70871305,0.31318244,0.99977094,0.700109,0.437467,0.9998522,0.6352054,0.34031898,0.99944,0.7574743,0.5271788,0.9980406,0.5776029,0.25628984,0.9584403,0.7984191,0.6087293,0.9935275,0.5301227,0.16089255,0.9898213,0.8097253,0.639264,0.9785454,0.51387584,0.1330283,0.97148526,0.8105035,0.63899934,0.9821446,0.51562595,0.12808356,0.9761736,0.8051692,0.6306874,0.9800197,0.51770645,0.13829252,0.9807991,0.4628423,0.58661765,0.9993759,0.4270252,0.5245265,0.99984574,0.4192749,0.76346743,0.99885714,0.2950673,0.42315313,0.99828595,0.37467352,0.9279076,0.99897754,0.1267598,0.5379295,0.9980415,0.3697859,0.943841,0.97423154,0.10861552,0.5729687,0.99189806,0.3372307,0.9642339,0.9964289,0.052389175,0.49156034,0.99529934
70529_aug.jpg,0.35030267,0.7134118,0.99997926,0.3431961,0.7264459,0.9999392,0.3413204,0.7261176,0.99995565,0.3394548,0.7257539,0.99991906,0.34620368,0.7271321,0.9999385,0.34644026,0.72717917,0.9999523,0.34681126,0.72720075,0.99994874,0.32815212,0.7177086,0.9999076,0.3392253,0.71962905,0.99995863,0.34705192,0.69829774,0.9998827,0.3512549,0.6999413,0.999816,0.28524292,0.61925197,0.999622,0.37945116,0.6343784,0.9995493,0.19004367,0.62206674,0.9941369,0.47739807,0.6754268,0.9455491,0.11446276,0.61193186,0.98644257,0.54866576,0.704509,0.9813059,0.085133344,0.6056576,0.95911723,0.5760846,0.70739734,0.9488859,0.08430669,0.6078682,0.9673552,0.57763404,0.7091336,0.95468426,0.09453726,0.6089083,0.968701,0.5666467,0.70564044,0.962177,0.333964,0.37991962,0.9994929,0.37244254,0.38956547,0.9999459,0.23043515,0.28261334,0.9959882,0.5224879,0.35292703,0.99805814,0.15949932,0.17770988,0.99685293,0.5610504,0.20827481,0.99751955,0.14913103,0.16116762,0.96180576,0.54543877,0.18599072,0.9900601,0.13217148,0.14643449,0.991497,0.615442,0.17421636,0.9935614
71987.jpg,0.33207887,0.7334168,0.9999763,0.3328396,0.75343454,0.99998343,0.33464792,0.7551836,0.9999814,0.33658385,0.7571753,0.99998176,0.33224317,0.75294995,0.999984,0.33360434,0.7541381,0.9999827,0.33529696,0.75549316,0.999977,0.35912216,0.7613097,0.99998856,0.35667935,0.7581258,0.9999732,0.34640694,0.7218955,0.9998909,0.34684289,0.72226655,0.9997843,0.47266757,0.6902375,0.999463,0.4098327,0.65011495,0.99899083,0.5978548,0.7362977,0.9776012,0.3237977,0.64907086,0.98512775,0.6746667,0.7737894,0.98254484,0.27455035,0.6551058,0.9676073,0.7045602,0.78610575,0.96576357,0.26646972,0.64535576,0.947553,0.7040496,0.7914909,0.96575445,0.2631555,0.6533407,0.946412,0.69281256,0.7834424,0.94343567,0.2702536,0.6556897,0.9003491,0.548395,0.36785877,0.9999205,0.5708911,0.365572,0.99982786,0.41261286,0.23924287,0.9976222,0.7661842,0.30074328,0.99944586,0.5036308,0.0777916,0.99712163,0.9285768,0.23558633,0.9991366,0.5377613,0.07658449,0.9928933,0.9469491,0.23041801,0.9891539,0.50227666,0.0040327907,0.9956274,0.96787727,0.18830532,0.99724895
72998_aug.jpg,0.7412132,0.55013037,0.9999796,0.755759,0.5593913,0.99993837,0.7554157,0.5624136,0.99995923,0.75505894,0.5656655,0.9999254,0.7567049,0.55478925,0.99991715,0.757005,0.55454093,0.999938,0.757385,0.55438936,0.9999286,0.74596465,0.579227,0.99995065,0.74961233,0.56261957,0.99993885,0.7240953,0.55823624,0.99995327,0.72460866,0.550936,0.9998841,0.6534418,0.6350295,0.9999306,0.6608748,0.518116,0.9997198,0.6575185,0.72778034,0.9990012,0.6758115,0.42915654,0.9876716,0.6641824,0.82676524,0.9985863,0.69812393,0.34144962,0.9971724,0.6614009,0.85615623,0.99481624,0.6987971,0.31188068,0.98971736,0.6648277,0.8582974,0.9955947,0.70073724,0.30600083,0.99114674,0.66394687,0.8494491,0.9944397,0.6984097,0.31753135,0.9924843,0.41081798,0.61083585,0.99980253,0.41971448,0.54054487,0.99988484,0.28374076,0.71478444,0.99834454,0.33303848,0.4284324,0.9958346,0.15457156,0.8192105,0.9983146,0.15644535,0.41744065,0.9955148,0.13481835,0.82398653,0.97744673,0.1274994,0.43241078,0.9859714,0.105639696,0.84851205,0.99523795,0.111688375,0.3425599,0.9900523
73225_aug.jpg,0.635545,0.42010415,0.99992144,0.64877534,0.42484,0.9999672,0.6486263,0.42552677,0.9999745,0.64852375,0.42611444,0.9999697,0.6503425,0.4267249,0.99996364,0.6513593,0.42906448,0.999964,0.6525166,0.43185085,0.9999608,0.6448044,0.43990454,0.9999535,0.6495943,0.45651746,0.9999689,0.6225476,0.42589647,0.9996929,0.62321264,0.42772746,0.9997242,0.5634417,0.42642552,0.9999014,0.5786629,0.5363595,0.99994457,0.5519049,0.33751783,0.97993946,0.59445274,0.61697245,0.9879056,0.5479189,0.2790932,0.958302,0.60327846,0.6983873,0.920991,0.5408171,0.25790086,0.94828457,0.60614353,0.7206176,0.8927613,0.5462349,0.2581027,0.9483141,0.60867715,0.7183428,0.8932617,0.5464807,0.26595327,0.8973562,0.60645884,0.7111423,0.86392826,0.35336354,0.47830594,0.9999,0.36557093,0.55694383,0.9999298,0.36220077,0.35636836,0.98210907,0.32633585,0.6464885,0.91734105,0.21989834,0.37851253,0.9372445,0.26117244,0.7402881,0.89541924,0.19656171,0.38898182,0.9344622,0.24705847,0.7548537,0.89690787,0.1945584,0.34682435,0.9248785,0.26306158,0.7328979,0.8455297
73427.jpg,0.5151617,0.2997943,0.9993881,0.4970372,0.29766446,0.9996811,0.4956781,0.2991344,0.99960107,0.49456248,0.30072078,0.99971706,0.49590454,0.29851386,0.9996025,0.49366847,0.30034885,0.99951446,0.49166316,0.30244493,0.99945897,0.48843193,0.32315972,0.99958605,0.48547906,0.3268424,0.99964225,0.52327913,0.31523773,0.99869424,0.52052236,0.31679454,0.99792945,0.52931845,0.38087505,0.9965836,0.50990564,0.38952005,0.9975641,0.521302,0.25378373,0.24888974,0.5181832,0.2543518,0.9791972,0.50616586,0.13105232,0.5549853,0.5026959,0.11806488,0.97741127,0.49585468,0.09533805,0.5738244,0.4959715,0.0844363,0.96567154,0.49155807,0.092490196,0.5870376,0.4885714,0.08186424,0.9572534,0.49425083,0.10645324,0.6142255,0.4898743,0.09246683,0.9344445,0.576731,0.64557743,0.9999225,0.5373675,0.6504298,0.99979,0.7722418,0.6644324,0.9791668,0.38004777,0.7979039,0.9993407,0.7886505,0.85746056,0.9893512,0.25872082,0.9226019,0.99841464,0.77140856,0.89283293,0.96954644,0.23508987,0.9411236,0.98645127,0.8814864,0.87883896,0.9753466,0.26164576,0.98367107,0.9922643
73509_aug.jpg,0.585706,0.50458723,0.9999435,0.60062164,0.4962659,0.99981123,0.6012075,0.49753854,0.99976784,0.60150456,0.49888107,0.99970883,0.59759974,0.48859808,0.99977976,0.595976,0.4845174,0.9996511,0.59414494,0.48044306,0.99956304,0.5921503,0.494379,0.999801,0.5810962,0.46907926,0.99979156,0.5736549,0.51082945,0.9999405,0.569646,0.50116146,0.9998838,0.55847806,0.5676748,0.9999865,0.50243986,0.44871336,0.9999989,0.56230307,0.6898023,0.9873375,0.54902077,0.3494982,0.99688834,0.5928291,0.804644,0.9659298,0.614517,0.2622411,0.9956839,0.6011632,0.82649463,0.9230092,0.63072187,0.24017319,0.9847777,0.6038805,0.8265594,0.92996377,0.6347021,0.23822477,0.983263,0.59973,0.8200277,0.9397551,0.6318441,0.24536973,0.9853076,0.44562528,0.7021212,0.9994199,0.36992642,0.6852849,0.9999615,0.58092856,0.81375796,0.9893512,0.20568454,0.7653141,0.9973539,0.6976409,0.93007773,0.9707748,0.23238544,0.9366771,0.99269354,0.71313334,0.9527153,0.9205733,0.2594862,0.94680905,0.97851914,0.764786,0.9753159,0.9421527,0.15493774,0.96449035,0.98164064
73717_aug.jpg,0.1791245,0.66332924,0.99989676,0.1612916,0.66222334,0.9999654,0.16135865,0.66196626,0.99996734,0.16142058,0.661933,0.99997044,0.15881696,0.6586678,0.9999534,0.15711015,0.6555124,0.99994445,0.15533113,0.65210104,0.9999622,0.16370034,0.6437725,0.99992096,0.15538037,0.62326634,0.9999144,0.19382206,0.65430164,0.9992656,0.19248995,0.6499279,0.9991153,0.28089035,0.65252155,0.99958545,0.23374003,0.5021485,0.9998411,0.31151414,0.7937454,0.9882457,0.18915233,0.35692134,0.994234,0.33082694,0.91544485,0.9214827,0.15895057,0.23579937,0.952091,0.34294212,0.9521188,0.8761685,0.14637363,0.20881706,0.913826,0.33360696,0.95443374,0.86833507,0.1375854,0.20979911,0.9139111,0.33214507,0.9410323,0.8008496,0.14838135,0.22377867,0.88236,0.5400482,0.5226346,0.9984402,0.5247213,0.43865052,0.9993753,0.6088381,0.7119534,0.9944072,0.6428717,0.23949337,0.9657489,0.8565974,0.6798954,0.9862468,0.74898,0.04454449,0.98229986,0.8921178,0.64747286,0.9781147,0.75906384,0.018981934,0.9731599,0.92756057,0.76259625,0.9758773,0.80604446,0.01904273,0.96592325
73978_aug.jpg,0.49899018,0.22008643,0.9998727,0.51694167,0.21332878,0.99913067,0.5217391,0.21490681,0.99949193,0.5272016,0.2164912,0.9990914,0.50859624,0.21096638,0.9992698,0.50789577,0.21103978,0.9995521,0.50737435,0.21089223,0.99915135,0.5482925,0.2324858,0.999253,0.5229205,0.22388491,0.99926156,0.5078556,0.23965004,0.9981178,0.4965661,0.23498559,0.99713707,0.61004007,0.34731966,0.9995591,0.43414098,0.30767804,0.9996747,0.7551974,0.37690592,0.99916935,0.29288113,0.2869353,0.9730717,0.8910184,0.4112708,0.9920792,0.1550239,0.27184644,0.9616789,0.9295988,0.41704634,0.97471434,0.11441344,0.2628375,0.9245478,0.9367087,0.41418007,0.9776413,0.112101406,0.26057628,0.93757594,0.92184615,0.41431195,0.9794627,0.12452987,0.2666847,0.95448077,0.5255081,0.57346255,0.9819358,0.41692165,0.5406844,0.995388,0.6722359,0.7148206,0.9846373,0.2313116,0.53291035,0.98464775,0.81425095,0.85265046,0.9866709,0.20226705,0.7332461,0.9712922,0.8223901,0.87167954,0.94667387,0.22439593,0.7678162,0.98218083,0.8424747,0.90746105,0.980608,0.09659043,0.7514456,0.9523174
74776.jpg,0.56839746,0.12082219,0.9999753,0.5877037,0.10534912,0.99994326,0.5924099,0.106907815,0.99996364,0.59741795,0.108683705,0.99994147,0.5813759,0.1024034,0.99992883,0.58175933,0.10190138,0.99994576,0.58227724,0.101450115,0.99993455,0.6277305,0.13009223,0.999956,0.60324854,0.11857244,0.9999558,0.57396823,0.14550719,0.99992657,0.5645307,0.1416887,0.9998254,0.67260927,0.27340326,0.9997693,0.5238814,0.20897698,0.99943715,0.7882748,0.33047217,0.99751484,0.419165,0.14832747,0.9716167,0.8822909,0.38129818,0.99094605,0.31974742,0.101115525,0.9899852,0.91161287,0.40713304,0.97196376,0.28785378,0.09108737,0.96910524,0.912953,0.40508437,0.978006,0.28887397,0.08999497,0.9740044,0.9023514,0.39793795,0.9823422,0.29783756,0.09553605,0.97769517,0.53127396,0.57161766,0.99903995,0.44296938,0.53777415,0.99976546,0.5323873,0.7802169,0.9859692,0.26828632,0.6485734,0.9951272,0.5413501,0.9425843,0.9614673,0.21017027,0.8072547,0.9835217,0.5369216,0.9572522,0.72614413,0.22141963,0.83887106,0.93522936,0.5318366,0.99210125,0.90777135,0.12689465,0.8476566,0.9672801
74923.jpg,0.4926426,0.6556767,0.99992645,0.4823983,0.6662059,0.99997365,0.4826453,0.66579306,0.9999777,0.48284823,0.6654086,0.9999745,0.4773125,0.6658656,0.9999726,0.4730467,0.66468984,0.9999739,0.46917722,0.66331226,0.999974,0.47352207,0.65538555,0.99995637,0.45387375,0.64943254,0.9999703,0.49532261,0.64205194,0.99956244,0.4910519,0.64058375,0.99956423,0.52692354,0.5934026,0.99979955,0.4266636,0.55227757,0.99991107,0.6215454,0.62880194,0.9906634,0.33947068,0.5203966,0.98981756,0.66127974,0.64926404,0.9622892,0.2660452,0.49220377,0.9095824,0.6838676,0.6559207,0.94899887,0.24367261,0.484963,0.8739872,0.6816695,0.6602969,0.9485973,0.24218556,0.4884987,0.8736188,0.67597747,0.65608305,0.9078032,0.2514171,0.48931807,0.8429475,0.5815303,0.38720965,0.9999044,0.5157887,0.36562976,0.9999291,0.69214517,0.45168504,0.9884637,0.45555535,0.2848135,0.9226087,0.7409372,0.3135184,0.9649424,0.40245506,0.17672282,0.93556523,0.74244547,0.28311738,0.95832676,0.39745092,0.1560755,0.93224937,0.8016622,0.31886098,0.95370024,0.42288977,0.17826958,0.8975126
75215_aug.jpg,0.80107933,0.5509174,0.99995124,0.80311453,0.56620026,0.9998349,0.80238414,0.5673826,0.9998248,0.80155325,0.5682814,0.99979633,0.8057803,0.5621273,0.9997861,0.80517036,0.5629092,0.9998049,0.8046305,0.56338257,0.9997451,0.79387474,0.57579505,0.9997565,0.7966099,0.57188654,0.9996915,0.78882515,0.5533452,0.99971956,0.7893959,0.55203724,0.99960417,0.7083787,0.60599875,0.9998419,0.7778164,0.50010294,0.99984217,0.6428437,0.6865138,0.99663985,0.85364115,0.41481358,0.9328894,0.58246225,0.76336384,0.95104575,0.9319378,0.34215432,0.796893,0.58288413,0.7911409,0.87878996,0.94841325,0.3238353,0.72091013,0.588842,0.7982247,0.8950955,0.95252025,0.32443464,0.75987655,0.58890903,0.788427,0.89756364,0.94654655,0.32883137,0.8096937,0.5857156,0.49838004,0.9979025,0.62870425,0.44653037,0.9992812,0.44829917,0.55608773,0.99385417,0.6671994,0.35798633,0.9857012,0.31963173,0.61781675,0.99760497,0.628627,0.23733456,0.99398935,0.315635,0.6154684,0.9909524,0.59819424,0.23220313,0.9904757,0.27687004,0.6298679,0.9939335,0.57280415,0.22770765,0.98527217
75715.jpg,0.7092964,0.25299045,0.9997676,0.72139144,0.24301445,0.9997807,0.7193432,0.24087659,0.99969363,0.71727395,0.2386905,0.9997812,0.7292739,0.25008962,0.99986064,0.7328067,0.25325426,0.9997986,0.7363899,0.25664416,0.99983835,0.71454203,0.2466602,0.99967027,0.7402202,0.27201235,0.99954116,0.69427276,0.26211864,0.9989336,0.7007087,0.26895633,0.9985239,0.6292587,0.29494688,0.9993037,0.6884608,0.37131795,0.99848396,0.5711219,0.16471982,0.99688005,0.7731569,0.47276157,0.9842398,0.5022315,0.07899794,0.98931956,0.82826656,0.5711856,0.9191989,0.4812704,0.057405353,0.97374684,0.84283566,0.6031855,0.85033214,0.48496023,0.052191913,0.9729462,0.846449,0.5981978,0.85831934,0.49003038,0.062187433,0.9467495,0.8391731,0.5909689,0.8114556,0.4734058,0.5340393,0.9997726,0.4591714,0.50980294,0.9999169,0.43904048,0.7152815,0.9993625,0.28921956,0.4538885,0.99778026,0.38212994,0.8643366,0.99905056,0.12912923,0.5394516,0.99873084,0.36981598,0.88321584,0.9819421,0.116365045,0.57075316,0.99579585,0.3427331,0.92836297,0.9970311,0.05730483,0.4961451,0.9964719
75719_aug.jpg,0.34108502,0.6880992,0.9999882,0.31738847,0.681811,0.99997115,0.31543836,0.6738969,0.9999558,0.3140717,0.6659005,0.99996173,0.323362,0.69905305,0.99996495,0.32523352,0.7027148,0.99993324,0.32700536,0.7061454,0.9999343,0.31650728,0.6399757,0.9999572,0.3297057,0.693069,0.9999516,0.35457933,0.6592147,0.99996126,0.36247218,0.6835964,0.9999399,0.3741202,0.5122854,0.99994135,0.40565538,0.677747,0.9999976,0.41324013,0.3774313,0.99453235,0.27312815,0.7807412,0.99271,0.42294037,0.2320972,0.96717584,0.15128464,0.8487777,0.98463076,0.4209783,0.19433855,0.92409265,0.12023604,0.8749471,0.95224035,0.42228362,0.19137931,0.9284687,0.11902037,0.8715549,0.945359,0.42656294,0.20244713,0.93659806,0.12932912,0.8600062,0.9590679,0.5167645,0.38048103,0.9993093,0.60254514,0.42029837,0.9999889,0.4488037,0.19987273,0.9672354,0.7749205,0.38722962,0.99873036,0.3436312,0.037727743,0.9444557,0.844731,0.17897071,0.9951106,0.3326638,0.02877435,0.88819844,0.83474994,0.14343464,0.9854451,0.33177617,-0.019809753,0.89105433,0.93246996,0.1427215,0.9878197
76016.jpg,0.34212983,0.30035052,0.9998349,0.3241044,0.29275304,0.99991393,0.32225883,0.29489383,0.9998946,0.3207109,0.29657856,0.9999124,0.32821563,0.28900138,0.9999026,0.32907182,0.28878358,0.99986446,0.33007723,0.28829417,0.99986935,0.32046407,0.31014308,0.9998721,0.33061796,0.2972273,0.99990726,0.3517525,0.31442466,0.9997155,0.35446203,0.3140058,0.9997218,0.4177705,0.3430016,0.9986228,0.36038667,0.4202633,0.99896884,0.48328388,0.33859286,0.8118227,0.22928974,0.54509425,0.978298,0.49822196,0.32018256,0.84973913,0.14728743,0.6469301,0.9032067,0.509212,0.32150036,0.7637249,0.16904524,0.57773066,0.8141581,0.49023932,0.32093668,0.76855594,0.18052009,0.5674551,0.8216999,0.48948738,0.32170433,0.7453199,0.18886247,0.56379706,0.8104362,0.60590667,0.5850416,0.9926237,0.57719886,0.62380254,0.99238646,0.7786342,0.46611795,0.95073956,0.5464169,0.8657514,0.9918464,0.93543065,0.6283337,0.9554527,0.52944505,1.0406599,0.98442334,0.94292027,0.6645552,0.9323831,0.52217877,1.0655943,0.88807976,1.0182811,0.6051366,0.9083818,0.53863764,1.0915079,0.93809074
76104_aug.jpg,0.26471984,0.3608287,0.9999969,0.2690114,0.34674174,0.99999666,0.2721009,0.34604794,0.9999957,0.2748312,0.34553447,0.99999607,0.25868642,0.34829265,0.99999654,0.25472835,0.34858945,0.9999957,0.2508236,0.348982,0.9999945,0.27726254,0.3495763,0.99999595,0.24625762,0.3535172,0.9999968,0.2713998,0.374673,0.9999949,0.26006386,0.37636477,0.999995,0.3047132,0.42672393,0.9998165,0.22686787,0.4258315,0.99989855,0.3381856,0.38343108,0.9171968,0.17861104,0.4163429,0.99007446,0.36380357,0.35851282,0.9430284,0.21138883,0.4200938,0.94862676,0.38369018,0.35176,0.9237836,0.21448514,0.42372727,0.895118,0.38154507,0.35023513,0.92692536,0.22247908,0.42169675,0.88945484,0.37562895,0.35320798,0.9182824,0.22069415,0.42168164,0.86960185,0.301181,0.63255155,0.999964,0.26776284,0.63385934,0.9999201,0.36939415,0.71601015,0.9861158,0.24113898,0.748848,0.99642724,0.37930793,0.8540375,0.98922986,0.19381829,0.84715354,0.9944529,0.36996996,0.876817,0.97748876,0.18740514,0.8650105,0.95278883,0.4155519,0.8725555,0.9852197,0.16607814,0.8794589,0.98696625
77065.jpg,0.5684696,0.6177994,0.9999989,0.5623909,0.6347277,0.9999982,0.5574807,0.6361562,0.9999989,0.5527492,0.63737905,0.9999981,0.57553726,0.6313916,0.99999785,0.57916325,0.6306392,0.99999833,0.5826333,0.62990296,0.99999774,0.5393786,0.636444,0.999998,0.57559156,0.62902975,0.9999982,0.5514891,0.6031087,0.99999404,0.5680193,0.60007435,0.9999907,0.48381153,0.55770624,0.9999665,0.5658269,0.54972786,0.99994624,0.3874182,0.59506536,0.9977191,0.6747425,0.5435323,0.9799612,0.3080244,0.6189661,0.974516,0.7675165,0.53931844,0.98853755,0.28295618,0.62598526,0.92904085,0.795538,0.53353024,0.9643938,0.28067237,0.63023365,0.9451599,0.79974204,0.53471863,0.967437,0.28891873,0.62647474,0.9621621,0.78938377,0.53445345,0.9722074,0.45059973,0.30924085,0.9999459,0.43040234,0.3277897,0.99995995,0.58719116,0.26442757,0.9968966,0.30937806,0.25581038,0.9787038,0.5700426,0.080569744,0.9975446,0.19446543,0.1972216,0.99165136,0.54795873,0.06019482,0.9956968,0.17946056,0.18801527,0.98880506,0.6284223,0.04186237,0.9954592,0.18358094,0.16194914,0.99087805
77253_aug.jpg,0.5574619,0.4338475,0.9993605,0.5654479,0.44592774,0.99450076,0.5648189,0.4494552,0.9965503,0.56401145,0.45328036,0.9932286,0.5674094,0.44091856,0.994561,0.56826586,0.4407446,0.9968471,0.56905425,0.4406942,0.9931833,0.5546863,0.47107762,0.9953838,0.5622902,0.45194998,0.9927819,0.545628,0.43974477,0.9942076,0.5484094,0.43275526,0.9889537,0.48539317,0.51435506,0.9997906,0.533163,0.40122843,0.99963295,0.44558132,0.64778125,0.99946696,0.5759194,0.2944459,0.9801078,0.39386597,0.7695203,0.9950388,0.62626505,0.17024523,0.9711368,0.3778832,0.8062234,0.98550594,0.6377486,0.13209099,0.94666404,0.37675464,0.8140024,0.9870861,0.6386482,0.12862289,0.9561126,0.38143325,0.7994884,0.9874379,0.6321125,0.1438311,0.97058773,0.30837807,0.470239,0.9762216,0.3320077,0.398752,0.99055135,0.1925406,0.56141114,0.9970927,0.36553282,0.23651119,0.98615617,0.08914736,0.6737468,0.9978296,0.23748747,0.18620089,0.9867662,0.056523383,0.7069998,0.985202,0.21367918,0.19780277,0.9929489,0.027582347,0.7098781,0.9954596,0.22525042,0.11291918,0.97669923
78446_aug.jpg,0.20226005,0.615307,0.99999225,0.18867251,0.6343419,0.9999937,0.18974718,0.63739306,0.9999927,0.19076759,0.6405096,0.99999225,0.1874176,0.6311958,0.99999523,0.18772566,0.6318622,0.9999951,0.1881088,0.6325927,0.9999949,0.20838666,0.65387017,0.9999943,0.20552903,0.6427143,0.99999106,0.22030488,0.6120733,0.99996257,0.21957424,0.60984623,0.9999455,0.34780854,0.67508596,0.9998629,0.29708415,0.55187684,0.9998267,0.4379653,0.7268145,0.9915153,0.29483914,0.49235755,0.98586965,0.50301826,0.79903907,0.9691647,0.2718645,0.4574333,0.9319609,0.528204,0.82385564,0.9367322,0.27634692,0.44529855,0.90661776,0.5236897,0.83064145,0.9350473,0.26903927,0.4470151,0.8953553,0.51504415,0.8189583,0.88645935,0.2700928,0.45195913,0.8583745,0.57598364,0.4647119,0.9992631,0.57222855,0.43792307,0.99936396,0.77490604,0.49170268,0.98287696,0.5186018,0.25086033,0.99081624,0.9436829,0.5146026,0.9685309,0.6875629,0.101994365,0.9908041,0.9636556,0.51436883,0.97463566,0.72590995,0.09312415,0.98653096,0.9700067,0.49888912,0.94364417,0.6726738,0.025200784,0.9797473
79455_aug.jpg,0.38741863,0.575744,0.99999213,0.37608844,0.57533675,0.9999912,0.3760596,0.57399875,0.9999963,0.37626493,0.5726269,0.99999225,0.37523824,0.57587975,0.99998343,0.37461364,0.5749505,0.9999902,0.37413716,0.5737906,0.99998844,0.37914404,0.5607088,0.99999356,0.37610477,0.5615278,0.9999963,0.3944834,0.5677981,0.99997795,0.39480346,0.56878734,0.99995947,0.4163851,0.51870984,0.99999464,0.4234354,0.5442211,0.9999583,0.40063626,0.4786532,0.99832875,0.4430158,0.59153336,0.5976355,0.37274158,0.42739522,0.9942579,0.45594066,0.6365051,0.9431192,0.364755,0.4187264,0.982084,0.4569073,0.6579683,0.90298706,0.36194435,0.41899142,0.98485804,0.45550007,0.65979946,0.91447616,0.36596504,0.42198142,0.9846116,0.4573859,0.6555288,0.9230395,0.5735541,0.46869314,0.9999484,0.56631446,0.46260515,0.99998116,0.6178317,0.52900743,0.98810613,0.60730916,0.37552428,0.9295804,0.7110224,0.4836028,0.9956806,0.6420913,0.29722393,0.97992843,0.72071207,0.47075626,0.9909971,0.6440962,0.2797649,0.9856253,0.75126064,0.4962048,0.9922166,0.666043,0.28570473,0.98533094
80684.jpg,0.58168447,0.77835023,0.99954456,0.5692908,0.79481196,0.9975217,0.56351316,0.7949842,0.99763024,0.557393,0.795066,0.9970265,0.57786304,0.79429746,0.9982988,0.5788303,0.7940961,0.99846834,0.57977664,0.79397726,0.998178,0.52728075,0.78477716,0.9968827,0.5558965,0.78262633,0.9980551,0.5689567,0.7572973,0.99598205,0.5792476,0.7562595,0.99516875,0.43059868,0.66957736,0.9926131,0.6088726,0.66256,0.99855393,0.26259026,0.6798122,0.9890392,0.7587274,0.6498666,0.9417553,0.13908687,0.7067813,0.89152366,0.90070087,0.63917714,0.8924025,0.09520292,0.71160054,0.7894344,0.94282675,0.6448666,0.82289255,0.08693731,0.7165756,0.80394554,0.94870573,0.6454911,0.8513291,0.09665543,0.712176,0.8356092,0.9364898,0.64104503,0.89308035,0.45478213,0.37820578,0.9433666,0.5629121,0.3800222,0.9884425,0.26810265,0.27633658,0.9910483,0.7828991,0.34478974,0.9925552,0.08321372,0.17673986,0.9938665,0.7597519,0.12662452,0.99171996,0.058687508,0.15866393,0.9706571,0.7289632,0.08923942,0.9895356,0.059399545,0.14110452,0.9831492,0.8596747,0.07841843,0.9694874
80759_aug.jpg,0.8484062,0.552228,0.9999999,0.86526835,0.5462933,0.99999976,0.86577857,0.5471106,0.99999964,0.86636734,0.5478104,0.99999964,0.8650315,0.5394966,0.9999999,0.86517394,0.5358436,0.9999999,0.8651842,0.5320066,0.9999999,0.8591503,0.5372677,0.99999964,0.85631037,0.51511455,0.99999976,0.82956684,0.55081946,0.99999917,0.8277305,0.541207,0.99999917,0.7458812,0.5825571,0.99994624,0.7608447,0.4478857,0.99995697,0.7476757,0.6741672,0.9637905,0.76687276,0.3494866,0.9988537,0.7735169,0.76906145,0.9964636,0.78579956,0.25807342,0.99870193,0.7688223,0.7981739,0.9910748,0.7791698,0.22836491,0.9958878,0.77343345,0.79776776,0.99253744,0.7797556,0.22974169,0.9961547,0.7734306,0.78751576,0.99095273,0.7792921,0.24097806,0.9941989,0.46405816,0.5658138,0.9999887,0.45912474,0.4898495,0.9999548,0.41731483,0.7001706,0.99842227,0.2632169,0.41962084,0.9979912,0.1890308,0.73223215,0.9979248,0.14023912,0.27942115,0.9988405,0.14618975,0.7165449,0.9952743,0.12532037,0.24496347,0.9781225,0.13580737,0.8091619,0.9980811,0.07736826,0.2619388,0.99700886
80808.jpg,0.5247712,0.6503509,0.99920976,0.51113546,0.65506005,0.9959882,0.5051167,0.652709,0.9972101,0.49819046,0.64994836,0.99512404,0.52379113,0.65809155,0.9959799,0.5267601,0.65796936,0.9976986,0.529448,0.6579536,0.9960722,0.4873239,0.63517475,0.99653983,0.52377903,0.64565843,0.99697256,0.51652086,0.6316637,0.99439114,0.5325675,0.636264,0.9900119,0.44235963,0.5224722,0.9987276,0.59096026,0.60166323,0.99920243,0.34838882,0.44497707,0.9979102,0.6900003,0.65475255,0.9699515,0.23523271,0.37996417,0.96394354,0.7718432,0.7292292,0.9579443,0.20031878,0.36100668,0.92229086,0.8042462,0.7516563,0.9251701,0.1880041,0.3581241,0.93558335,0.80503905,0.7563901,0.9365965,0.2042988,0.36596298,0.94270873,0.7914102,0.7463516,0.95064723,0.5480749,0.3682383,0.97505605,0.6371298,0.41843563,0.9872716,0.48546064,0.1965216,0.9871731,0.7982413,0.47302824,0.9812677,0.42952374,0.029685915,0.99452704,0.8867043,0.35903257,0.9828263,0.42245024,0.018112063,0.9477317,0.88583976,0.32559404,0.9837362,0.44081557,-0.005899638,0.9875101,0.96485686,0.37853605,0.97233284
8103.jpg,0.3910256,0.3251512,0.9999918,0.3916099,0.3093076,0.9999871,0.39260042,0.30905277,0.99999464,0.3936353,0.30894795,0.999987,0.391589,0.3084416,0.9999727,0.39262456,0.30759355,0.99998343,0.3938801,0.30679622,0.99997747,0.40891412,0.3100787,0.9999902,0.41113383,0.30748054,0.9999893,0.3987948,0.33712417,0.99997866,0.39776254,0.33659935,0.9999577,0.468637,0.39242238,0.9999887,0.4308803,0.3994584,0.9999058,0.52268976,0.38036996,0.99880373,0.3675483,0.42235312,0.83342767,0.5953171,0.33821824,0.99631625,0.28014767,0.41279888,0.98430693,0.61853224,0.32866704,0.9879903,0.24888277,0.41603342,0.9639416,0.62202907,0.32481414,0.99051815,0.24524117,0.41303313,0.96718454,0.6143234,0.329336,0.99136704,0.2557811,0.41304368,0.9661587,0.5174482,0.63588405,0.9999541,0.52367777,0.6278411,0.9999875,0.41865173,0.72942007,0.9914813,0.65121365,0.725153,0.9809379,0.45281148,0.88778967,0.9923862,0.7669964,0.80370104,0.98769844,0.470652,0.9120252,0.9895942,0.7868521,0.81363773,0.983966,0.42560595,0.93574846,0.9754321,0.78882515,0.8519914,0.9804704
81117_aug.jpg,0.4527924,0.64713377,1.0,0.45485714,0.66009915,1.0,0.45463607,0.66034055,1.0,0.454493,0.6604508,1.0,0.45874533,0.66044223,1.0,0.46162674,0.66087973,1.0,0.4648009,0.6611408,1.0,0.46363062,0.65623784,1.0,0.47913805,0.6552111,1.0,0.4543772,0.6348234,0.9999999,0.45934358,0.63546056,1.0,0.45223242,0.5761473,0.9999745,0.52136993,0.578367,0.9999927,0.39306626,0.5624849,0.8121065,0.5737935,0.5530582,0.99447256,0.3402479,0.56968075,0.98038334,0.6384407,0.5515071,0.9949405,0.32471353,0.57164234,0.9693039,0.65890455,0.55361074,0.9909603,0.3249213,0.5745255,0.97395575,0.6599871,0.5548768,0.9914876,0.33117765,0.57284194,0.97285676,0.6527443,0.5522345,0.9883959,0.48705575,0.37684152,0.9999788,0.50271267,0.37299678,0.9999759,0.5060772,0.28541458,0.97833043,0.47544312,0.28551912,0.9928323,0.5533149,0.19532941,0.98874354,0.5256907,0.17219782,0.9979582,0.5711476,0.17795715,0.98719305,0.54334503,0.14942431,0.98895246,0.51695585,0.17287128,0.98852354,0.49703372,0.15010995,0.99542123
8195.jpg,0.5825619,0.23000154,0.9999995,0.5976318,0.21389678,0.99999976,0.5997132,0.21430418,0.99999964,0.6019616,0.21472296,0.99999964,0.5973061,0.21358624,0.99999976,0.59927297,0.21368396,0.99999976,0.6016329,0.2138178,0.9999999,0.62034404,0.22802216,0.99999964,0.62140095,0.22916934,0.99999976,0.5856144,0.25023818,0.99999905,0.5828497,0.24888831,0.9999989,0.5991187,0.34858567,0.9999025,0.5812588,0.33958787,0.9999906,0.6590007,0.395544,0.6287671,0.5084648,0.3138537,0.9963515,0.67845386,0.40759346,0.7591142,0.45529404,0.33555433,0.97988826,0.6798014,0.42398447,0.72341526,0.43532646,0.34651563,0.957781,0.6750952,0.40798128,0.7269487,0.44817266,0.3444807,0.95980614,0.6758083,0.40494192,0.71725935,0.45218965,0.3441156,0.9528752,0.485075,0.6225515,0.9999012,0.49313682,0.61985576,0.9999676,0.2921328,0.6733439,0.9901085,0.6505694,0.6855235,0.9986852,0.2213555,0.8037219,0.99095786,0.5978097,0.89625555,0.9974279,0.19133937,0.82843524,0.99142635,0.61255723,0.94594145,0.99014914,0.14378849,0.82508445,0.9903025,0.69968396,0.9679308,0.99490684
84001_aug.jpg,0.508029,0.17451432,0.9990877,0.5178241,0.16017842,0.9965108,0.5185219,0.16060898,0.9970655,0.5190835,0.16111204,0.9960919,0.5179808,0.15912735,0.99750155,0.5188179,0.15903899,0.9978976,0.51967233,0.15902877,0.9977641,0.5286177,0.17136598,0.9951462,0.52884734,0.16899392,0.9964149,0.50840956,0.19179907,0.9940317,0.50651455,0.19075263,0.99182373,0.56126195,0.28265923,0.99602085,0.4822291,0.25950193,0.99682534,0.7026304,0.3064569,0.9867345,0.36771205,0.20516285,0.9434316,0.8121705,0.34867948,0.9242012,0.2401528,0.1656318,0.93243307,0.8400828,0.35992032,0.80355865,0.21736693,0.15744448,0.8189832,0.8434142,0.35868424,0.8281191,0.22033665,0.15585104,0.84217495,0.834285,0.35830823,0.8544566,0.22169888,0.16053307,0.87455326,0.51783717,0.5524362,0.99609816,0.45944166,0.53885394,0.99904686,0.59173065,0.7127989,0.9965329,0.3009477,0.5946124,0.9937401,0.6330079,0.8630183,0.9950206,0.23648764,0.75728047,0.9921183,0.64178425,0.8782438,0.9015244,0.2503926,0.7883909,0.9710296,0.6352036,0.9233668,0.9842943,0.15473306,0.7826419,0.98280334
84560_aug.jpg,0.5874039,0.60074973,0.9990263,0.57981133,0.61565864,0.9955058,0.5747772,0.6174475,0.99681973,0.5689757,0.61902106,0.9947248,0.58869404,0.6130683,0.99579924,0.5902736,0.6130507,0.997412,0.5917758,0.61288553,0.9957035,0.5498933,0.61998963,0.99596405,0.58336586,0.6132457,0.99602616,0.5740623,0.5933986,0.9917961,0.5852328,0.59116995,0.9878179,0.46436623,0.5449799,0.99905366,0.62468904,0.5546005,0.99930525,0.34283715,0.5189281,0.99851066,0.7376121,0.55843693,0.9796681,0.19681638,0.51031196,0.9815398,0.84927535,0.59578437,0.97543794,0.16241527,0.50709045,0.9506307,0.8845044,0.5993568,0.94152087,0.15254664,0.51192343,0.959514,0.8868044,0.60364413,0.9506842,0.16960171,0.51176506,0.9635154,0.87474066,0.6003654,0.96270543,0.48630723,0.3535404,0.9890314,0.58867526,0.36710957,0.99374545,0.35226294,0.23129639,0.9982451,0.7551311,0.3464244,0.99427915,0.22958219,0.09873992,0.9982331,0.7847096,0.20389141,0.99056506,0.21408176,0.08399585,0.96872544,0.7681892,0.17608221,0.9906061,0.21668369,0.047145516,0.99479103,0.87624335,0.18614513,0.9850075
85638.jpg,0.33450007,0.6469251,0.9996972,0.31826892,0.6332141,0.9982717,0.31722462,0.6290294,0.998058,0.31612292,0.62472904,0.998078,0.31954005,0.6385774,0.9991222,0.3195323,0.63813615,0.9990289,0.31943202,0.63753253,0.9986563,0.32128415,0.59415984,0.998591,0.32644075,0.614691,0.9988803,0.35050797,0.6320656,0.9982718,0.35231417,0.6390098,0.9984238,0.36751693,0.46149573,0.998456,0.46044528,0.62785095,0.9996265,0.3132304,0.3033343,0.99523985,0.4995541,0.76742953,0.9174103,0.26299745,0.16434571,0.9744635,0.53224665,0.8879521,0.8725786,0.2382932,0.12101537,0.9437302,0.54962325,0.9258063,0.83175427,0.23660767,0.11609933,0.94332564,0.55025893,0.92718863,0.8580427,0.24738288,0.13219726,0.95137215,0.5453406,0.912459,0.8968071,0.6278153,0.3714371,0.98465157,0.6640354,0.48311335,0.9996897,0.68673724,0.17366761,0.9770603,0.7198565,0.6597592,0.98909944,0.6251164,0.164246,0.49379632,0.9297782,0.59768593,0.9902608,0.62122726,0.17856905,0.63554925,0.9587381,0.5657829,0.9928774,0.6132938,0.13296321,0.55790323,0.998544,0.6567466,0.9753887
85883.jpg,0.35039818,0.77880526,0.9999989,0.3356501,0.79177,0.9999958,0.33239174,0.79047334,0.999997,0.32920974,0.7890996,0.999995,0.34224367,0.79597306,0.9999943,0.34358618,0.7975713,0.99999404,0.34492922,0.7992077,0.9999914,0.31815392,0.78270876,0.99999464,0.3363905,0.7950057,0.99999356,0.3500955,0.76347077,0.99999404,0.35843176,0.7674077,0.9999864,0.3213513,0.6773189,0.999974,0.41066343,0.72297794,0.99972683,0.2617939,0.6234311,0.99742717,0.46954337,0.76499605,0.96042365,0.17406338,0.59227663,0.9976706,0.5282164,0.83217067,0.98398316,0.14888152,0.5813408,0.9947679,0.548663,0.8510337,0.9546375,0.14558333,0.5870117,0.9959693,0.5490899,0.8535008,0.95966464,0.15546677,0.59010607,0.99566877,0.54343414,0.84604764,0.9661608,0.52256674,0.44067138,0.9998944,0.539052,0.45687908,0.99990106,0.52545303,0.23371705,0.9917482,0.6940605,0.45953384,0.9873076,0.5084242,0.040587246,0.9941766,0.8203416,0.27175808,0.98903906,0.5089888,0.02225998,0.9584099,0.8326813,0.23762754,0.9766217,0.5208579,0.003616929,0.98480844,0.8998624,0.30655593,0.98012584
86211_aug.jpg,0.91113806,0.2900841,0.99911267,0.9336638,0.29482108,0.9983311,0.9378786,0.30219224,0.9981142,0.9424283,0.30968747,0.9983637,0.9243182,0.2792799,0.9986314,0.9218846,0.2749429,0.99836963,0.9185964,0.27123222,0.9984048,0.9403978,0.33396256,0.99746025,0.91070056,0.27741313,0.9979608,0.8950754,0.31665722,0.99614394,0.88278806,0.29665223,0.99537164,0.8558808,0.48455942,0.9941309,0.7616987,0.2860176,0.9976326,0.8770003,0.6722622,0.9727026,0.76441413,0.10930401,0.9708368,0.8752413,0.8241918,0.909132,0.8265865,0.03770864,0.9072089,0.8697659,0.8686621,0.82311153,0.8104227,0.010836124,0.7597037,0.8619258,0.86485255,0.8446112,0.8143763,0.016550183,0.7734705,0.8606053,0.8466124,0.8761294,0.8208327,0.036824822,0.82297635,0.4102252,0.67848194,0.9921183,0.36479908,0.5228226,0.99837106,0.22779882,0.9361476,0.9246341,0.1988534,0.3364858,0.9879281,0.19444351,0.9418095,0.56884176,-0.0038111806,0.44067192,0.87487376,0.17002226,0.9342619,0.46807322,-0.0026021898,0.48712772,0.8232724,0.13992423,1.0631799,0.41517505,-0.14565423,0.44099998,0.7450854
86966.jpg,0.64064205,0.4460845,0.999995,0.65025556,0.43061367,0.99999046,0.65014124,0.43030107,0.9999926,0.6499745,0.4299051,0.9999887,0.6468185,0.42507875,0.9999894,0.64398617,0.4204711,0.9999896,0.6406559,0.41538498,0.99997795,0.6331221,0.41763756,0.9999939,0.6181916,0.39503455,0.9999877,0.6227193,0.45385993,0.99996877,0.6186607,0.44702938,0.9999647,0.5831448,0.51999235,0.9999691,0.49390012,0.35473526,0.99987054,0.6570635,0.6494067,0.99960214,0.42114958,0.22602534,0.9969091,0.73370105,0.75957936,0.9990969,0.3551039,0.109060615,0.98695534,0.7512704,0.7986237,0.99518037,0.33343366,0.07075322,0.9676656,0.75593317,0.80030346,0.9959329,0.3341328,0.0672155,0.9719725,0.7482463,0.7885318,0.9967991,0.33887932,0.08027363,0.9753176,0.36178023,0.5795457,0.9988709,0.31010926,0.47917524,0.998868,0.43052807,0.75567216,0.994163,0.14051087,0.39316034,0.9978878,0.28264877,0.87275475,0.98365223,-0.011870414,0.30190825,0.99195707,0.24614784,0.8650731,0.9685942,-0.027270854,0.30503106,0.938677,0.28655463,0.9750818,0.97387695,-0.06422979,0.26313645,0.96511203
87892.jpg,0.43517727,0.5584229,0.99911886,0.4261895,0.54424304,0.9940836,0.42697886,0.5404176,0.9957135,0.427944,0.5362521,0.99271965,0.42342252,0.54891014,0.9939036,0.42212588,0.54856443,0.99614596,0.42092443,0.54797983,0.99382776,0.43832028,0.5174378,0.9947719,0.428769,0.5345178,0.9927921,0.4496184,0.5521035,0.99454534,0.44541317,0.5596056,0.9907877,0.51273024,0.476206,0.9997758,0.45262533,0.59166366,0.9997662,0.5691373,0.34805554,0.99928445,0.39879575,0.6963264,0.98708797,0.62947834,0.23124051,0.99031,0.33605272,0.8097919,0.9809092,0.65206724,0.19405478,0.97018975,0.32095358,0.84262407,0.9559846,0.6531997,0.18785512,0.9740112,0.3186182,0.8451225,0.9635787,0.64607835,0.202925,0.9758143,0.32616904,0.8345333,0.972295,0.68857795,0.54119855,0.9770973,0.65157217,0.614799,0.99261826,0.809894,0.46417615,0.99713373,0.6038569,0.7705525,0.9896638,0.906539,0.37072217,0.996897,0.7227461,0.8296472,0.98752534,0.9173831,0.3568799,0.97041255,0.75027955,0.821324,0.9907669,0.9748144,0.34861073,0.992309,0.72410834,0.90649825,0.9774001
88737.jpg,0.66906357,0.32201543,0.99999976,0.67220587,0.30420196,0.99999964,0.6711359,0.30338922,0.9999994,0.67000186,0.30262998,0.9999995,0.67042357,0.30273077,0.9999999,0.6682062,0.3010536,0.99999976,0.66582847,0.29942212,0.99999976,0.65186644,0.2991284,0.9999995,0.6459582,0.29553804,0.99999964,0.6567974,0.33264482,0.99999845,0.6539186,0.33013126,0.9999988,0.5898008,0.38142562,0.99981695,0.55580574,0.3552181,0.9998385,0.6514037,0.42517954,0.7914711,0.47496858,0.305979,0.9810791,0.7658073,0.461035,0.9748872,0.40824097,0.25631186,0.9821752,0.788537,0.47173244,0.95687735,0.38770837,0.23930249,0.9694337,0.7933463,0.4713716,0.9632072,0.38740236,0.2397958,0.9702746,0.7846428,0.4696141,0.96165454,0.3927336,0.24827573,0.9588709,0.4231187,0.60354704,0.99996626,0.414879,0.6057246,0.9998909,0.5119517,0.7357861,0.9926749,0.24795313,0.65816295,0.99694115,0.4074382,0.89756155,0.99408615,0.13436246,0.7092627,0.9977596,0.37074956,0.9157244,0.9847073,0.10338476,0.71723425,0.9713262,0.43143466,0.9638787,0.9921778,0.07680103,0.7263635,0.9938406
88743.jpg,0.7192364,0.4440958,0.9999893,0.7296987,0.42759034,0.9999783,0.7291243,0.42613262,0.99997556,0.7284622,0.424635,0.99997354,0.72894394,0.42655984,0.9999831,0.7279359,0.4246601,0.9999827,0.7266956,0.42265022,0.99998,0.7162112,0.41444552,0.99996483,0.7136754,0.41169107,0.9999832,0.7043456,0.4472834,0.9999056,0.70373327,0.44559738,0.9999399,0.65993214,0.49900603,0.99932945,0.6075175,0.4101771,0.9998055,0.715923,0.594611,0.9000808,0.54584455,0.30542243,0.997783,0.7803187,0.6590179,0.9675589,0.5167333,0.21008727,0.9957728,0.795621,0.6839002,0.91943794,0.50021774,0.18052104,0.9857346,0.79849416,0.68024236,0.9311053,0.5055535,0.17416221,0.98673487,0.7930374,0.67439824,0.9418266,0.5099662,0.18558705,0.9843053,0.42379797,0.6374531,0.9990627,0.38791955,0.58394706,0.9993432,0.43389803,0.7872203,0.99496835,0.20335017,0.5680503,0.9996784,0.27253005,0.8660754,0.9936544,0.026634961,0.5261563,0.9995229,0.22848807,0.87209624,0.9836045,0.018121898,0.52128744,0.9816108,0.28452966,0.9574808,0.9906589,-0.015040994,0.5502189,0.99785256
89064.jpg,0.65844023,0.64966965,0.9999881,0.6588538,0.6650253,0.99997187,0.65676767,0.66708344,0.9999819,0.6544841,0.6693984,0.9999721,0.6610958,0.66324973,0.9999714,0.66062546,0.66416097,0.9999763,0.6601379,0.6653366,0.9999721,0.63460475,0.67809016,0.9999794,0.64365387,0.67199576,0.9999783,0.64544106,0.6436657,0.99995995,0.648481,0.6405486,0.99989164,0.5372066,0.6478745,0.9999162,0.6244446,0.58800286,0.99983275,0.46027675,0.6981478,0.99926394,0.6968662,0.5496763,0.95040464,0.38518178,0.7248875,0.99705124,0.7697806,0.5094883,0.98894835,0.3571175,0.73069274,0.9903324,0.7854619,0.4922644,0.9710164,0.35720873,0.72903454,0.9916859,0.78699756,0.4956694,0.97551525,0.36536428,0.72569597,0.9907227,0.7829473,0.4985718,0.97778064,0.4279209,0.42753044,0.9996092,0.4712982,0.39786863,0.99990726,0.28568733,0.36329913,0.99284333,0.52839524,0.26221317,0.9922684,0.13565147,0.31182545,0.99482393,0.4169646,0.12558389,0.9908021,0.11088604,0.3068582,0.96850455,0.38595754,0.11047521,0.9794327,0.08591956,0.28959346,0.9883691,0.45489785,0.06533986,0.98076594
89502_aug.jpg,0.48743796,0.3656009,0.99995625,0.47328076,0.35848984,0.9999522,0.47240317,0.3584705,0.9999263,0.47154444,0.35859504,0.99991107,0.47141844,0.36139652,0.99996567,0.46911398,0.36320284,0.9999635,0.46675488,0.3650109,0.9999645,0.4593775,0.37695032,0.99993587,0.45257542,0.3832539,0.99998176,0.49118546,0.37842864,0.9998653,0.48875514,0.3820669,0.99992704,0.50384706,0.43756086,0.9998598,0.44775367,0.4646454,0.9999453,0.5237407,0.3325747,0.8340452,0.32320708,0.49977624,0.96988523,0.50514954,0.23751959,0.89649945,0.2213451,0.52342916,0.93002635,0.49498785,0.21224293,0.8204111,0.19471765,0.53036296,0.88434774,0.48978102,0.21095058,0.8128489,0.19260454,0.53119993,0.88917077,0.4921169,0.22154206,0.8426165,0.20464039,0.529356,0.8723782,0.47524774,0.6257541,0.9995777,0.471411,0.63873833,0.999653,0.5126964,0.6657588,0.962422,0.295829,0.6452964,0.990941,0.4589944,0.7664646,0.9556252,0.10006726,0.60069764,0.99542785,0.4441731,0.77367616,0.94015086,0.073794544,0.5998378,0.98690087,0.45464528,0.80328345,0.92596984,0.02480942,0.56260043,0.9916501
90037_aug.jpg,0.47894612,0.7155179,0.9999918,0.4672433,0.72581387,0.99997985,0.46409398,0.72546613,0.9999876,0.4605797,0.7251387,0.99998116,0.47093064,0.7265601,0.9999771,0.4703195,0.7268865,0.99997914,0.46947986,0.72734535,0.99997604,0.44152656,0.7158361,0.99998736,0.45356047,0.7191018,0.9999794,0.474966,0.7017988,0.9999813,0.4806091,0.7023597,0.9999424,0.40567467,0.621457,0.9999647,0.5087476,0.6525786,0.9998068,0.31484193,0.5930927,0.9994733,0.5864968,0.68643826,0.9652622,0.25074223,0.5526542,0.9959247,0.667009,0.7171715,0.9910952,0.22855696,0.53447515,0.9852926,0.6883662,0.7206192,0.97345644,0.23102921,0.53361714,0.98790294,0.6871144,0.72380084,0.977038,0.23970199,0.5383647,0.9862737,0.68341076,0.72175515,0.9796606,0.50997543,0.40060836,0.99975747,0.5610526,0.41455862,0.99988663,0.4676715,0.24354434,0.99644417,0.6993382,0.37195733,0.99153954,0.41082188,0.08981481,0.9982413,0.7348957,0.2022322,0.9933616,0.40114623,0.06863773,0.9820503,0.7271865,0.16913942,0.9851834,0.40377662,0.04023701,0.99552697,0.8119763,0.18313316,0.9868203
90930.jpg,0.67528236,0.6830951,0.9998816,0.6848007,0.69229716,0.99974984,0.6842458,0.6940515,0.9998271,0.6836736,0.69582933,0.99974185,0.6857196,0.69073075,0.9997695,0.6858851,0.69129145,0.9998234,0.68599004,0.69199413,0.99984217,0.6750382,0.70553464,0.9998338,0.679274,0.69990146,0.99986076,0.6627011,0.6832526,0.99966526,0.6641054,0.6812041,0.99948823,0.58316034,0.69419265,0.9993149,0.6019233,0.65174043,0.9983188,0.54091436,0.7824048,0.9939586,0.62542945,0.57467055,0.79262817,0.50464493,0.85642815,0.93882334,0.68546593,0.50496197,0.9306981,0.50000095,0.88475657,0.8417719,0.6996083,0.48898992,0.8554356,0.50355965,0.88713527,0.861457,0.7038634,0.48672956,0.87390184,0.50417244,0.87590945,0.8673713,0.6974034,0.49160174,0.88499653,0.3800344,0.60753804,0.99823284,0.3992633,0.57488585,0.99942374,0.23514415,0.6246798,0.99817836,0.34310785,0.44588298,0.99376833,0.09260261,0.6387732,0.99891496,0.19689338,0.37168947,0.996108,0.07337636,0.6397741,0.97424763,0.16578801,0.37069875,0.9847814,0.039825708,0.6179897,0.9974292,0.1840733,0.31017396,0.9932127
91340.jpg,0.53424543,0.7667408,0.9999951,0.53357416,0.7832334,0.9999827,0.52944785,0.7859272,0.9999888,0.5255147,0.7885003,0.9999782,0.54382133,0.7762128,0.99998224,0.5465966,0.7744606,0.9999869,0.54947156,0.7725668,0.9999864,0.5110265,0.7882509,0.99997663,0.5445532,0.768877,0.99998987,0.51754487,0.76022005,0.9999722,0.5301975,0.75237083,0.99996173,0.41761786,0.7396304,0.99993277,0.5179815,0.6761806,0.9998462,0.34751257,0.80613375,0.9988746,0.60242045,0.6414905,0.9524837,0.28451765,0.8451821,0.99443936,0.6796551,0.61320287,0.98704475,0.2632213,0.8581979,0.9753112,0.7015594,0.5951321,0.9631667,0.26631004,0.85949135,0.9804528,0.70539796,0.59584814,0.96761686,0.27266952,0.85416555,0.9814263,0.6955204,0.6008409,0.9713127,0.29704654,0.52513033,0.9997079,0.34786406,0.49467346,0.99998856,0.17380896,0.5162822,0.9970817,0.42073774,0.3774497,0.9991358,0.046777725,0.4999855,0.9975333,0.34741598,0.24464187,0.9988545,0.037540644,0.49670324,0.94132435,0.32271788,0.23333532,0.99255157,0.016988039,0.46827918,0.99324244,0.35963005,0.17887467,0.9972984
91481.jpg,0.7358802,0.76565063,0.9999418,0.7387525,0.78329355,0.9999831,0.73859984,0.78350174,0.99998415,0.738646,0.78365886,0.9999851,0.73564625,0.78629464,0.9999757,0.73300934,0.78877115,0.99997103,0.73024434,0.79135364,0.99997866,0.722029,0.7856306,0.99995756,0.70405024,0.7988297,0.9999615,0.72392297,0.7543816,0.99955326,0.7200177,0.7568978,0.99948883,0.6983614,0.6700773,0.9997484,0.5645317,0.75568664,0.9998807,0.83981323,0.6052674,0.9935846,0.4329776,0.8303798,0.9966859,0.97158074,0.5518962,0.9739656,0.3197545,0.89255047,0.93920445,1.012822,0.5205329,0.95662385,0.2951296,0.9189257,0.879458,1.015964,0.533259,0.95400184,0.29927063,0.925958,0.8742418,0.9941332,0.55171174,0.9082744,0.3057831,0.9143132,0.8387461,0.51273334,0.4561061,0.99899834,0.43652728,0.49053937,0.9995034,0.6864584,0.33512044,0.9968546,0.22154221,0.4227493,0.9751116,0.58846486,0.09475297,0.98993254,0.0041231513,0.38306248,0.98566693,0.55746984,0.07150677,0.98534346,-0.0033070743,0.38134524,0.9788142,0.66260725,0.01638326,0.9817981,-0.011087298,0.36195213,0.9685176
91736.jpg,0.51000494,0.70473516,0.994242,0.49528548,0.7148417,0.99611485,0.49312368,0.7136638,0.99546766,0.49077743,0.7125107,0.99606836,0.49626878,0.7164258,0.9928035,0.49504572,0.716258,0.9881202,0.49360183,0.71615237,0.9897251,0.47669542,0.69950074,0.9955539,0.48174712,0.70417786,0.98338944,0.50860107,0.6905358,0.98841417,0.510284,0.6921263,0.9803011,0.47083387,0.6332604,0.99525994,0.4992165,0.64023274,0.98177886,0.4514963,0.7511558,0.99764985,0.48042828,0.7415617,0.13458842,0.42988518,0.86710334,0.9862737,0.45510378,0.831717,0.41457108,0.42208824,0.89613193,0.9702278,0.45128974,0.8661411,0.43704462,0.4193435,0.89833283,0.9659524,0.44411996,0.8586438,0.43741065,0.42325613,0.8862287,0.9574563,0.4464672,0.852859,0.48396963,0.5590774,0.4104564,0.9987991,0.5779618,0.41760826,0.99874216,0.5457825,0.247174,0.9938869,0.67919314,0.34707144,0.949961,0.49251574,0.13313603,0.993997,0.7257689,0.20247713,0.97799736,0.48321003,0.123764604,0.9690726,0.72225225,0.17280462,0.9712695,0.50637853,0.07578352,0.98820555,0.7859702,0.17507324,0.9674992
93017.jpg,0.42926872,0.61109173,0.9999931,0.41907352,0.6126378,0.9999943,0.41793346,0.6111859,0.99999785,0.41688043,0.6096963,0.9999956,0.41982302,0.613914,0.99998784,0.4192999,0.6134013,0.99999225,0.41875607,0.612801,0.9999913,0.4129445,0.5978073,0.9999957,0.41515344,0.6021066,0.9999969,0.43159354,0.59960765,0.99998736,0.43332455,0.60123324,0.9999722,0.42333704,0.5373976,0.9999956,0.45620558,0.5731795,0.9999515,0.39503115,0.5100279,0.9992694,0.48533893,0.6067177,0.60503656,0.3519737,0.4813533,0.99841285,0.5162529,0.64741284,0.9644976,0.3411728,0.47388214,0.9941789,0.51983863,0.661281,0.9420201,0.33951062,0.47607407,0.99498284,0.5190844,0.6641527,0.949915,0.34383413,0.47844383,0.9941444,0.519079,0.65780485,0.95189804,0.54910856,0.43907425,0.99992657,0.5533171,0.44879386,0.99998116,0.6286083,0.45553428,0.9828587,0.5532722,0.34633157,0.9568933,0.6993196,0.39327392,0.9951827,0.55541945,0.2529952,0.982615,0.703158,0.37727705,0.9904206,0.5509948,0.23499505,0.9860352,0.73855233,0.39048678,0.98953015,0.5715183,0.23294564,0.9841636
93256_aug.jpg,0.37867317,0.7574426,0.9997968,0.38098723,0.77606404,0.99986005,0.38491863,0.7767209,0.9998561,0.38923332,0.77738297,0.9998822,0.3740539,0.77451503,0.9998797,0.3731609,0.7739499,0.9998683,0.372304,0.77328366,0.9998776,0.4063434,0.77365947,0.99985504,0.37991056,0.7665755,0.9998074,0.39132586,0.74126685,0.9995757,0.3837942,0.74062,0.9995994,0.48637918,0.6689812,0.9991032,0.38573268,0.6619964,0.9995461,0.64099777,0.67219484,0.98039275,0.25697234,0.64604306,0.9964495,0.7661494,0.690172,0.93236864,0.13476908,0.6391198,0.92874473,0.8070632,0.69216883,0.8881186,0.10145426,0.6360074,0.86822397,0.8097125,0.69954556,0.884694,0.09965667,0.6472649,0.86053675,0.7948408,0.69637424,0.8096633,0.110872,0.6479119,0.8184993,0.4812399,0.36945128,0.99710006,0.42576265,0.36128575,0.99831474,0.63119733,0.23717536,0.96961415,0.24521285,0.3132357,0.9901085,0.82667315,0.12777025,0.95389986,0.2718866,0.07816318,0.9667655,0.85587406,0.12602434,0.9569489,0.30579782,0.057465345,0.9550888,0.8103699,0.09857151,0.9299539,0.22053349,0.025811613,0.9424301
93691_aug.jpg,0.6328388,0.53047496,0.99999774,0.64113843,0.54699206,0.99999666,0.6382364,0.5517496,0.999998,0.6356658,0.5557692,0.99999654,0.648197,0.53428984,0.9999957,0.6500535,0.5307398,0.9999964,0.6518274,0.52729434,0.99999547,0.62435216,0.5636058,0.99999607,0.6447084,0.52984095,0.9999963,0.6113944,0.533535,0.9999862,0.6202078,0.5182568,0.99997854,0.53210753,0.5500916,0.9999316,0.5814829,0.4836694,0.99990153,0.49885002,0.64373285,0.9977557,0.6497276,0.40536132,0.9789106,0.45991626,0.7166911,0.9755343,0.71391284,0.33067638,0.9834063,0.449204,0.7398396,0.9319675,0.7295876,0.3068865,0.9508952,0.45027196,0.7415476,0.9452541,0.73343647,0.30547434,0.95544475,0.4527694,0.7319906,0.9618342,0.7256118,0.31239608,0.9636807,0.32939783,0.4033532,0.99981123,0.32807416,0.42598185,0.9998785,0.39118767,0.2697186,0.9955382,0.18935512,0.46135893,0.974918,0.23933735,0.1563069,0.9934284,0.06102693,0.51007354,0.986244,0.20922625,0.15857244,0.9898359,0.04620248,0.5151161,0.9806903,0.2506622,0.074502856,0.98852557,0.034113288,0.49270785,0.982541
9377.jpg,0.43989944,0.4250184,0.9997477,0.42497882,0.42007887,0.9997094,0.4241653,0.42061722,0.99978775,0.42340916,0.42139804,0.9997608,0.42386562,0.4218658,0.99976104,0.42215973,0.42368907,0.99983704,0.4203499,0.42577738,0.9997694,0.4200706,0.43979895,0.9997334,0.41551518,0.44592565,0.9997669,0.44627663,0.43679413,0.999488,0.44533098,0.43899244,0.9993851,0.45822316,0.48663998,0.9985252,0.44651055,0.5038201,0.99948347,0.39673063,0.37921518,0.4663902,0.37801075,0.3953775,0.9832719,0.33017907,0.31895286,0.6104849,0.29556078,0.30839065,0.97080076,0.31011054,0.3077662,0.6142595,0.2707271,0.2843573,0.9596498,0.3083432,0.30734783,0.6022487,0.26794547,0.28478003,0.950299,0.3136638,0.3105718,0.5929259,0.2753996,0.291867,0.9345743,0.60642475,0.67349714,0.9997085,0.6066128,0.6786885,0.9998629,0.5876923,0.79207456,0.897292,0.7040894,0.6378595,0.9981846,0.5363072,0.9110448,0.9355009,0.8248796,0.7453766,0.9954182,0.5131229,0.92977846,0.9470431,0.8276032,0.76657,0.9926484,0.54817957,0.93397033,0.93006855,0.88265586,0.73814875,0.99030334
94061_aug.jpg,0.8226874,0.50864166,0.99999964,0.8397739,0.51745826,0.9999988,0.8400711,0.52134144,0.9999989,0.84027207,0.52519023,0.9999982,0.8405334,0.50809455,0.99999857,0.84129155,0.5059586,0.99999857,0.8419869,0.503909,0.9999982,0.83620644,0.5393283,0.9999976,0.83959174,0.515171,0.99999833,0.80564433,0.5167848,0.99999726,0.8058211,0.5056683,0.99999416,0.73493016,0.577436,0.9999652,0.73736227,0.47836846,0.9997466,0.7148728,0.66116047,0.9961055,0.7553127,0.40916178,0.96264863,0.724827,0.74857175,0.9976158,0.79010445,0.3242932,0.9894092,0.7240186,0.7782371,0.9946234,0.7972672,0.29738542,0.9696675,0.72949475,0.7801919,0.99577063,0.7998283,0.29759586,0.9724998,0.72922444,0.7678385,0.9945261,0.79569507,0.30661324,0.97679645,0.4361822,0.4978296,0.9999615,0.44588718,0.46913713,0.99994695,0.24830723,0.5841978,0.99766326,0.38414016,0.33605504,0.99345595,0.07340762,0.6899356,0.9989945,0.14490172,0.3007388,0.9950689,0.05349374,0.6995355,0.9850743,0.11730027,0.30754417,0.9811802,0.017647088,0.70732355,0.9972728,0.10926521,0.2410081,0.9903562
94624.jpg,0.76979834,0.49689528,0.99999857,0.77187866,0.50945187,0.99999905,0.7694489,0.5117114,0.99999857,0.7674083,0.5134829,0.9999988,0.7807051,0.50311327,0.99999857,0.7848523,0.50063396,0.99999774,0.78874916,0.49833497,0.99999714,0.7642739,0.51124495,0.99999857,0.79296815,0.49138364,0.99999785,0.75829726,0.49030012,0.9999982,0.76955485,0.4829052,0.99999714,0.702407,0.46040875,0.9999398,0.7749965,0.42174202,0.9998716,0.6954502,0.50225085,0.96143657,0.8053947,0.4053333,0.97815794,0.68583995,0.5472083,0.97202367,0.7981546,0.40993795,0.9417538,0.6721089,0.5625789,0.96106195,0.79656386,0.4088513,0.8806566,0.674098,0.56384873,0.96305656,0.790837,0.41374356,0.8827508,0.6793638,0.5555903,0.9538481,0.790051,0.41309524,0.8755134,0.60301113,0.28681657,0.9999949,0.63378966,0.2640296,0.9999683,0.49550325,0.24861203,0.9916469,0.5925526,0.15796828,0.9826691,0.41562927,0.13221681,0.9940269,0.57542884,0.055671856,0.9812951,0.41077298,0.107179895,0.97268164,0.5636856,0.042819276,0.931776,0.37531573,0.12942074,0.9909825,0.59031016,0.009405613,0.9764631
94673.jpg,0.5356974,0.40920356,0.99974865,0.5331116,0.3936348,0.99973196,0.5323005,0.39331797,0.99981195,0.53133357,0.3932165,0.99977595,0.5307878,0.39338252,0.99978393,0.5282126,0.3927528,0.9998555,0.5252996,0.39213562,0.999785,0.5124757,0.40030798,0.99976355,0.50370383,0.3979584,0.99978477,0.5282489,0.42110485,0.9995264,0.52568847,0.4207279,0.99942625,0.49203488,0.4602582,0.9986732,0.45935383,0.4576743,0.9995807,0.55773485,0.3556433,0.5221027,0.5227836,0.3458887,0.98562694,0.5791463,0.26586106,0.64042866,0.56296355,0.23547035,0.9713699,0.5802379,0.23990417,0.6330637,0.5703414,0.20677471,0.95928043,0.57866627,0.23449773,0.62064356,0.56891704,0.20224032,0.94974804,0.5771623,0.24327624,0.6151824,0.56602836,0.21364,0.93455493,0.40357885,0.67453283,0.99978966,0.3889429,0.6761449,0.9999182,0.28570664,0.7000811,0.88877416,0.46355465,0.7477478,0.99882036,0.16305447,0.7335081,0.94379514,0.43761724,0.89882946,0.99719644,0.13877845,0.72331643,0.9562551,0.42516136,0.915936,0.9952317,0.14161465,0.7536199,0.9559334,0.47552145,0.94303954,0.9949025
94794_aug.jpg,0.4239664,0.60683525,0.9999702,0.41710445,0.6181602,0.9999876,0.41773736,0.6184229,0.9999888,0.41845852,0.6185986,0.99998856,0.41302997,0.6167094,0.9999856,0.41079378,0.615824,0.9999844,0.40838587,0.6147522,0.9999877,0.41323653,0.61115116,0.9999782,0.39840874,0.6056833,0.99998283,0.42743814,0.59664804,0.9998518,0.423331,0.5945509,0.9998528,0.46547863,0.55329144,0.9998963,0.38213044,0.5155305,0.99992645,0.5533087,0.5929801,0.99819773,0.2883377,0.48535553,0.99737346,0.621963,0.6315278,0.99537414,0.20491043,0.46638495,0.9742872,0.64497477,0.63814586,0.9896533,0.17491496,0.45768034,0.946033,0.645774,0.6451287,0.98895174,0.17213392,0.4638871,0.94411236,0.63922036,0.64187855,0.97237355,0.18397474,0.46547177,0.9220806,0.51358414,0.3494963,0.99933344,0.46993598,0.33159494,0.99973947,0.65930873,0.34206578,0.99662006,0.42374456,0.1998548,0.97609884,0.708233,0.19786364,0.98127764,0.37405026,0.078713775,0.96640676,0.7050603,0.17377011,0.9798813,0.36699212,0.041816562,0.9556537,0.76259387,0.18618327,0.9682243,0.3647611,0.032947958,0.93185717
95253.jpg,0.7615495,0.4539001,0.9999981,0.76116323,0.43965405,0.9999962,0.76092124,0.43915516,0.9999956,0.76061726,0.4386279,0.99999547,0.75856483,0.43857056,0.99999726,0.7565125,0.43743256,0.99999666,0.75358576,0.4359501,0.99999523,0.7444995,0.43648434,0.9999924,0.73321766,0.43266237,0.9999962,0.7533471,0.46445626,0.99997723,0.7484081,0.46297446,0.99998045,0.73615956,0.51218605,0.99984634,0.6490955,0.47864383,0.9995535,0.8183771,0.53729844,0.9577189,0.5810738,0.44395325,0.99667335,0.8829502,0.548736,0.99482536,0.5221544,0.40813804,0.9944279,0.9065356,0.5616505,0.98569113,0.5010605,0.39751378,0.9825005,0.90971094,0.56177133,0.98838216,0.50000674,0.3942501,0.9845599,0.89945096,0.55748665,0.9884487,0.5057523,0.3990935,0.98024654,0.6503271,0.6928851,0.9999325,0.5885483,0.6677073,0.9997681,0.7413877,0.77697694,0.998672,0.47706735,0.71962583,0.99770385,0.66269124,0.896834,0.99631315,0.3619039,0.7627317,0.9973959,0.6396548,0.9097612,0.9920516,0.34450254,0.765892,0.9331395,0.6892371,0.94885254,0.99574834,0.34044805,0.79803276,0.9923577
95807_aug.jpg,0.805357,0.52224576,0.999948,0.8131947,0.5390868,0.9997731,0.81189114,0.54138064,0.999813,0.8107283,0.54375243,0.9997867,0.8141366,0.5389492,0.9997781,0.8131917,0.5412066,0.9998276,0.81233,0.543713,0.9998085,0.7944838,0.5598695,0.9997869,0.7954712,0.56019795,0.99968517,0.78791314,0.52280366,0.9996697,0.78854,0.52161396,0.9993197,0.69237125,0.5815158,0.9998516,0.71375716,0.5166938,0.9996809,0.6207314,0.7194029,0.99819213,0.7387675,0.38152215,0.9729723,0.5778994,0.82194656,0.9885352,0.7764009,0.27523512,0.9748576,0.562617,0.8529953,0.963944,0.7883889,0.24266839,0.92564267,0.56101054,0.8553572,0.9677759,0.7955131,0.24137792,0.9375227,0.5647897,0.8435276,0.9685544,0.7901343,0.25059763,0.951319,0.47092956,0.5313149,0.99870765,0.48031747,0.50204283,0.9993175,0.30849993,0.58068776,0.9984168,0.486083,0.3143919,0.9891423,0.15662745,0.6806699,0.9979678,0.29141188,0.2308096,0.9890022,0.144559,0.7141099,0.96883607,0.25337154,0.24039602,0.9789544,0.090082526,0.64303976,0.99485356,0.2931875,0.13263977,0.9825951
96833_aug.jpg,0.54234177,0.59451383,0.99559575,0.5369002,0.5880977,0.9911294,0.5371782,0.587661,0.9909071,0.53762937,0.58709836,0.9914112,0.53444755,0.59047544,0.9915236,0.53283,0.5918102,0.990444,0.5312931,0.5931403,0.98872083,0.53458554,0.5937998,0.9912409,0.524558,0.60197777,0.9858271,0.54525864,0.60253274,0.98743385,0.5410116,0.60676014,0.9823951,0.5788153,0.62789345,0.9979949,0.50893956,0.6614308,0.99523336,0.63494396,0.6676196,0.64516896,0.46038184,0.70111865,0.9745204,0.69447327,0.6837307,0.6839953,0.42651737,0.72898245,0.9287944,0.7123252,0.6864407,0.5638652,0.41077745,0.73772085,0.8499731,0.71258736,0.6842037,0.6191585,0.41562402,0.7332859,0.8594805,0.7057444,0.6863886,0.63470685,0.4215687,0.7317437,0.8368213,0.6165167,0.7785075,0.998874,0.56695867,0.7968836,0.9976427,0.71135336,0.8035635,0.9944518,0.5452095,0.8918116,0.9911255,0.7665847,0.88953805,0.98076516,0.5239655,0.97122943,0.9852122,0.76619023,0.9036587,0.9017674,0.5211938,0.97765994,0.7889671,0.8067255,0.90244555,0.96589416,0.5247561,0.99236506,0.9616461
97526.jpg,0.3126231,0.65418804,0.9999645,0.29519588,0.65913963,0.9999038,0.2927672,0.6569196,0.9999417,0.29013342,0.65452796,0.9999039,0.2980181,0.663091,0.99983656,0.29764688,0.66364086,0.9998578,0.29711813,0.66412467,0.9998196,0.28160876,0.6370063,0.9999392,0.29169717,0.6498981,0.99977106,0.3148119,0.63625026,0.9999393,0.32045698,0.64161783,0.99981564,0.29594654,0.5299045,0.99995434,0.38099486,0.6157563,0.9995678,0.22274092,0.47470063,0.99944,0.44168463,0.6839013,0.9788325,0.14429009,0.41768205,0.9986902,0.49408448,0.7525343,0.9949014,0.12102947,0.39790052,0.99533314,0.5144276,0.7712109,0.98270535,0.115040064,0.3990361,0.9961959,0.5163537,0.77514076,0.98505616,0.12414774,0.40523064,0.995675,0.51036406,0.76655376,0.98715186,0.4584805,0.36586937,0.9997918,0.5143156,0.4162732,0.99983,0.47034588,0.20637958,0.99836653,0.6658641,0.39703125,0.9934477,0.46716508,0.043137968,0.9987637,0.77751577,0.2829169,0.9954307,0.46432692,0.03103742,0.9740844,0.78149855,0.25127518,0.98423785,0.48867616,-0.004673362,0.99645066,0.8592668,0.29669884,0.99062717
97717.jpg,0.665894,0.7801018,0.99996614,0.6907295,0.78582156,0.9999819,0.69361794,0.7836926,0.9999814,0.69661266,0.78135604,0.9999827,0.68978405,0.78680736,0.9999771,0.6916926,0.78547513,0.9999734,0.69371116,0.7838772,0.9999696,0.7134843,0.74791485,0.99998987,0.7068807,0.75454736,0.99996376,0.6579256,0.7548624,0.99995387,0.657816,0.75530076,0.99989295,0.67606616,0.6043251,0.99966836,0.60801417,0.6634686,0.9994456,0.7712261,0.51829624,0.9962174,0.60641986,0.7529761,0.9904695,0.89024544,0.4042188,0.97221756,0.59488815,0.8294285,0.94985324,0.919665,0.37386462,0.9321047,0.58394235,0.84239507,0.9137135,0.9279965,0.37852985,0.93136686,0.5926397,0.8508816,0.9055767,0.9151715,0.38851118,0.8966513,0.5969036,0.8418155,0.83295274,0.39960805,0.42578375,0.99920493,0.425308,0.38561493,0.9988877,0.24002692,0.5612656,0.9792027,0.42788672,0.12382835,0.9978058,0.04588574,0.4045338,0.98418707,0.45149335,-0.12418383,0.996992,0.034474522,0.36646923,0.9751868,0.42828804,-0.14647877,0.9751628,-0.046370268,0.41164774,0.9724166,0.37230107,-0.16026336,0.9870473
97746.jpg,0.269763,0.6787936,0.9994881,0.2640136,0.6988064,0.99977905,0.26486698,0.7001089,0.9997813,0.2657451,0.70143175,0.99976784,0.26701534,0.6988803,0.9997224,0.26972196,0.69990957,0.99970526,0.2722708,0.700734,0.9996332,0.28483325,0.7060654,0.99987113,0.28814447,0.701168,0.9998104,0.28736225,0.66931736,0.99947065,0.29196694,0.6684393,0.99944955,0.3749189,0.68154424,0.99991035,0.32452047,0.5691138,0.9996265,0.5287264,0.719298,0.97007006,0.37216496,0.4650806,0.9319544,0.6744545,0.7800061,0.9701058,0.33603904,0.43131226,0.58308285,0.7112533,0.8017299,0.940994,0.32874733,0.41223305,0.43171343,0.71039176,0.80822754,0.9382649,0.31870228,0.43662903,0.4133879,0.69578314,0.7978549,0.8975642,0.32151175,0.44686356,0.4131355,0.5388935,0.5313572,0.9999685,0.49451104,0.47535464,0.99981743,0.7129442,0.32512504,0.90902066,0.3828835,0.26992714,0.8985322,0.9141108,0.29426935,0.96542627,0.4288493,0.16335353,0.78714234,0.94245756,0.30207962,0.9720339,0.4470356,0.1479384,0.76290905,0.952075,0.25952002,0.91866785,0.39622593,0.1149416,0.66055775
99221_aug.jpg,0.52132887,0.24312955,0.99958926,0.50927067,0.22562924,0.9997179,0.5052923,0.22616094,0.9997279,0.5016647,0.22668606,0.99972516,0.51773804,0.22571138,0.9996939,0.51931983,0.22628334,0.99962616,0.52091986,0.22684073,0.9995408,0.4897865,0.23802498,0.9995503,0.514825,0.23642114,0.999271,0.516055,0.26231003,0.99883527,0.5226544,0.26203004,0.9982426,0.41659647,0.34618956,0.9990792,0.55833256,0.33290935,0.9994766,0.26734877,0.37123722,0.99652314,0.706001,0.30098978,0.99805754,0.1317068,0.37762046,0.9542557,0.83257616,0.2854297,0.9694305,0.09154326,0.38735035,0.8918354,0.80944806,0.28637624,0.9279196,0.086217314,0.38163278,0.89158344,0.86305845,0.28158334,0.9255816,0.10228905,0.3822078,0.83670026,0.8553005,0.2829216,0.86350507,0.5170735,0.63240814,0.99836856,0.4794669,0.642731,0.99875593,0.7232114,0.66575,0.9948855,0.2992183,0.78906775,0.9997571,0.7363796,0.8810821,0.9985158,0.1360789,0.93923295,0.9997396,0.71927536,0.91416967,0.9961486,0.10970393,0.95768034,0.99474216,0.81599665,0.9196328,0.9963068,0.15215519,0.99604714,0.9985158
9962_aug.jpg,0.7098076,0.38851675,0.9994506,0.72442186,0.3865599,0.9998344,0.7233788,0.38482922,0.9998186,0.72219104,0.38285562,0.999856,0.72795326,0.39488026,0.9997913,0.72913384,0.39909092,0.99972254,0.73015475,0.40369436,0.99982065,0.7164218,0.39274257,0.9997063,0.72619325,0.42615455,0.99967587,0.6957817,0.3921697,0.9969043,0.69838643,0.40242687,0.996774,0.6217111,0.35888475,0.99932194,0.66346765,0.5401054,0.9995981,0.5816899,0.21398047,0.9952565,0.6839827,0.6792595,0.9955663,0.54958093,0.07837349,0.97384316,0.7128938,0.82160103,0.8957804,0.53742915,0.045779675,0.9418146,0.7205721,0.8574822,0.77425,0.5456724,0.04148525,0.9361117,0.7305546,0.86018836,0.7586379,0.548395,0.054050893,0.87014425,0.72623795,0.8467026,0.7047777,0.38000724,0.47319585,0.9967722,0.40761906,0.5796323,0.99807227,0.2777509,0.29708266,0.9939399,0.32042903,0.7754741,0.9446672,0.06757122,0.30334133,0.9760376,0.22849333,0.9589808,0.93723655,0.038476974,0.32616302,0.9595519,0.21798044,0.9754014,0.9211195,0.021980107,0.23674485,0.9105191,0.20148602,0.9731729,0.80258095
99785.jpg,0.22637463,0.46905208,0.9976291,0.22739384,0.48391855,0.9979594,0.22834805,0.48492056,0.99715626,0.22941926,0.48602486,0.9977443,0.23020868,0.48560664,0.997962,0.2332143,0.48787057,0.9975261,0.23653771,0.49020243,0.99744296,0.24749178,0.49203065,0.99704236,0.2542487,0.49491733,0.9978351,0.23627567,0.46121514,0.9933027,0.23999672,0.46328592,0.99182665,0.28515095,0.45168522,0.9888283,0.2930718,0.46037316,0.9966654,0.22418389,0.5250282,0.13077286,0.20684737,0.53269774,0.9852968,0.14895472,0.5926454,0.37089193,0.13451904,0.6108165,0.9860405,0.12946782,0.61766124,0.3818081,0.11445215,0.63244027,0.9783245,0.1289734,0.62444067,0.38833833,0.116555035,0.640883,0.97254914,0.13604969,0.61719716,0.43147027,0.12423715,0.6348057,0.9542887,0.39165223,0.2537913,0.9994733,0.4278055,0.27065572,0.99931693,0.35120752,0.1186976,0.9621788,0.5644648,0.20328367,0.9976713,0.41208425,0.011966139,0.9460719,0.70037884,0.16896716,0.9953235,0.43392053,0.010203868,0.90538955,0.72438836,0.17245232,0.9692681,0.3900741,-0.044207066,0.91793966,0.7220506,0.11192545,0.98060167
